asset_id,recorded_at,temperature,vibration,pressure,humidity,fuel_level
AST-0018,2026-08-28 06:08:38.403936,5.25,2.39,102.6,80.23,60.79
AST-0018,2026-08-09 21:42:38.403936,4.15,3.76,102.83,60.31,74.77
AST-0002,2026-08-08 18:11:38.403936,3.8,2.13,101.78,45.87,33.95
AST-0013,2026-08-09 04:29:38.403936,3.66,1.69,101.93,55.92,39.58
AST-0019,2026-08-10 22:45:38.403936,6.7,2.32,101.44,50.75,55.2
AST-0015,2026-08-13 02:01:38.403936,4.67,1.58,102.05,58.99,59.75
AST-0018,2026-08-05 06:22:38.403936,3.6,3.98,101.27,54.42,79.81
AST-0019,2026-08-23 07:01:38.403936,2.67,2.67,97.38,51.72,68.54
AST-0005,2026-08-16 22:34:38.403936,5.61,2.64,101.07,61.99,38.39
AST-0004,2026-08-21 22:51:38.403936,3.42,2.13,103.41,68.44,33.27
AST-0014,2026-08-05 17:15:38.403936,4.99,2.19,99.95,71.12,83.56
AST-0015,2026-08-25 21:45:38.403936,5.9,1.83,100.68,68.31,82.56
AST-0001,2026-08-22 20:15:38.403936,3.78,2.35,99.09,53.04,79.63
AST-0009,2026-08-03 23:26:38.403936,6.53,2.44,103.31,68.62,53.39
AST-0006,2026-08-27 22:25:38.403936,5.04,3.73,101.23,80.65,17.84
AST-0009,2026-08-19 09:54:38.403936,17.73,2.57,100.7,65.92,29.22
AST-0004,2026-08-21 13:05:38.403936,4.17,2.79,104.26,59.82,50.45
AST-0020,2026-08-27 05:18:38.403936,3.75,3.23,101.96,59.7,74.24
AST-0018,2026-08-07 19:34:38.403936,4.65,3.27,99.9,61.72,57.94
AST-0016,2026-08-22 21:36:38.403936,2.3,2.74,101.82,65.05,60.78
AST-0010,2026-07-30 15:35:38.403936,2.38,2.16,100.61,56.98,62.1
AST-0003,2026-08-09 15:51:38.403936,5.11,4.01,101.65,67.58,63.66
AST-0018,2026-08-02 15:52:38.403936,1.62,2.48,101.42,89.63,61.54
AST-0018,2026-08-04 11:40:38.403936,4.95,2.47,98.96,76.43,78.53
AST-0014,2026-08-06 06:40:38.403936,5.69,1.77,104.11,50.98,75.56
AST-0007,2026-08-08 09:39:38.403936,7.79,1.71,100.17,66.0,55.94
AST-0012,2026-08-12 22:47:38.403936,2.17,2.55,99.18,69.74,48.45
AST-0008,2026-08-18 16:50:38.403936,6.82,1.87,100.66,73.14,42.84
AST-0019,2026-08-08 23:44:38.403936,4.84,8.76,98.09,66.85,69.68
AST-0003,2026-08-01 19:56:38.403936,4.88,2.78,99.94,67.32,70.28
AST-0007,2026-08-22 03:54:38.403936,3.43,3.99,102.25,53.09,76.82
AST-0019,2026-08-23 07:18:38.403936,3.04,3.13,103.62,56.79,82.34
AST-0014,2026-08-24 23:41:38.403936,5.12,3.16,105.09,62.55,51.43
AST-0012,2026-08-07 10:17:38.403936,3.17,1.85,101.15,68.41,69.98
AST-0002,2026-08-18 00:58:38.403936,5.74,2.51,104.21,62.35,100.0
AST-0013,2026-08-28 12:03:38.403936,5.44,1.81,99.16,69.82,60.98
AST-0007,2026-08-14 04:55:38.403936,5.57,2.88,101.15,56.53,37.73
AST-0006,2026-08-07 10:04:38.403936,3.83,3.19,101.73,52.54,68.12
AST-0003,2026-08-11 10:33:38.403936,5.08,1.79,101.61,65.58,44.43
AST-0004,2026-08-18 22:20:38.403936,5.04,2.95,103.47,75.54,40.2
AST-0001,2026-08-01 01:34:38.403936,3.09,2.91,102.33,70.15,100.0
AST-0006,2026-08-03 00:11:38.403936,5.36,3.41,103.21,71.51,59.33
AST-0013,2026-08-17 06:13:38.403936,5.64,1.88,100.83,60.15,66.47
AST-0015,2026-08-01 10:21:38.403936,7.97,5.57,102.67,48.87,56.51
AST-0018,2026-08-11 17:53:38.403936,6.13,2.55,99.14,57.85,77.23
AST-0002,2026-08-20 21:53:38.403936,3.4,2.67,101.39,58.48,100.0
AST-0011,2026-08-25 02:56:38.403936,5.45,0.88,101.67,58.38,80.34
AST-0017,2026-08-01 08:45:38.403936,3.31,2.41,102.31,73.66,43.39
AST-0006,2026-08-05 22:16:38.403936,4.0,2.12,99.99,82.65,72.29
AST-0008,2026-08-01 21:09:38.403936,2.61,3.23,105.54,75.32,37.65
AST-0008,2026-08-17 03:20:38.403936,3.77,3.51,99.88,69.44,78.94
AST-0014,2026-08-25 02:39:38.403936,3.11,2.45,94.82,54.76,60.45
AST-0009,2026-08-28 16:20:38.403936,2.63,3.81,98.44,60.6,67.35
AST-0009,2026-08-08 01:25:38.403936,6.66,1.35,103.63,65.1,47.33
AST-0015,2026-08-16 18:37:38.403936,5.19,2.66,100.1,65.7,58.06
AST-0001,2026-08-13 03:39:38.403936,4.67,3.03,104.47,52.62,100.0
AST-0004,2026-08-19 14:53:38.403936,1.57,2.38,102.48,67.81,53.79
AST-0005,2026-08-02 02:20:38.403936,4.19,2.11,100.12,73.5,71.43
AST-0012,2026-08-14 15:31:38.403936,3.46,3.22,101.91,73.13,76.33
AST-0010,2026-08-11 17:35:38.403936,3.26,2.05,102.79,71.1,64.62
AST-0017,2026-08-26 14:25:38.403936,4.68,3.52,100.12,70.47,61.36
AST-0004,2026-07-30 02:51:38.403936,4.17,3.38,102.95,73.14,88.5
AST-0018,2026-08-04 20:59:38.403936,4.53,3.05,100.68,68.24,62.66
AST-0011,2026-08-05 20:06:38.403936,4.65,2.98,99.66,85.92,46.89
AST-0002,2026-08-20 23:55:38.403936,4.48,1.78,101.45,58.23,82.55
AST-0002,2026-08-02 23:07:38.403936,4.28,1.84,100.66,69.13,54.85
AST-0009,2026-07-29 22:11:38.403936,3.27,2.69,101.79,59.93,56.52
AST-0014,2026-08-06 02:48:38.403936,4.85,1.34,98.49,57.82,61.16
AST-0005,2026-08-24 06:58:38.403936,-3.03,3.68,103.02,63.4,64.66
AST-0005,2026-08-23 14:14:38.403936,11.0,2.49,100.72,68.23,50.11
AST-0002,2026-08-18 07:45:38.403936,5.28,3.73,101.08,69.02,77.42
AST-0004,2026-08-15 01:08:38.403936,3.9,2.68,101.33,65.98,51.09
AST-0014,2026-08-14 20:37:38.403936,4.54,2.9,104.2,74.59,100.0
AST-0008,2026-08-27 00:14:38.403936,3.35,3.2,101.67,86.9,50.45
AST-0014,2026-08-06 03:48:38.403936,3.24,2.02,97.05,59.74,51.34
AST-0014,2026-07-30 21:23:38.403936,4.73,2.77,105.05,74.5,54.62
AST-0004,2026-08-10 01:22:38.403936,3.15,2.89,98.66,83.31,86.23
AST-0008,2026-08-16 04:09:38.403936,3.8,1.13,104.01,63.85,87.28
AST-0010,2026-08-07 20:18:38.403936,2.11,2.02,101.31,65.47,56.9
AST-0013,2026-08-09 02:54:38.403936,5.43,1.65,101.02,66.2,74.26
AST-0009,2026-08-13 16:51:38.403936,5.57,1.6,98.23,77.78,70.98
AST-0018,2026-08-14 17:51:38.403936,3.38,3.74,101.53,76.79,66.22
AST-0009,2026-08-13 20:01:38.403936,7.59,3.9,100.8,74.72,76.62
AST-0002,2026-08-06 21:21:38.403936,6.55,1.73,102.67,75.58,33.34
AST-0011,2026-08-03 16:43:38.403936,2.73,0.87,100.76,72.18,92.04
AST-0013,2026-08-18 14:58:38.403936,4.61,3.8,98.54,47.97,64.0
AST-0014,2026-08-25 00:06:38.403936,5.08,2.47,97.17,64.11,41.52
AST-0007,2026-07-29 20:09:38.403936,5.5,2.79,99.42,59.86,45.93
AST-0011,2026-08-15 08:08:38.403936,4.41,3.26,99.33,70.04,55.46
AST-0010,2026-08-27 02:58:38.403936,3.31,2.41,99.23,59.46,43.44
AST-0013,2026-08-21 20:13:38.403936,7.45,2.53,99.9,67.14,62.98
AST-0013,2026-08-12 05:15:38.403936,4.17,2.99,102.82,59.69,54.64
AST-0018,2026-08-06 16:24:38.403936,4.09,0.66,98.27,78.67,94.61
AST-0019,2026-07-29 18:45:38.403936,4.13,2.96,101.92,95.79,85.15
AST-0015,2026-08-26 08:57:38.403936,4.31,1.74,98.09,67.03,51.39
AST-0006,2026-08-08 11:44:38.403936,2.37,1.98,99.14,81.87,80.87
AST-0020,2026-08-28 17:57:38.403936,4.49,3.68,101.45,56.39,92.42
AST-0008,2026-08-14 00:25:38.403936,5.31,1.67,100.92,56.24,40.11
AST-0001,2026-08-12 21:22:38.403936,5.89,4.03,98.5,70.63,53.29
AST-0003,2026-07-31 20:47:38.403936,3.77,2.03,99.57,65.49,50.04
AST-0007,2026-08-19 11:45:38.403936,4.91,2.46,100.82,55.92,54.62
AST-0001,2026-08-16 05:43:38.403936,5.63,2.9,99.34,65.99,78.52
AST-0017,2026-08-03 14:44:38.403936,2.0,2.93,99.97,70.71,51.26
AST-0004,2026-08-19 21:43:38.403936,1.79,1.2,101.4,67.6,48.72
AST-0015,2026-08-24 04:48:38.403936,4.57,1.81,100.53,75.06,54.62
AST-0014,2026-08-26 15:29:38.403936,5.75,1.6,102.36,79.42,20.51
AST-0016,2026-08-23 16:44:38.403936,3.3,2.96,100.89,68.71,54.13
AST-0009,2026-08-19 05:54:38.403936,4.63,2.38,103.64,67.54,71.08
AST-0015,2026-08-22 11:42:38.403936,3.88,2.11,100.43,68.94,57.42
AST-0011,2026-08-02 06:56:38.403936,4.93,4.16,103.04,61.74,86.62
AST-0005,2026-08-13 07:31:38.403936,3.89,0.87,99.28,46.29,58.67
AST-0007,2026-08-09 06:54:38.403936,4.53,3.84,101.95,62.81,79.93
AST-0015,2026-08-01 16:28:38.403936,1.18,2.69,102.84,50.21,85.59
AST-0013,2026-08-17 16:27:38.403936,5.01,2.17,102.57,87.71,68.27
AST-0019,2026-08-25 08:17:38.403936,4.87,8.66,99.6,73.3,49.59
AST-0010,2026-08-16 01:47:38.403936,4.61,2.12,102.26,68.34,83.68
AST-0014,2026-08-16 12:17:38.403936,3.73,2.28,99.34,60.56,71.79
AST-0020,2026-08-23 06:11:38.403936,5.64,1.76,103.04,78.56,72.44
AST-0016,2026-08-08 19:12:38.403936,7.32,1.88,98.81,47.21,91.93
AST-0013,2026-07-31 02:01:38.403936,5.48,2.46,101.86,53.75,100.0
AST-0020,2026-08-06 06:35:38.403936,4.69,2.59,102.75,69.81,69.03
AST-0001,2026-08-23 01:43:38.403936,11.31,2.88,105.06,78.45,93.68
AST-0015,2026-08-02 14:00:38.403936,3.73,1.71,101.05,65.56,84.7
AST-0007,2026-08-07 00:48:38.403936,1.96,3.72,100.98,60.73,46.78
AST-0013,2026-08-19 10:58:38.403936,2.02,3.16,101.45,52.1,41.69
AST-0009,2026-08-11 10:14:38.403936,4.0,3.84,100.78,49.97,60.58
AST-0002,2026-08-02 11:46:38.403936,4.09,0.34,101.19,62.69,77.53
AST-0002,2026-08-14 16:34:38.403936,7.27,3.4,100.76,53.93,100.0
AST-0001,2026-07-31 04:12:38.403936,4.59,2.51,101.25,66.98,62.4
AST-0004,2026-08-27 00:58:38.403936,3.64,2.06,101.23,59.57,52.17
AST-0009,2026-08-24 10:19:38.403936,4.66,2.3,104.31,38.49,84.65
AST-0004,2026-08-15 13:14:38.403936,6.37,0.84,100.61,61.29,39.66
AST-0001,2026-08-06 05:11:38.403936,3.33,1.61,104.8,74.36,87.89
AST-0013,2026-08-12 23:03:38.403936,5.58,1.6,100.25,69.89,43.0
AST-0019,2026-08-16 19:34:38.403936,5.57,2.31,100.55,72.11,73.0
AST-0010,2026-08-27 07:25:38.403936,3.96,3.43,99.14,71.16,75.68
AST-0019,2026-08-26 02:07:38.403936,4.04,2.76,98.8,74.24,61.67
AST-0012,2026-07-31 15:10:38.403936,3.72,3.34,99.89,50.92,36.98
AST-0014,2026-08-01 21:38:38.403936,5.41,1.48,104.81,44.18,95.54
AST-0015,2026-08-21 01:44:38.403936,4.82,2.42,100.21,68.99,64.32
AST-0009,2026-08-05 17:25:38.403936,6.15,2.59,101.6,61.36,63.97
AST-0016,2026-08-26 19:03:38.403936,4.96,1.13,98.6,72.43,68.08
AST-0009,2026-08-19 22:04:38.403936,4.22,2.51,102.0,59.6,50.99
AST-0003,2026-08-13 10:21:38.403936,4.79,1.72,102.12,47.97,83.52
AST-0015,2026-08-11 10:58:38.403936,5.21,2.7,103.27,81.65,83.26
AST-0001,2026-08-24 16:44:38.403936,1.74,1.48,100.05,65.26,74.32
AST-0007,2026-08-21 06:13:38.403936,3.41,2.65,99.79,58.88,39.68
AST-0020,2026-08-14 21:52:38.403936,3.12,1.42,99.35,75.54,47.91
AST-0007,2026-08-11 08:04:38.403936,8.45,2.89,101.67,56.42,77.61
AST-0018,2026-08-02 15:49:38.403936,3.64,2.6,106.42,64.04,85.69
AST-0016,2026-08-09 16:48:38.403936,3.45,2.47,104.84,58.73,97.62
AST-0008,2026-08-19 03:50:38.403936,5.56,2.05,102.56,74.73,76.19
AST-0019,2026-08-17 04:01:38.403936,2.14,1.92,100.8,64.26,76.17
AST-0014,2026-08-15 13:23:38.403936,4.77,1.43,102.06,71.11,75.08
AST-0009,2026-08-23 19:29:38.403936,6.12,3.17,102.22,64.3,35.1
AST-0007,2026-08-12 17:13:38.403936,5.14,2.67,101.84,52.23,45.54
AST-0006,2026-08-13 02:58:38.403936,6.08,2.47,102.66,65.28,65.54
AST-0019,2026-08-07 11:31:38.403936,5.91,2.09,101.49,60.38,57.18
AST-0007,2026-08-22 15:21:38.403936,4.04,2.68,100.34,77.56,48.9
AST-0001,2026-08-12 05:53:38.403936,4.22,2.15,104.19,66.97,83.57
AST-0002,2026-08-23 01:44:38.403936,2.27,2.71,103.08,65.82,84.18
AST-0016,2026-08-23 22:43:38.403936,3.72,3.63,105.9,61.37,56.98
AST-0016,2026-08-03 10:22:38.403936,6.68,3.76,100.25,60.8,59.93
AST-0002,2026-08-20 13:12:38.403936,2.48,1.77,99.29,57.32,64.38
AST-0003,2026-08-10 06:05:38.403936,4.85,3.74,99.3,74.84,61.15
AST-0002,2026-08-16 23:59:38.403936,4.43,3.04,99.05,68.82,68.0
AST-0010,2026-08-05 16:02:38.403936,5.24,2.73,106.21,58.62,55.44
AST-0014,2026-08-02 15:21:38.403936,3.57,2.06,100.03,76.89,90.57
AST-0017,2026-08-26 08:34:38.403936,3.64,1.83,102.24,59.48,76.39
AST-0019,2026-08-16 01:47:38.403936,4.8,1.29,104.4,82.96,53.97
AST-0020,2026-08-18 06:42:38.403936,3.92,2.73,101.97,71.59,100.0
AST-0007,2026-08-03 06:42:38.403936,4.23,1.86,98.54,57.69,64.4
AST-0006,2026-08-10 19:22:38.403936,7.19,2.09,101.75,64.84,86.39
AST-0020,2026-08-23 21:14:38.403936,8.29,6.88,100.32,75.44,77.27
AST-0010,2026-08-20 03:35:38.403936,7.27,2.97,100.58,70.91,84.96
AST-0009,2026-08-19 10:14:38.403936,5.73,2.91,103.43,76.69,89.88
AST-0007,2026-08-27 05:02:38.403936,5.47,2.37,101.59,77.07,50.3
AST-0005,2026-08-18 02:40:38.403936,5.05,2.19,101.36,77.78,68.44
AST-0006,2026-08-10 20:27:38.403936,4.57,1.41,102.79,71.45,100.0
AST-0010,2026-08-12 18:18:38.403936,4.04,2.68,101.8,80.77,63.28
AST-0013,2026-08-18 17:59:38.403936,4.92,2.99,101.67,60.54,68.49
AST-0003,2026-08-11 03:40:38.403936,6.11,1.68,101.57,58.0,86.51
AST-0020,2026-08-25 23:31:38.403936,10.22,2.05,102.05,80.66,63.82
AST-0019,2026-08-10 03:47:38.403936,-4.33,4.0,98.4,43.01,72.92
AST-0009,2026-08-25 11:36:38.403936,3.75,1.68,102.72,67.44,54.85
AST-0016,2026-08-24 23:43:38.403936,2.58,3.2,102.6,64.01,98.24
AST-0006,2026-08-22 09:09:38.403936,2.89,1.28,99.92,64.54,69.38
AST-0003,2026-08-25 09:39:38.403936,4.14,2.78,98.8,79.44,63.52
AST-0004,2026-08-20 03:41:38.403936,6.18,2.77,102.21,70.7,73.06
AST-0010,2026-08-06 01:58:38.403936,5.46,3.56,101.69,72.09,63.38
AST-0015,2026-08-16 23:43:38.403936,6.66,1.96,104.9,64.6,39.25
AST-0013,2026-08-02 18:30:38.403936,4.69,1.96,102.98,58.47,56.97
AST-0015,2026-08-22 04:23:38.403936,1.67,8.62,96.45,49.16,78.69
AST-0020,2026-08-17 13:41:38.403936,5.68,2.84,99.37,64.52,64.94
AST-0007,2026-08-21 10:48:38.403936,2.76,3.7,103.05,62.79,65.48
AST-0015,2026-08-10 22:00:38.403936,4.81,0.87,100.81,58.18,46.97
AST-0020,2026-08-20 19:45:38.403936,4.08,3.94,102.58,59.29,75.31
AST-0001,2026-08-09 15:41:38.403936,6.6,3.24,101.42,58.53,77.57
AST-0004,2026-08-23 21:31:38.403936,5.09,3.22,102.57,75.5,55.37
AST-0005,2026-08-19 18:20:38.403936,6.48,2.66,105.45,58.11,96.25
AST-0009,2026-08-21 10:40:38.403936,4.8,1.98,100.33,61.8,72.63
AST-0008,2026-08-17 16:08:38.403936,5.28,2.04,101.25,86.42,96.1
AST-0020,2026-08-19 13:14:38.403936,5.15,2.53,101.54,71.14,46.59
AST-0003,2026-08-21 21:27:38.403936,4.11,1.17,102.1,71.47,56.3
AST-0011,2026-08-11 08:03:38.403936,6.86,1.52,98.37,67.24,83.85
AST-0019,2026-08-21 20:54:38.403936,7.03,8.04,103.46,64.61,61.89
AST-0005,2026-08-25 03:44:38.403936,5.83,3.02,98.15,79.77,89.84
AST-0018,2026-08-19 02:03:38.403936,3.56,2.82,102.29,67.61,55.09
AST-0007,2026-08-23 11:53:38.403936,3.49,2.48,103.65,70.44,58.33
AST-0014,2026-08-09 15:09:38.403936,5.66,0.22,103.6,47.6,58.48
AST-0013,2026-07-31 17:59:38.403936,2.82,1.46,103.62,60.32,71.24
AST-0005,2026-08-16 08:01:38.403936,4.43,2.88,101.45,52.17,82.93
AST-0019,2026-08-21 07:20:38.403936,3.76,1.25,100.44,80.01,80.3
AST-0015,2026-08-13 20:56:38.403936,3.98,2.22,100.66,85.77,71.87
AST-0005,2026-08-03 07:13:38.403936,5.15,3.32,101.78,62.41,61.47
AST-0003,2026-08-17 10:07:38.403936,4.39,2.47,102.76,65.52,78.19
AST-0020,2026-08-20 03:07:38.403936,4.38,2.56,97.3,74.16,71.24
AST-0018,2026-08-16 20:28:38.403936,6.0,0.18,105.48,63.6,84.95
AST-0016,2026-08-16 01:23:38.403936,2.94,2.99,99.19,58.76,99.45
AST-0010,2026-08-23 09:15:38.403936,-3.79,2.67,103.04,69.96,67.71
AST-0004,2026-08-09 02:47:38.403936,5.05,4.42,101.18,67.01,83.91
AST-0006,2026-08-27 14:32:38.403936,6.16,3.45,102.58,53.57,94.4
AST-0002,2026-08-12 09:24:38.403936,2.78,2.74,99.79,64.36,70.92
AST-0008,2026-08-12 02:45:38.403936,4.98,2.84,104.53,69.54,60.61
AST-0006,2026-08-22 22:29:38.403936,5.95,3.45,98.84,70.97,77.62
AST-0019,2026-08-26 23:12:38.403936,4.52,1.62,98.42,80.95,49.75
AST-0015,2026-08-05 06:38:38.403936,3.01,0.78,100.02,51.77,94.56
AST-0015,2026-08-10 09:12:38.403936,6.01,1.95,105.8,74.82,59.15
AST-0015,2026-08-11 20:29:38.403936,0.75,4.33,98.52,48.55,83.41
AST-0014,2026-08-14 11:45:38.403936,8.16,3.61,102.43,70.95,80.36
AST-0013,2026-08-10 03:29:38.403936,5.64,2.72,101.51,64.37,51.43
AST-0012,2026-08-20 18:06:38.403936,4.08,1.15,101.1,55.11,45.14
AST-0001,2026-08-24 22:09:38.403936,4.77,3.61,103.14,49.29,47.19
AST-0002,2026-08-28 17:16:38.403936,5.91,8.17,100.85,70.5,47.57
AST-0010,2026-08-26 08:40:38.403936,4.66,1.43,100.1,68.2,36.33
AST-0007,2026-08-09 05:40:38.403936,5.16,2.48,102.4,67.24,89.55
AST-0005,2026-08-27 00:29:38.403936,4.69,2.16,101.54,70.43,65.88
AST-0002,2026-08-27 08:31:38.403936,4.56,1.94,99.97,50.97,96.49
AST-0012,2026-08-12 19:45:38.403936,2.63,1.95,99.86,73.95,59.69
AST-0014,2026-08-04 17:51:38.403936,6.37,1.96,101.86,56.65,100.0
AST-0012,2026-08-06 18:09:38.403936,2.72,2.75,102.57,69.14,61.66
AST-0006,2026-08-22 22:08:38.403936,4.31,2.54,101.01,74.64,100.0
AST-0010,2026-08-10 10:59:38.403936,3.66,1.4,101.12,90.8,50.53
AST-0003,2026-08-14 04:17:38.403936,6.96,3.84,100.19,70.69,94.31
AST-0013,2026-08-05 04:03:38.403936,3.93,2.34,100.14,54.85,53.31
AST-0001,2026-08-24 03:03:38.403936,2.66,2.53,99.76,67.34,36.99
AST-0009,2026-08-10 19:10:38.403936,5.0,3.17,97.31,68.74,87.1
AST-0012,2026-08-25 08:48:38.403936,2.69,3.84,102.14,57.95,64.0
AST-0020,2026-08-03 16:39:38.403936,5.34,2.56,102.38,55.79,68.05
AST-0003,2026-08-24 07:31:38.403936,2.38,2.41,99.49,57.64,87.25
AST-0010,2026-08-27 16:20:38.403936,6.14,2.99,99.12,61.84,86.84
AST-0002,2026-08-28 07:27:38.403936,4.71,4.36,102.09,66.92,59.44
AST-0008,2026-08-12 14:45:38.403936,4.7,2.38,102.72,74.57,50.85
AST-0018,2026-08-23 05:27:38.403936,2.5,1.03,102.32,53.97,26.25
AST-0014,2026-08-17 20:06:38.403936,5.08,4.49,101.29,73.38,66.47
AST-0014,2026-08-28 13:39:38.403936,4.35,3.24,100.72,67.67,70.79
AST-0015,2026-08-11 11:52:38.403936,11.5,3.29,100.95,57.44,74.66
AST-0012,2026-08-09 12:12:38.403936,3.15,2.52,101.28,75.86,73.54
AST-0002,2026-08-23 13:01:38.403936,4.46,3.15,104.08,70.58,65.19
AST-0015,2026-08-16 21:11:38.403936,2.53,1.65,100.69,58.9,61.63
AST-0020,2026-08-02 22:26:38.403936,4.58,2.92,101.16,69.87,66.16
AST-0005,2026-07-30 17:38:38.403936,1.54,1.75,101.01,52.9,75.8
AST-0018,2026-08-24 10:59:38.403936,6.8,3.48,100.87,79.91,67.68
AST-0008,2026-08-08 04:35:38.403936,3.99,2.01,100.7,61.12,68.07
AST-0020,2026-08-13 17:11:38.403936,4.74,2.5,102.17,76.91,82.09
AST-0005,2026-07-29 21:24:38.403936,2.27,0.46,103.17,51.33,60.95
AST-0001,2026-08-23 08:22:38.403936,2.74,1.06,102.38,72.59,54.62
AST-0001,2026-08-04 18:16:38.403936,-7.39,2.06,102.08,50.21,68.3
AST-0014,2026-08-06 16:38:38.403936,4.48,2.96,101.54,55.27,86.54
AST-0015,2026-08-22 16:56:38.403936,4.26,2.48,99.43,60.57,49.07
AST-0017,2026-08-15 05:45:38.403936,4.24,3.87,98.56,48.86,91.48
AST-0017,2026-08-08 20:18:38.403936,4.19,1.96,103.38,58.94,97.87
AST-0002,2026-08-12 11:46:38.403936,5.52,2.11,105.61,58.94,78.36
AST-0004,2026-08-20 13:29:38.403936,4.95,3.54,104.42,65.32,51.44
AST-0003,2026-08-21 01:49:38.403936,5.19,1.96,105.33,66.37,58.42
AST-0009,2026-08-13 10:08:38.403936,4.78,1.42,99.36,77.0,53.18
AST-0011,2026-08-27 04:14:38.403936,2.93,2.93,103.67,72.19,82.93
AST-0015,2026-08-16 02:21:38.403936,3.36,1.36,104.3,61.77,60.49
AST-0004,2026-08-21 18:30:38.403936,6.49,2.94,102.21,86.65,53.42
AST-0007,2026-08-28 13:26:38.403936,5.89,2.55,101.84,80.28,74.14
AST-0011,2026-08-18 08:04:38.403936,5.31,3.36,100.57,56.61,46.19
AST-0011,2026-08-19 09:39:38.403936,1.55,4.14,99.09,62.79,60.02
AST-0005,2026-08-18 04:27:38.403936,4.96,3.15,103.02,59.17,61.99
AST-0003,2026-08-20 08:20:38.403936,4.92,2.3,104.51,69.91,78.23
AST-0005,2026-08-18 10:02:38.403936,5.49,3.44,101.66,52.03,72.19
AST-0018,2026-08-24 02:01:38.403936,3.52,2.08,102.47,77.38,65.38
AST-0014,2026-08-13 18:22:38.403936,4.96,3.86,101.78,91.02,75.18
AST-0012,2026-08-01 02:30:38.403936,1.86,3.1,102.06,77.9,77.12
AST-0016,2026-08-03 11:28:38.403936,4.29,1.52,100.88,56.49,54.55
AST-0018,2026-08-08 23:15:38.403936,5.38,3.84,102.09,53.04,73.0
AST-0008,2026-08-15 11:47:38.403936,6.29,2.01,101.03,65.15,50.87
AST-0020,2026-08-18 07:01:38.403936,5.47,2.4,102.14,56.13,57.13
AST-0020,2026-08-26 16:30:38.403936,5.58,2.2,104.75,61.0,69.04
AST-0006,2026-08-28 16:50:38.403936,5.9,1.37,97.78,49.74,87.73
AST-0011,2026-08-11 04:48:38.403936,3.67,4.55,100.17,66.85,92.76
AST-0013,2026-08-14 17:43:38.403936,-0.49,4.15,103.72,75.24,75.67
AST-0001,2026-08-01 22:19:38.403936,5.67,2.06,99.66,64.97,61.94
AST-0014,2026-08-02 22:32:38.403936,3.82,3.06,103.21,65.88,91.6
AST-0011,2026-08-19 09:49:38.403936,2.79,2.35,99.87,46.33,63.51
AST-0005,2026-08-24 14:16:38.403936,4.32,3.71,102.56,54.76,98.37
AST-0003,2026-08-05 22:15:38.403936,6.33,2.97,100.85,55.41,58.3
AST-0020,2026-08-11 03:31:38.403936,6.13,4.01,104.39,60.11,44.85
AST-0017,2026-08-18 21:08:38.403936,4.71,1.09,101.95,63.52,56.61
AST-0019,2026-08-03 22:38:38.403936,2.11,2.91,100.23,53.3,13.3
AST-0008,2026-08-20 21:50:38.403936,4.46,3.92,104.62,60.43,54.16
AST-0007,2026-08-16 18:02:38.403936,5.2,1.7,101.9,72.66,87.08
AST-0009,2026-08-12 11:32:38.403936,4.35,2.34,99.54,56.73,60.92
AST-0006,2026-08-11 22:28:38.403936,5.05,9.22,99.69,79.93,60.12
AST-0017,2026-08-04 15:25:38.403936,4.47,1.9,96.45,73.84,78.26
AST-0003,2026-08-24 04:35:38.403936,4.08,2.55,102.33,49.37,55.48
AST-0001,2026-08-16 20:01:38.403936,5.69,1.5,101.89,51.43,73.4
AST-0019,2026-08-19 16:29:38.403936,4.45,1.21,103.63,57.65,50.42
AST-0014,2026-08-18 07:12:38.403936,4.8,3.42,99.27,65.62,72.72
AST-0020,2026-08-11 22:32:38.403936,5.54,6.94,100.57,56.72,66.55
AST-0003,2026-08-19 16:51:38.403936,2.89,0.16,102.17,74.04,22.47
AST-0019,2026-08-18 15:19:38.403936,2.99,3.0,105.41,65.21,51.9
AST-0010,2026-08-16 23:42:38.403936,4.23,3.6,100.01,57.01,56.31
AST-0003,2026-08-14 05:09:38.403936,3.07,2.6,104.55,68.23,60.46
AST-0007,2026-08-21 23:54:38.403936,4.06,1.25,103.07,64.22,61.75
AST-0005,2026-08-14 15:55:38.403936,9.29,2.74,99.8,60.74,85.67
AST-0006,2026-08-09 12:23:38.403936,4.67,1.35,103.14,58.32,98.72
AST-0003,2026-08-26 04:17:38.403936,6.12,2.14,103.86,65.68,80.35
AST-0015,2026-08-06 19:48:38.403936,5.23,1.82,100.01,75.3,58.97
AST-0019,2026-08-24 10:03:38.403936,3.89,1.74,102.15,85.63,45.78
AST-0011,2026-08-28 00:38:38.403936,4.54,3.63,101.14,69.52,45.88
AST-0010,2026-08-05 15:12:38.403936,5.14,2.35,103.27,76.87,100.0
AST-0003,2026-08-11 06:20:38.403936,5.37,2.76,101.69,61.47,71.09
AST-0012,2026-08-12 21:21:38.403936,4.06,2.63,103.94,54.93,85.52
AST-0003,2026-08-11 19:52:38.403936,6.48,2.41,97.06,58.92,88.35
AST-0002,2026-08-23 23:46:38.403936,4.14,2.21,100.52,55.78,94.08
AST-0007,2026-08-19 05:32:38.403936,4.02,3.47,104.34,74.98,57.23
AST-0002,2026-08-13 09:30:38.403936,5.11,2.48,99.49,68.24,43.78
AST-0011,2026-08-19 06:24:38.403936,6.28,2.13,101.7,67.83,60.34
AST-0008,2026-08-02 14:25:38.403936,5.38,2.12,103.04,51.54,67.27
AST-0020,2026-08-18 16:27:38.403936,7.41,1.7,99.94,70.14,68.23
AST-0013,2026-08-05 23:42:38.403936,5.03,2.89,102.57,76.1,72.38
AST-0002,2026-08-17 08:48:38.403936,4.14,3.04,105.1,63.67,47.46
AST-0004,2026-08-27 11:24:38.403936,6.16,2.4,96.95,73.47,55.36
AST-0020,2026-08-24 03:45:38.403936,4.36,2.77,101.68,72.09,57.16
AST-0005,2026-08-05 14:33:38.403936,5.27,2.29,102.78,71.15,48.16
AST-0013,2026-08-14 16:24:38.403936,6.13,2.07,102.92,68.67,98.09
AST-0010,2026-08-04 15:09:38.403936,4.16,2.22,101.26,61.97,79.4
AST-0005,2026-08-24 04:48:38.403936,2.08,1.66,99.16,74.5,95.79
AST-0017,2026-08-22 17:16:38.403936,4.34,2.36,101.44,76.62,48.31
AST-0007,2026-08-15 05:31:38.403936,12.86,3.28,102.3,66.9,83.02
AST-0008,2026-08-14 07:34:38.403936,0.45,3.04,99.99,46.69,74.2
AST-0004,2026-08-05 00:34:38.403936,6.56,2.39,103.21,81.12,88.67
AST-0017,2026-08-21 20:50:38.403936,6.96,3.09,101.45,48.98,60.57
AST-0020,2026-07-31 11:32:38.403936,3.24,4.24,100.95,66.23,74.93
AST-0006,2026-08-04 17:27:38.403936,4.57,3.86,100.05,66.95,51.64
AST-0015,2026-08-27 04:41:38.403936,2.52,2.01,101.23,60.71,52.54
AST-0008,2026-07-31 18:02:38.403936,2.39,2.43,98.29,72.6,66.48
AST-0015,2026-08-18 23:30:38.403936,2.31,2.25,99.8,68.19,89.13
AST-0016,2026-08-09 09:54:38.403936,1.69,2.59,100.98,71.71,68.84
AST-0015,2026-08-07 14:14:38.403936,3.37,2.24,99.71,75.76,65.38
AST-0017,2026-08-19 18:35:38.403936,7.35,2.45,99.88,49.86,32.54
AST-0007,2026-08-22 18:26:38.403936,2.12,2.71,102.32,49.19,81.11
AST-0016,2026-08-26 06:46:38.403936,3.78,2.62,104.52,73.97,60.17
AST-0017,2026-08-15 15:46:38.403936,3.16,0.78,99.86,62.89,47.23
AST-0009,2026-08-04 10:29:38.403936,4.3,2.56,100.85,58.5,68.04
AST-0014,2026-08-19 05:05:38.403936,5.16,1.63,104.12,64.01,65.34
AST-0015,2026-08-02 22:29:38.403936,5.56,2.69,103.21,67.87,53.98
AST-0013,2026-08-14 16:09:38.403936,5.04,1.59,101.52,64.67,61.25
AST-0003,2026-08-21 14:38:38.403936,4.31,0.99,100.2,65.93,67.88
AST-0004,2026-08-15 19:49:38.403936,2.96,3.51,99.57,74.69,72.69
AST-0002,2026-08-28 08:14:38.403936,3.53,3.92,98.91,74.19,83.01
AST-0005,2026-08-11 19:39:38.403936,3.49,3.61,100.8,67.89,69.69
AST-0009,2026-08-20 02:42:38.403936,4.3,6.47,102.89,47.51,88.48
AST-0020,2026-08-08 13:52:38.403936,2.01,3.33,103.55,54.09,57.61
AST-0008,2026-08-22 18:47:38.403936,2.84,2.33,100.68,72.8,88.59
AST-0020,2026-08-12 11:15:38.403936,6.59,2.05,100.88,48.17,50.49
AST-0016,2026-08-19 13:36:38.403936,5.95,3.79,98.83,59.08,64.52
AST-0019,2026-08-25 22:06:38.403936,4.92,1.85,102.15,60.26,64.74
AST-0001,2026-08-09 18:34:38.403936,5.32,2.51,100.43,63.9,63.41
AST-0006,2026-08-26 17:51:38.403936,3.94,2.29,104.5,70.61,59.68
AST-0017,2026-08-02 15:49:38.403936,5.55,2.23,103.65,68.7,63.07
AST-0018,2026-08-23 12:35:38.403936,5.17,1.24,99.05,53.06,67.57
AST-0013,2026-07-30 16:31:38.403936,7.1,4.29,102.58,70.01,32.58
AST-0012,2026-08-15 18:03:38.403936,3.69,8.02,100.06,63.32,56.5
AST-0019,2026-08-09 17:41:38.403936,1.53,3.1,99.15,67.39,100.0
AST-0011,2026-08-13 21:30:38.403936,3.12,0.48,100.73,76.01,100.0
AST-0015,2026-08-28 00:25:38.403936,2.66,2.9,100.37,63.94,100.0
AST-0003,2026-08-20 13:00:38.403936,2.25,2.7,102.24,75.86,66.76
AST-0007,2026-08-19 14:13:38.403936,-3.04,2.19,101.84,61.57,76.19
AST-0013,2026-07-31 16:05:38.403936,3.95,2.8,101.24,76.26,64.07
AST-0007,2026-08-23 11:27:38.403936,1.84,3.51,99.49,58.46,54.28
AST-0011,2026-08-11 18:49:38.403936,6.56,0.79,107.58,75.56,69.02
AST-0013,2026-08-11 04:44:38.403936,4.42,2.73,102.34,71.45,75.0
AST-0017,2026-08-21 08:18:38.403936,5.39,0.15,102.61,66.95,64.66
AST-0003,2026-08-10 21:38:38.403936,3.92,3.4,103.2,57.27,72.33
AST-0018,2026-08-18 08:39:38.403936,3.04,1.4,100.05,73.62,82.16
AST-0010,2026-08-12 03:11:38.403936,5.27,3.08,102.33,58.59,72.77
AST-0006,2026-08-12 17:05:38.403936,5.7,3.1,103.68,72.08,71.33
AST-0012,2026-08-18 23:10:38.403936,6.11,2.48,99.54,63.37,51.59
AST-0002,2026-08-26 17:53:38.403936,3.49,2.38,99.72,61.92,30.91
AST-0017,2026-08-02 04:16:38.403936,4.82,2.5,99.67,71.59,81.88
AST-0020,2026-08-06 01:03:38.403936,2.09,1.89,99.76,55.6,79.93
AST-0012,2026-08-18 16:55:38.403936,-3.79,2.29,97.29,71.35,42.69
AST-0020,2026-08-15 05:52:38.403936,4.59,2.72,104.02,51.91,10.65
AST-0012,2026-08-05 17:54:38.403936,4.78,3.94,103.78,67.1,56.15
AST-0017,2026-08-18 23:13:38.403936,5.71,1.72,102.25,70.05,84.08
AST-0008,2026-08-15 11:07:38.403936,8.64,2.81,100.28,64.74,33.16
AST-0013,2026-08-03 22:13:38.403936,-4.54,2.17,100.25,66.52,50.2
AST-0015,2026-08-24 07:48:38.403936,6.18,2.5,101.28,61.72,67.79
AST-0016,2026-08-08 12:41:38.403936,5.74,1.81,99.98,61.96,40.77
AST-0015,2026-08-07 20:57:38.403936,3.27,2.12,103.05,67.63,68.48
AST-0003,2026-08-06 14:54:38.403936,5.78,2.39,102.08,63.97,69.78
AST-0018,2026-08-13 07:23:38.403936,3.63,0.55,101.03,79.23,81.67
AST-0006,2026-08-23 10:30:38.403936,5.95,3.49,101.48,66.97,53.88
AST-0008,2026-08-27 18:51:38.403936,4.03,2.99,103.71,63.61,56.9
AST-0008,2026-08-04 06:52:38.403936,4.5,2.98,98.41,42.04,55.09
AST-0015,2026-08-21 05:55:38.403936,14.67,2.09,101.0,60.47,91.14
AST-0003,2026-08-23 20:51:38.403936,4.99,2.74,102.54,53.61,83.7
AST-0016,2026-08-12 20:08:38.403936,4.39,3.04,99.16,49.46,79.72
AST-0019,2026-08-22 16:30:38.403936,5.06,1.78,99.56,76.25,43.59
AST-0003,2026-08-02 02:52:38.403936,6.96,1.78,102.58,61.71,75.86
AST-0005,2026-08-19 05:48:38.403936,3.68,2.37,101.38,54.98,78.33
AST-0005,2026-08-23 20:29:38.403936,3.73,2.32,99.31,39.38,61.56
AST-0004,2026-08-18 10:51:38.403936,8.12,3.13,101.26,62.37,65.4
AST-0011,2026-08-22 08:13:38.403936,5.32,1.56,103.53,72.15,77.93
AST-0010,2026-08-09 00:35:38.403936,5.16,2.52,102.65,70.92,58.63
AST-0018,2026-08-02 08:27:38.403936,3.64,2.58,104.4,52.61,38.58
AST-0018,2026-08-11 06:05:38.403936,4.75,2.54,101.65,67.44,60.98
AST-0019,2026-08-03 00:21:38.403936,6.73,1.22,99.64,63.97,35.42
AST-0020,2026-08-05 18:44:38.403936,4.24,3.83,101.34,67.31,42.32
AST-0001,2026-08-14 03:05:38.403936,3.58,2.2,100.66,77.82,75.04
AST-0019,2026-08-02 11:02:38.403936,2.83,2.7,102.3,76.4,93.45
AST-0014,2026-08-10 19:23:38.403936,2.98,1.85,98.78,62.66,73.39
AST-0018,2026-08-26 21:27:38.403936,5.98,2.44,100.66,66.52,49.97
AST-0008,2026-08-11 22:42:38.403936,7.63,1.21,101.67,85.24,65.12
AST-0002,2026-08-17 05:52:38.403936,4.21,2.21,100.94,78.73,25.19
AST-0007,2026-08-05 22:58:38.403936,6.8,1.36,100.77,60.71,75.59
AST-0011,2026-08-14 05:53:38.403936,2.1,2.87,105.35,51.37,68.41
AST-0012,2026-08-14 11:33:38.403936,3.51,2.84,101.34,58.59,73.78
AST-0015,2026-08-22 04:48:38.403936,7.21,2.35,102.74,52.07,47.78
AST-0004,2026-08-04 08:08:38.403936,5.21,3.69,102.01,61.87,64.99
AST-0020,2026-08-01 01:35:38.403936,2.62,2.98,103.06,60.48,56.54
AST-0006,2026-08-17 19:01:38.403936,4.9,2.15,101.17,86.0,60.55
AST-0007,2026-08-13 15:57:38.403936,3.96,1.98,102.79,63.19,53.31
AST-0016,2026-08-06 00:21:38.403936,6.48,3.64,100.1,46.33,83.14
AST-0013,2026-08-12 19:19:38.403936,3.47,3.13,97.36,73.93,43.2
AST-0019,2026-08-21 18:23:38.403936,5.6,2.51,99.39,60.93,77.35
AST-0020,2026-08-14 19:46:38.403936,4.66,2.97,105.25,49.36,94.11
AST-0001,2026-08-28 12:56:38.403936,4.66,1.78,98.64,63.11,81.59
AST-0012,2026-08-03 15:43:38.403936,4.31,3.71,98.4,64.88,42.46
AST-0019,2026-08-17 02:46:38.403936,5.05,3.21,100.46,38.96,68.58
AST-0003,2026-08-24 07:58:38.403936,5.16,2.82,103.77,54.29,77.24
AST-0009,2026-08-16 08:18:38.403936,6.29,1.08,101.94,59.96,63.53
AST-0004,2026-08-27 03:03:38.403936,5.02,2.11,99.95,65.34,45.43
AST-0018,2026-08-16 16:33:38.403936,2.87,3.04,99.0,71.66,73.33
AST-0017,2026-08-15 09:39:38.403936,1.91,1.96,103.69,55.19,56.64
AST-0005,2026-08-17 00:44:38.403936,5.19,3.13,100.8,59.02,90.6
AST-0005,2026-08-13 22:05:38.403936,7.11,3.28,101.47,56.92,50.05
AST-0020,2026-08-26 08:30:38.403936,5.28,2.83,104.1,71.5,37.94
AST-0010,2026-08-13 06:14:38.403936,6.08,1.7,100.53,67.5,100.0
AST-0018,2026-08-25 18:49:38.403936,9.16,2.99,100.93,70.35,80.98
AST-0001,2026-08-21 01:21:38.403936,4.02,3.94,101.76,69.98,76.99
AST-0014,2026-08-15 12:39:38.403936,5.13,3.17,100.07,59.42,45.2
AST-0001,2026-08-25 07:52:38.403936,5.16,3.12,102.22,81.74,64.9
AST-0019,2026-08-25 22:18:38.403936,5.5,1.63,100.53,71.96,80.28
AST-0016,2026-08-25 01:14:38.403936,4.06,2.44,98.26,61.43,81.03
AST-0013,2026-08-06 12:33:38.403936,5.36,2.9,101.4,65.07,53.11
AST-0019,2026-08-05 11:43:38.403936,5.55,2.84,102.28,59.74,26.24
AST-0014,2026-08-03 18:21:38.403936,6.15,2.12,99.57,71.93,57.94
AST-0017,2026-08-05 15:43:38.403936,6.09,2.99,102.67,51.34,86.81
AST-0002,2026-08-26 14:12:38.403936,4.89,2.2,101.59,47.24,72.36
AST-0016,2026-08-05 01:08:38.403936,2.96,1.42,98.26,76.13,53.67
AST-0015,2026-08-22 16:16:38.403936,6.8,2.07,97.89,53.83,87.24
AST-0009,2026-08-23 00:38:38.403936,4.27,2.06,101.62,70.02,85.11
AST-0009,2026-08-26 12:40:38.403936,6.67,2.21,98.65,60.87,69.69
AST-0010,2026-08-24 03:53:38.403936,3.05,1.73,101.99,64.51,65.59
AST-0016,2026-08-11 21:59:38.403936,3.36,2.32,99.45,73.9,83.63
AST-0009,2026-08-13 04:36:38.403936,1.73,1.76,98.31,58.5,63.5
AST-0013,2026-08-11 20:39:38.403936,2.33,1.76,99.29,67.07,66.25
AST-0005,2026-08-16 17:15:38.403936,3.42,2.64,100.21,62.28,95.12
AST-0003,2026-08-11 23:34:38.403936,6.51,1.46,102.96,73.11,44.33
AST-0016,2026-08-14 12:38:38.403936,5.73,3.73,99.05,55.82,83.32
AST-0018,2026-08-08 12:02:38.403936,4.91,2.94,101.98,68.91,41.12
AST-0019,2026-08-11 02:59:38.403936,6.07,3.44,100.84,64.57,37.44
AST-0017,2026-08-09 15:40:38.403936,5.27,2.96,101.18,76.24,58.99
AST-0005,2026-08-13 19:05:38.403936,3.95,2.39,102.95,60.63,36.08
AST-0006,2026-07-29 23:58:38.403936,7.12,3.61,98.72,71.9,55.95
AST-0016,2026-08-17 06:46:38.403936,4.9,2.74,100.83,57.16,52.57
AST-0010,2026-08-20 11:49:38.403936,3.13,1.83,101.17,57.84,77.28
AST-0003,2026-08-13 09:07:38.403936,6.73,2.04,101.78,70.0,73.5
AST-0002,2026-08-28 10:48:38.403936,4.61,3.09,102.26,52.62,80.64
AST-0002,2026-08-06 17:32:38.403936,5.83,1.89,101.38,71.83,61.23
AST-0010,2026-08-16 19:56:38.403936,6.11,4.39,99.73,51.19,70.47
AST-0011,2026-07-31 11:14:38.403936,17.58,2.32,104.21,51.61,77.47
AST-0017,2026-08-11 17:08:38.403936,3.59,3.88,105.29,57.33,55.11
AST-0017,2026-08-21 05:48:38.403936,5.79,2.19,101.21,65.25,30.45
AST-0011,2026-08-20 01:31:38.403936,4.48,1.95,100.31,79.44,42.38
AST-0006,2026-08-06 03:48:38.403936,5.72,2.28,100.74,72.9,71.12
AST-0019,2026-07-30 09:42:38.403936,5.36,3.27,100.64,58.88,45.47
AST-0004,2026-08-18 05:28:38.403936,5.22,2.94,102.4,62.45,62.74
AST-0008,2026-08-07 04:08:38.403936,4.99,2.57,96.86,62.7,49.67
AST-0009,2026-07-30 01:46:38.403936,4.76,4.89,102.03,61.86,81.59
AST-0001,2026-08-13 18:21:38.403936,5.22,2.84,102.51,85.57,44.64
AST-0002,2026-08-10 16:00:38.403936,5.21,1.76,102.41,55.81,57.49
AST-0017,2026-08-04 03:26:38.403936,4.06,3.28,103.14,52.54,65.99
AST-0010,2026-08-12 21:59:38.403936,3.44,1.49,100.87,61.92,100.0
AST-0005,2026-08-15 11:46:38.403936,5.15,1.4,100.17,75.21,100.0
AST-0020,2026-08-20 12:37:38.403936,2.12,1.0,105.04,68.9,49.37
AST-0016,2026-08-15 18:24:38.403936,5.3,0.39,101.31,68.28,81.64
AST-0008,2026-08-23 05:25:38.403936,2.98,2.57,99.45,67.55,48.88
AST-0015,2026-08-25 21:06:38.403936,3.89,1.7,102.6,73.58,60.78
AST-0019,2026-08-22 19:13:38.403936,4.56,1.34,100.7,64.5,100.0
AST-0017,2026-08-03 20:52:38.403936,2.83,3.67,103.29,67.81,96.66
AST-0011,2026-08-07 23:07:38.403936,5.06,2.81,101.19,77.24,84.74
AST-0019,2026-08-22 10:40:38.403936,3.56,1.44,100.89,57.0,63.86
AST-0002,2026-08-21 00:14:38.403936,6.36,2.13,101.21,65.58,80.27
AST-0019,2026-08-19 09:35:38.403936,1.13,2.01,101.72,77.0,56.15
AST-0010,2026-08-01 09:22:38.403936,1.69,3.0,100.03,53.1,53.76
AST-0007,2026-07-30 18:05:38.403936,4.22,2.02,96.89,73.97,87.95
AST-0003,2026-08-25 01:59:38.403936,5.48,1.59,100.9,64.93,75.78
AST-0003,2026-08-23 09:24:38.403936,5.5,1.91,101.46,69.57,91.2
AST-0005,2026-08-20 05:56:38.403936,13.56,3.13,101.47,79.1,72.38
AST-0014,2026-08-27 23:01:38.403936,3.21,3.62,102.7,60.57,56.37
AST-0013,2026-08-15 19:19:38.403936,4.94,2.87,101.69,68.11,95.6
AST-0018,2026-08-15 20:37:38.403936,6.11,2.65,103.18,54.67,72.16
AST-0006,2026-08-04 19:34:38.403936,7.21,2.33,99.6,58.48,45.39
AST-0008,2026-08-23 05:08:38.403936,3.32,2.2,98.49,65.16,81.24
AST-0015,2026-07-29 22:06:38.403936,3.14,3.72,102.32,75.31,53.16
AST-0008,2026-08-23 12:59:38.403936,5.78,1.63,103.08,66.72,74.96
AST-0007,2026-08-10 00:39:38.403936,2.74,1.78,102.49,55.52,73.34
AST-0001,2026-08-03 21:34:38.403936,14.45,3.18,98.83,70.52,76.26
AST-0002,2026-08-09 17:11:38.403936,3.45,2.97,101.82,59.61,46.85
AST-0002,2026-08-19 01:56:38.403936,1.56,2.78,98.17,65.95,60.26
AST-0008,2026-08-09 21:37:38.403936,5.52,2.26,100.64,72.32,71.03
AST-0002,2026-08-23 07:52:38.403936,4.97,2.88,98.23,72.57,76.02
AST-0019,2026-08-05 03:22:38.403936,2.97,2.3,101.22,63.66,71.01
AST-0011,2026-08-13 06:38:38.403936,6.65,3.37,98.68,71.22,88.92
AST-0017,2026-08-09 13:04:38.403936,5.08,3.37,105.32,75.24,69.49
AST-0018,2026-08-08 19:45:38.403936,6.07,2.62,101.35,61.49,93.14
AST-0014,2026-08-25 16:34:38.403936,3.27,3.73,102.3,51.01,71.62
AST-0013,2026-08-24 01:27:38.403936,1.35,3.0,103.07,59.08,67.22
AST-0005,2026-08-22 15:10:38.403936,7.43,2.1,99.18,79.82,100.0
AST-0016,2026-08-12 09:52:38.403936,4.51,3.31,103.98,57.58,56.26
AST-0005,2026-08-09 17:31:38.403936,6.35,3.85,102.43,56.2,100.0
AST-0014,2026-08-19 20:03:38.403936,3.7,2.23,101.98,80.54,80.37
AST-0009,2026-08-24 03:01:38.403936,5.12,2.87,101.39,70.58,19.47
AST-0015,2026-08-08 00:24:38.403936,4.06,2.69,99.0,68.86,61.32
AST-0007,2026-08-15 15:37:38.403936,7.13,3.76,100.37,63.49,63.67
AST-0020,2026-08-01 02:36:38.403936,3.82,2.66,99.78,53.69,76.21
AST-0019,2026-07-31 13:30:38.403936,5.44,1.86,103.09,58.68,69.56
AST-0011,2026-08-24 04:43:38.403936,5.73,2.47,102.21,59.84,61.46
AST-0004,2026-08-12 13:28:38.403936,4.19,8.65,100.95,49.51,56.16
AST-0007,2026-08-20 13:25:38.403936,4.07,2.3,100.82,64.38,73.63
AST-0010,2026-08-16 19:32:38.403936,5.81,1.98,98.89,54.58,56.23
AST-0010,2026-08-16 02:06:38.403936,3.97,1.88,98.71,60.44,68.27
AST-0015,2026-08-10 16:00:38.403936,5.39,2.05,100.47,55.73,64.43
AST-0011,2026-08-03 06:01:38.403936,3.23,2.96,97.73,61.4,70.42
AST-0019,2026-08-08 00:11:38.403936,4.78,4.65,102.0,54.96,63.28
AST-0019,2026-08-08 20:00:38.403936,1.84,7.65,99.63,74.15,55.11
AST-0007,2026-08-25 02:53:38.403936,4.32,1.99,104.78,61.79,97.99
AST-0008,2026-08-13 18:37:38.403936,5.72,2.89,102.04,68.94,30.3
AST-0011,2026-08-21 11:41:38.403936,4.08,3.18,101.2,50.95,64.06
AST-0016,2026-08-10 11:23:38.403936,7.06,3.5,101.18,74.51,58.4
AST-0006,2026-08-19 17:39:38.403936,1.94,1.76,104.43,62.26,60.62
AST-0018,2026-08-05 03:11:38.403936,4.05,4.02,104.55,87.19,62.14
AST-0003,2026-08-27 23:20:38.403936,4.94,1.29,104.25,53.32,68.9
AST-0008,2026-07-31 23:18:38.403936,2.85,2.03,99.63,58.92,55.3
AST-0012,2026-08-01 20:33:38.403936,3.68,8.19,99.09,67.21,86.92
AST-0020,2026-08-01 12:20:38.403936,3.73,1.93,100.84,76.8,68.49
AST-0014,2026-08-20 18:06:38.403936,3.7,8.02,99.1,71.81,72.35
AST-0010,2026-07-30 07:15:38.403936,16.04,1.83,99.53,70.35,87.12
AST-0014,2026-07-30 13:02:38.403936,3.54,2.87,97.13,59.15,64.44
AST-0005,2026-08-06 22:07:38.403936,3.14,1.75,99.96,67.92,61.63
AST-0012,2026-08-09 17:31:38.403936,1.14,0.8,100.09,69.58,15.54
AST-0013,2026-08-10 22:18:38.403936,3.75,2.08,104.08,61.15,71.89
AST-0008,2026-08-19 15:39:38.403936,4.71,0.8,102.84,67.15,74.15
AST-0002,2026-08-12 09:58:38.403936,10.39,0.83,104.75,62.13,70.17
AST-0016,2026-08-03 00:26:38.403936,4.43,2.16,100.16,68.3,37.69
AST-0003,2026-08-01 07:36:38.403936,5.63,2.17,99.04,60.5,87.63
AST-0011,2026-08-21 12:17:38.403936,3.7,2.79,99.84,72.58,77.34
AST-0017,2026-08-24 12:22:38.403936,7.27,2.36,102.64,65.98,88.33
AST-0019,2026-07-31 16:47:38.403936,3.42,3.1,100.91,64.36,66.65
AST-0009,2026-08-20 09:41:38.403936,4.88,2.41,101.73,80.78,82.74
AST-0011,2026-08-23 11:27:38.403936,5.8,2.14,99.52,74.55,80.77
AST-0013,2026-07-30 11:25:38.403936,6.71,2.02,100.84,48.61,57.94
AST-0019,2026-08-02 06:21:38.403936,5.99,2.13,102.58,63.09,70.83
AST-0003,2026-08-05 03:10:38.403936,6.31,3.12,102.23,80.21,47.92
AST-0004,2026-08-21 13:18:38.403936,7.12,3.25,100.83,76.36,45.09
AST-0020,2026-08-18 15:44:38.403936,3.26,2.01,100.24,54.43,87.02
AST-0011,2026-08-26 16:49:38.403936,4.11,2.78,100.16,46.79,69.86
AST-0015,2026-07-31 02:40:38.403936,1.63,2.45,98.56,84.87,81.4
AST-0013,2026-08-21 02:11:38.403936,4.66,3.51,99.61,70.43,68.6
AST-0013,2026-08-18 10:00:38.403936,4.9,3.52,102.76,67.89,35.21
AST-0008,2026-08-02 15:55:38.403936,3.06,2.4,101.49,53.7,100.0
AST-0005,2026-08-02 02:36:38.403936,6.77,2.98,101.44,62.88,47.87
AST-0001,2026-08-16 11:53:38.403936,4.62,2.71,98.82,68.34,62.21
AST-0004,2026-08-12 19:01:38.403936,1.64,1.81,100.47,83.88,75.02
AST-0018,2026-08-04 19:02:38.403936,2.5,2.89,98.21,75.83,56.52
AST-0003,2026-08-24 00:14:38.403936,4.36,3.56,98.73,51.03,54.5
AST-0011,2026-08-14 20:53:38.403936,6.06,1.28,95.64,60.49,74.93
AST-0003,2026-08-16 07:05:38.403936,14.3,2.13,100.48,76.54,31.34
AST-0019,2026-08-24 05:28:38.403936,3.92,2.65,102.2,59.9,65.62
AST-0005,2026-08-22 11:30:38.403936,0.77,1.97,102.21,55.18,66.06
AST-0003,2026-08-11 00:02:38.403936,5.17,2.23,101.64,55.37,61.28
AST-0016,2026-08-06 08:57:38.403936,5.42,2.63,100.13,67.24,77.86
AST-0016,2026-08-02 06:20:38.403936,1.43,3.43,100.63,69.25,86.55
AST-0005,2026-08-25 18:54:38.403936,2.44,1.93,100.72,57.16,96.23
AST-0020,2026-08-12 15:05:38.403936,11.21,2.06,101.71,52.98,57.88
AST-0011,2026-08-16 01:15:38.403936,4.98,2.23,101.11,59.71,37.74
AST-0020,2026-08-18 08:39:38.403936,4.98,3.9,101.34,67.25,77.47
AST-0007,2026-08-04 23:00:38.403936,2.6,3.86,101.7,81.32,51.81
AST-0011,2026-08-20 13:31:38.403936,7.23,3.12,102.41,67.34,60.53
AST-0019,2026-08-12 00:39:38.403936,6.3,2.61,97.37,53.83,61.65
AST-0013,2026-08-09 19:06:38.403936,4.96,2.45,103.74,45.49,67.58
AST-0019,2026-08-15 09:00:38.403936,1.77,3.11,101.11,69.2,49.45
AST-0001,2026-08-23 14:17:38.403936,6.42,3.33,102.47,63.7,75.44
AST-0010,2026-08-19 18:31:38.403936,3.44,3.18,104.6,75.71,51.87
AST-0014,2026-08-01 21:51:38.403936,5.04,1.47,102.44,69.51,31.34
AST-0009,2026-08-21 11:41:38.403936,2.76,2.27,100.7,52.91,72.0
AST-0013,2026-08-28 17:45:38.403936,4.88,2.34,99.79,75.49,94.8
AST-0019,2026-08-02 03:06:38.403936,3.77,2.01,102.28,61.42,62.49
AST-0014,2026-08-17 00:06:38.403936,5.61,0.97,103.94,65.73,57.59
AST-0018,2026-08-23 12:07:38.403936,12.37,2.47,97.84,79.95,65.74
AST-0008,2026-08-25 18:55:38.403936,5.16,3.26,99.26,69.73,60.18
AST-0020,2026-08-28 16:35:38.403936,5.77,0.8,101.1,58.97,72.78
AST-0013,2026-07-31 18:42:38.403936,5.21,1.93,99.88,63.89,48.86
AST-0001,2026-08-13 20:30:38.403936,5.76,2.2,95.49,61.25,46.31
AST-0017,2026-08-03 06:01:38.403936,2.05,1.51,101.52,78.29,70.64
AST-0015,2026-08-24 03:47:38.403936,3.59,2.86,100.38,58.05,44.22
AST-0019,2026-08-15 18:57:38.403936,1.87,2.19,101.62,64.03,57.51
AST-0016,2026-08-21 12:57:38.403936,3.08,2.99,98.67,72.76,46.96
AST-0003,2026-08-03 12:30:38.403936,3.37,1.33,100.3,74.75,74.28
AST-0012,2026-08-04 01:05:38.403936,5.97,2.92,99.09,61.69,50.96
AST-0017,2026-08-12 22:59:38.403936,6.5,1.54,103.09,73.93,97.93
AST-0015,2026-08-20 17:48:38.403936,3.89,3.07,105.86,58.82,37.37
AST-0004,2026-08-13 06:39:38.403936,1.68,3.07,97.53,61.28,72.87
AST-0006,2026-07-30 18:59:38.403936,4.78,2.84,101.74,77.79,47.86
AST-0011,2026-08-09 20:44:38.403936,3.48,1.88,102.96,74.0,73.12
AST-0014,2026-08-27 10:10:38.403936,7.17,1.17,100.25,57.65,77.99
AST-0015,2026-08-16 18:23:38.403936,14.92,3.11,104.04,71.95,70.11
AST-0009,2026-08-25 17:09:38.403936,3.02,5.68,103.8,72.79,64.3
AST-0018,2026-08-01 14:39:38.403936,3.87,0.88,99.16,84.11,41.95
AST-0004,2026-08-07 06:31:38.403936,4.78,3.31,98.79,66.85,81.88
AST-0011,2026-08-10 16:52:38.403936,4.52,4.79,97.96,75.59,61.89
AST-0004,2026-08-25 22:22:38.403936,5.66,2.85,99.83,67.29,31.56
AST-0006,2026-08-14 14:20:38.403936,5.4,2.74,102.58,75.58,71.62
AST-0005,2026-08-12 07:12:38.403936,4.72,1.8,99.88,76.87,90.85
AST-0006,2026-08-13 00:23:38.403936,4.14,2.54,99.49,76.73,76.98
AST-0014,2026-08-15 18:03:38.403936,7.41,1.8,100.54,67.31,76.64
AST-0006,2026-08-25 21:46:38.403936,4.18,1.8,103.06,72.21,48.51
AST-0006,2026-08-20 21:53:38.403936,6.53,3.44,101.57,65.8,74.97
AST-0006,2026-08-24 00:25:38.403936,3.21,2.52,97.0,73.76,36.89
AST-0012,2026-08-13 01:55:38.403936,6.76,2.24,100.88,58.72,59.82
AST-0013,2026-07-30 04:47:38.403936,6.63,0.51,103.85,68.38,43.27
AST-0016,2026-08-24 07:42:38.403936,2.89,3.84,99.41,53.47,85.47
AST-0006,2026-08-17 16:17:38.403936,5.01,1.75,101.73,54.74,84.81
AST-0008,2026-08-02 12:36:38.403936,6.09,2.93,102.02,82.61,64.99
AST-0006,2026-08-12 01:21:38.403936,-5.27,2.86,105.47,54.85,58.49
AST-0016,2026-08-19 13:50:38.403936,5.12,2.46,99.34,76.22,100.0
AST-0009,2026-08-23 18:45:38.403936,4.79,1.78,98.2,67.58,84.87
AST-0002,2026-08-23 11:32:38.403936,5.21,2.5,100.12,54.08,80.03
AST-0004,2026-08-18 20:24:38.403936,5.87,1.26,104.48,70.74,90.19
AST-0002,2026-08-28 12:18:38.403936,2.49,1.41,101.0,70.03,97.33
AST-0003,2026-08-19 05:32:38.403936,5.56,2.31,99.25,77.3,47.64
AST-0008,2026-08-18 17:53:38.403936,6.94,2.27,104.48,71.79,62.53
AST-0012,2026-08-08 07:33:38.403936,3.72,2.23,102.16,65.77,54.31
AST-0005,2026-08-26 12:53:38.403936,4.25,2.56,97.04,69.58,47.37
AST-0019,2026-08-08 04:00:38.403936,2.77,1.15,97.71,51.45,52.24
AST-0006,2026-08-14 17:30:38.403936,7.43,2.08,101.66,69.0,67.36
AST-0019,2026-08-13 11:49:38.403936,4.38,1.54,104.2,83.07,34.71
AST-0004,2026-08-10 22:19:38.403936,2.96,2.28,99.37,70.06,51.89
AST-0002,2026-08-04 22:24:38.403936,7.75,3.45,101.73,75.27,84.91
AST-0005,2026-08-11 09:13:38.403936,3.65,1.85,101.46,73.62,67.5
AST-0008,2026-08-10 03:01:38.403936,2.13,1.86,101.15,64.24,100.0
AST-0009,2026-08-16 15:15:38.403936,2.42,2.9,104.28,87.71,57.72
AST-0003,2026-08-27 08:03:38.403936,5.24,2.96,101.69,64.01,72.85
AST-0012,2026-08-17 02:20:38.403936,0.7,3.05,101.55,62.78,100.0
AST-0001,2026-08-19 10:57:38.403936,3.49,2.18,105.28,56.68,55.1
AST-0012,2026-08-03 00:03:38.403936,4.28,3.17,101.72,52.07,55.42
AST-0014,2026-08-01 15:29:38.403936,3.59,2.44,102.15,69.18,33.03
AST-0010,2026-08-08 09:42:38.403936,6.1,2.7,104.07,69.44,84.82
AST-0016,2026-08-14 03:14:38.403936,5.2,3.58,102.34,64.02,100.0
AST-0002,2026-08-14 09:46:38.403936,5.83,2.96,98.75,52.12,70.27
AST-0001,2026-08-03 07:04:38.403936,4.72,2.01,101.58,80.89,77.52
AST-0015,2026-08-04 10:01:38.403936,2.79,2.41,99.69,61.12,57.55
AST-0005,2026-07-29 19:03:38.403936,3.78,1.5,101.04,59.39,12.27
AST-0009,2026-08-28 08:17:38.403936,7.58,3.37,100.55,65.19,43.91
AST-0012,2026-08-03 00:16:38.403936,7.04,4.02,101.61,75.24,68.16
AST-0010,2026-08-28 07:06:38.403936,2.49,2.17,101.56,60.45,61.06
AST-0004,2026-08-09 10:03:38.403936,4.36,2.44,101.4,54.39,52.09
AST-0019,2026-07-29 19:30:38.403936,2.57,3.28,97.09,76.54,89.95
AST-0001,2026-08-09 01:22:38.403936,4.05,0.42,100.58,64.36,46.81
AST-0014,2026-08-14 09:35:38.403936,3.73,3.72,102.63,55.75,36.24
AST-0003,2026-08-04 18:41:38.403936,4.01,2.33,102.29,59.65,74.21
AST-0010,2026-08-03 10:11:38.403936,7.4,3.15,101.2,63.17,58.58
AST-0005,2026-08-05 00:05:38.403936,6.27,2.0,101.39,65.51,55.97
AST-0017,2026-08-27 23:05:38.403936,2.44,2.76,101.18,70.0,55.4
AST-0012,2026-08-24 09:34:38.403936,18.33,1.8,104.72,47.52,72.83
AST-0014,2026-08-08 11:01:38.403936,5.21,1.86,102.15,77.8,25.1
AST-0003,2026-08-26 19:14:38.403936,5.25,0.51,99.37,81.29,54.53
AST-0005,2026-08-14 18:17:38.403936,6.75,3.99,101.09,52.61,100.0
AST-0018,2026-08-10 00:57:38.403936,6.89,3.04,99.68,64.51,62.11
AST-0001,2026-08-26 02:46:38.403936,5.0,3.66,103.06,54.23,89.78
AST-0020,2026-08-28 17:28:38.403936,4.97,3.05,104.23,53.88,64.36
AST-0002,2026-08-21 22:51:38.403936,3.7,1.25,101.99,90.12,31.88
AST-0016,2026-08-09 15:44:38.403936,4.45,3.01,101.55,63.87,41.61
AST-0001,2026-08-27 19:16:38.403936,4.85,1.89,96.92,76.95,82.25
AST-0019,2026-08-15 04:43:38.403936,4.58,2.68,103.45,67.24,81.27
AST-0016,2026-08-17 22:00:38.403936,4.05,3.55,101.94,66.94,42.14
AST-0002,2026-08-02 02:02:38.403936,-3.07,5.7,100.02,56.85,45.81
AST-0017,2026-08-16 21:00:38.403936,7.69,3.57,105.14,52.77,66.28
AST-0018,2026-08-17 16:04:38.403936,2.56,1.94,99.46,77.4,57.87
AST-0010,2026-08-23 05:34:38.403936,6.1,2.98,105.91,50.21,87.67
AST-0005,2026-08-02 08:37:38.403936,6.22,1.72,103.31,68.36,60.91
AST-0003,2026-08-23 04:11:38.403936,3.26,1.92,105.4,65.01,79.08
AST-0008,2026-08-12 21:06:38.403936,3.31,1.88,103.46,51.5,57.53
AST-0004,2026-08-01 09:33:38.403936,4.55,2.59,100.94,68.96,77.47
AST-0006,2026-08-19 09:31:38.403936,5.6,1.71,100.73,76.95,81.1
AST-0006,2026-08-04 04:46:38.403936,-5.56,2.78,97.34,65.47,99.16
AST-0009,2026-08-21 08:31:38.403936,3.08,1.83,102.83,49.57,53.61
AST-0009,2026-08-06 08:41:38.403936,5.39,1.99,100.83,72.44,72.59
AST-0009,2026-08-04 03:15:38.403936,4.9,8.46,102.04,63.76,73.24
AST-0019,2026-08-22 14:30:38.403936,3.75,2.35,99.32,64.65,50.4
AST-0012,2026-08-27 07:44:38.403936,2.83,2.71,101.73,72.83,57.24
AST-0012,2026-08-01 06:52:38.403936,5.11,2.94,102.19,56.74,67.69
AST-0019,2026-08-05 22:08:38.403936,5.05,2.51,97.13,66.6,100.0
AST-0002,2026-08-04 00:17:38.403936,3.96,1.92,102.05,68.12,86.47
AST-0013,2026-07-30 07:44:38.403936,2.61,3.09,102.48,63.58,71.1
AST-0002,2026-08-05 14:14:38.403936,6.04,3.2,99.01,73.2,63.84
AST-0014,2026-08-23 22:11:38.403936,4.61,2.56,101.0,76.92,63.49
AST-0011,2026-08-08 23:32:38.403936,2.82,2.19,101.66,77.29,75.86
AST-0004,2026-08-11 02:36:38.403936,3.22,4.49,101.83,77.75,62.27
AST-0008,2026-08-21 14:40:38.403936,5.3,3.17,103.74,75.57,80.7
AST-0003,2026-08-22 05:40:38.403936,4.03,2.04,101.97,74.33,60.99
AST-0010,2026-08-19 22:19:38.403936,6.1,3.66,99.47,56.63,62.47
AST-0012,2026-08-13 15:48:38.403936,4.96,2.08,104.0,69.24,65.71
AST-0020,2026-08-07 21:30:38.403936,2.35,1.45,101.86,43.67,83.23
AST-0016,2026-08-09 19:16:38.403936,4.26,5.09,105.92,63.19,63.09
AST-0008,2026-08-07 15:46:38.403936,5.99,3.86,98.02,47.14,53.8
AST-0001,2026-08-05 14:46:38.403936,13.37,8.06,103.44,53.0,23.31
AST-0010,2026-08-14 00:14:38.403936,17.79,1.84,97.26,66.45,79.28
AST-0014,2026-08-03 11:51:38.403936,4.32,2.13,100.98,61.29,40.74
AST-0005,2026-08-21 03:44:38.403936,3.43,2.92,101.94,66.68,47.09
AST-0017,2026-08-11 11:57:38.403936,4.23,0.76,101.66,79.29,38.47
AST-0003,2026-08-17 13:29:38.403936,3.62,2.76,103.81,60.52,52.54
AST-0013,2026-08-25 04:40:38.403936,1.55,2.58,105.38,67.77,64.6
AST-0005,2026-08-02 04:03:38.403936,4.98,2.49,99.67,73.23,69.06
AST-0013,2026-08-09 12:56:38.403936,4.53,1.72,103.91,71.65,55.05
AST-0003,2026-08-13 14:40:38.403936,6.0,2.1,99.74,57.4,33.12
AST-0004,2026-08-07 23:43:38.403936,5.21,1.04,98.84,44.24,63.45
AST-0011,2026-08-05 20:03:38.403936,4.27,2.24,99.21,53.28,73.36
AST-0007,2026-08-17 06:20:38.403936,3.67,2.75,99.53,66.81,88.46
AST-0004,2026-08-19 07:55:38.403936,5.38,2.17,101.81,62.59,65.14
AST-0020,2026-08-02 21:04:38.403936,4.01,2.37,101.72,55.07,46.71
AST-0005,2026-07-31 14:22:38.403936,2.42,1.22,98.87,66.59,48.93
AST-0013,2026-08-02 21:56:38.403936,5.27,2.53,97.36,71.55,79.59
AST-0006,2026-08-22 03:09:38.403936,3.01,2.84,99.59,65.98,42.24
AST-0018,2026-07-31 04:15:38.403936,1.81,2.19,101.05,61.02,43.69
AST-0005,2026-08-23 19:11:38.403936,3.9,2.72,101.21,66.83,52.94
AST-0013,2026-08-04 06:58:38.403936,-1.74,1.56,102.28,76.82,73.66
AST-0003,2026-08-15 16:54:38.403936,4.2,2.08,103.37,50.77,47.54
AST-0003,2026-08-25 06:22:38.403936,3.9,3.49,102.06,55.32,59.41
AST-0015,2026-07-30 18:07:38.403936,3.58,1.93,103.26,51.28,93.96
AST-0011,2026-08-04 14:59:38.403936,5.74,3.37,100.37,63.5,39.2
AST-0006,2026-08-04 08:08:38.403936,3.71,2.89,103.89,53.93,58.42
AST-0016,2026-08-24 21:09:38.403936,4.27,1.38,102.48,57.76,61.48
AST-0012,2026-07-31 02:31:38.403936,3.82,1.87,101.29,62.84,58.31
AST-0015,2026-08-08 12:50:38.403936,3.41,2.76,104.61,66.4,82.93
AST-0010,2026-08-05 12:39:38.403936,14.41,2.63,99.11,50.23,51.69
AST-0002,2026-08-21 11:14:38.403936,6.29,3.26,101.79,49.67,61.47
AST-0007,2026-08-02 18:07:38.403936,4.95,2.64,97.61,56.1,63.85
AST-0018,2026-08-28 00:15:38.403936,5.3,0.74,100.98,66.43,80.29
AST-0012,2026-07-30 15:38:38.403936,5.54,2.97,99.7,45.92,57.93
AST-0019,2026-08-20 14:15:38.403936,6.0,3.61,102.72,69.29,71.83
AST-0001,2026-08-21 15:03:38.403936,3.67,2.4,104.64,55.57,94.07
AST-0009,2026-08-13 06:36:38.403936,4.02,9.8,98.49,70.86,51.74
AST-0012,2026-08-01 10:18:38.403936,2.38,2.67,103.32,56.55,38.02
AST-0004,2026-08-25 08:11:38.403936,4.36,2.43,102.4,74.5,63.93
AST-0002,2026-08-10 01:02:38.403936,7.28,2.68,100.61,48.88,60.27
AST-0013,2026-08-08 17:58:38.403936,4.0,3.27,102.22,53.21,68.1
AST-0006,2026-08-14 21:51:38.403936,5.51,3.72,103.08,72.61,66.08
AST-0012,2026-08-06 18:39:38.403936,5.08,3.5,98.63,61.51,51.09
AST-0019,2026-08-25 16:27:38.403936,17.07,3.48,100.11,41.1,57.58
AST-0016,2026-08-24 09:55:38.403936,5.87,2.93,102.16,62.2,41.98
AST-0003,2026-08-23 10:27:38.403936,5.27,1.83,105.67,70.71,54.55
AST-0017,2026-08-01 07:40:38.403936,3.58,2.43,100.82,76.17,68.36
AST-0005,2026-08-20 12:24:38.403936,15.4,4.01,101.4,72.69,54.05
AST-0011,2026-08-14 06:30:38.403936,5.04,2.75,97.52,85.15,88.23
AST-0003,2026-08-03 19:28:38.403936,4.79,2.9,104.19,70.68,46.11
AST-0019,2026-08-15 18:22:38.403936,6.54,3.81,107.6,53.77,69.37
AST-0006,2026-08-03 08:40:38.403936,1.38,2.94,100.2,84.23,51.06
AST-0011,2026-08-18 15:29:38.403936,1.97,2.12,97.35,72.51,27.83
AST-0020,2026-08-06 16:35:38.403936,4.54,0.84,100.66,81.43,71.49
AST-0006,2026-08-15 00:03:38.403936,3.2,2.48,101.34,69.73,40.4
AST-0005,2026-08-15 23:36:38.403936,5.39,0.34,100.04,60.12,76.4
AST-0019,2026-08-06 20:25:38.403936,4.53,1.38,99.33,66.99,63.58
AST-0019,2026-08-16 14:02:38.403936,3.63,2.12,102.69,59.82,63.41
AST-0020,2026-07-31 05:41:38.403936,7.75,1.36,97.6,72.84,52.78
AST-0016,2026-08-08 19:35:38.403936,4.02,1.88,100.78,80.99,79.44
AST-0012,2026-08-05 03:56:38.403936,5.79,1.37,99.0,36.61,50.43
AST-0003,2026-08-13 07:18:38.403936,5.94,2.91,100.86,64.78,52.6
AST-0001,2026-08-27 20:23:38.403936,4.81,3.11,98.07,68.0,81.78
AST-0012,2026-08-10 19:59:38.403936,3.88,3.06,106.93,63.96,72.08
AST-0002,2026-08-10 10:39:38.403936,3.39,2.65,102.22,66.95,46.65
AST-0006,2026-08-16 07:51:38.403936,4.81,3.67,102.2,74.62,60.73
AST-0018,2026-08-17 14:32:38.403936,5.62,2.72,99.4,68.19,47.15
AST-0019,2026-08-15 20:17:38.403936,3.55,2.65,101.89,53.11,83.97
AST-0015,2026-08-28 09:20:38.403936,5.36,1.94,98.22,63.55,56.97
AST-0001,2026-08-02 02:49:38.403936,4.67,2.21,97.29,61.12,59.5
AST-0011,2026-08-13 06:26:38.403936,5.45,1.94,104.66,45.88,88.6
AST-0003,2026-08-06 12:07:38.403936,4.16,3.19,101.46,76.4,58.03
AST-0011,2026-08-23 15:50:38.403936,2.85,3.64,101.07,67.22,87.23
AST-0001,2026-08-25 19:09:38.403936,2.95,2.98,100.12,63.68,66.3
AST-0014,2026-08-18 09:26:38.403936,2.25,1.88,104.0,73.86,63.87
AST-0007,2026-08-05 21:54:38.403936,4.86,2.26,104.01,63.0,69.17
AST-0018,2026-08-17 09:21:38.403936,6.22,1.88,104.42,49.7,94.33
AST-0004,2026-08-10 20:03:38.403936,3.94,2.31,97.52,60.45,46.28
AST-0016,2026-08-01 00:31:38.403936,3.59,2.39,103.22,67.08,70.54
AST-0020,2026-08-05 18:04:38.403936,2.86,5.15,104.9,57.65,94.81
AST-0010,2026-08-20 14:57:38.403936,4.14,6.19,103.44,77.72,63.01
AST-0013,2026-08-02 11:48:38.403936,3.92,2.46,101.98,73.91,65.08
AST-0003,2026-08-20 04:42:38.403936,5.43,3.81,102.06,68.12,37.66
AST-0013,2026-08-27 23:24:38.403936,0.55,2.81,101.11,59.85,69.38
AST-0015,2026-08-15 13:48:38.403936,4.41,3.4,101.47,57.53,82.82
AST-0019,2026-08-19 22:17:38.403936,4.17,2.92,100.35,58.5,66.52
AST-0004,2026-08-01 13:38:38.403936,4.52,2.88,100.76,46.64,57.21
AST-0014,2026-08-02 15:55:38.403936,5.69,2.26,100.81,74.86,52.18
AST-0013,2026-08-25 14:27:38.403936,2.19,2.37,100.33,55.34,61.84
AST-0016,2026-08-22 13:06:38.403936,5.24,2.49,101.91,83.13,58.83
AST-0003,2026-08-24 19:52:38.403936,4.92,2.09,99.61,59.15,56.38
AST-0017,2026-08-16 17:32:38.403936,5.04,4.38,99.87,60.83,63.86
AST-0006,2026-08-05 11:22:38.403936,3.76,3.38,98.17,34.92,75.28
AST-0005,2026-08-06 08:54:38.403936,4.87,1.63,99.33,55.3,66.99
AST-0014,2026-07-31 16:55:38.403936,3.56,2.9,95.59,56.43,44.73
AST-0020,2026-08-07 22:51:38.403936,4.12,2.07,102.9,46.41,65.82
AST-0003,2026-08-10 11:59:38.403936,5.34,3.99,100.34,68.24,32.53
AST-0011,2026-08-02 17:22:38.403936,0.91,3.18,101.29,76.79,40.28
AST-0001,2026-08-11 08:00:38.403936,5.28,4.0,102.14,67.77,65.15
AST-0004,2026-08-27 02:51:38.403936,2.14,3.58,100.08,70.04,36.87
AST-0019,2026-08-17 14:59:38.403936,2.73,3.65,100.61,79.53,63.59
AST-0004,2026-08-03 07:45:38.403936,1.74,3.21,100.12,71.99,65.45
AST-0014,2026-08-11 18:48:38.403936,2.19,2.63,105.69,69.93,63.96
AST-0020,2026-08-10 18:49:38.403936,6.11,2.67,101.72,54.08,69.21
AST-0020,2026-08-20 07:00:38.403936,14.05,1.83,104.15,64.08,49.02
AST-0013,2026-08-26 11:07:38.403936,6.0,2.27,102.82,62.08,63.92
AST-0016,2026-08-13 20:23:38.403936,5.24,2.73,97.31,53.79,81.73
AST-0010,2026-08-10 23:40:38.403936,4.3,8.35,98.58,54.2,28.61
AST-0004,2026-08-12 21:57:38.403936,4.35,2.02,99.37,64.32,71.55
AST-0015,2026-08-09 03:18:38.403936,7.64,1.29,103.62,74.73,50.98
AST-0003,2026-08-13 08:47:38.403936,4.8,2.13,101.67,80.09,75.9
AST-0014,2026-08-07 07:35:38.403936,5.26,2.16,98.33,62.92,86.72
AST-0002,2026-08-20 19:28:38.403936,2.21,1.66,101.55,55.15,50.73
AST-0017,2026-08-22 05:07:38.403936,3.86,1.41,99.35,72.03,41.47
AST-0019,2026-08-17 02:55:38.403936,2.1,2.0,102.76,63.03,56.64
AST-0007,2026-07-31 01:56:38.403936,4.57,1.1,102.29,68.83,57.63
AST-0012,2026-08-01 09:15:38.403936,6.01,1.6,103.56,66.54,58.94
AST-0017,2026-08-07 19:47:38.403936,4.47,2.41,103.74,54.23,51.27
AST-0001,2026-08-16 19:53:38.403936,6.05,2.02,103.1,81.99,57.77
AST-0006,2026-08-09 18:34:38.403936,5.52,1.58,102.81,66.99,73.51
AST-0006,2026-08-20 08:41:38.403936,3.53,1.17,102.31,44.37,59.29
AST-0010,2026-08-10 12:50:38.403936,5.91,2.65,105.2,75.25,53.23
AST-0019,2026-07-31 00:17:38.403936,4.54,2.46,98.14,55.6,54.91
AST-0007,2026-08-08 12:24:38.403936,1.45,2.54,100.8,48.27,72.28
AST-0001,2026-08-11 00:13:38.403936,5.57,2.68,100.65,70.91,77.24
AST-0020,2026-08-20 08:09:38.403936,4.96,1.84,101.85,76.95,54.26
AST-0010,2026-07-30 03:33:38.403936,7.65,2.08,101.36,58.28,69.02
AST-0012,2026-08-28 00:21:38.403936,1.89,2.06,99.12,66.35,82.9
AST-0017,2026-08-19 15:39:38.403936,5.47,0.6,105.38,67.95,51.02
AST-0017,2026-08-27 03:27:38.403936,4.74,2.64,99.97,66.98,54.07
AST-0010,2026-08-15 19:04:38.403936,3.89,1.95,98.43,66.46,75.54
AST-0011,2026-08-12 08:19:38.403936,5.27,3.16,101.95,59.67,80.11
AST-0009,2026-08-11 08:18:38.403936,2.46,1.78,99.37,75.8,81.97
AST-0010,2026-08-28 14:58:38.403936,5.23,3.36,99.54,68.49,62.75
AST-0002,2026-08-07 08:03:38.403936,5.77,2.41,100.53,70.41,80.77
AST-0005,2026-08-26 01:42:38.403936,3.5,2.45,99.18,40.02,68.61
AST-0009,2026-07-30 22:07:38.403936,5.41,2.71,97.4,61.49,25.07
AST-0019,2026-08-17 19:30:38.403936,6.55,1.63,103.81,74.46,48.79
AST-0008,2026-08-24 19:08:38.403936,2.8,2.78,99.61,66.02,56.31
AST-0012,2026-08-23 02:16:38.403936,1.83,0.72,101.75,59.38,55.04
AST-0018,2026-08-21 20:26:38.403936,5.54,3.44,100.75,61.59,74.0
AST-0009,2026-08-07 00:09:38.403936,2.46,2.68,102.4,71.8,30.14
AST-0011,2026-08-24 04:55:38.403936,3.36,1.8,101.5,69.81,91.94
AST-0010,2026-08-28 13:08:38.403936,3.76,2.1,103.6,67.97,87.82
AST-0009,2026-08-17 21:35:38.403936,4.93,1.57,98.63,49.48,76.92
AST-0016,2026-08-25 09:54:38.403936,6.28,3.98,102.99,76.63,54.56
AST-0020,2026-08-01 04:56:38.403936,2.77,3.18,102.14,66.07,71.97
AST-0004,2026-08-02 00:06:38.403936,4.98,3.53,103.89,70.44,80.22
AST-0005,2026-08-16 03:12:38.403936,5.27,2.13,102.81,51.06,83.97
AST-0019,2026-08-05 00:21:38.403936,2.71,2.73,99.61,70.53,64.39
AST-0006,2026-08-19 14:06:38.403936,2.11,2.84,100.14,73.81,65.02
AST-0006,2026-08-02 10:35:38.403936,5.09,1.73,100.12,60.41,80.42
AST-0006,2026-08-13 00:38:38.403936,7.02,5.95,103.45,43.3,43.5
AST-0003,2026-08-24 23:46:38.403936,3.06,1.42,98.13,69.13,61.15
AST-0013,2026-08-04 15:39:38.403936,5.07,3.05,101.83,71.58,63.75
AST-0002,2026-08-18 06:55:38.403936,2.72,3.35,100.12,55.64,61.8
AST-0001,2026-08-23 01:20:38.403936,3.13,2.17,101.99,68.48,48.84
AST-0001,2026-08-13 10:15:38.403936,3.77,3.36,102.29,85.75,86.24
AST-0012,2026-07-29 22:49:38.403936,6.22,1.39,102.83,64.47,55.08
AST-0019,2026-08-12 23:12:38.403936,4.75,3.26,102.3,56.22,78.36
AST-0010,2026-08-12 16:40:38.403936,3.54,2.67,100.69,62.81,78.79
AST-0017,2026-08-11 23:58:38.403936,2.94,4.06,97.66,59.02,71.66
AST-0005,2026-08-14 03:19:38.403936,5.38,2.42,101.19,69.11,60.84
AST-0007,2026-08-14 08:40:38.403936,6.59,3.17,103.05,55.34,63.57
AST-0013,2026-08-06 06:24:38.403936,4.05,1.7,102.02,59.62,76.8
AST-0005,2026-07-30 15:12:38.403936,2.89,3.88,99.51,67.19,79.25
AST-0006,2026-08-08 08:59:38.403936,3.64,3.18,98.84,79.52,65.25
AST-0002,2026-08-04 08:50:38.403936,3.61,2.26,102.92,59.16,51.51
AST-0004,2026-08-27 02:56:38.403936,4.81,1.71,101.29,72.84,61.61
AST-0004,2026-08-28 12:11:38.403936,6.29,3.32,103.14,60.4,45.56
AST-0009,2026-08-17 17:32:38.403936,3.58,2.66,102.39,43.28,64.85
AST-0001,2026-08-20 08:29:38.403936,4.74,2.28,103.88,69.22,88.58
AST-0017,2026-08-12 11:12:38.403936,4.18,3.25,104.57,78.12,45.34
AST-0014,2026-08-11 01:12:38.403936,4.12,2.22,102.28,71.86,49.9
AST-0010,2026-08-03 12:54:38.403936,4.6,0.88,104.18,59.88,66.01
AST-0020,2026-08-03 22:50:38.403936,4.04,3.42,95.62,64.83,63.1
AST-0007,2026-08-07 20:29:38.403936,3.82,3.88,99.53,72.72,71.41
AST-0002,2026-08-15 01:15:38.403936,6.39,1.97,99.83,75.96,72.66
AST-0004,2026-08-13 19:25:38.403936,0.13,6.27,98.86,44.83,14.02
AST-0003,2026-08-24 21:26:38.403936,5.72,2.6,100.85,78.89,76.47
AST-0009,2026-08-22 01:14:38.403936,6.92,1.39,101.23,48.83,60.87
AST-0010,2026-08-28 02:06:38.403936,4.13,3.0,101.39,71.23,77.66
AST-0006,2026-08-10 18:48:38.403936,7.73,2.25,99.42,67.46,50.56
AST-0011,2026-07-31 13:24:38.403936,6.72,2.27,100.17,60.29,77.93
AST-0002,2026-08-18 03:37:38.403936,4.26,1.99,104.63,56.44,65.64
AST-0006,2026-07-30 04:52:38.403936,5.48,1.19,102.26,54.45,79.81
AST-0020,2026-08-13 17:18:38.403936,3.06,3.05,103.51,73.61,69.52
AST-0011,2026-08-10 23:22:38.403936,4.15,2.04,104.24,58.01,46.33
AST-0015,2026-08-07 02:03:38.403936,5.5,1.86,99.4,50.56,56.31
AST-0016,2026-08-11 03:13:38.403936,4.38,2.69,103.2,70.27,61.56
AST-0004,2026-08-17 22:58:38.403936,4.2,2.91,103.85,66.26,56.56
AST-0006,2026-08-04 19:03:38.403936,3.01,1.34,102.63,70.78,75.39
AST-0019,2026-08-03 11:35:38.403936,4.31,3.63,100.33,74.55,64.3
AST-0012,2026-08-18 16:54:38.403936,3.59,2.97,102.12,68.57,66.46
AST-0005,2026-08-26 14:04:38.403936,16.44,4.41,103.67,72.23,67.01
AST-0014,2026-08-20 17:58:38.403936,6.01,2.91,101.35,61.96,63.54
AST-0011,2026-08-18 19:39:38.403936,-0.26,2.67,100.32,80.93,65.35
AST-0019,2026-07-30 07:49:38.403936,2.72,2.46,99.21,69.73,70.24
AST-0011,2026-08-24 11:27:38.403936,5.94,1.87,101.37,51.35,77.63
AST-0004,2026-08-22 09:18:38.403936,5.28,2.9,101.3,69.15,93.88
AST-0012,2026-08-18 11:06:38.403936,4.07,2.61,99.13,56.32,66.76
AST-0018,2026-08-27 22:54:38.403936,6.16,2.29,100.83,60.93,55.37
AST-0006,2026-08-26 15:46:38.403936,4.94,1.3,103.86,58.35,77.99
AST-0006,2026-08-21 18:31:38.403936,2.6,3.04,102.64,68.84,47.1
AST-0011,2026-08-02 04:05:38.403936,4.87,1.55,100.79,75.29,79.34
AST-0013,2026-08-11 10:08:38.403936,4.52,1.72,102.59,65.19,23.23
AST-0015,2026-08-17 02:48:38.403936,5.67,2.48,103.7,54.05,7.82
AST-0015,2026-08-24 20:13:38.403936,4.92,2.73,97.92,55.22,100.0
AST-0001,2026-08-13 03:32:38.403936,4.04,3.08,100.0,44.1,61.94
AST-0018,2026-08-03 10:25:38.403936,4.1,2.18,101.07,67.64,62.3
AST-0020,2026-07-29 18:30:38.403936,2.6,2.89,97.4,44.5,78.31
AST-0007,2026-08-27 18:40:38.403936,5.26,2.45,98.51,57.92,60.27
AST-0012,2026-08-28 13:18:38.403936,2.11,1.91,102.6,79.27,57.45
AST-0011,2026-08-01 05:35:38.403936,5.63,0.97,102.62,56.96,70.53
AST-0012,2026-08-24 06:09:38.403936,4.13,3.56,99.55,71.28,59.97
AST-0008,2026-08-19 08:36:38.403936,4.26,2.35,99.61,64.86,63.87
AST-0010,2026-07-29 20:42:38.403936,4.86,2.57,102.9,74.24,46.09
AST-0002,2026-08-23 16:32:38.403936,5.8,1.55,102.48,71.2,30.6
AST-0014,2026-08-06 05:37:38.403936,4.64,2.13,99.78,78.51,53.23
AST-0004,2026-08-03 15:08:38.403936,3.29,2.56,102.67,63.58,85.99
AST-0007,2026-08-16 15:27:38.403936,5.3,0.76,100.24,59.38,73.63
AST-0019,2026-08-14 03:25:38.403936,0.56,4.54,102.36,66.49,86.27
AST-0019,2026-08-04 08:54:38.403936,8.02,3.2,103.2,66.31,62.45
AST-0017,2026-08-21 17:02:38.403936,3.79,1.84,99.93,51.49,63.63
AST-0019,2026-07-31 23:22:38.403936,1.97,2.65,101.23,66.47,55.6
AST-0006,2026-08-20 17:48:38.403936,9.12,3.59,98.81,67.33,54.06
AST-0004,2026-08-25 02:15:38.403936,2.98,1.43,102.16,58.19,82.42
AST-0011,2026-08-16 09:28:38.403936,5.99,3.6,99.6,69.75,76.38
AST-0020,2026-08-21 16:56:38.403936,3.79,1.88,104.52,67.27,76.45
AST-0010,2026-08-10 01:27:38.403936,3.27,1.52,100.16,63.76,45.84
AST-0020,2026-08-19 08:56:38.403936,4.49,1.15,99.06,71.71,75.87
AST-0011,2026-08-22 01:52:38.403936,3.91,1.69,99.25,61.27,76.6
AST-0020,2026-08-23 22:58:38.403936,5.89,2.1,98.99,67.68,50.18
AST-0005,2026-08-11 23:42:38.403936,3.72,3.56,102.95,66.58,42.11
AST-0018,2026-08-28 08:23:38.403936,4.82,3.35,100.55,78.51,88.27
AST-0012,2026-08-27 17:57:38.403936,7.0,2.74,102.47,79.14,73.05
AST-0014,2026-08-24 08:28:38.403936,3.75,2.14,101.78,52.09,62.42
AST-0001,2026-08-23 01:28:38.403936,6.14,0.75,104.37,76.22,56.72
AST-0002,2026-08-22 13:16:38.403936,5.32,2.5,103.76,74.83,39.8
AST-0006,2026-08-01 08:08:38.403936,5.38,2.34,101.47,57.72,96.47
AST-0002,2026-08-11 19:22:38.403936,6.06,1.91,98.63,61.14,72.82
AST-0012,2026-08-12 04:41:38.403936,4.86,3.5,102.88,74.7,70.88
AST-0018,2026-08-19 08:40:38.403936,2.42,2.34,103.42,64.48,74.06
AST-0008,2026-08-08 23:19:38.403936,4.02,1.68,101.05,68.09,53.2
AST-0010,2026-08-22 00:22:38.403936,4.15,1.75,103.54,62.06,91.15
AST-0011,2026-07-31 21:37:38.403936,6.79,2.44,99.28,44.14,38.5
AST-0007,2026-08-23 21:23:38.403936,2.44,3.6,101.53,68.9,25.03
AST-0015,2026-08-27 00:08:38.403936,2.7,3.21,101.87,63.53,75.17
AST-0012,2026-08-09 00:40:38.403936,6.95,2.32,101.44,66.93,100.0
AST-0007,2026-08-25 12:59:38.403936,1.35,3.05,101.07,70.67,53.17
AST-0003,2026-08-12 03:38:38.403936,4.43,3.07,107.53,73.08,49.73
AST-0004,2026-08-07 06:32:38.403936,3.86,2.14,97.71,61.7,78.19
AST-0009,2026-08-15 22:19:38.403936,2.59,3.34,102.28,57.66,62.45
AST-0001,2026-08-04 16:23:38.403936,6.9,3.09,101.32,62.62,66.38
AST-0002,2026-08-13 19:22:38.403936,3.73,0.82,105.38,66.55,72.17
AST-0020,2026-08-05 18:12:38.403936,4.41,1.91,100.93,49.01,100.0
AST-0012,2026-08-12 11:15:38.403936,2.65,1.67,100.42,77.88,65.26
AST-0008,2026-08-02 01:55:38.403936,2.65,3.5,102.76,70.38,77.88
AST-0006,2026-08-07 03:09:38.403936,8.09,4.25,99.93,81.24,71.9
AST-0012,2026-08-17 16:37:38.403936,5.25,1.15,100.96,56.87,79.91
AST-0011,2026-08-08 19:55:38.403936,6.11,0.84,101.26,76.22,61.64
AST-0020,2026-08-15 04:24:38.403936,5.59,2.78,101.98,62.29,43.1
AST-0001,2026-08-22 21:45:38.403936,2.82,3.07,101.34,63.61,57.37
AST-0020,2026-08-03 23:37:38.403936,4.04,3.34,100.63,51.59,78.39
AST-0011,2026-08-27 00:45:38.403936,4.19,2.53,104.52,64.79,70.21
AST-0013,2026-08-16 02:52:38.403936,2.73,2.32,102.52,49.45,68.62
AST-0017,2026-08-10 10:34:38.403936,4.65,2.53,103.37,68.34,91.61
AST-0016,2026-08-15 19:52:38.403936,3.01,2.61,101.47,54.31,82.21
AST-0011,2026-07-31 18:12:38.403936,7.99,2.49,102.31,65.85,52.16
AST-0018,2026-08-22 03:37:38.403936,1.77,1.94,98.52,82.04,62.93
AST-0007,2026-08-23 00:43:38.403936,-4.02,3.21,99.06,57.33,66.23
AST-0014,2026-08-18 01:39:38.403936,6.04,2.9,101.8,65.78,72.2
AST-0005,2026-08-28 04:32:38.403936,4.8,1.68,101.39,54.26,66.46
AST-0003,2026-07-30 20:15:38.403936,3.78,4.53,101.22,50.96,62.58
AST-0018,2026-08-02 02:19:38.403936,5.28,3.84,100.12,49.18,79.7
AST-0009,2026-08-01 23:15:38.403936,2.43,2.15,100.78,64.3,77.4
AST-0014,2026-08-17 07:33:38.403936,3.47,2.28,101.27,66.5,66.76
AST-0001,2026-08-13 03:54:38.403936,17.15,3.18,102.09,69.54,36.52
AST-0019,2026-08-27 22:55:38.403936,4.58,2.88,102.76,58.08,53.14
AST-0017,2026-07-31 20:01:38.403936,3.64,2.93,103.37,60.93,81.34
AST-0020,2026-08-03 14:14:38.403936,4.69,2.4,100.88,72.47,70.86
AST-0013,2026-08-02 16:48:38.403936,7.91,1.82,102.34,59.71,49.35
AST-0006,2026-08-16 17:53:38.403936,4.48,2.61,107.14,63.16,44.66
AST-0018,2026-08-23 01:00:38.403936,4.91,0.84,101.12,65.16,79.3
AST-0012,2026-08-12 04:30:38.403936,5.96,2.1,101.0,57.34,44.69
AST-0004,2026-07-30 06:29:38.403936,4.96,1.48,100.47,55.05,74.89
AST-0018,2026-07-31 15:56:38.403936,19.2,1.46,97.59,63.75,65.28
AST-0012,2026-08-02 15:17:38.403936,4.83,2.14,100.9,68.68,83.73
AST-0017,2026-08-08 09:35:38.403936,1.57,2.2,101.73,55.82,96.16
AST-0009,2026-08-05 05:54:38.403936,3.55,2.47,102.41,59.09,31.76
AST-0019,2026-08-07 14:34:38.403936,3.86,3.32,100.63,56.54,81.66
AST-0018,2026-08-01 05:43:38.403936,4.0,2.09,101.6,72.71,100.0
AST-0003,2026-08-19 18:08:38.403936,5.74,3.43,100.29,54.74,66.12
AST-0016,2026-08-10 04:08:38.403936,4.66,1.64,100.95,68.99,71.49
AST-0008,2026-08-13 19:41:38.403936,5.26,2.73,100.29,59.86,43.42
AST-0007,2026-08-03 07:35:38.403936,7.18,2.51,100.85,55.71,100.0
AST-0010,2026-08-13 05:25:38.403936,2.89,2.16,102.13,71.0,82.24
AST-0011,2026-08-25 08:23:38.403936,7.21,2.9,99.19,62.43,70.54
AST-0008,2026-08-18 06:08:38.403936,7.6,1.38,103.71,66.8,80.08
AST-0005,2026-08-27 22:16:38.403936,4.35,1.83,102.8,71.54,82.5
AST-0012,2026-08-13 20:28:38.403936,4.48,2.02,98.18,73.19,72.63
AST-0020,2026-08-12 15:58:38.403936,3.05,2.07,100.37,50.17,50.28
AST-0005,2026-08-02 11:51:38.403936,2.8,2.17,99.82,48.73,100.0
AST-0003,2026-08-23 06:37:38.403936,6.38,1.88,101.84,69.17,86.44
AST-0001,2026-08-02 04:40:38.403936,3.27,3.37,100.2,51.64,78.03
AST-0007,2026-08-25 05:53:38.403936,6.44,4.57,98.9,71.99,57.62
AST-0013,2026-08-20 05:58:38.403936,3.54,3.03,103.35,71.0,94.14
AST-0010,2026-08-08 22:13:38.403936,5.12,1.53,104.03,58.95,81.39
AST-0013,2026-08-04 20:33:38.403936,6.86,2.87,98.31,55.82,88.81
AST-0020,2026-08-15 07:45:38.403936,4.25,2.56,102.82,71.96,70.02
AST-0006,2026-08-06 07:27:38.403936,4.19,2.25,103.02,70.54,60.37
AST-0005,2026-08-06 21:59:38.403936,6.12,2.4,99.6,57.41,47.38
AST-0016,2026-08-20 18:25:38.403936,4.09,3.49,99.69,66.88,53.18
AST-0002,2026-08-09 07:26:38.403936,4.11,1.29,100.86,63.06,74.73
AST-0013,2026-08-08 04:10:38.403936,4.83,1.54,103.47,67.1,68.57
AST-0002,2026-08-20 03:19:38.403936,4.49,2.09,101.74,69.76,33.56
AST-0017,2026-08-28 06:40:38.403936,3.69,2.3,101.81,76.93,51.11
AST-0009,2026-08-27 14:20:38.403936,3.75,2.09,99.7,61.53,78.87
AST-0013,2026-08-25 02:20:38.403936,2.92,2.84,97.9,59.39,59.07
AST-0003,2026-08-15 09:19:38.403936,7.01,2.28,96.9,45.01,65.61
AST-0008,2026-08-22 06:39:38.403936,5.42,2.8,101.64,76.62,55.29
AST-0012,2026-08-22 06:19:38.403936,5.84,1.19,99.49,46.93,60.05
AST-0001,2026-08-20 22:05:38.403936,4.43,2.59,101.42,55.72,61.58
AST-0005,2026-08-02 06:31:38.403936,2.64,1.6,99.11,64.32,72.77
AST-0004,2026-08-07 06:28:38.403936,5.61,4.56,96.8,71.09,54.97
AST-0004,2026-08-09 05:54:38.403936,3.62,2.0,99.48,81.85,80.16
AST-0019,2026-08-20 16:15:38.403936,4.53,3.58,98.27,51.69,25.8
AST-0008,2026-08-06 02:26:38.403936,3.45,2.63,101.51,66.49,39.6
AST-0005,2026-07-31 17:26:38.403936,5.7,2.69,102.77,46.07,70.61
AST-0005,2026-08-27 09:56:38.403936,2.72,2.18,102.37,65.91,49.67
AST-0017,2026-08-01 07:23:38.403936,4.51,1.27,103.6,62.95,85.13
AST-0001,2026-08-17 05:10:38.403936,3.71,2.08,99.77,73.76,52.23
AST-0020,2026-08-11 15:55:38.403936,5.47,2.19,97.35,59.3,43.78
AST-0006,2026-08-26 02:35:38.403936,5.48,3.27,101.26,57.29,33.07
AST-0011,2026-08-27 03:01:38.403936,3.47,2.01,101.51,61.55,77.38
AST-0013,2026-08-19 09:37:38.403936,3.58,2.45,103.67,68.42,63.92
AST-0017,2026-08-16 07:20:38.403936,3.6,7.08,99.6,59.59,78.6
AST-0006,2026-08-17 20:50:38.403936,4.17,1.42,104.84,68.2,39.68
AST-0018,2026-08-20 10:05:38.403936,3.84,2.59,104.71,53.92,82.57
AST-0005,2026-08-21 16:05:38.403936,6.6,2.0,100.74,54.64,61.34
AST-0014,2026-08-26 05:28:38.403936,4.45,9.78,103.48,57.52,29.59
AST-0017,2026-08-22 12:31:38.403936,4.47,2.73,101.8,61.73,67.25
AST-0013,2026-08-18 06:51:38.403936,6.77,2.81,100.55,60.0,61.94
AST-0019,2026-08-14 17:10:38.403936,6.96,2.35,101.26,60.18,84.78
AST-0008,2026-08-03 05:02:38.403936,7.44,2.86,101.47,65.37,22.08
AST-0014,2026-08-02 13:52:38.403936,5.62,2.61,102.16,57.89,58.08
AST-0001,2026-08-10 11:54:38.403936,3.88,3.32,100.54,85.83,72.76
AST-0013,2026-08-25 01:37:38.403936,2.59,2.4,100.0,43.06,93.79
AST-0014,2026-08-28 13:15:38.403936,5.55,2.93,101.63,51.18,56.29
AST-0019,2026-08-15 06:00:38.403936,5.76,1.66,96.24,62.73,62.45
AST-0019,2026-08-10 07:21:38.403936,4.7,3.08,102.58,67.59,86.52
AST-0013,2026-08-15 09:41:38.403936,2.22,2.9,102.55,52.6,37.95
AST-0016,2026-08-08 00:48:38.403936,3.38,1.97,102.81,58.85,49.59
AST-0009,2026-08-06 21:31:38.403936,3.58,3.39,101.33,63.21,63.02
AST-0013,2026-08-12 17:15:38.403936,6.44,1.9,103.93,67.1,62.11
AST-0008,2026-08-05 01:07:38.403936,8.25,1.66,100.59,52.68,82.14
AST-0004,2026-08-19 02:07:38.403936,7.03,3.84,103.75,63.02,58.43
AST-0018,2026-08-08 12:33:38.403936,1.99,4.13,102.24,60.08,88.91
AST-0006,2026-08-26 16:59:38.403936,3.04,2.83,100.95,71.39,63.86
AST-0005,2026-08-16 11:19:38.403936,2.32,5.92,103.4,64.71,78.95
AST-0003,2026-08-20 05:30:38.403936,2.93,2.48,100.05,72.47,65.57
AST-0002,2026-08-10 17:40:38.403936,5.54,3.37,102.68,67.73,47.03
AST-0017,2026-08-16 06:06:38.403936,4.5,2.07,100.61,61.25,47.36
AST-0006,2026-08-11 19:13:38.403936,1.56,1.97,101.69,51.52,65.28
AST-0017,2026-08-27 21:41:38.403936,7.35,9.72,104.59,68.91,86.02
AST-0002,2026-08-22 05:43:38.403936,3.67,2.3,99.79,68.83,85.25
AST-0009,2026-08-15 03:14:38.403936,1.89,6.46,100.75,66.13,73.26
AST-0019,2026-08-16 22:36:38.403936,4.22,2.42,100.87,74.7,72.54
AST-0003,2026-08-07 21:06:38.403936,4.83,1.48,100.54,73.99,65.68
AST-0018,2026-08-02 20:48:38.403936,5.49,3.91,103.38,65.93,55.8
AST-0009,2026-08-25 07:02:38.403936,0.67,2.37,100.65,68.9,62.23
AST-0013,2026-08-09 01:29:38.403936,4.02,1.08,99.42,69.77,95.89
AST-0004,2026-08-24 22:16:38.403936,-3.65,2.76,103.2,56.89,71.6
AST-0004,2026-08-24 04:29:38.403936,3.39,3.19,101.6,67.98,50.91
AST-0019,2026-08-22 02:57:38.403936,5.56,4.17,99.28,61.6,69.17
AST-0019,2026-08-10 03:32:38.403936,5.68,2.05,95.63,78.59,78.69
AST-0015,2026-08-20 18:34:38.403936,1.89,2.01,104.44,79.48,81.9
AST-0016,2026-08-19 17:32:38.403936,4.24,2.57,101.04,76.28,49.23
AST-0008,2026-08-04 01:18:38.403936,3.29,3.31,101.21,78.78,52.91
AST-0012,2026-08-09 05:27:38.403936,4.42,1.76,101.31,50.21,56.22
AST-0009,2026-08-22 06:28:38.403936,2.35,3.06,102.73,47.7,89.01
AST-0011,2026-08-10 01:28:38.403936,8.25,2.54,100.02,93.24,41.26
AST-0011,2026-08-02 05:21:38.403936,4.53,2.64,103.99,68.6,56.02
AST-0006,2026-08-14 20:28:38.403936,3.07,2.23,99.29,65.48,54.84
AST-0008,2026-08-07 10:01:38.403936,2.26,3.5,100.3,52.32,61.97
AST-0008,2026-08-10 20:12:38.403936,4.6,1.1,101.96,54.53,95.8
AST-0004,2026-08-26 21:59:38.403936,5.29,2.18,99.81,63.95,76.03
AST-0020,2026-08-02 08:02:38.403936,4.46,2.33,101.42,58.96,58.82
AST-0002,2026-07-30 01:33:38.403936,1.37,3.28,101.9,57.27,99.18
AST-0019,2026-08-20 17:06:38.403936,4.63,1.67,103.01,68.98,72.1
AST-0017,2026-08-11 06:23:38.403936,3.86,2.86,100.78,70.56,30.71
AST-0005,2026-08-11 12:26:38.403936,3.85,3.88,99.77,58.96,56.94
AST-0018,2026-08-01 05:27:38.403936,2.68,0.73,100.84,66.36,64.05
AST-0006,2026-07-31 05:53:38.403936,4.28,2.53,103.35,63.1,54.67
AST-0015,2026-08-19 13:41:38.403936,4.08,2.96,104.12,58.72,66.78
AST-0019,2026-08-13 03:05:38.403936,5.01,5.55,101.34,50.34,33.16
AST-0009,2026-08-03 08:21:38.403936,5.05,2.19,101.7,64.82,47.42
AST-0016,2026-08-07 06:44:38.403936,4.43,1.51,104.08,51.44,61.48
AST-0014,2026-08-26 15:58:38.403936,2.94,2.96,100.64,59.81,80.36
AST-0012,2026-08-08 08:16:38.403936,4.54,2.91,99.34,50.95,66.93
AST-0005,2026-08-16 23:52:38.403936,4.02,3.0,101.14,67.05,35.78
AST-0009,2026-08-24 23:20:38.403936,7.33,2.37,102.7,56.64,70.54
AST-0007,2026-08-09 11:52:38.403936,2.55,2.86,100.59,65.29,77.56
AST-0016,2026-08-05 09:37:38.403936,2.65,1.95,102.21,85.98,62.51
AST-0017,2026-07-30 04:57:38.403936,5.39,2.41,105.18,47.53,66.7
AST-0010,2026-08-23 01:34:38.403936,2.06,0.49,101.89,66.39,59.87
AST-0013,2026-08-10 04:26:38.403936,4.34,4.98,100.78,70.1,53.31
AST-0009,2026-08-03 06:25:38.403936,4.94,2.31,100.48,83.19,86.19
AST-0011,2026-08-20 10:49:38.403936,4.71,0.66,100.58,92.03,60.85
AST-0009,2026-08-10 14:03:38.403936,6.15,3.65,101.74,56.58,21.16
AST-0020,2026-08-14 10:12:38.403936,-2.47,1.85,101.65,52.5,60.23
AST-0018,2026-08-07 19:37:38.403936,4.55,2.71,99.07,76.97,54.26
AST-0011,2026-08-06 16:57:38.403936,1.99,2.41,101.37,66.61,89.52
AST-0003,2026-08-21 23:51:38.403936,4.15,2.4,99.09,73.21,68.32
AST-0005,2026-08-16 02:32:38.403936,3.87,0.98,104.19,52.72,54.36
AST-0014,2026-08-06 09:21:38.403936,5.04,1.54,98.31,43.76,77.98
AST-0003,2026-08-27 11:50:38.403936,3.68,4.84,99.31,55.79,54.82
AST-0011,2026-08-02 08:43:38.403936,4.86,2.12,102.52,55.21,40.13
AST-0013,2026-08-28 11:34:38.403936,1.8,0.72,100.26,61.99,53.63
AST-0012,2026-08-11 02:35:38.403936,6.37,3.48,100.63,47.06,54.8
AST-0006,2026-08-25 11:23:38.403936,3.6,1.97,99.9,58.47,58.04
AST-0008,2026-08-07 03:10:38.403936,3.55,2.67,102.02,55.89,87.88
AST-0003,2026-08-10 05:10:38.403936,3.03,1.21,102.06,56.83,70.78
AST-0003,2026-08-08 08:19:38.403936,0.89,3.61,102.64,50.0,38.38
AST-0003,2026-08-20 07:09:38.403936,7.01,6.5,99.63,42.34,58.69
AST-0013,2026-08-03 11:50:38.403936,4.16,3.07,98.5,49.8,73.12
AST-0015,2026-08-12 20:13:38.403936,6.01,1.24,103.46,65.38,84.65
AST-0006,2026-08-27 06:36:38.403936,4.39,0.48,101.0,75.6,48.91
AST-0011,2026-07-31 01:31:38.403936,11.92,2.36,95.5,81.71,48.78
AST-0009,2026-08-20 10:24:38.403936,5.26,2.43,103.82,69.06,60.77
AST-0018,2026-08-23 17:28:38.403936,3.16,3.14,97.55,71.46,45.22
AST-0019,2026-08-06 19:41:38.403936,6.38,2.63,102.59,65.82,33.46
AST-0010,2026-08-18 13:25:38.403936,3.21,3.04,101.63,76.81,72.26
AST-0003,2026-08-14 13:31:38.403936,3.05,1.86,101.51,41.86,95.12
AST-0005,2026-08-18 20:56:38.403936,5.16,3.48,98.14,77.45,100.0
AST-0005,2026-08-12 13:53:38.403936,14.52,3.12,101.3,49.56,73.87
AST-0016,2026-08-14 09:55:38.403936,5.75,2.02,103.63,48.33,38.09
AST-0010,2026-08-20 11:24:38.403936,4.7,2.52,99.87,73.1,74.56
AST-0014,2026-08-25 22:24:38.403936,5.79,6.9,102.51,60.54,100.0
AST-0013,2026-08-24 06:35:38.403936,3.28,4.18,101.37,51.24,89.63
AST-0008,2026-08-15 23:35:38.403936,4.69,3.18,103.75,68.38,54.34
AST-0009,2026-08-22 06:35:38.403936,5.96,2.5,102.67,43.46,73.05
AST-0009,2026-08-11 17:15:38.403936,3.54,3.82,102.55,67.4,73.75
AST-0005,2026-08-17 13:19:38.403936,3.0,3.8,105.28,68.93,93.63
AST-0015,2026-08-11 22:37:38.403936,3.65,1.86,101.38,69.35,57.91
AST-0011,2026-08-11 03:33:38.403936,5.31,2.75,99.3,70.19,80.54
AST-0001,2026-07-30 15:30:38.403936,4.76,3.42,98.87,69.68,43.93
AST-0005,2026-08-07 05:24:38.403936,2.83,2.0,99.42,59.52,61.15
AST-0005,2026-08-18 17:11:38.403936,5.76,2.24,98.13,76.4,49.93
AST-0010,2026-07-30 10:24:38.403936,4.41,2.86,101.7,75.94,73.62
AST-0002,2026-08-21 10:41:38.403936,3.21,4.24,101.69,63.53,82.35
AST-0005,2026-08-13 19:02:38.403936,4.87,2.82,106.28,62.25,59.28
AST-0018,2026-08-01 07:31:38.403936,4.67,3.36,98.29,45.34,54.43
AST-0009,2026-08-20 03:50:38.403936,2.05,2.16,102.3,56.09,39.32
AST-0008,2026-08-16 03:06:38.403936,4.6,3.19,97.91,73.2,79.71
AST-0002,2026-08-16 06:37:38.403936,5.93,3.47,105.7,61.44,66.97
AST-0017,2026-08-07 19:52:38.403936,3.88,2.5,104.37,51.55,49.5
AST-0010,2026-08-08 05:59:38.403936,6.57,3.32,100.57,73.54,71.14
AST-0018,2026-08-13 11:11:38.403936,6.75,2.56,103.35,91.42,75.77
AST-0010,2026-08-22 11:18:38.403936,4.57,3.08,100.57,88.88,68.24
AST-0007,2026-08-07 19:22:38.403936,4.09,1.83,103.49,73.67,56.05
AST-0001,2026-08-03 21:39:38.403936,5.36,1.29,101.67,69.53,95.73
AST-0013,2026-08-06 09:07:38.403936,3.34,1.48,99.51,51.63,89.06
AST-0016,2026-08-09 19:50:38.403936,-1.18,2.76,103.74,66.34,63.29
AST-0008,2026-08-25 21:32:38.403936,4.0,2.25,98.2,67.64,64.27
AST-0011,2026-08-05 22:33:38.403936,5.62,2.57,100.97,56.29,66.3
AST-0005,2026-08-27 05:07:38.403936,5.61,1.59,101.47,67.33,52.07
AST-0008,2026-08-23 04:09:38.403936,3.62,2.68,99.03,68.5,48.88
AST-0012,2026-08-13 04:16:38.403936,6.09,4.37,99.58,70.34,51.92
AST-0005,2026-08-18 17:30:38.403936,6.06,6.0,102.26,56.27,61.27
AST-0015,2026-08-10 04:08:38.403936,2.95,3.16,99.63,70.52,58.81
AST-0007,2026-08-24 04:55:38.403936,4.33,2.62,99.78,67.1,92.55
AST-0015,2026-08-24 13:18:38.403936,3.33,3.44,104.3,56.84,38.81
AST-0018,2026-08-11 07:02:38.403936,4.95,2.06,105.04,65.35,50.56
AST-0010,2026-08-06 01:27:38.403936,2.78,3.37,100.16,65.44,82.2
AST-0017,2026-08-10 17:57:38.403936,3.77,2.46,101.27,71.83,75.63
AST-0020,2026-08-16 00:19:38.403936,4.17,2.55,100.56,50.22,69.64
AST-0003,2026-08-15 07:59:38.403936,7.34,1.79,99.75,56.29,78.04
AST-0007,2026-08-28 17:20:38.403936,5.17,2.37,99.46,65.92,36.84
AST-0005,2026-08-22 14:44:38.403936,4.72,3.2,98.8,49.67,93.43
AST-0011,2026-08-26 15:55:38.403936,3.58,3.41,100.99,63.38,72.89
AST-0002,2026-08-03 18:58:38.403936,3.17,2.61,100.54,51.8,71.07
AST-0004,2026-08-04 16:03:38.403936,4.11,2.37,98.88,80.91,80.78
AST-0013,2026-08-20 20:28:38.403936,5.95,2.26,97.84,84.53,63.9
AST-0019,2026-08-28 16:56:38.403936,3.38,2.83,103.63,64.77,88.01
AST-0003,2026-08-10 09:52:38.403936,6.12,1.64,99.95,74.58,16.17
AST-0016,2026-07-30 08:36:38.403936,4.28,1.36,100.35,62.01,58.55
AST-0012,2026-08-02 09:39:38.403936,3.67,1.62,105.88,83.67,44.08
AST-0012,2026-08-24 03:49:38.403936,6.87,2.18,101.56,64.37,53.12
AST-0002,2026-08-01 09:59:38.403936,5.98,2.6,100.35,51.95,48.92
AST-0007,2026-08-01 23:11:38.403936,2.04,2.51,98.91,62.34,89.66
AST-0018,2026-08-22 09:43:38.403936,6.3,2.47,101.13,83.8,74.37
AST-0008,2026-08-16 07:12:38.403936,4.01,1.36,102.09,73.29,53.63
AST-0018,2026-08-24 16:56:38.403936,4.94,2.21,100.93,40.12,61.01
AST-0019,2026-08-17 15:48:38.403936,5.95,1.99,101.41,57.44,71.49
AST-0014,2026-08-15 01:18:38.403936,4.18,1.75,103.97,74.29,54.11
AST-0013,2026-08-03 12:01:38.403936,5.25,2.93,102.58,48.06,83.12
AST-0020,2026-08-21 17:34:38.403936,3.65,2.21,106.58,68.02,58.05
AST-0018,2026-08-18 22:12:38.403936,1.19,3.61,98.61,54.97,59.04
AST-0014,2026-08-13 12:55:38.403936,6.62,3.12,100.98,68.08,54.19
AST-0007,2026-08-13 11:36:38.403936,4.71,2.56,103.24,74.67,73.89
AST-0009,2026-08-15 19:59:38.403936,3.96,3.09,101.12,54.18,57.74
AST-0013,2026-08-15 03:32:38.403936,4.63,3.23,100.93,52.91,66.02
AST-0020,2026-07-29 18:31:38.403936,4.67,2.65,103.14,75.19,54.3
AST-0010,2026-07-30 12:07:38.403936,3.58,1.67,102.7,79.49,59.33
AST-0011,2026-07-30 01:29:38.403936,4.14,3.67,102.31,69.36,43.56
AST-0009,2026-07-30 18:01:38.403936,5.52,1.76,99.03,61.53,54.46
AST-0019,2026-08-23 23:03:38.403936,4.17,1.35,103.22,76.28,29.95
AST-0005,2026-08-05 19:18:38.403936,5.97,1.85,103.01,64.32,65.52
AST-0008,2026-08-05 01:29:38.403936,4.22,3.47,98.82,71.08,84.82
AST-0019,2026-08-09 08:48:38.403936,5.57,4.36,100.24,74.57,63.09
AST-0003,2026-08-16 23:00:38.403936,6.35,2.49,100.52,78.06,56.15
AST-0019,2026-08-13 12:58:38.403936,2.38,2.09,102.54,78.92,67.0
AST-0019,2026-08-03 02:28:38.403936,6.48,1.41,100.41,62.11,62.94
AST-0011,2026-08-16 03:04:38.403936,4.63,3.05,100.41,66.39,64.19
AST-0004,2026-08-14 14:20:38.403936,3.11,2.41,101.01,63.35,65.57
AST-0001,2026-08-09 01:57:38.403936,4.61,2.15,103.85,53.31,52.02
AST-0010,2026-08-27 14:41:38.403936,8.67,1.67,98.59,72.34,27.61
AST-0005,2026-08-22 15:04:38.403936,4.15,4.22,98.21,45.18,38.01
AST-0002,2026-08-13 15:18:38.403936,5.85,3.4,100.27,71.83,90.02
AST-0019,2026-08-16 15:26:38.403936,7.18,2.3,96.7,56.79,57.32
AST-0013,2026-08-21 17:36:38.403936,4.11,2.35,103.54,77.74,61.91
AST-0019,2026-08-05 11:59:38.403936,6.15,2.79,101.43,74.07,66.3
AST-0013,2026-08-01 00:10:38.403936,7.59,1.35,100.27,63.73,72.91
AST-0005,2026-08-21 14:26:38.403936,6.4,2.48,98.46,73.43,78.59
AST-0019,2026-08-20 15:36:38.403936,1.59,2.5,98.12,58.35,48.75
AST-0017,2026-08-07 16:30:38.403936,5.71,2.59,98.73,73.8,39.19
AST-0014,2026-08-09 23:16:38.403936,5.0,1.85,100.57,70.04,74.39
AST-0004,2026-08-13 11:34:38.403936,6.51,2.43,101.91,60.62,68.28
AST-0011,2026-08-17 14:03:38.403936,5.16,2.42,97.69,68.31,71.56
AST-0012,2026-08-14 10:37:38.403936,3.48,5.69,104.25,69.91,60.88
AST-0020,2026-08-26 19:23:38.403936,2.79,1.84,103.91,66.38,55.09
AST-0008,2026-08-05 09:35:38.403936,5.26,1.85,104.3,78.53,56.6
AST-0003,2026-08-07 20:25:38.403936,3.56,0.41,98.34,51.61,67.43
AST-0020,2026-08-03 21:03:38.403936,4.01,1.42,100.74,70.05,74.5
AST-0001,2026-08-05 11:37:38.403936,1.65,2.4,98.53,74.02,79.11
AST-0015,2026-08-14 09:15:38.403936,3.15,1.89,100.38,42.47,71.05
AST-0007,2026-08-20 04:58:38.403936,-3.91,3.28,99.1,58.81,37.88
AST-0018,2026-08-08 00:55:38.403936,2.99,1.55,103.29,58.02,67.24
AST-0001,2026-08-20 17:54:38.403936,3.93,1.48,100.96,70.99,43.26
AST-0002,2026-08-15 21:40:38.403936,5.71,1.82,100.33,70.31,53.06
AST-0020,2026-08-10 09:20:38.403936,4.56,2.25,101.56,41.19,32.07
AST-0001,2026-08-11 02:37:38.403936,5.42,3.33,99.48,62.56,70.3
AST-0012,2026-08-01 19:03:38.403936,5.54,0.88,99.53,61.67,77.66
AST-0013,2026-08-03 16:09:38.403936,20.25,2.32,98.49,69.02,88.78
AST-0011,2026-08-21 21:46:38.403936,4.66,1.77,103.22,71.64,46.53
AST-0006,2026-08-20 19:41:38.403936,5.07,3.3,103.66,64.34,58.55
AST-0001,2026-08-07 19:32:38.403936,6.34,1.53,102.18,51.3,84.18
AST-0011,2026-07-31 13:44:38.403936,4.11,3.51,102.28,52.77,90.64
AST-0012,2026-08-21 01:27:38.403936,6.83,3.21,99.78,61.94,67.62
AST-0017,2026-08-14 18:41:38.403936,3.44,3.85,101.59,37.97,71.11
AST-0013,2026-08-11 07:38:38.403936,3.98,2.44,100.56,73.07,85.15
AST-0008,2026-07-31 02:30:38.403936,4.92,2.23,101.22,65.2,50.56
AST-0005,2026-08-05 16:01:38.403936,5.37,2.87,104.38,77.55,52.66
AST-0020,2026-08-02 18:12:38.403936,5.73,1.74,102.69,59.83,46.58
AST-0019,2026-08-27 05:33:38.403936,4.92,0.36,97.8,63.23,66.48
AST-0020,2026-08-05 17:09:38.403936,3.95,1.24,99.66,68.91,75.47
AST-0005,2026-08-13 17:59:38.403936,4.48,3.43,102.09,57.53,59.95
AST-0005,2026-08-25 04:57:38.403936,2.4,2.41,103.52,71.85,90.24
AST-0005,2026-08-12 19:49:38.403936,4.05,3.58,100.91,79.72,64.61
AST-0005,2026-08-18 08:03:38.403936,5.56,3.68,100.91,67.18,88.2
AST-0011,2026-08-28 15:05:38.403936,4.3,1.44,105.59,60.3,67.86
AST-0004,2026-08-01 20:23:38.403936,6.23,2.01,99.28,67.54,32.72
AST-0001,2026-08-07 03:26:38.403936,4.07,2.7,100.76,49.57,93.7
AST-0014,2026-08-13 06:24:38.403936,4.66,3.64,100.78,56.2,69.85
AST-0009,2026-08-12 13:39:38.403936,4.18,1.56,104.24,58.78,31.88
AST-0006,2026-08-05 16:17:38.403936,6.49,2.1,100.08,47.35,96.34
AST-0009,2026-07-30 22:55:38.403936,2.57,2.55,103.13,69.22,63.93
AST-0008,2026-08-26 07:47:38.403936,1.95,1.85,101.68,57.13,68.66
AST-0016,2026-08-09 06:32:38.403936,5.52,3.27,98.85,86.97,78.81
AST-0012,2026-08-04 20:46:38.403936,4.5,3.37,106.03,50.61,60.95
AST-0005,2026-08-07 03:16:38.403936,0.93,2.65,102.03,64.61,53.22
AST-0001,2026-08-06 05:12:38.403936,1.43,2.8,104.21,59.09,72.92
AST-0007,2026-08-11 01:04:38.403936,2.15,2.87,100.51,57.38,51.31
AST-0015,2026-08-08 01:45:38.403936,3.91,2.81,98.68,61.03,64.25
AST-0015,2026-08-26 20:18:38.403936,2.85,3.94,99.59,58.31,47.39
AST-0020,2026-08-09 23:52:38.403936,7.2,2.94,99.43,76.06,68.61
AST-0019,2026-08-16 01:47:38.403936,4.89,2.22,99.8,68.38,55.19
AST-0002,2026-08-25 18:54:38.403936,7.23,1.48,104.37,63.89,70.38
AST-0002,2026-08-22 11:00:38.403936,5.75,2.0,103.03,37.92,52.04
AST-0002,2026-08-09 22:42:38.403936,3.11,1.5,100.87,68.86,77.65
AST-0002,2026-08-24 03:28:38.403936,4.86,1.97,102.04,66.24,81.85
AST-0010,2026-08-07 09:41:38.403936,5.67,2.52,99.51,58.47,55.1
AST-0020,2026-08-11 18:36:38.403936,4.03,2.71,102.73,64.49,65.29
AST-0015,2026-08-01 05:53:38.403936,4.71,2.09,99.45,47.45,52.49
AST-0004,2026-08-28 04:01:38.403936,5.21,1.94,100.82,69.66,74.37
AST-0018,2026-08-06 22:40:38.403936,2.88,3.3,103.55,53.7,50.17
AST-0001,2026-08-04 22:06:38.403936,6.29,2.38,96.86,51.0,60.51
AST-0007,2026-08-06 21:41:38.403936,2.76,2.17,101.36,79.62,59.77
AST-0006,2026-08-19 10:57:38.403936,6.11,3.64,104.17,67.85,29.66
AST-0012,2026-08-04 09:15:38.403936,5.19,3.34,101.14,82.45,80.48
AST-0017,2026-08-02 15:29:38.403936,5.35,3.37,101.97,40.07,56.02
AST-0013,2026-08-26 14:51:38.403936,6.3,1.85,100.85,54.55,97.11
AST-0019,2026-07-31 18:16:38.403936,7.02,1.79,101.59,58.2,76.07
AST-0002,2026-08-05 14:15:38.403936,5.26,3.15,101.96,94.35,46.5
AST-0015,2026-08-17 20:36:38.403936,1.93,2.19,98.16,50.08,46.98
AST-0005,2026-08-11 21:44:38.403936,3.12,1.74,102.34,59.94,61.77
AST-0016,2026-08-07 23:53:38.403936,13.84,6.88,100.77,68.66,30.05
AST-0016,2026-08-23 11:57:38.403936,0.92,2.78,102.28,85.64,67.85
AST-0015,2026-08-09 14:08:38.403936,5.73,2.34,101.89,81.67,26.77
AST-0001,2026-08-17 10:18:38.403936,5.12,4.21,101.86,81.51,53.67
AST-0018,2026-08-09 21:36:38.403936,4.45,2.53,96.86,53.32,45.26
AST-0012,2026-08-08 05:06:38.403936,5.73,3.2,101.95,73.24,62.05
AST-0019,2026-07-31 10:25:38.403936,6.3,2.51,101.42,62.34,77.32
AST-0002,2026-08-26 05:15:38.403936,3.87,3.28,99.04,54.01,77.37
AST-0010,2026-08-03 17:15:38.403936,4.37,2.14,103.08,58.93,61.4
AST-0019,2026-08-26 13:47:38.403936,6.6,3.73,104.44,62.18,87.15
AST-0019,2026-08-24 08:21:38.403936,3.08,1.77,96.6,81.73,49.45
AST-0010,2026-08-15 03:44:38.403936,4.31,1.77,102.69,61.24,41.51
AST-0003,2026-08-13 10:55:38.403936,5.16,1.35,99.63,43.93,39.37
AST-0016,2026-08-18 05:04:38.403936,4.77,0.93,98.34,64.98,55.22
AST-0011,2026-08-04 21:16:38.403936,7.49,3.97,99.56,70.57,78.49
AST-0007,2026-08-22 17:59:38.403936,3.6,1.3,101.28,63.27,57.16
AST-0017,2026-08-26 14:50:38.403936,5.16,1.9,99.0,66.09,71.95
AST-0010,2026-08-02 18:04:38.403936,2.74,3.24,97.76,59.22,60.36
AST-0017,2026-08-18 04:46:38.403936,3.55,2.05,105.04,56.49,100.0
AST-0005,2026-08-24 22:31:38.403936,5.16,2.57,102.25,90.3,47.12
AST-0016,2026-08-26 17:17:38.403936,2.82,1.9,101.36,47.74,65.4
AST-0008,2026-08-21 04:15:38.403936,7.04,2.62,100.71,58.82,81.17
AST-0004,2026-08-11 23:36:38.403936,3.26,7.07,105.17,67.57,64.79
AST-0014,2026-08-08 04:46:38.403936,6.05,3.38,99.69,59.73,41.2
AST-0007,2026-07-31 20:00:38.403936,5.11,3.03,98.6,60.45,40.75
AST-0009,2026-07-30 06:39:38.403936,3.15,2.94,99.83,61.99,35.71
AST-0011,2026-08-01 20:24:38.403936,4.78,2.46,99.84,63.11,68.25
AST-0013,2026-07-30 01:00:38.403936,3.28,1.32,104.91,58.67,63.26
AST-0011,2026-08-24 15:43:38.403936,6.02,9.03,98.81,69.5,52.26
AST-0016,2026-08-14 03:26:38.403936,3.69,1.92,99.05,64.59,38.46
AST-0015,2026-07-31 09:09:38.403936,5.92,2.54,102.14,60.34,58.39
AST-0014,2026-08-23 04:49:38.403936,4.93,1.57,100.58,56.4,48.97
AST-0011,2026-08-01 07:30:38.403936,1.34,3.57,99.93,76.63,84.24
AST-0011,2026-08-24 00:43:38.403936,2.57,1.63,106.42,82.51,64.43
AST-0001,2026-08-14 20:32:38.403936,4.89,2.0,102.16,57.83,28.42
AST-0006,2026-08-14 04:45:38.403936,2.52,2.52,99.04,64.33,45.66
AST-0004,2026-08-24 17:58:38.403936,3.33,3.18,101.79,64.9,80.82
AST-0002,2026-08-12 19:02:38.403936,5.22,3.66,100.38,60.7,41.58
AST-0008,2026-08-11 02:51:38.403936,3.86,3.27,103.9,74.6,32.7
AST-0007,2026-08-15 16:11:38.403936,6.12,1.03,103.1,61.32,77.65
AST-0002,2026-08-22 15:51:38.403936,2.5,3.44,98.37,58.32,47.03
AST-0001,2026-08-07 23:03:38.403936,1.87,2.58,104.91,91.67,66.75
AST-0011,2026-08-20 17:30:38.403936,6.18,2.69,102.3,61.58,68.51
AST-0011,2026-08-20 18:23:38.403936,5.31,2.04,101.15,64.42,79.88
AST-0017,2026-08-05 06:49:38.403936,2.9,2.46,105.12,76.64,89.29
AST-0013,2026-08-04 19:16:38.403936,4.54,2.76,103.3,80.6,29.87
AST-0002,2026-08-22 12:51:38.403936,2.53,3.55,100.75,58.28,42.43
AST-0002,2026-08-25 19:26:38.403936,3.67,1.38,105.48,64.78,63.96
AST-0010,2026-08-03 10:55:38.403936,5.38,3.27,103.19,75.74,53.64
AST-0007,2026-07-30 18:52:38.403936,4.05,3.12,100.25,64.95,72.18
AST-0018,2026-08-13 08:48:38.403936,5.68,1.08,102.73,62.66,77.73
AST-0009,2026-08-13 06:54:38.403936,5.67,3.79,104.01,78.47,90.99
AST-0020,2026-08-05 13:24:38.403936,4.94,2.53,103.05,72.32,59.44
AST-0012,2026-08-24 05:34:38.403936,5.11,2.47,99.59,77.9,65.99
AST-0010,2026-08-23 18:22:38.403936,7.57,1.2,100.19,65.33,85.47
AST-0020,2026-08-24 21:22:38.403936,5.1,2.75,99.05,53.43,70.81
AST-0001,2026-08-14 04:18:38.403936,2.45,2.07,102.3,55.18,93.9
AST-0013,2026-08-20 04:29:38.403936,6.34,1.24,99.44,42.14,50.91
AST-0020,2026-08-01 05:04:38.403936,5.65,2.17,102.22,49.78,79.36
AST-0015,2026-08-25 17:45:38.403936,3.67,2.51,101.11,52.28,44.24
AST-0007,2026-08-26 19:29:38.403936,5.95,2.82,103.4,68.25,67.57
AST-0015,2026-08-23 01:01:38.403936,1.91,2.28,101.25,84.53,77.37
AST-0015,2026-08-24 14:29:38.403936,6.8,2.98,99.88,66.17,69.25
AST-0015,2026-08-03 04:33:38.403936,3.09,2.19,100.89,81.06,27.55
AST-0020,2026-08-20 04:16:38.403936,6.31,1.75,98.56,76.8,78.17
AST-0011,2026-08-10 12:10:38.403936,6.38,3.14,105.42,70.59,62.18
AST-0016,2026-08-13 13:02:38.403936,5.01,3.49,99.74,58.48,59.44
AST-0006,2026-08-03 21:37:38.403936,1.34,2.61,97.53,65.53,80.58
AST-0005,2026-08-11 14:37:38.403936,3.78,3.84,98.38,76.91,77.15
AST-0004,2026-08-21 21:07:38.403936,1.93,4.67,101.17,56.23,39.67
AST-0010,2026-08-13 14:15:38.403936,4.17,2.4,101.51,62.02,76.4
AST-0008,2026-08-23 00:13:38.403936,3.92,0.95,101.0,41.33,71.37
AST-0016,2026-08-27 00:28:38.403936,3.03,2.63,103.93,55.51,84.1
AST-0019,2026-08-16 05:32:38.403936,3.85,3.9,100.57,56.6,77.37
AST-0011,2026-08-18 09:14:38.403936,3.85,1.83,100.34,64.55,89.16
AST-0003,2026-08-23 13:05:38.403936,1.6,2.52,102.55,66.93,88.58
AST-0020,2026-08-24 21:29:38.403936,4.39,2.35,102.48,65.99,57.97
AST-0015,2026-08-19 19:56:38.403936,5.27,1.98,100.08,59.72,89.36
AST-0020,2026-08-06 18:44:38.403936,-0.33,2.82,101.37,48.19,70.58
AST-0013,2026-08-03 17:05:38.403936,5.21,2.97,96.0,78.66,51.72
AST-0003,2026-08-13 15:56:38.403936,5.53,3.09,99.55,71.6,58.06
AST-0001,2026-08-08 16:00:38.403936,1.39,3.43,99.75,56.46,57.74
AST-0010,2026-08-05 10:34:38.403936,4.91,2.45,102.4,51.61,51.64
AST-0007,2026-08-16 12:16:38.403936,4.33,4.02,101.07,75.85,65.69
AST-0010,2026-08-13 04:07:38.403936,3.77,2.3,100.96,71.04,89.74
AST-0003,2026-08-18 13:09:38.403936,5.04,3.45,99.37,60.85,51.96
AST-0005,2026-08-25 06:48:38.403936,16.97,2.21,102.76,55.69,65.77
AST-0002,2026-08-12 03:38:38.403936,5.53,0.85,105.54,62.17,28.55
AST-0012,2026-07-29 19:14:38.403936,4.74,2.53,101.14,74.91,78.45
AST-0008,2026-08-03 18:08:38.403936,4.95,2.86,101.09,82.75,38.37
AST-0011,2026-08-18 09:51:38.403936,4.71,2.55,102.93,56.56,33.61
AST-0007,2026-08-16 04:25:38.403936,4.74,2.72,104.28,52.3,85.78
AST-0013,2026-08-06 15:43:38.403936,8.05,2.2,98.72,60.93,65.25
AST-0005,2026-08-15 03:50:38.403936,5.35,2.03,104.41,53.85,33.69
AST-0016,2026-08-04 20:59:38.403936,18.16,6.57,100.89,96.18,64.78
AST-0003,2026-08-28 16:56:38.403936,2.82,2.45,101.2,66.61,76.92
AST-0015,2026-08-05 00:11:38.403936,2.94,3.85,101.79,72.27,53.69
AST-0015,2026-08-26 06:30:38.403936,6.43,2.29,101.86,55.67,47.06
AST-0013,2026-08-21 22:44:38.403936,5.53,2.15,99.59,58.57,77.58
AST-0001,2026-08-14 22:24:38.403936,3.56,2.41,101.33,45.83,38.52
AST-0017,2026-08-25 01:34:38.403936,5.0,1.91,103.41,74.67,77.95
AST-0012,2026-08-11 00:24:38.403936,7.23,2.43,102.6,59.16,100.0
AST-0012,2026-07-31 06:51:38.403936,7.48,2.51,102.07,78.59,62.35
AST-0003,2026-08-03 21:55:38.403936,3.52,3.2,101.46,66.83,49.98
AST-0009,2026-08-05 05:30:38.403936,1.92,2.69,103.11,62.74,90.86
AST-0020,2026-08-19 22:09:38.403936,3.44,1.66,101.17,64.17,78.86
AST-0003,2026-08-02 18:55:38.403936,3.34,3.59,105.23,64.61,87.49
AST-0020,2026-08-27 14:28:38.403936,2.92,3.36,103.39,73.63,64.72
AST-0001,2026-08-01 03:57:38.403936,0.07,1.99,100.05,55.22,67.2
AST-0019,2026-08-20 02:26:38.403936,3.87,1.84,99.18,57.84,85.19
AST-0010,2026-08-13 20:25:38.403936,3.51,2.09,100.39,68.39,73.21
AST-0020,2026-08-11 22:12:38.403936,-0.07,3.32,104.17,54.5,47.5
AST-0002,2026-08-12 14:26:38.403936,3.82,1.9,101.75,45.53,44.88
AST-0002,2026-08-27 09:40:38.403936,6.81,1.76,103.79,68.55,32.43
AST-0020,2026-08-28 15:11:38.403936,5.45,2.41,100.39,67.45,73.54
AST-0017,2026-07-31 00:08:38.403936,5.56,3.44,102.12,51.24,56.47
AST-0005,2026-08-02 06:16:38.403936,8.91,3.08,106.04,78.95,69.35
AST-0001,2026-08-26 18:55:38.403936,4.95,2.47,97.82,65.18,86.79
AST-0005,2026-08-03 20:09:38.403936,3.6,2.83,103.0,55.9,56.88
AST-0009,2026-08-28 18:17:38.403936,2.97,1.84,98.72,56.0,90.55
AST-0002,2026-08-09 12:18:38.403936,3.13,2.6,100.29,76.79,88.6
AST-0020,2026-08-14 08:47:38.403936,5.8,2.74,100.84,53.08,99.98
AST-0014,2026-08-05 18:41:38.403936,3.36,3.03,103.42,59.45,83.68
AST-0006,2026-08-16 04:50:38.403936,5.65,3.88,100.36,52.14,55.9
AST-0002,2026-08-08 08:37:38.403936,4.81,2.55,100.51,45.91,73.47
AST-0002,2026-08-27 23:50:38.403936,7.46,2.87,102.52,70.72,72.15
AST-0016,2026-08-06 09:22:38.403936,5.9,2.82,100.67,57.04,60.52
AST-0013,2026-08-22 23:58:38.403936,4.97,2.25,101.93,69.39,80.0
AST-0014,2026-08-20 08:41:38.403936,6.42,2.56,98.68,61.55,65.79
AST-0013,2026-07-30 07:16:38.403936,1.75,3.61,101.58,68.81,89.58
AST-0002,2026-08-13 03:07:38.403936,3.55,2.96,101.08,63.16,51.1
AST-0014,2026-08-03 04:39:38.403936,7.0,2.2,102.7,46.25,86.24
AST-0011,2026-08-26 13:07:38.403936,6.08,2.58,100.85,69.0,100.0
AST-0019,2026-08-11 01:35:38.403936,1.86,3.13,99.48,64.8,60.54
AST-0008,2026-08-16 13:33:38.403936,3.86,2.49,99.03,75.29,32.71
AST-0006,2026-08-25 13:21:38.403936,5.31,2.24,98.96,67.02,36.97
AST-0003,2026-08-13 00:29:38.403936,4.56,1.36,102.22,55.76,56.88
AST-0015,2026-07-30 07:22:38.403936,4.94,1.88,101.18,49.86,76.36
AST-0007,2026-08-14 18:15:38.403936,7.15,4.73,101.48,72.88,32.95
AST-0020,2026-07-31 07:29:38.403936,-1.25,3.12,100.33,77.37,60.42
AST-0020,2026-08-28 15:30:38.403936,3.81,2.88,99.17,75.22,45.99
AST-0003,2026-08-27 19:16:38.403936,2.92,1.77,102.82,58.83,40.74
AST-0019,2026-08-26 06:47:38.403936,3.59,2.47,98.94,53.48,100.0
AST-0009,2026-08-07 04:07:38.403936,3.21,2.24,100.57,60.79,76.18
AST-0015,2026-08-12 04:03:38.403936,5.92,2.26,98.83,77.74,63.28
AST-0011,2026-08-11 08:12:38.403936,7.1,0.7,101.69,84.19,58.64
AST-0002,2026-08-10 11:23:38.403936,4.16,2.74,100.18,61.88,58.92
AST-0009,2026-08-16 04:26:38.403936,3.56,3.48,102.22,67.51,79.55
AST-0007,2026-08-10 19:24:38.403936,4.1,1.88,100.09,65.02,45.93
AST-0004,2026-08-26 12:55:38.403936,3.75,2.09,105.55,37.26,61.77
AST-0020,2026-08-05 07:27:38.403936,7.09,2.6,102.81,66.0,52.99
AST-0009,2026-08-03 11:08:38.403936,-0.88,4.42,101.73,60.35,43.81
AST-0001,2026-08-19 01:20:38.403936,13.2,3.93,100.81,41.21,77.06
AST-0011,2026-07-31 11:38:38.403936,5.98,1.23,101.65,69.51,63.68
AST-0016,2026-08-16 13:45:38.403936,3.31,3.31,100.49,50.15,28.11
AST-0003,2026-08-20 12:34:38.403936,6.39,2.99,101.48,60.6,55.48
AST-0016,2026-08-23 08:16:38.403936,2.89,2.15,97.06,57.64,59.4
AST-0012,2026-08-04 06:42:38.403936,5.41,2.47,102.89,78.49,84.05
AST-0003,2026-08-13 22:31:38.403936,5.21,2.51,99.34,72.4,95.24
AST-0003,2026-08-15 09:22:38.403936,5.01,4.03,98.25,53.46,80.39
AST-0007,2026-08-19 16:21:38.403936,4.9,3.55,101.27,56.32,61.16
AST-0007,2026-08-06 19:13:38.403936,2.2,1.6,103.24,73.73,71.53
AST-0012,2026-08-12 08:45:38.403936,1.92,2.21,98.85,76.77,54.49
AST-0007,2026-08-20 21:42:38.403936,2.87,2.52,100.02,79.84,51.77
AST-0019,2026-08-05 03:10:38.403936,-5.6,0.78,101.24,59.38,39.28
AST-0018,2026-08-09 14:48:38.403936,6.28,3.03,101.24,78.64,76.93
AST-0015,2026-08-28 01:05:38.403936,3.27,1.67,102.94,68.96,68.06
AST-0002,2026-07-30 12:14:38.403936,-4.77,2.99,99.79,63.98,91.04
AST-0017,2026-08-17 05:14:38.403936,3.51,1.24,99.19,74.94,69.59
AST-0018,2026-08-19 14:58:38.403936,4.31,2.09,102.27,56.51,70.5
AST-0003,2026-08-05 13:00:38.403936,3.4,1.78,100.03,61.25,64.12
AST-0001,2026-07-31 10:35:38.403936,4.85,0.45,99.68,61.08,92.09
AST-0008,2026-08-20 05:00:38.403936,2.88,2.63,104.29,51.87,72.09
AST-0002,2026-08-28 06:57:38.403936,3.3,2.1,99.69,57.68,100.0
AST-0020,2026-08-12 18:00:38.403936,5.77,3.38,102.28,48.94,72.11
AST-0004,2026-08-06 12:45:38.403936,6.11,1.82,103.23,72.04,98.34
AST-0008,2026-08-03 23:01:38.403936,3.87,1.62,100.58,79.36,32.09
AST-0013,2026-08-01 15:14:38.403936,1.4,2.57,100.41,65.08,82.02
AST-0018,2026-08-13 12:28:38.403936,3.67,1.0,105.39,55.03,45.94
AST-0007,2026-08-05 00:19:38.403936,6.16,2.19,101.17,69.83,84.5
AST-0004,2026-07-31 20:06:38.403936,4.0,3.72,97.03,72.6,49.89
AST-0012,2026-08-11 05:28:38.403936,6.56,2.61,99.95,71.63,81.08
AST-0019,2026-08-23 22:47:38.403936,5.46,1.68,100.33,64.96,64.26
AST-0020,2026-07-31 14:46:38.403936,5.62,0.89,101.97,62.1,49.91
AST-0001,2026-08-15 21:09:38.403936,3.39,7.28,94.1,57.99,49.24
AST-0019,2026-07-30 02:12:38.403936,5.3,1.86,100.87,80.42,82.9
AST-0016,2026-08-11 16:13:38.403936,5.85,2.1,102.39,62.66,61.47
AST-0017,2026-08-04 12:55:38.403936,5.11,2.02,104.29,63.4,76.13
AST-0020,2026-08-19 06:17:38.403936,6.68,3.33,98.48,69.45,80.31
AST-0020,2026-07-31 11:24:38.403936,5.84,1.61,99.99,74.95,51.29
AST-0012,2026-08-02 18:27:38.403936,4.05,3.76,101.2,57.73,49.2
AST-0017,2026-08-17 19:44:38.403936,-3.0,1.43,100.81,68.33,88.38
AST-0018,2026-08-03 02:49:38.403936,5.5,1.93,103.66,62.0,42.76
AST-0007,2026-08-21 20:41:38.403936,4.24,3.65,101.63,65.13,94.47
AST-0005,2026-08-11 08:14:38.403936,2.35,1.47,98.07,68.73,68.0
AST-0002,2026-08-20 08:30:38.403936,6.81,2.69,100.49,65.02,67.12
AST-0014,2026-08-01 05:19:38.403936,1.99,4.67,102.34,67.1,76.07
AST-0015,2026-08-10 04:53:38.403936,5.56,2.39,100.04,70.99,71.94
AST-0018,2026-07-31 17:37:38.403936,3.29,3.64,101.89,72.3,90.05
AST-0003,2026-08-06 18:25:38.403936,4.53,7.81,102.92,57.75,65.97
AST-0011,2026-08-09 11:19:38.403936,4.69,1.74,105.94,50.93,41.63
AST-0011,2026-08-17 20:02:38.403936,6.47,3.07,99.25,71.07,91.42
AST-0004,2026-08-09 05:36:38.403936,4.45,4.58,97.85,71.94,86.0
AST-0013,2026-08-09 13:18:38.403936,5.84,2.34,100.72,69.44,79.68
AST-0002,2026-08-08 19:20:38.403936,5.4,3.33,99.26,62.72,48.08
AST-0015,2026-08-18 14:23:38.403936,3.92,3.31,101.52,91.07,68.48
AST-0007,2026-08-06 20:48:38.403936,4.59,2.58,100.02,64.42,85.3
AST-0011,2026-08-27 12:39:38.403936,4.67,1.87,99.45,60.5,66.33
AST-0005,2026-08-04 13:15:38.403936,18.29,1.43,100.66,66.44,31.99
AST-0006,2026-08-03 19:40:38.403936,3.25,1.96,99.71,66.92,62.11
AST-0006,2026-08-14 09:35:38.403936,3.67,2.84,104.75,81.39,30.39
AST-0019,2026-08-27 19:10:38.403936,5.37,2.36,101.61,61.02,67.12
AST-0017,2026-08-23 22:04:38.403936,4.73,2.04,99.51,60.51,69.22
AST-0016,2026-08-21 00:40:38.403936,5.4,3.18,100.31,67.84,82.33
AST-0008,2026-08-19 19:46:38.403936,6.25,2.45,100.86,66.91,44.31
AST-0019,2026-08-10 01:00:38.403936,4.21,3.1,102.58,62.3,68.92
AST-0014,2026-08-05 13:01:38.403936,3.26,3.06,101.14,62.24,58.49
AST-0017,2026-07-31 18:37:38.403936,4.41,2.14,102.62,61.05,93.67
AST-0004,2026-07-31 07:02:38.403936,6.7,1.79,101.44,58.49,59.12
AST-0001,2026-08-19 08:30:38.403936,7.5,2.25,102.02,70.41,46.99
AST-0010,2026-08-17 06:27:38.403936,3.22,1.54,99.53,36.5,74.8
AST-0016,2026-08-09 15:26:38.403936,7.58,2.62,98.47,58.57,56.74
AST-0019,2026-08-12 15:16:38.403936,2.97,3.19,102.92,53.45,78.05
AST-0005,2026-08-25 07:49:38.403936,14.79,4.02,107.03,55.98,100.0
AST-0015,2026-08-17 05:04:38.403936,3.97,2.03,101.95,59.18,72.18
AST-0011,2026-08-27 14:09:38.403936,14.52,2.31,103.87,64.43,67.55
AST-0020,2026-08-22 22:13:38.403936,13.21,3.44,97.99,70.85,60.17
AST-0003,2026-08-23 10:48:38.403936,4.75,3.35,98.91,54.87,30.16
AST-0002,2026-08-27 00:01:38.403936,3.68,3.56,101.06,51.6,56.26
AST-0002,2026-08-22 04:32:38.403936,2.27,1.6,102.08,53.26,85.03
AST-0002,2026-08-03 19:31:38.403936,4.39,2.57,100.74,72.73,79.1
AST-0003,2026-08-15 09:37:38.403936,5.0,2.95,100.88,70.42,58.92
AST-0011,2026-08-24 06:48:38.403936,4.5,2.28,100.39,58.11,73.42
AST-0019,2026-08-09 14:58:38.403936,6.47,3.44,98.79,77.89,59.27
AST-0011,2026-08-08 07:28:38.403936,5.4,1.78,101.58,68.14,38.28
AST-0014,2026-08-14 19:34:38.403936,5.41,3.58,100.95,78.6,61.59
AST-0015,2026-08-11 09:01:38.403936,5.77,0.73,106.14,79.95,59.88
AST-0016,2026-08-20 21:24:38.403936,1.54,2.73,98.41,69.45,72.41
AST-0010,2026-08-22 23:17:38.403936,3.09,3.4,102.91,74.76,65.16
AST-0003,2026-08-19 07:59:38.403936,2.38,3.28,100.76,51.1,89.34
AST-0003,2026-08-07 08:02:38.403936,7.65,2.47,105.62,65.91,58.15
AST-0003,2026-08-16 13:02:38.403936,3.55,3.81,99.74,72.35,54.94
AST-0005,2026-08-03 17:46:38.403936,3.81,3.32,100.54,60.95,85.39
AST-0001,2026-08-21 08:26:38.403936,6.9,3.02,99.99,59.89,66.44
AST-0005,2026-08-12 02:32:38.403936,4.98,1.71,102.75,65.86,34.12
AST-0001,2026-08-20 07:56:38.403936,3.11,2.1,101.15,83.89,69.29
AST-0017,2026-08-12 00:43:38.403936,3.24,8.88,100.6,68.25,75.45
AST-0011,2026-08-28 02:28:38.403936,6.31,2.48,104.58,74.08,52.27
AST-0018,2026-08-20 21:19:38.403936,7.81,2.76,99.63,81.53,100.0
AST-0012,2026-08-06 13:53:38.403936,5.36,2.58,104.3,61.87,83.56
AST-0012,2026-08-11 21:02:38.403936,4.07,2.84,101.07,64.44,58.21
AST-0006,2026-08-11 16:56:38.403936,6.52,1.91,99.82,86.21,82.6
AST-0005,2026-08-23 03:01:38.403936,0.92,2.05,97.68,55.49,8.51
AST-0011,2026-08-06 02:26:38.403936,4.29,1.59,101.42,48.75,66.49
AST-0006,2026-08-24 21:51:38.403936,3.88,3.7,104.12,72.85,59.12
AST-0011,2026-08-08 02:24:38.403936,7.48,1.26,98.49,64.16,100.0
AST-0006,2026-08-14 09:53:38.403936,4.2,2.35,98.42,74.46,82.16
AST-0013,2026-08-23 01:11:38.403936,5.68,2.0,99.89,52.07,66.51
AST-0011,2026-08-21 11:48:38.403936,2.88,1.56,100.45,60.11,55.32
AST-0017,2026-08-05 20:46:38.403936,17.2,2.56,100.72,66.83,47.15
AST-0010,2026-08-13 20:09:38.403936,4.66,2.62,98.29,74.96,49.13
AST-0015,2026-08-24 20:58:38.403936,4.64,3.43,103.15,65.34,58.48
AST-0002,2026-08-14 04:15:38.403936,5.92,3.04,100.06,57.05,27.7
AST-0001,2026-08-05 02:36:38.403936,4.73,2.43,103.57,68.59,89.02
AST-0012,2026-08-17 01:00:38.403936,3.45,3.41,100.24,72.78,38.74
AST-0007,2026-08-02 23:19:38.403936,4.85,0.91,100.77,69.4,55.62
AST-0009,2026-08-25 07:34:38.403936,2.92,3.18,101.09,60.1,65.75
AST-0003,2026-08-07 16:05:38.403936,20.46,3.42,103.63,69.36,68.0
AST-0020,2026-08-22 01:19:38.403936,0.91,1.96,100.34,46.25,44.17
AST-0012,2026-08-26 07:13:38.403936,1.53,2.47,102.94,76.07,72.47
AST-0012,2026-08-16 20:33:38.403936,3.05,0.95,97.79,52.31,49.0
AST-0012,2026-08-16 08:03:38.403936,4.26,1.69,101.98,62.68,65.19
AST-0003,2026-08-12 18:49:38.403936,6.21,1.56,102.14,64.86,59.0
AST-0014,2026-08-08 13:54:38.403936,5.83,3.2,99.41,63.18,70.06
AST-0014,2026-08-18 21:38:38.403936,4.09,2.97,101.86,83.33,37.45
AST-0003,2026-08-17 14:43:38.403936,4.32,1.77,102.51,48.83,71.23
AST-0017,2026-08-05 07:12:38.403936,3.55,1.91,98.41,60.35,84.52
AST-0013,2026-08-14 00:40:38.403936,4.46,3.0,104.63,67.64,54.94
AST-0014,2026-08-02 18:55:38.403936,17.2,2.06,100.29,49.8,81.67
AST-0005,2026-08-06 17:20:38.403936,3.92,2.65,99.23,69.36,51.29
AST-0018,2026-08-07 19:57:38.403936,4.29,3.2,102.88,64.78,33.17
AST-0019,2026-08-21 02:10:38.403936,8.99,3.9,102.75,57.47,62.96
AST-0008,2026-08-12 14:16:38.403936,3.68,3.51,101.83,57.16,56.53
AST-0010,2026-07-30 23:37:38.403936,6.18,3.78,104.36,72.57,60.45
AST-0010,2026-08-27 21:58:38.403936,-0.36,2.74,101.3,66.4,65.97
AST-0008,2026-08-17 17:57:38.403936,2.51,2.95,102.56,71.82,82.04
AST-0003,2026-07-31 01:23:38.403936,5.41,2.17,101.16,65.91,66.94
AST-0019,2026-08-26 00:27:38.403936,6.0,3.01,105.45,87.06,66.43
AST-0016,2026-08-18 14:37:38.403936,-1.25,3.49,100.22,56.99,57.83
AST-0001,2026-08-04 04:56:38.403936,3.83,2.99,98.18,54.22,71.18
AST-0011,2026-08-10 13:48:38.403936,5.43,3.01,99.73,55.22,55.88
AST-0006,2026-08-19 17:53:38.403936,4.86,3.69,97.21,62.79,41.01
AST-0012,2026-08-01 04:05:38.403936,2.02,3.27,102.39,69.49,81.58
AST-0003,2026-07-31 23:31:38.403936,3.78,2.15,105.67,62.53,78.23
AST-0004,2026-08-22 03:35:38.403936,4.51,1.02,97.21,59.21,84.01
AST-0011,2026-08-26 00:19:38.403936,5.68,3.23,99.33,81.16,47.63
AST-0012,2026-08-12 11:10:38.403936,4.82,2.49,100.95,78.39,52.31
AST-0005,2026-08-03 02:59:38.403936,2.48,2.52,100.5,98.77,77.18
AST-0016,2026-07-30 08:24:38.403936,3.89,1.66,97.54,54.75,67.07
AST-0004,2026-08-17 12:19:38.403936,6.64,3.4,101.76,61.77,69.84
AST-0007,2026-08-08 16:17:38.403936,3.72,3.87,100.92,64.14,25.12
AST-0017,2026-08-24 04:31:38.403936,4.21,3.17,99.16,57.49,79.27
AST-0004,2026-08-22 23:30:38.403936,2.29,3.35,100.24,61.11,44.77
AST-0005,2026-08-17 18:10:38.403936,5.07,4.47,102.86,56.36,85.44
AST-0012,2026-07-30 13:17:38.403936,4.02,3.6,102.91,35.57,46.93
AST-0020,2026-08-05 02:09:38.403936,5.92,2.62,99.25,58.66,30.69
AST-0010,2026-08-22 13:42:38.403936,4.37,4.27,102.91,86.9,80.88
AST-0005,2026-07-31 01:43:38.403936,6.04,4.08,102.05,63.13,83.59
AST-0007,2026-08-05 05:48:38.403936,6.68,2.12,99.86,66.39,79.97
AST-0004,2026-08-04 16:32:38.403936,5.7,1.36,105.12,58.59,60.23
AST-0002,2026-08-02 07:13:38.403936,11.15,4.66,101.78,56.49,80.55
AST-0017,2026-08-07 16:47:38.403936,5.65,2.35,102.98,56.75,56.13
AST-0009,2026-08-25 18:13:38.403936,1.48,1.44,104.92,81.41,66.18
AST-0004,2026-07-31 17:35:38.403936,6.99,2.37,100.81,65.57,62.75
AST-0007,2026-08-04 09:31:38.403936,4.18,3.41,101.6,72.12,83.56
AST-0009,2026-08-07 04:08:38.403936,5.08,5.31,98.59,66.49,61.92
AST-0017,2026-08-25 03:33:38.403936,4.63,2.49,106.47,51.7,29.18
AST-0004,2026-08-26 15:49:38.403936,5.0,2.2,101.93,70.84,88.11
AST-0007,2026-08-25 01:47:38.403936,2.24,2.05,102.16,72.7,100.0
AST-0001,2026-08-11 14:10:38.403936,5.93,2.45,99.52,59.36,54.33
AST-0016,2026-08-03 06:06:38.403936,5.48,2.71,98.65,60.64,80.8
AST-0004,2026-08-15 10:35:38.403936,5.03,2.95,102.07,81.26,69.25
AST-0014,2026-08-06 23:51:38.403936,3.92,1.77,101.8,40.59,61.68
AST-0011,2026-08-08 12:21:38.403936,4.19,1.41,99.44,73.1,69.15
AST-0016,2026-08-04 09:20:38.403936,4.65,2.75,101.49,77.43,67.22
AST-0002,2026-08-15 04:53:38.403936,2.31,3.8,102.04,59.11,42.44
AST-0010,2026-08-02 12:09:38.403936,5.09,2.41,104.45,61.54,49.93
AST-0015,2026-08-19 13:25:38.403936,5.84,3.24,101.64,71.76,64.32
AST-0014,2026-08-09 01:01:38.403936,4.85,3.43,102.55,63.31,89.34
AST-0016,2026-08-07 08:31:38.403936,0.95,4.14,97.89,58.73,64.26
AST-0016,2026-08-15 11:39:38.403936,4.28,3.31,99.18,67.61,54.59
AST-0003,2026-08-03 13:11:38.403936,4.94,2.45,101.49,59.5,55.82
AST-0019,2026-08-04 04:32:38.403936,4.93,3.25,100.1,56.31,76.04
AST-0006,2026-08-03 09:25:38.403936,4.45,3.16,99.49,47.21,55.41
AST-0007,2026-08-01 16:59:38.403936,3.35,2.44,100.03,72.41,59.81
AST-0008,2026-08-25 20:10:38.403936,4.73,2.63,101.69,64.76,74.19
AST-0019,2026-08-18 02:12:38.403936,3.31,3.62,100.83,51.88,68.39
AST-0013,2026-08-25 18:44:38.403936,3.22,3.03,105.72,57.13,70.98
AST-0013,2026-08-14 23:16:38.403936,1.87,2.86,99.53,58.75,45.18
AST-0015,2026-08-20 19:33:38.403936,5.6,3.31,101.35,56.36,93.61
AST-0008,2026-08-03 16:19:38.403936,3.37,0.77,102.22,53.95,82.79
AST-0003,2026-08-27 08:39:38.403936,3.93,8.93,104.1,52.91,54.81
AST-0013,2026-08-21 10:24:38.403936,4.39,3.73,99.98,59.05,73.61
AST-0020,2026-08-26 06:41:38.403936,3.63,2.62,98.2,87.14,40.74
AST-0017,2026-08-27 03:03:38.403936,4.02,2.47,105.13,51.75,100.0
AST-0016,2026-08-21 03:55:38.403936,5.64,2.83,99.33,70.71,51.98
AST-0018,2026-08-21 01:48:38.403936,6.4,1.72,101.07,59.45,47.22
AST-0004,2026-08-23 15:22:38.403936,-2.39,2.93,103.72,47.2,84.16
AST-0015,2026-08-16 05:20:38.403936,8.26,2.14,105.09,62.37,40.3
AST-0010,2026-08-19 16:23:38.403936,-3.96,3.34,99.62,59.0,75.68
AST-0013,2026-08-06 05:36:38.403936,4.5,2.97,101.78,69.8,57.22
AST-0016,2026-08-20 22:44:38.403936,4.85,1.76,103.88,58.66,85.32
AST-0016,2026-08-23 23:11:38.403936,4.15,2.66,100.31,54.84,33.59
AST-0013,2026-08-24 08:26:38.403936,2.92,2.24,101.72,75.1,56.98
AST-0020,2026-08-10 18:00:38.403936,3.18,1.35,102.26,78.83,87.79
AST-0002,2026-08-14 19:37:38.403936,5.56,3.01,104.7,68.32,76.63
AST-0012,2026-07-31 01:03:38.403936,4.02,1.41,99.93,64.91,66.09
AST-0011,2026-08-14 15:22:38.403936,7.39,2.57,103.66,60.65,59.39
AST-0012,2026-08-16 02:00:38.403936,2.51,1.91,102.35,65.08,81.97
AST-0008,2026-08-17 12:15:38.403936,4.77,2.22,105.6,64.06,85.93
AST-0003,2026-08-09 10:35:38.403936,3.9,3.07,103.16,67.08,22.62
AST-0018,2026-08-12 15:21:38.403936,4.53,3.48,102.35,69.46,34.0
AST-0019,2026-08-13 14:31:38.403936,15.42,2.83,102.12,77.15,62.39
AST-0016,2026-08-22 04:34:38.403936,5.11,2.51,99.33,42.44,72.76
AST-0013,2026-08-25 12:33:38.403936,12.76,2.01,98.06,71.3,60.21
AST-0004,2026-08-13 10:29:38.403936,5.34,3.99,97.02,58.0,61.23
AST-0011,2026-08-08 03:13:38.403936,6.68,1.19,105.17,66.36,63.27
AST-0014,2026-08-06 08:19:38.403936,4.2,2.15,103.4,54.31,71.22
AST-0003,2026-08-07 22:41:38.403936,3.92,1.89,106.47,69.19,76.04
AST-0010,2026-08-23 03:35:38.403936,6.21,1.36,104.8,39.91,51.16
AST-0003,2026-08-24 20:45:38.403936,3.81,2.97,101.74,63.33,64.78
AST-0003,2026-08-25 01:51:38.403936,3.03,1.3,102.75,71.94,93.52
AST-0007,2026-08-24 13:00:38.403936,3.31,3.05,100.73,76.9,83.4
AST-0010,2026-08-14 13:40:38.403936,4.82,2.23,103.22,71.47,52.68
AST-0018,2026-08-21 17:31:38.403936,2.51,2.27,104.33,76.46,44.98
AST-0020,2026-08-13 00:34:38.403936,2.75,3.52,99.03,70.09,53.91
AST-0006,2026-08-22 05:14:38.403936,6.93,1.88,103.59,66.85,69.54
AST-0006,2026-07-30 14:38:38.403936,1.54,0.74,100.86,67.47,44.75
AST-0015,2026-08-25 00:23:38.403936,2.87,2.95,102.43,63.62,79.04
AST-0020,2026-08-10 22:58:38.403936,2.74,2.22,104.6,65.68,67.27
AST-0002,2026-08-18 12:03:38.403936,7.96,1.38,102.89,81.64,59.15
AST-0008,2026-08-22 12:46:38.403936,5.79,1.71,99.93,68.85,79.37
AST-0014,2026-08-05 14:40:38.403936,6.18,3.76,101.17,76.94,58.84
AST-0003,2026-08-17 10:25:38.403936,5.85,2.67,102.19,69.24,36.12
AST-0010,2026-08-27 14:44:38.403936,2.81,2.58,97.93,73.31,80.69
AST-0008,2026-08-28 03:58:38.403936,4.99,1.6,104.06,85.37,67.65
AST-0001,2026-08-17 05:37:38.403936,5.27,2.66,102.36,63.8,64.38
AST-0016,2026-08-09 22:33:38.403936,5.86,4.38,98.5,63.96,43.75
AST-0002,2026-08-24 05:47:38.403936,6.89,2.03,98.41,71.38,96.4
AST-0009,2026-08-07 22:56:38.403936,5.5,2.66,102.12,79.15,49.26
AST-0002,2026-08-11 09:43:38.403936,4.33,2.14,98.96,61.72,84.94
AST-0003,2026-08-20 20:59:38.403936,5.35,3.02,101.59,70.23,50.59
AST-0013,2026-08-15 07:17:38.403936,3.93,5.03,103.11,69.13,60.8
AST-0017,2026-08-05 03:50:38.403936,3.82,2.4,101.89,46.2,36.75
AST-0017,2026-08-04 06:05:38.403936,3.54,2.67,100.82,79.78,38.32
AST-0020,2026-08-10 05:21:38.403936,3.37,3.72,101.56,73.85,100.0
AST-0019,2026-08-04 07:52:38.403936,3.46,2.42,100.76,45.45,59.41
AST-0014,2026-08-16 12:14:38.403936,5.82,2.93,102.54,61.24,53.19
AST-0009,2026-08-08 16:26:38.403936,6.4,2.1,101.89,66.63,91.31
AST-0002,2026-08-18 18:20:38.403936,5.96,1.46,98.92,70.79,63.84
AST-0004,2026-08-21 01:55:38.403936,3.82,3.31,101.67,65.52,79.04
AST-0008,2026-08-13 04:00:38.403936,3.94,3.75,99.72,71.57,90.81
AST-0001,2026-08-20 09:23:38.403936,3.4,3.26,103.67,53.35,43.33
AST-0002,2026-08-28 03:15:38.403936,4.84,3.0,100.7,71.79,52.22
AST-0012,2026-08-09 16:06:38.403936,1.33,2.16,101.43,62.24,44.15
AST-0015,2026-08-04 07:37:38.403936,1.78,2.09,103.1,77.56,86.38
AST-0009,2026-08-16 10:37:38.403936,11.28,1.58,102.29,71.35,72.2
AST-0008,2026-08-12 10:58:38.403936,1.48,1.81,101.24,69.87,78.81
AST-0015,2026-08-12 07:10:38.403936,4.72,2.76,101.47,71.86,70.63
AST-0014,2026-08-27 11:55:38.403936,4.6,2.29,101.46,69.85,69.81
AST-0016,2026-07-31 07:19:38.403936,5.07,3.57,101.83,58.51,80.9
AST-0011,2026-08-20 04:52:38.403936,2.45,1.63,101.97,70.16,42.59
AST-0006,2026-08-17 23:39:38.403936,3.93,2.02,100.33,74.44,77.72
AST-0020,2026-08-10 15:21:38.403936,4.47,2.06,98.6,79.2,75.66
AST-0001,2026-08-23 16:34:38.403936,3.44,3.08,101.16,62.13,72.83
AST-0015,2026-08-01 03:13:38.403936,3.39,2.22,101.54,60.01,77.04
AST-0010,2026-08-27 22:34:38.403936,7.3,1.9,97.97,44.98,62.29
AST-0008,2026-08-13 00:59:38.403936,3.51,2.67,101.57,48.97,32.33
AST-0005,2026-08-22 06:19:38.403936,4.94,2.61,100.45,48.43,73.49
AST-0011,2026-08-25 19:08:38.403936,6.41,2.72,99.61,65.45,40.41
AST-0009,2026-08-19 07:27:38.403936,6.09,2.57,97.76,61.99,73.34
AST-0010,2026-08-06 15:48:38.403936,4.0,2.28,98.85,70.67,53.33
AST-0013,2026-08-07 19:18:38.403936,1.27,2.2,103.26,61.13,96.28
AST-0008,2026-08-15 22:27:38.403936,5.14,2.77,101.04,64.32,60.26
AST-0020,2026-07-30 16:57:38.403936,4.05,2.92,99.43,54.24,44.78
AST-0015,2026-08-27 06:45:38.403936,7.57,2.92,101.91,54.42,76.22
AST-0002,2026-08-07 18:52:38.403936,4.33,2.67,99.35,66.6,57.37
AST-0005,2026-08-17 00:21:38.403936,3.35,3.09,98.22,70.65,77.32
AST-0019,2026-08-02 19:35:38.403936,3.18,1.84,100.85,67.82,62.25
AST-0015,2026-08-04 02:29:38.403936,17.15,3.91,100.28,47.85,79.87
AST-0007,2026-08-21 06:03:38.403936,7.02,2.81,99.12,63.76,44.87
AST-0005,2026-08-10 21:04:38.403936,5.46,1.42,100.7,54.96,67.28
AST-0010,2026-08-18 09:25:38.403936,3.95,2.64,101.34,55.13,76.28
AST-0005,2026-08-07 09:09:38.403936,4.43,1.71,105.78,69.76,62.24
AST-0020,2026-07-31 01:44:38.403936,6.62,3.97,101.01,68.47,47.22
AST-0015,2026-08-19 06:54:38.403936,4.28,2.34,101.67,68.33,75.08
AST-0013,2026-08-02 15:57:38.403936,-3.14,1.53,99.42,59.54,59.92
AST-0020,2026-08-08 10:06:38.403936,6.08,1.57,100.59,74.53,59.6
AST-0002,2026-08-10 10:11:38.403936,5.19,2.39,101.81,62.72,77.01
AST-0012,2026-08-13 21:53:38.403936,2.18,2.21,101.89,70.34,91.87
AST-0020,2026-08-26 08:38:38.403936,3.91,3.68,99.98,78.29,79.71
AST-0010,2026-07-31 20:01:38.403936,15.13,2.75,101.2,71.26,60.98
AST-0018,2026-08-16 17:25:38.403936,4.04,3.6,101.1,73.26,60.94
AST-0017,2026-07-31 15:14:38.403936,7.0,1.96,100.07,80.25,56.99
AST-0005,2026-08-21 04:37:38.403936,6.9,3.21,100.99,46.87,64.65
AST-0005,2026-08-02 20:14:38.403936,4.65,3.43,104.48,58.15,79.42
AST-0005,2026-08-10 14:44:38.403936,5.65,3.36,102.3,45.58,62.2
AST-0012,2026-08-21 11:35:38.403936,2.77,2.34,103.26,68.05,85.67
AST-0020,2026-08-18 08:05:38.403936,5.01,1.46,96.26,66.49,61.15
AST-0006,2026-08-10 18:24:38.403936,3.03,1.14,99.83,63.06,76.99
AST-0005,2026-08-13 02:58:38.403936,4.78,3.79,99.23,73.81,65.85
AST-0015,2026-08-24 01:15:38.403936,5.54,2.15,103.44,67.95,52.77
AST-0006,2026-08-01 04:26:38.403936,4.48,2.31,102.28,53.2,64.47
AST-0015,2026-07-31 09:29:38.403936,5.09,2.53,103.99,72.74,64.87
AST-0016,2026-08-18 15:00:38.403936,4.83,2.74,102.11,46.74,59.57
AST-0018,2026-07-31 14:52:38.403936,2.27,3.52,101.18,63.07,81.14
AST-0005,2026-08-20 20:17:38.403936,5.13,1.6,101.16,61.65,33.6
AST-0010,2026-08-04 09:22:38.403936,3.46,2.35,101.07,50.18,85.73
AST-0009,2026-08-06 23:38:38.403936,4.35,2.53,102.1,57.12,73.21
AST-0019,2026-08-24 09:31:38.403936,3.95,1.78,102.45,79.92,78.05
AST-0014,2026-07-29 22:49:38.403936,5.88,2.08,98.1,79.9,100.0
AST-0004,2026-08-02 06:14:38.403936,6.81,2.23,98.99,54.34,34.69
AST-0004,2026-08-13 17:17:38.403936,16.34,3.78,101.02,68.02,89.76
AST-0004,2026-08-16 16:51:38.403936,3.89,4.13,105.28,63.69,54.6
AST-0016,2026-08-13 11:42:38.403936,5.55,2.22,98.99,77.81,86.9
AST-0001,2026-08-19 10:15:38.403936,4.73,1.49,98.84,66.07,56.0
AST-0015,2026-08-13 18:08:38.403936,3.99,3.32,102.77,78.78,47.17
AST-0019,2026-08-13 13:12:38.403936,3.99,3.11,102.2,80.32,72.57
AST-0010,2026-08-04 15:34:38.403936,7.27,2.93,103.42,61.76,65.26
AST-0018,2026-08-13 11:18:38.403936,5.87,3.79,102.76,64.17,89.79
AST-0006,2026-08-26 04:10:38.403936,1.21,1.36,102.66,65.14,75.9
AST-0003,2026-08-09 16:32:38.403936,4.6,2.96,99.67,70.7,82.9
AST-0013,2026-07-30 16:43:38.403936,6.33,4.11,101.79,67.74,37.58
AST-0005,2026-08-11 17:32:38.403936,3.7,2.35,103.4,58.89,79.33
AST-0010,2026-08-04 06:02:38.403936,4.5,2.36,101.8,61.09,57.28
AST-0012,2026-08-26 05:30:38.403936,1.94,2.3,100.34,59.84,72.5
AST-0013,2026-08-22 02:16:38.403936,5.49,2.69,103.29,70.76,59.69
AST-0003,2026-08-20 10:42:38.403936,3.81,2.75,102.45,78.98,86.44
AST-0014,2026-08-17 23:50:38.403936,3.69,2.42,102.64,75.68,81.9
AST-0011,2026-08-27 11:11:38.403936,4.4,1.5,99.3,67.73,71.16
AST-0005,2026-08-19 20:36:38.403936,2.85,2.54,102.56,53.49,84.89
AST-0003,2026-08-21 07:20:38.403936,3.93,3.51,100.23,54.73,56.75
AST-0016,2026-08-11 23:50:38.403936,4.36,2.19,100.87,68.34,61.92
AST-0010,2026-08-12 10:25:38.403936,4.4,1.13,102.08,64.11,93.99
AST-0002,2026-08-10 01:54:38.403936,3.09,1.05,102.54,68.47,46.85
AST-0004,2026-08-23 20:08:38.403936,2.21,3.73,104.13,40.13,56.75
AST-0019,2026-08-22 00:05:38.403936,7.0,2.12,100.32,62.17,44.82
AST-0017,2026-08-10 07:04:38.403936,1.94,3.34,97.61,67.47,80.96
AST-0006,2026-07-30 12:05:38.403936,2.32,1.76,103.73,70.33,53.89
AST-0014,2026-08-07 01:20:38.403936,6.3,3.47,101.84,56.0,57.56
AST-0015,2026-08-12 07:25:38.403936,4.93,2.35,103.18,49.7,38.1
AST-0006,2026-08-27 03:41:38.403936,4.77,2.11,100.05,47.32,65.35
AST-0020,2026-08-08 08:51:38.403936,4.42,3.02,101.44,63.67,86.19
AST-0018,2026-08-10 13:33:38.403936,2.53,2.93,97.96,56.62,43.17
AST-0015,2026-07-30 13:53:38.403936,-2.33,8.07,101.27,53.93,59.61
AST-0020,2026-08-17 04:47:38.403936,3.35,2.81,99.32,78.3,34.84
AST-0020,2026-08-20 21:56:38.403936,3.29,3.84,100.43,51.85,68.94
AST-0013,2026-08-15 04:19:38.403936,3.79,1.83,99.11,92.68,60.47
AST-0007,2026-08-12 12:53:38.403936,1.61,3.69,102.52,57.34,48.2
AST-0007,2026-08-03 20:33:38.403936,5.51,2.3,97.45,82.87,57.19
AST-0008,2026-07-30 23:36:38.403936,6.74,3.52,99.3,75.33,53.27
AST-0018,2026-08-18 14:18:38.403936,1.7,2.16,102.1,60.37,59.47
AST-0005,2026-08-07 10:50:38.403936,6.22,2.59,99.61,72.02,68.56
AST-0005,2026-08-20 08:02:38.403936,0.72,2.84,102.08,65.2,81.05
AST-0015,2026-08-19 00:39:38.403936,3.49,2.77,98.17,69.07,100.0
AST-0013,2026-08-25 09:32:38.403936,3.01,1.89,99.88,66.3,45.87
AST-0014,2026-08-01 01:56:38.403936,5.13,3.18,102.37,47.32,82.91
AST-0020,2026-08-17 16:21:38.403936,5.91,3.16,102.05,67.2,83.58
AST-0013,2026-08-23 23:45:38.403936,7.39,1.74,103.46,64.14,62.67
AST-0016,2026-08-20 21:16:38.403936,2.2,2.27,99.31,60.36,45.23
AST-0014,2026-08-09 07:37:38.403936,3.83,2.18,101.49,48.85,38.98
AST-0014,2026-08-24 23:54:38.403936,5.04,1.86,103.45,67.25,75.92
AST-0012,2026-08-20 07:19:38.403936,6.62,2.25,100.15,73.72,74.17
AST-0007,2026-08-19 04:00:38.403936,4.22,7.77,100.88,65.33,65.38
AST-0008,2026-08-20 02:51:38.403936,3.1,2.56,104.09,69.45,65.56
AST-0020,2026-08-25 12:11:38.403936,4.26,2.76,102.8,71.09,59.03
AST-0013,2026-08-28 15:53:38.403936,4.99,2.88,99.29,66.68,26.1
AST-0012,2026-08-17 17:38:38.403936,5.22,3.03,102.8,61.05,70.56
AST-0020,2026-08-20 06:13:38.403936,6.64,3.63,101.24,66.39,85.0
AST-0016,2026-08-08 04:38:38.403936,2.25,2.24,103.97,74.75,71.65
AST-0016,2026-08-04 15:19:38.403936,2.24,2.46,100.12,68.31,50.43
AST-0016,2026-08-03 08:31:38.403936,2.96,0.85,103.74,61.0,67.83
AST-0001,2026-08-12 13:59:38.403936,4.5,1.65,98.78,54.95,51.98
AST-0006,2026-08-15 02:12:38.403936,5.05,1.86,104.79,75.27,79.55
AST-0002,2026-08-06 17:09:38.403936,4.32,3.71,100.86,64.69,68.06
AST-0008,2026-08-01 15:51:38.403936,5.55,3.01,100.35,59.67,76.52
AST-0011,2026-08-04 06:08:38.403936,5.57,2.19,98.13,62.93,76.22
AST-0018,2026-08-14 22:20:38.403936,7.21,1.54,100.45,61.11,89.4
AST-0017,2026-08-10 22:29:38.403936,4.45,1.77,102.42,60.95,42.96
AST-0015,2026-08-26 06:21:38.403936,3.16,3.89,102.07,66.08,60.5
AST-0004,2026-08-19 13:37:38.403936,4.94,2.72,101.88,66.15,80.64
AST-0004,2026-08-26 13:13:38.403936,4.53,1.72,100.08,45.21,100.0
AST-0004,2026-08-24 08:41:38.403936,5.79,1.84,100.74,58.63,92.77
AST-0010,2026-08-08 02:39:38.403936,2.37,2.59,101.08,73.27,63.13
AST-0004,2026-08-18 20:34:38.403936,1.86,2.3,99.36,65.8,90.82
AST-0005,2026-08-05 18:50:38.403936,1.89,1.86,100.19,61.18,78.32
AST-0014,2026-08-04 08:38:38.403936,4.24,2.83,100.05,67.3,79.0
AST-0011,2026-07-30 01:30:38.403936,3.4,3.13,101.4,75.45,61.37
AST-0012,2026-08-11 19:31:38.403936,5.07,2.47,101.11,67.59,74.66
AST-0005,2026-08-17 15:37:38.403936,2.63,3.65,97.58,58.15,63.3
AST-0014,2026-08-22 20:50:38.403936,5.12,3.76,97.58,59.92,26.72
AST-0017,2026-08-17 13:52:38.403936,4.55,2.72,104.48,66.21,83.79
AST-0001,2026-08-15 05:28:38.403936,5.38,2.15,98.48,67.75,38.14
AST-0011,2026-08-22 07:23:38.403936,6.44,2.37,103.69,60.2,69.84
AST-0002,2026-08-17 01:01:38.403936,4.81,2.46,100.43,68.92,48.33
AST-0005,2026-08-16 15:52:38.403936,2.69,3.49,102.75,65.66,94.97
AST-0017,2026-08-24 21:53:38.403936,4.1,3.56,101.65,54.75,98.26
AST-0018,2026-08-12 05:19:38.403936,5.99,2.4,102.75,60.96,79.92
AST-0012,2026-08-12 14:43:38.403936,0.91,1.68,103.26,62.5,68.74
AST-0020,2026-07-30 02:56:38.403936,2.48,3.98,103.68,62.99,57.72
AST-0007,2026-08-05 10:43:38.403936,6.04,4.09,103.21,86.72,48.4
AST-0015,2026-08-23 12:58:38.403936,3.27,1.55,102.18,66.76,62.26
AST-0013,2026-08-14 11:25:38.403936,5.71,3.49,98.25,59.03,79.76
AST-0018,2026-08-07 17:48:38.403936,3.8,1.86,103.34,52.1,59.57
AST-0005,2026-08-13 23:40:38.403936,4.99,2.04,102.87,59.31,90.36
AST-0003,2026-08-22 10:48:38.403936,4.31,3.04,102.79,58.72,28.04
AST-0006,2026-08-22 01:11:38.403936,5.04,2.56,102.41,62.73,57.25
AST-0008,2026-07-30 19:53:38.403936,19.51,1.32,102.77,59.25,58.96
AST-0004,2026-08-12 14:18:38.403936,4.02,1.86,102.44,78.91,73.46
AST-0017,2026-08-01 11:47:38.403936,4.66,1.71,102.33,86.56,58.15
AST-0004,2026-08-14 21:29:38.403936,3.94,2.05,100.32,37.55,72.29
AST-0015,2026-08-19 04:27:38.403936,3.23,1.21,102.81,54.18,58.9
AST-0019,2026-08-14 04:34:38.403936,6.7,1.37,98.23,67.69,85.69
AST-0018,2026-08-24 12:05:38.403936,2.14,2.83,102.46,44.41,79.37
AST-0019,2026-08-25 20:48:38.403936,5.81,2.25,103.8,76.36,66.86
AST-0008,2026-08-05 03:12:38.403936,3.82,1.72,101.22,70.7,59.16
AST-0012,2026-08-03 13:15:38.403936,1.2,3.51,101.68,61.2,80.43
AST-0014,2026-08-19 10:32:38.403936,6.79,0.26,102.17,50.73,73.98
AST-0005,2026-08-02 11:49:38.403936,4.69,3.01,100.3,46.27,56.89
AST-0017,2026-08-20 10:30:38.403936,5.11,3.31,98.96,75.27,53.34
AST-0013,2026-08-17 02:13:38.403936,5.04,2.09,101.66,73.92,42.91
AST-0015,2026-08-10 18:20:38.403936,3.48,2.65,106.1,56.37,100.0
AST-0006,2026-08-21 01:01:38.403936,7.51,2.42,100.7,58.08,63.77
AST-0015,2026-08-05 07:58:38.403936,2.39,2.44,104.29,58.89,60.67
AST-0017,2026-08-04 15:38:38.403936,1.95,2.8,101.83,65.64,61.1
AST-0002,2026-08-04 03:16:38.403936,4.06,2.9,101.24,68.15,68.87
AST-0004,2026-08-05 21:37:38.403936,6.19,3.04,101.69,80.18,72.56
AST-0012,2026-08-26 03:25:38.403936,6.46,2.99,97.62,78.05,67.43
AST-0004,2026-08-24 18:50:38.403936,4.42,2.73,100.61,67.27,54.35
AST-0010,2026-08-15 16:03:38.403936,6.41,2.41,100.53,55.75,69.84
AST-0019,2026-08-20 21:04:38.403936,-3.22,2.81,99.25,48.99,76.26
AST-0010,2026-08-17 22:59:38.403936,6.73,1.68,104.48,67.84,64.87
AST-0001,2026-08-08 13:47:38.403936,3.9,1.39,103.28,57.24,50.96
AST-0002,2026-08-04 07:55:38.403936,5.99,0.99,98.25,64.82,70.28
AST-0015,2026-08-17 18:25:38.403936,5.23,2.26,106.36,62.72,60.85
AST-0020,2026-08-14 03:18:38.403936,3.3,2.6,102.53,77.04,38.19
AST-0015,2026-08-04 19:22:38.403936,4.13,2.86,102.47,65.07,74.76
AST-0011,2026-08-19 05:45:38.403936,3.29,3.75,103.29,51.55,45.65
AST-0014,2026-08-02 19:52:38.403936,2.93,3.04,98.73,61.69,73.18
AST-0018,2026-08-16 09:16:38.403936,4.4,2.71,99.17,70.95,53.96
AST-0009,2026-07-31 20:21:38.403936,4.01,2.69,101.51,65.24,51.49
AST-0001,2026-08-28 03:49:38.403936,4.05,2.5,98.55,60.37,71.98
AST-0010,2026-08-24 19:05:38.403936,2.58,3.43,103.84,52.55,89.44
AST-0003,2026-08-24 07:07:38.403936,4.28,2.83,100.31,74.23,72.31
AST-0002,2026-08-07 12:29:38.403936,3.28,1.57,98.38,66.88,75.3
AST-0017,2026-08-24 17:10:38.403936,5.48,2.41,98.99,58.18,85.74
AST-0006,2026-07-30 14:42:38.403936,3.77,2.61,99.15,68.37,56.76
AST-0019,2026-07-30 15:02:38.403936,6.07,3.12,100.31,63.73,55.08
AST-0011,2026-08-18 23:32:38.403936,2.37,1.81,101.7,68.25,67.67
AST-0001,2026-08-17 01:11:38.403936,4.05,3.25,101.43,72.03,33.07
AST-0017,2026-08-14 05:38:38.403936,-1.38,2.73,98.45,62.88,59.56
AST-0004,2026-08-13 04:58:38.403936,6.88,2.82,101.63,73.37,71.63
AST-0009,2026-08-23 10:05:38.403936,3.81,3.36,99.08,68.23,37.14
AST-0006,2026-08-02 20:12:38.403936,4.81,2.65,104.65,49.35,54.18
AST-0001,2026-08-01 10:39:38.403936,5.73,2.77,101.66,55.44,54.37
AST-0005,2026-08-01 10:12:38.403936,6.37,2.46,102.05,63.85,43.7
AST-0004,2026-08-17 13:13:38.403936,5.9,2.9,105.91,54.84,79.81
AST-0019,2026-08-01 02:58:38.403936,2.53,2.63,103.25,44.28,61.31
AST-0018,2026-08-04 00:00:38.403936,4.81,2.59,101.3,54.11,84.95
AST-0001,2026-08-17 06:57:38.403936,4.94,8.35,99.69,60.41,61.83
AST-0004,2026-08-11 00:18:38.403936,2.2,1.15,100.1,70.23,53.24
AST-0005,2026-08-09 23:21:38.403936,2.97,1.85,100.39,61.46,100.0
AST-0017,2026-08-12 15:02:38.403936,6.08,3.32,103.64,55.01,43.0
AST-0018,2026-08-08 00:32:38.403936,2.84,3.57,100.21,52.49,57.24
AST-0014,2026-08-06 10:01:38.403936,4.14,2.71,101.8,56.72,77.34
AST-0020,2026-08-24 00:41:38.403936,3.54,7.23,102.67,58.58,54.75
AST-0002,2026-08-11 22:15:38.403936,5.39,1.81,100.53,70.56,100.0
AST-0013,2026-08-20 16:59:38.403936,5.41,2.88,102.36,54.27,67.08
AST-0017,2026-08-14 18:09:38.403936,4.46,2.76,101.53,68.8,59.39
AST-0019,2026-08-11 13:35:38.403936,4.59,1.52,100.66,78.91,70.74
AST-0004,2026-08-01 22:42:38.403936,4.47,4.02,98.58,53.91,95.83
AST-0014,2026-08-05 02:51:38.403936,4.57,2.31,98.9,69.48,74.8
AST-0011,2026-08-08 08:37:38.403936,2.86,2.39,100.63,67.56,44.85
AST-0015,2026-08-14 08:33:38.403936,6.38,3.23,100.57,62.84,62.54
AST-0011,2026-08-11 04:31:38.403936,3.33,2.15,100.76,81.13,82.04
AST-0001,2026-08-08 08:22:38.403936,5.9,2.8,99.07,64.59,82.47
AST-0001,2026-08-04 20:22:38.403936,2.61,7.92,105.95,75.62,90.45
AST-0016,2026-08-06 15:51:38.403936,4.83,3.27,99.86,72.96,76.78
AST-0003,2026-08-16 15:20:38.403936,4.93,3.55,100.22,63.13,66.72
AST-0004,2026-08-23 06:39:38.403936,14.96,2.68,97.86,75.47,65.84
AST-0020,2026-08-14 19:52:38.403936,3.72,1.83,100.83,71.88,74.86
AST-0001,2026-08-15 01:18:38.403936,3.44,1.82,102.61,57.78,66.08
AST-0015,2026-08-04 10:35:38.403936,4.69,2.75,103.02,52.37,30.6
AST-0012,2026-07-30 04:32:38.403936,3.65,8.07,105.34,83.31,61.53
AST-0010,2026-08-07 11:29:38.403936,1.83,0.63,100.07,63.02,88.41
AST-0012,2026-08-08 19:52:38.403936,5.8,2.68,99.52,55.39,69.57
AST-0020,2026-07-31 10:30:38.403936,5.55,2.81,99.23,71.51,72.67
AST-0009,2026-08-08 06:41:38.403936,14.89,1.87,102.68,62.65,93.6
AST-0007,2026-08-24 15:55:38.403936,5.25,2.11,101.28,65.63,51.89
AST-0006,2026-08-24 12:13:38.403936,3.13,3.06,102.99,71.04,92.28
AST-0005,2026-08-01 17:42:38.403936,3.69,3.84,99.5,54.87,33.32
AST-0017,2026-08-10 13:53:38.403936,3.83,2.1,102.35,67.44,43.53
AST-0018,2026-08-11 05:57:38.403936,3.91,2.2,97.75,55.19,51.13
AST-0015,2026-08-26 17:28:38.403936,6.65,2.65,102.62,50.01,86.5
AST-0002,2026-07-29 20:27:38.403936,6.45,0.9,99.89,69.96,76.6
AST-0009,2026-08-13 11:07:38.403936,3.48,2.26,100.11,66.1,86.55
AST-0012,2026-08-04 07:15:38.403936,3.34,3.3,99.74,56.52,79.73
AST-0008,2026-08-22 07:17:38.403936,5.88,3.18,98.67,60.34,79.81
AST-0015,2026-07-31 21:36:38.403936,4.56,1.64,102.22,57.85,97.3
AST-0019,2026-08-13 03:44:38.403936,-1.18,2.98,104.02,65.65,78.78
AST-0014,2026-07-30 22:01:38.403936,6.72,2.7,100.79,47.95,63.5
AST-0011,2026-08-02 03:37:38.403936,5.74,3.26,102.31,59.59,29.42
AST-0001,2026-08-12 21:47:38.403936,3.76,2.26,100.67,71.19,100.0
AST-0011,2026-08-20 14:34:38.403936,4.69,8.52,100.78,66.24,50.09
AST-0011,2026-08-10 03:49:38.403936,4.68,2.86,101.72,69.58,72.81
AST-0008,2026-08-01 05:46:38.403936,1.84,3.01,99.96,54.04,45.12
AST-0004,2026-08-02 01:57:38.403936,5.15,2.32,97.94,69.78,39.09
AST-0002,2026-08-27 05:21:38.403936,4.71,2.69,103.07,82.82,40.44
AST-0003,2026-07-31 06:44:38.403936,4.42,2.28,102.17,67.16,58.65
AST-0002,2026-08-04 13:37:38.403936,3.84,1.61,103.28,69.59,81.52
AST-0004,2026-08-12 11:36:38.403936,4.03,1.97,99.14,68.59,46.28
AST-0013,2026-08-01 07:15:38.403936,7.27,1.45,101.85,80.67,75.78
AST-0008,2026-08-17 01:03:38.403936,4.76,1.73,98.54,72.7,92.11
AST-0015,2026-08-26 01:12:38.403936,3.84,1.59,96.38,55.19,62.95
AST-0020,2026-08-16 05:39:38.403936,6.9,3.04,101.91,61.0,54.5
AST-0001,2026-08-26 22:40:38.403936,6.61,2.66,97.09,58.26,49.55
AST-0004,2026-08-19 10:17:38.403936,3.68,2.95,101.09,64.23,88.64
AST-0007,2026-08-03 10:28:38.403936,15.46,3.99,99.96,65.89,59.94
AST-0012,2026-08-24 20:25:38.403936,4.69,2.86,102.17,57.47,44.79
AST-0006,2026-08-17 22:10:38.403936,8.25,2.11,102.7,48.92,59.97
AST-0005,2026-08-09 19:54:38.403936,4.31,2.88,95.86,66.66,44.3
AST-0012,2026-08-12 22:44:38.403936,4.99,1.67,99.59,62.26,46.06
AST-0005,2026-08-12 22:13:38.403936,3.79,1.55,97.63,75.18,41.67
AST-0010,2026-08-05 11:19:38.403936,4.23,3.1,100.07,56.75,69.07
AST-0005,2026-08-15 13:10:38.403936,6.18,1.56,101.0,47.68,57.92
AST-0018,2026-08-01 08:55:38.403936,4.55,1.82,100.39,50.92,66.39
AST-0007,2026-08-01 05:57:38.403936,6.08,1.62,100.05,70.03,86.82
AST-0011,2026-08-27 21:58:38.403936,2.26,2.36,101.87,63.98,20.42
AST-0015,2026-08-07 09:08:38.403936,5.25,3.72,101.53,54.69,55.76
AST-0019,2026-08-26 01:25:38.403936,7.15,3.23,102.58,68.56,53.1
AST-0006,2026-08-14 00:56:38.403936,4.2,2.44,102.4,80.09,85.13
AST-0002,2026-08-03 12:50:38.403936,2.37,2.68,102.77,71.19,53.67
AST-0008,2026-08-21 08:00:38.403936,8.87,5.37,99.13,67.34,100.0
AST-0011,2026-08-19 23:53:38.403936,3.25,2.29,103.45,64.82,58.98
AST-0001,2026-08-15 20:54:38.403936,5.35,2.72,103.36,77.91,70.53
AST-0004,2026-08-15 06:36:38.403936,12.94,2.67,102.28,65.55,64.99
AST-0019,2026-08-05 05:51:38.403936,6.29,3.71,98.28,65.1,52.6
AST-0006,2026-08-15 03:26:38.403936,4.03,6.61,102.64,63.88,30.56
AST-0011,2026-08-08 17:27:38.403936,3.05,3.22,95.82,76.87,74.38
AST-0006,2026-08-23 23:59:38.403936,6.47,2.34,97.18,69.3,87.94
AST-0013,2026-08-10 16:15:38.403936,5.89,7.68,101.47,59.67,50.25
AST-0007,2026-08-28 13:36:38.403936,5.93,1.54,99.51,53.96,38.18
AST-0012,2026-08-12 15:32:38.403936,4.72,3.43,100.93,49.94,80.12
AST-0020,2026-08-06 13:29:38.403936,7.03,1.98,100.34,70.16,94.19
AST-0005,2026-08-18 12:03:38.403936,3.72,1.43,102.56,72.99,65.11
AST-0013,2026-08-04 17:10:38.403936,3.66,3.3,102.36,57.32,65.88
AST-0008,2026-08-15 19:06:38.403936,2.47,3.05,100.78,60.64,64.41
AST-0018,2026-07-31 20:46:38.403936,4.56,3.22,102.48,63.44,78.75
AST-0002,2026-08-12 03:38:38.403936,5.1,2.16,101.05,63.52,74.09
AST-0017,2026-08-27 09:51:38.403936,3.95,2.19,105.24,74.4,51.31
AST-0003,2026-08-25 08:17:38.403936,5.36,2.59,102.08,66.37,86.41
AST-0006,2026-08-20 04:24:38.403936,5.02,2.45,103.38,67.33,67.19
AST-0017,2026-08-21 21:51:38.403936,4.97,2.43,101.32,59.13,51.48
AST-0011,2026-08-15 19:06:38.403936,3.0,1.39,99.54,63.26,66.86
AST-0016,2026-08-15 18:41:38.403936,4.09,0.62,104.45,75.86,73.02
AST-0019,2026-08-20 07:47:38.403936,7.36,1.72,105.08,55.35,69.3
AST-0015,2026-08-28 08:00:38.403936,-5.41,2.51,102.07,63.45,77.85
AST-0013,2026-08-09 10:19:38.403936,4.65,2.08,100.17,73.11,53.23
AST-0009,2026-08-24 18:24:38.403936,5.87,3.48,97.96,76.33,100.0
AST-0010,2026-08-23 19:39:38.403936,4.88,2.98,103.37,62.25,68.28
AST-0002,2026-08-18 23:50:38.403936,2.53,2.61,102.3,70.16,84.18
AST-0015,2026-08-19 22:29:38.403936,3.34,2.07,105.09,63.5,68.6
AST-0016,2026-08-20 01:00:38.403936,4.4,1.84,104.55,59.72,44.71
AST-0009,2026-08-13 04:35:38.403936,3.82,5.67,100.0,55.32,76.11
AST-0010,2026-08-28 03:12:38.403936,3.49,3.21,104.1,72.81,61.12
AST-0009,2026-08-21 14:22:38.403936,4.71,1.28,101.03,56.4,77.5
AST-0002,2026-08-09 03:04:38.403936,8.36,2.9,97.32,61.39,67.2
AST-0011,2026-08-23 14:43:38.403936,4.63,1.92,101.79,52.57,47.99
AST-0009,2026-08-10 03:24:38.403936,5.47,1.69,102.38,51.31,96.77
AST-0018,2026-08-07 10:32:38.403936,3.34,2.32,101.96,59.35,67.58
AST-0012,2026-08-10 15:32:38.403936,13.36,3.27,102.88,63.28,62.36
AST-0001,2026-08-17 03:23:38.403936,8.02,3.26,99.46,66.0,58.97
AST-0005,2026-08-20 05:52:38.403936,4.3,1.52,100.48,83.12,75.42
AST-0007,2026-08-16 20:29:38.403936,0.76,3.47,103.48,61.41,77.91
AST-0018,2026-08-20 08:31:38.403936,3.21,2.12,104.3,62.28,31.34
AST-0003,2026-08-20 02:18:38.403936,4.41,2.44,103.7,65.14,57.41
AST-0014,2026-08-13 00:16:38.403936,6.07,2.6,99.8,76.55,68.49
AST-0001,2026-08-08 07:14:38.403936,4.5,2.64,99.16,59.72,65.06
AST-0010,2026-08-15 19:35:38.403936,4.21,3.52,101.73,73.55,65.17
AST-0012,2026-07-30 04:53:38.403936,6.08,2.82,101.33,64.87,47.82
AST-0013,2026-08-14 05:29:38.403936,5.26,2.47,100.3,76.06,42.5
AST-0019,2026-08-23 05:31:38.403936,3.87,3.32,101.93,64.52,69.52
AST-0011,2026-07-31 05:29:38.403936,4.77,1.29,100.6,81.17,53.13
AST-0020,2026-08-24 14:55:38.403936,4.02,2.07,101.13,59.17,73.76
AST-0007,2026-08-24 21:08:38.403936,4.8,3.12,99.2,61.6,60.94
AST-0016,2026-08-16 12:59:38.403936,5.18,1.87,103.13,76.86,47.2
AST-0010,2026-08-03 16:58:38.403936,3.76,2.07,106.56,60.7,95.2
AST-0006,2026-08-03 00:09:38.403936,2.6,1.71,99.93,56.54,60.18
AST-0001,2026-07-31 05:20:38.403936,3.44,1.84,103.62,77.24,82.09
AST-0013,2026-08-07 06:14:38.403936,5.29,2.57,100.31,55.47,71.53
AST-0017,2026-08-11 16:19:38.403936,2.74,1.7,103.61,84.01,72.08
AST-0001,2026-08-01 22:45:38.403936,6.16,2.3,98.62,71.12,75.25
AST-0013,2026-08-06 13:59:38.403936,4.61,2.31,103.22,55.14,51.07
AST-0014,2026-08-05 21:50:38.403936,2.99,2.57,99.12,58.16,52.3
AST-0016,2026-08-04 16:14:38.403936,6.81,3.57,102.86,65.75,65.41
AST-0019,2026-08-05 23:44:38.403936,5.65,2.19,97.53,69.92,44.64
AST-0009,2026-08-08 00:01:38.403936,3.06,2.5,101.11,50.88,67.98
AST-0013,2026-08-07 22:37:38.403936,-2.05,1.6,103.84,49.4,100.0
AST-0019,2026-08-26 06:58:38.403936,3.88,2.62,97.52,64.38,69.11
AST-0003,2026-08-21 02:34:38.403936,4.37,2.05,99.41,76.31,65.55
AST-0012,2026-08-11 20:47:38.403936,6.81,2.08,100.43,73.16,35.79
AST-0006,2026-08-12 07:12:38.403936,2.68,3.38,98.96,46.81,98.63
AST-0014,2026-08-17 15:39:38.403936,2.41,2.65,101.44,36.89,60.19
AST-0019,2026-08-19 14:23:38.403936,5.17,2.78,103.11,61.13,77.83
AST-0008,2026-08-03 02:39:38.403936,3.47,1.37,98.7,50.38,83.17
AST-0010,2026-08-05 22:49:38.403936,2.23,2.72,100.77,63.97,89.54
AST-0007,2026-08-01 19:13:38.403936,3.84,2.99,101.38,63.48,100.0
AST-0004,2026-08-21 05:20:38.403936,2.34,3.53,102.61,60.2,94.33
AST-0011,2026-08-15 13:04:38.403936,1.73,2.08,98.88,69.12,44.96
AST-0017,2026-08-17 10:15:38.403936,5.15,2.35,100.34,68.89,60.16
AST-0015,2026-07-31 19:04:38.403936,2.87,4.74,100.33,42.82,49.84
AST-0007,2026-08-16 02:38:38.403936,2.6,3.16,101.94,68.99,58.34
AST-0005,2026-08-16 19:35:38.403936,12.08,2.2,101.14,73.35,71.05
AST-0015,2026-08-13 15:36:38.403936,5.25,2.9,103.07,67.88,71.46
AST-0015,2026-08-01 20:50:38.403936,6.28,1.97,99.59,53.14,68.29
AST-0006,2026-08-05 03:30:38.403936,1.72,2.87,101.08,76.35,52.91
AST-0006,2026-08-06 12:38:38.403936,4.2,3.4,104.07,58.2,68.27
AST-0006,2026-08-12 03:36:38.403936,4.94,2.8,100.77,77.81,30.99
AST-0015,2026-08-02 07:03:38.403936,3.87,6.95,102.21,78.53,86.57
AST-0018,2026-08-15 01:26:38.403936,4.07,3.54,99.87,74.31,97.59
AST-0017,2026-08-08 14:25:38.403936,6.32,2.58,100.64,49.71,70.59
AST-0004,2026-08-27 22:28:38.403936,2.83,1.87,98.92,60.4,64.5
AST-0020,2026-08-16 12:58:38.403936,4.91,2.02,103.44,62.92,50.82
AST-0007,2026-07-29 23:24:38.403936,4.84,4.07,101.97,61.37,37.51
AST-0003,2026-08-10 03:03:38.403936,4.17,2.69,100.52,48.35,49.69
AST-0011,2026-07-30 11:50:38.403936,6.68,3.65,99.53,71.73,43.79
AST-0004,2026-08-07 12:11:38.403936,6.61,2.7,103.2,47.85,77.2
AST-0017,2026-08-06 09:41:38.403936,4.49,3.18,103.13,65.66,54.19
AST-0007,2026-08-03 15:56:38.403936,5.67,2.45,99.55,55.8,38.41
AST-0014,2026-08-27 04:37:38.403936,3.73,3.38,101.66,59.7,79.49
AST-0011,2026-08-04 06:16:38.403936,3.25,2.58,100.94,72.79,36.61
AST-0013,2026-08-06 15:57:38.403936,15.22,1.19,100.78,77.11,55.9
AST-0009,2026-08-08 10:42:38.403936,3.73,3.2,103.44,64.11,77.32
AST-0007,2026-08-28 08:13:38.403936,2.88,3.6,105.6,70.21,27.48
AST-0004,2026-08-17 11:20:38.403936,3.66,2.99,100.46,77.72,75.59
AST-0019,2026-08-23 03:58:38.403936,3.44,2.53,99.51,63.17,55.02
AST-0011,2026-08-06 13:35:38.403936,6.26,4.19,98.44,45.77,60.59
AST-0005,2026-08-27 11:23:38.403936,2.22,2.54,102.8,79.94,68.63
AST-0011,2026-08-13 21:00:38.403936,4.21,0.92,101.35,65.71,76.5
AST-0015,2026-08-20 16:55:38.403936,3.44,8.8,98.34,42.09,45.05
AST-0017,2026-08-16 03:58:38.403936,2.14,2.77,100.26,59.62,47.28
AST-0004,2026-08-25 11:59:38.403936,-0.35,6.79,99.3,60.88,38.81
AST-0008,2026-08-12 19:39:38.403936,5.96,2.61,99.65,61.08,95.21
AST-0016,2026-08-26 23:15:38.403936,4.39,2.35,99.42,46.05,62.12
AST-0002,2026-08-12 06:17:38.403936,4.99,3.38,96.8,53.75,54.55
AST-0015,2026-08-09 14:20:38.403936,4.49,2.38,101.06,69.08,48.74
AST-0002,2026-08-13 17:20:38.403936,5.9,2.85,100.66,81.01,93.02
AST-0010,2026-08-22 11:14:38.403936,5.9,0.09,104.46,72.95,100.0
AST-0011,2026-07-30 20:11:38.403936,6.36,3.76,103.06,78.49,100.0
AST-0008,2026-08-09 18:55:38.403936,4.82,1.24,100.69,68.9,66.35
AST-0011,2026-08-08 21:17:38.403936,2.63,1.2,99.82,73.08,93.45
AST-0003,2026-08-07 02:47:38.403936,5.87,9.83,101.14,47.58,56.81
AST-0007,2026-08-07 12:32:38.403936,4.11,2.1,101.41,69.41,80.35
AST-0007,2026-08-04 11:27:38.403936,4.08,0.98,100.33,65.44,87.01
AST-0015,2026-08-09 12:25:38.403936,3.65,2.91,101.88,65.44,81.75
AST-0014,2026-08-12 22:31:38.403936,3.51,2.04,101.28,58.6,74.14
AST-0019,2026-08-06 19:01:38.403936,3.43,2.68,101.1,67.15,56.72
AST-0016,2026-08-19 03:56:38.403936,3.99,2.58,101.7,64.96,95.7
AST-0013,2026-08-02 09:42:38.403936,3.01,2.45,98.15,68.72,44.93
AST-0020,2026-08-06 09:33:38.403936,4.08,2.2,101.86,59.47,54.28
AST-0016,2026-08-18 11:44:38.403936,6.65,2.73,100.18,62.49,94.62
AST-0003,2026-07-30 15:57:38.403936,4.15,1.95,99.93,59.51,54.3
AST-0006,2026-08-12 10:14:38.403936,2.58,1.6,99.64,70.92,58.14
AST-0010,2026-08-10 11:20:38.403936,4.19,3.52,103.89,62.18,53.64
AST-0011,2026-08-15 20:04:38.403936,3.2,3.05,100.89,61.14,50.35
AST-0007,2026-08-04 23:34:38.403936,3.35,2.76,98.67,74.95,55.39
AST-0012,2026-07-29 22:52:38.403936,16.28,1.43,101.28,61.72,64.1
AST-0013,2026-08-21 03:06:38.403936,6.71,2.64,99.71,57.89,75.71
AST-0019,2026-08-15 17:53:38.403936,6.45,2.73,102.68,71.1,90.54
AST-0004,2026-08-02 00:07:38.403936,1.58,3.03,103.27,51.61,49.06
AST-0014,2026-08-16 06:38:38.403936,3.22,1.92,100.34,67.43,80.58
AST-0012,2026-08-10 09:07:38.403936,6.12,1.83,99.61,78.16,76.64
AST-0012,2026-08-21 22:56:38.403936,4.62,2.88,101.24,70.25,58.95
AST-0008,2026-08-01 09:20:38.403936,4.9,1.29,99.92,58.23,58.26
AST-0012,2026-08-09 19:01:38.403936,3.11,2.07,98.27,70.49,63.51
AST-0005,2026-08-27 11:29:38.403936,1.94,7.49,101.97,59.57,52.46
AST-0005,2026-08-10 15:45:38.403936,4.39,2.77,98.43,70.5,50.59
AST-0006,2026-08-10 08:04:38.403936,4.47,2.47,100.25,54.76,59.86
AST-0013,2026-07-30 07:47:38.403936,6.94,1.41,104.68,62.4,65.64
AST-0003,2026-08-16 20:40:38.403936,2.87,1.88,100.29,54.54,61.24
AST-0006,2026-08-22 08:41:38.403936,3.89,3.98,98.97,66.03,69.46
AST-0018,2026-08-18 04:34:38.403936,2.89,3.05,100.5,40.08,76.88
AST-0014,2026-08-28 17:33:38.403936,2.82,1.66,102.68,61.53,81.52
AST-0012,2026-08-02 19:23:38.403936,6.32,1.98,102.89,57.45,100.0
AST-0013,2026-08-05 06:11:38.403936,3.46,3.32,102.99,68.16,52.93
AST-0001,2026-08-12 18:50:38.403936,-3.73,0.78,101.75,68.5,67.4
AST-0017,2026-08-03 04:07:38.403936,0.04,1.49,99.8,67.92,70.21
AST-0006,2026-08-17 17:37:38.403936,4.24,3.01,99.25,71.1,73.55
AST-0007,2026-08-06 18:59:38.403936,5.07,2.35,104.96,69.93,47.57
AST-0015,2026-08-20 21:40:38.403936,4.87,3.1,100.12,75.89,71.88
AST-0002,2026-08-24 13:43:38.403936,0.99,2.74,100.49,70.37,82.0
AST-0014,2026-08-07 01:54:38.403936,4.79,3.83,100.94,71.25,79.49
AST-0006,2026-08-18 19:42:38.403936,4.35,3.12,100.11,60.77,41.38
AST-0009,2026-08-02 09:29:38.403936,4.86,2.76,103.66,72.91,59.87
AST-0016,2026-08-01 16:30:38.403936,2.73,2.85,103.52,72.55,84.52
AST-0002,2026-08-20 20:16:38.403936,4.18,2.13,99.83,64.44,63.59
AST-0002,2026-08-10 20:56:38.403936,4.81,7.73,101.03,57.23,81.95
AST-0013,2026-08-03 04:05:38.403936,4.61,2.36,99.81,51.68,88.54
AST-0009,2026-08-26 04:56:38.403936,5.33,1.2,102.83,74.22,67.24
AST-0014,2026-08-20 21:04:38.403936,6.9,2.67,98.47,68.65,69.41
AST-0011,2026-08-14 01:55:38.403936,3.6,2.96,97.96,74.91,49.19
AST-0013,2026-08-09 16:01:38.403936,3.02,2.41,102.17,66.64,51.63
AST-0011,2026-08-26 13:28:38.403936,3.74,1.59,100.85,75.75,64.92
AST-0005,2026-08-03 07:44:38.403936,17.79,3.66,100.12,63.13,100.0
AST-0009,2026-07-30 22:21:38.403936,6.67,1.16,102.07,65.01,79.88
AST-0016,2026-08-10 01:47:38.403936,3.38,1.83,99.95,59.28,79.68
AST-0011,2026-08-22 04:44:38.403936,2.73,2.0,97.72,75.07,87.88
AST-0011,2026-07-30 12:28:38.403936,4.01,2.26,102.21,79.74,72.35
AST-0020,2026-08-18 23:37:38.403936,3.45,1.2,99.07,65.73,53.2
AST-0016,2026-08-02 11:11:38.403936,4.79,2.06,99.18,53.23,93.12
AST-0013,2026-08-28 17:23:38.403936,5.83,3.88,102.38,60.7,88.82
AST-0017,2026-08-12 03:17:38.403936,4.45,2.68,101.21,35.53,93.89
AST-0002,2026-08-24 18:58:38.403936,5.24,2.76,101.18,66.63,54.25
AST-0018,2026-08-04 13:58:38.403936,5.42,1.45,101.67,70.62,61.42
AST-0004,2026-08-20 00:11:38.403936,5.06,1.71,99.37,67.37,77.21
AST-0007,2026-08-20 16:58:38.403936,1.69,2.92,100.21,63.07,40.89
AST-0003,2026-08-06 12:28:38.403936,3.22,3.27,101.37,61.17,62.9
AST-0006,2026-08-03 13:31:38.403936,5.23,2.85,101.15,75.93,82.47
AST-0008,2026-08-13 14:56:38.403936,5.12,2.54,102.61,68.14,84.09
AST-0004,2026-08-10 11:42:38.403936,5.85,1.69,99.13,57.99,82.57
AST-0016,2026-08-04 22:35:38.403936,2.14,2.82,102.03,76.63,68.25
AST-0008,2026-08-02 21:06:38.403936,2.49,1.73,98.94,59.62,61.71
AST-0011,2026-08-24 23:25:38.403936,2.75,3.68,98.65,78.46,86.33
AST-0013,2026-08-15 22:06:38.403936,5.85,1.94,101.98,52.23,81.4
AST-0014,2026-08-28 12:34:38.403936,4.39,2.17,98.85,40.22,46.31
AST-0003,2026-08-09 09:12:38.403936,6.17,2.18,100.96,71.56,97.5
AST-0007,2026-08-03 19:58:38.403936,6.49,1.72,97.41,88.6,100.0
AST-0011,2026-08-04 01:08:38.403936,4.78,1.48,103.23,63.92,62.97
AST-0018,2026-08-16 01:35:38.403936,5.84,6.02,98.93,61.75,76.9
AST-0011,2026-08-07 09:41:38.403936,5.27,2.71,103.17,61.38,68.22
AST-0005,2026-08-15 09:01:38.403936,-0.56,2.14,102.83,61.1,56.61
AST-0004,2026-08-22 10:01:38.403936,2.94,3.3,102.4,73.25,33.93
AST-0010,2026-08-16 18:06:38.403936,12.26,2.28,100.74,58.84,58.77
AST-0020,2026-08-08 17:25:38.403936,5.77,0.97,104.85,69.84,64.24
AST-0002,2026-08-11 15:51:38.403936,5.86,1.34,99.97,63.79,89.58
AST-0004,2026-08-26 00:27:38.403936,4.43,2.86,100.12,69.87,95.19
AST-0016,2026-08-11 04:59:38.403936,5.99,2.43,102.65,70.78,74.12
AST-0013,2026-08-27 11:37:38.403936,6.17,3.38,101.05,71.42,58.1
AST-0007,2026-08-01 10:33:38.403936,3.12,2.28,101.15,48.38,80.49
AST-0006,2026-08-09 00:09:38.403936,0.35,4.67,104.3,62.39,65.17
AST-0006,2026-08-20 22:48:38.403936,4.95,2.03,101.69,63.56,63.3
AST-0016,2026-07-30 17:52:38.403936,4.77,1.45,101.38,66.63,67.32
AST-0017,2026-08-14 14:45:38.403936,4.18,3.41,100.59,67.27,88.35
AST-0018,2026-08-11 15:28:38.403936,4.38,2.67,101.11,77.37,60.36
AST-0019,2026-08-16 16:25:38.403936,6.43,2.42,99.58,71.79,59.52
AST-0015,2026-08-01 05:26:38.403936,5.43,0.32,101.31,60.4,45.86
AST-0016,2026-08-28 13:21:38.403936,3.67,2.04,101.2,51.33,70.69
AST-0007,2026-08-12 00:15:38.403936,6.55,2.72,102.92,75.95,87.26
AST-0004,2026-08-28 09:38:38.403936,19.31,2.1,99.86,72.83,77.75
AST-0006,2026-08-05 11:32:38.403936,5.66,4.01,101.32,69.26,47.35
AST-0006,2026-08-01 07:50:38.403936,7.7,2.23,100.68,61.53,53.39
AST-0011,2026-08-01 03:37:38.403936,3.41,2.08,98.57,57.15,100.0
AST-0013,2026-08-25 18:27:38.403936,5.6,3.24,103.65,83.34,33.11
AST-0010,2026-08-09 21:55:38.403936,-5.34,1.86,100.36,61.99,56.95
AST-0013,2026-08-25 21:28:38.403936,4.83,2.53,99.85,43.24,47.13
AST-0013,2026-08-28 17:35:38.403936,3.68,2.3,99.04,60.09,44.64
AST-0001,2026-08-11 06:55:38.403936,4.31,1.64,99.6,51.91,62.24
AST-0017,2026-08-04 05:23:38.403936,3.2,3.23,102.11,64.3,50.65
AST-0016,2026-08-09 00:00:38.403936,17.07,3.05,101.59,81.04,73.27
AST-0019,2026-08-11 05:17:38.403936,5.87,2.61,102.65,57.03,56.75
AST-0014,2026-08-07 00:07:38.403936,5.02,2.77,102.32,76.0,39.35
AST-0003,2026-08-12 08:12:38.403936,3.04,2.68,99.85,98.78,74.28
AST-0001,2026-08-23 05:25:38.403936,4.38,2.09,100.34,65.3,67.02
AST-0017,2026-08-16 16:26:38.403936,3.81,2.28,103.99,78.85,69.54
AST-0018,2026-08-20 23:57:38.403936,2.49,2.93,104.41,78.7,78.22
AST-0004,2026-08-28 10:08:38.403936,6.63,2.54,102.56,58.19,70.26
AST-0001,2026-08-06 23:39:38.403936,6.49,2.03,99.58,65.97,60.92
AST-0002,2026-08-24 00:13:38.403936,5.47,2.14,104.74,52.1,87.57
AST-0003,2026-08-04 15:01:38.403936,3.35,1.06,101.78,62.45,45.03
AST-0003,2026-08-24 08:42:38.403936,1.98,2.49,103.25,70.85,66.02
AST-0018,2026-08-04 10:32:38.403936,5.22,2.48,98.44,50.79,61.34
AST-0001,2026-08-06 13:45:38.403936,4.26,3.18,102.81,71.05,59.95
AST-0017,2026-08-10 01:34:38.403936,2.43,2.83,102.35,41.11,49.98
AST-0019,2026-08-12 02:47:38.403936,3.46,2.59,99.69,64.62,61.21
AST-0012,2026-08-21 02:00:38.403936,4.26,1.93,100.02,54.2,71.84
AST-0004,2026-08-26 08:25:38.403936,5.36,1.88,104.34,61.85,92.54
AST-0010,2026-07-31 19:10:38.403936,3.54,0.88,102.1,67.49,65.62
AST-0007,2026-08-08 13:23:38.403936,3.54,2.47,100.28,61.98,80.15
AST-0020,2026-08-25 16:42:38.403936,4.78,2.99,100.84,61.58,44.24
AST-0013,2026-08-17 23:16:38.403936,3.94,0.16,100.12,64.18,75.15
AST-0003,2026-08-28 08:02:38.403936,4.1,2.78,96.94,64.43,34.77
AST-0005,2026-08-10 07:56:38.403936,2.69,2.35,103.85,68.71,65.33
AST-0009,2026-08-23 03:40:38.403936,4.47,1.93,100.21,69.27,40.06
AST-0012,2026-08-27 13:51:38.403936,5.39,2.19,102.95,74.61,34.88
AST-0020,2026-08-24 09:57:38.403936,3.63,1.82,97.67,54.67,100.0
AST-0014,2026-08-06 05:29:38.403936,5.41,4.03,102.96,57.58,58.13
AST-0009,2026-08-16 00:13:38.403936,17.38,2.85,100.15,49.9,100.0
AST-0014,2026-08-04 10:26:38.403936,4.29,2.24,101.53,62.57,67.21
AST-0011,2026-08-01 18:21:38.403936,6.43,2.4,98.97,63.38,56.64
AST-0009,2026-08-11 04:46:38.403936,6.64,3.44,101.52,52.21,42.93
AST-0008,2026-07-30 05:05:38.403936,4.52,2.77,100.55,60.2,54.33
AST-0004,2026-08-15 23:53:38.403936,4.46,0.59,99.1,58.73,86.74
AST-0019,2026-08-06 18:15:38.403936,3.28,2.64,101.75,77.98,87.73
AST-0019,2026-08-21 01:06:38.403936,4.41,2.12,99.97,62.59,57.19
AST-0002,2026-08-11 14:19:38.403936,5.33,2.84,102.48,77.59,98.53
AST-0006,2026-08-06 12:49:38.403936,4.69,3.38,100.6,76.85,84.11
AST-0018,2026-08-14 11:20:38.403936,6.01,2.58,99.96,51.05,64.28
AST-0016,2026-08-23 20:53:38.403936,6.8,2.25,102.87,73.44,59.89
AST-0005,2026-08-25 17:16:38.403936,6.47,5.23,98.85,55.84,50.25
AST-0009,2026-08-28 16:33:38.403936,5.0,2.73,102.09,70.96,47.9
AST-0012,2026-08-01 04:03:38.403936,2.67,2.82,100.04,49.3,82.48
AST-0015,2026-08-10 02:24:38.403936,6.59,3.75,101.67,71.26,89.66
AST-0015,2026-08-07 02:18:38.403936,3.54,3.39,101.85,74.14,68.35
AST-0017,2026-08-21 14:53:38.403936,6.44,2.68,98.33,79.52,47.94
AST-0010,2026-08-09 04:11:38.403936,6.38,2.43,103.65,76.35,72.74
AST-0003,2026-08-17 06:20:38.403936,5.26,2.84,97.27,66.18,44.91
AST-0006,2026-08-02 06:05:38.403936,4.76,1.59,98.93,81.05,84.25
AST-0018,2026-08-24 22:42:38.403936,4.49,2.65,100.8,70.7,52.83
AST-0017,2026-08-21 04:38:38.403936,5.99,9.09,100.46,65.22,54.36
AST-0018,2026-08-04 23:19:38.403936,4.99,2.07,102.24,77.16,52.05
AST-0001,2026-08-04 10:30:38.403936,4.3,2.87,100.43,69.64,75.0
AST-0008,2026-08-18 02:30:38.403936,6.12,2.02,99.41,61.92,47.58
AST-0015,2026-08-22 19:09:38.403936,5.35,1.57,105.97,77.96,65.23
AST-0017,2026-08-06 10:23:38.403936,5.8,1.19,106.35,59.1,62.83
AST-0005,2026-08-09 00:09:38.403936,1.72,2.89,99.09,66.02,55.2
AST-0016,2026-08-22 03:23:38.403936,2.88,1.86,101.75,52.19,51.52
AST-0011,2026-08-16 00:23:38.403936,5.49,4.58,102.26,55.83,58.39
AST-0004,2026-08-10 03:07:38.403936,4.55,2.22,103.11,67.17,81.34
AST-0007,2026-08-11 23:08:38.403936,4.03,3.56,100.97,55.29,100.0
AST-0007,2026-07-29 20:45:38.403936,1.76,1.91,100.05,90.08,97.52
AST-0017,2026-08-12 15:15:38.403936,6.74,2.24,106.15,68.68,82.59
AST-0016,2026-07-31 09:00:38.403936,4.77,2.46,100.8,62.9,75.95
AST-0011,2026-08-01 09:07:38.403936,5.05,2.47,104.32,35.33,74.18
AST-0006,2026-08-12 08:11:38.403936,5.58,9.98,101.17,67.08,82.75
AST-0016,2026-08-17 01:28:38.403936,6.74,2.26,101.83,81.79,26.77
AST-0005,2026-08-07 18:05:38.403936,3.46,3.67,103.49,70.22,56.93
AST-0005,2026-08-17 10:55:38.403936,3.18,2.03,104.4,58.72,66.83
AST-0012,2026-08-28 15:32:38.403936,3.37,3.17,100.22,64.02,34.7
AST-0018,2026-08-12 09:12:38.403936,2.08,2.51,98.65,86.05,27.89
AST-0015,2026-08-11 00:39:38.403936,3.3,2.51,100.57,53.96,47.76
AST-0001,2026-08-06 03:04:38.403936,3.01,2.27,105.2,65.78,86.29
AST-0004,2026-08-15 02:41:38.403936,5.26,3.39,95.7,61.96,88.53
AST-0014,2026-08-07 09:22:38.403936,3.64,3.91,104.27,60.31,55.94
AST-0007,2026-08-13 20:05:38.403936,2.98,2.0,98.83,69.29,38.79
AST-0004,2026-08-20 13:50:38.403936,5.41,3.0,97.98,80.5,74.24
AST-0005,2026-08-17 22:15:38.403936,5.62,1.89,102.54,76.26,63.23
AST-0013,2026-08-13 13:10:38.403936,7.5,2.54,103.58,67.93,75.54
AST-0013,2026-08-21 14:28:38.403936,1.99,2.8,99.83,56.54,96.39
AST-0001,2026-08-04 17:51:38.403936,4.18,1.7,100.58,52.0,90.81
AST-0008,2026-08-04 12:04:38.403936,3.46,2.92,104.01,60.0,74.58
AST-0020,2026-08-01 03:09:38.403936,2.95,4.46,103.17,63.07,51.09
AST-0016,2026-07-30 03:05:38.403936,4.33,2.23,105.21,52.74,67.43
AST-0005,2026-08-02 12:33:38.403936,4.47,2.41,101.08,63.84,80.72
AST-0004,2026-08-22 00:43:38.403936,5.41,2.84,95.23,68.0,35.2
AST-0014,2026-08-10 18:09:38.403936,5.47,3.68,99.45,62.38,54.21
AST-0004,2026-08-07 19:02:38.403936,6.35,2.58,104.76,69.14,69.36
AST-0019,2026-08-21 14:59:38.403936,4.6,3.15,97.82,65.85,63.74
AST-0005,2026-08-27 09:15:38.403936,5.59,2.35,99.22,65.07,45.51
AST-0014,2026-08-17 00:37:38.403936,-6.39,3.08,102.46,69.67,88.45
AST-0002,2026-07-30 13:36:38.403936,3.5,1.36,101.16,61.52,49.84
AST-0008,2026-08-16 01:45:38.403936,4.38,2.01,97.63,60.59,44.55
AST-0017,2026-08-08 20:33:38.403936,4.85,1.98,103.52,81.04,77.23
AST-0009,2026-08-18 04:47:38.403936,2.17,3.7,104.45,65.19,88.81
AST-0014,2026-08-15 07:26:38.403936,3.67,1.01,99.78,82.29,38.16
AST-0002,2026-08-10 00:04:38.403936,4.5,2.53,100.27,60.56,66.3
AST-0007,2026-07-29 18:54:38.403936,3.66,1.36,101.73,75.73,80.65
AST-0004,2026-08-11 17:57:38.403936,3.29,1.5,100.73,80.68,76.62
AST-0012,2026-08-18 08:58:38.403936,5.56,3.21,102.14,66.21,76.92
AST-0001,2026-08-13 23:26:38.403936,3.68,1.37,102.75,77.38,44.87
AST-0012,2026-08-23 20:59:38.403936,5.73,3.84,101.3,56.82,67.21
AST-0020,2026-08-15 05:02:38.403936,3.67,2.01,102.17,48.96,39.01
AST-0019,2026-08-15 16:11:38.403936,4.53,2.48,101.99,83.75,66.88
AST-0020,2026-08-16 05:48:38.403936,5.4,1.72,102.84,59.74,66.29
AST-0007,2026-08-04 05:46:38.403936,4.34,3.33,98.68,42.17,61.16
AST-0003,2026-08-07 13:02:38.403936,5.2,2.62,103.76,69.37,54.85
AST-0016,2026-08-23 15:19:38.403936,1.01,2.31,103.36,61.08,65.51
AST-0005,2026-08-07 22:57:38.403936,5.13,1.69,102.55,81.37,61.89
AST-0018,2026-08-07 11:42:38.403936,2.81,2.45,96.85,68.37,73.14
AST-0004,2026-08-14 13:42:38.403936,7.01,2.34,102.12,56.39,58.58
AST-0017,2026-08-18 14:40:38.403936,2.21,2.34,100.69,67.99,53.78
AST-0005,2026-07-30 18:12:38.403936,4.63,2.23,100.64,65.8,65.73
AST-0007,2026-08-11 22:41:38.403936,5.64,2.4,100.6,63.19,52.14
AST-0017,2026-08-16 20:29:38.403936,3.96,4.12,99.47,62.21,58.03
AST-0013,2026-08-02 04:13:38.403936,4.13,2.24,101.86,47.9,83.67
AST-0009,2026-08-24 08:42:38.403936,5.45,1.51,96.76,55.23,60.63
AST-0007,2026-08-08 04:20:38.403936,8.37,2.93,97.68,58.1,64.04
AST-0017,2026-08-25 17:03:38.403936,4.88,1.45,101.03,57.82,45.13
AST-0009,2026-08-19 11:46:38.403936,4.89,3.12,102.98,70.74,56.05
AST-0009,2026-08-12 13:43:38.403936,5.57,2.75,101.57,58.88,56.06
AST-0018,2026-08-23 21:24:38.403936,4.61,4.45,101.9,58.89,50.02
AST-0009,2026-08-09 14:30:38.403936,3.76,4.24,100.5,74.07,58.23
AST-0008,2026-08-04 19:33:38.403936,4.89,3.13,100.16,58.59,94.86
AST-0020,2026-08-08 07:39:38.403936,5.98,7.52,102.87,69.6,100.0
AST-0018,2026-08-15 13:29:38.403936,4.57,2.96,98.4,56.75,43.39
AST-0020,2026-08-10 18:43:38.403936,6.41,0.46,100.5,35.06,50.04
AST-0001,2026-08-12 04:25:38.403936,3.76,3.61,102.09,56.67,84.19
AST-0006,2026-08-14 22:35:38.403936,4.53,2.53,98.89,55.1,50.15
AST-0019,2026-08-10 09:55:38.403936,4.57,2.56,104.39,68.85,16.26
AST-0009,2026-08-03 14:34:38.403936,4.89,1.34,99.37,56.88,53.06
AST-0015,2026-08-27 06:19:38.403936,2.44,2.66,98.48,68.57,100.0
AST-0013,2026-08-08 19:18:38.403936,2.51,2.27,96.25,61.99,76.57
AST-0014,2026-08-05 20:19:38.403936,5.58,2.56,103.08,90.46,95.82
AST-0016,2026-08-15 12:58:38.403936,3.72,1.34,100.49,55.53,73.12
AST-0006,2026-08-07 00:34:38.403936,2.73,2.44,102.98,63.99,47.97
AST-0006,2026-08-07 08:36:38.403936,6.26,1.0,100.64,64.58,65.29
AST-0006,2026-08-28 05:37:38.403936,4.77,2.99,101.23,61.32,57.66
AST-0005,2026-08-16 16:53:38.403936,3.58,3.13,100.01,73.47,65.34
AST-0013,2026-08-02 01:00:38.403936,3.72,2.99,99.85,71.38,68.83
AST-0001,2026-08-03 07:47:38.403936,3.61,2.92,102.39,76.58,82.39
AST-0004,2026-08-26 05:16:38.403936,5.24,1.6,106.2,50.96,82.09
AST-0002,2026-07-30 09:07:38.403936,5.15,1.56,101.05,64.21,88.5
AST-0005,2026-08-04 18:41:38.403936,3.43,2.29,96.63,82.35,45.73
AST-0001,2026-08-27 07:35:38.403936,4.99,2.42,101.1,73.1,95.08
AST-0003,2026-08-03 14:28:38.403936,4.88,3.02,101.96,75.18,56.67
AST-0015,2026-08-07 23:18:38.403936,6.11,3.39,103.47,58.4,61.97
AST-0008,2026-08-06 04:30:38.403936,4.86,1.4,104.49,64.88,70.11
AST-0018,2026-08-01 07:20:38.403936,3.63,1.44,100.09,67.19,77.12
AST-0005,2026-08-03 10:20:38.403936,5.56,3.15,101.89,49.97,46.2
AST-0005,2026-07-29 19:38:38.403936,5.18,7.2,102.18,81.76,78.07
AST-0013,2026-08-14 20:13:38.403936,6.39,2.58,99.69,64.42,50.51
AST-0008,2026-08-03 21:05:38.403936,6.84,3.13,102.34,77.36,28.64
AST-0003,2026-08-03 09:26:38.403936,5.38,1.45,101.29,61.88,76.91
AST-0003,2026-08-26 18:49:38.403936,4.84,3.58,100.1,72.09,67.92
AST-0017,2026-07-31 17:39:38.403936,2.05,1.77,101.0,76.12,73.35
AST-0005,2026-08-14 00:03:38.403936,2.75,2.39,105.34,66.11,59.11
AST-0004,2026-08-12 11:42:38.403936,5.24,3.11,100.39,70.03,59.08
AST-0009,2026-08-11 02:25:38.403936,5.58,2.64,102.26,57.41,50.22
AST-0005,2026-08-02 05:43:38.403936,5.92,2.44,101.87,61.94,81.18
AST-0015,2026-08-28 14:41:38.403936,3.59,2.39,102.87,76.73,55.57
AST-0014,2026-08-20 12:53:38.403936,7.44,2.75,99.21,68.69,58.11
AST-0005,2026-08-11 10:29:38.403936,5.15,2.47,101.45,55.88,82.82
AST-0016,2026-08-07 00:58:38.403936,2.77,1.61,102.03,81.03,58.65
AST-0020,2026-08-18 01:15:38.403936,5.55,3.36,102.93,61.89,45.36
AST-0008,2026-08-27 17:39:38.403936,1.19,2.29,103.66,53.76,77.6
AST-0018,2026-08-16 04:51:38.403936,3.07,2.58,102.72,58.41,68.07
AST-0013,2026-08-21 04:22:38.403936,3.88,3.06,101.77,65.57,93.05
AST-0019,2026-08-02 13:38:38.403936,5.49,1.95,101.13,64.24,66.45
AST-0001,2026-08-08 17:53:38.403936,8.29,2.8,97.23,59.57,30.22
AST-0005,2026-08-08 00:21:38.403936,4.01,6.14,99.56,49.79,71.91
AST-0005,2026-08-03 18:38:38.403936,4.5,2.74,101.09,51.06,74.24
AST-0018,2026-08-12 04:12:38.403936,7.38,2.83,100.45,50.72,48.65
AST-0002,2026-08-17 22:14:38.403936,5.18,3.36,101.82,73.0,77.74
AST-0005,2026-08-05 00:49:38.403936,5.26,1.97,101.65,56.52,65.31
AST-0014,2026-08-15 22:36:38.403936,5.0,3.84,98.68,69.82,91.66
AST-0019,2026-08-15 16:17:38.403936,5.64,3.17,102.48,77.98,45.43
AST-0006,2026-08-02 02:53:38.403936,2.42,2.49,96.98,77.31,86.97
AST-0008,2026-07-31 03:17:38.403936,3.85,2.2,101.16,65.52,67.29
AST-0006,2026-08-02 06:29:38.403936,13.34,2.36,103.19,69.46,54.07
AST-0010,2026-08-20 03:25:38.403936,6.5,1.41,101.12,74.67,51.98
AST-0001,2026-08-20 03:53:38.403936,4.96,2.93,99.58,64.28,62.18
AST-0002,2026-08-11 19:32:38.403936,3.67,4.34,99.77,75.05,57.93
AST-0001,2026-08-26 06:14:38.403936,2.87,2.58,102.6,74.21,93.12
AST-0015,2026-08-16 19:16:38.403936,8.92,2.7,99.97,69.53,60.21
AST-0019,2026-08-23 23:36:38.403936,5.89,1.46,106.04,73.56,34.69
AST-0006,2026-08-21 14:29:38.403936,3.44,3.15,103.65,52.28,77.83
AST-0005,2026-08-11 03:13:38.403936,1.58,2.43,103.52,59.48,37.88
AST-0013,2026-08-08 09:43:38.403936,4.72,2.02,102.56,56.15,51.09
AST-0020,2026-08-07 02:57:38.403936,1.47,2.64,100.98,53.12,68.49
AST-0011,2026-08-02 06:38:38.403936,6.04,2.33,101.84,67.73,43.32
AST-0006,2026-08-28 11:14:38.403936,7.58,2.12,102.61,72.69,62.49
AST-0007,2026-08-01 06:01:38.403936,5.41,2.7,98.46,61.68,53.97
AST-0020,2026-08-11 01:08:38.403936,3.81,1.46,103.55,81.02,82.6
AST-0004,2026-08-14 00:44:38.403936,14.41,2.22,100.03,57.21,76.59
AST-0007,2026-08-01 17:39:38.403936,4.84,9.08,103.89,69.05,49.9
AST-0008,2026-08-23 20:54:38.403936,3.48,3.05,103.38,70.52,99.14
AST-0002,2026-08-11 00:19:38.403936,6.95,2.85,99.62,51.9,58.03
AST-0002,2026-08-24 10:04:38.403936,5.63,3.96,102.13,76.69,60.58
AST-0011,2026-08-11 14:46:38.403936,4.91,1.54,96.44,61.34,63.71
AST-0004,2026-08-16 13:00:38.403936,3.17,2.61,102.31,71.71,22.59
AST-0004,2026-08-13 20:12:38.403936,2.53,2.26,102.44,69.89,73.49
AST-0002,2026-08-16 03:41:38.403936,5.78,2.67,101.21,58.43,40.6
AST-0003,2026-08-11 23:12:38.403936,3.53,2.24,96.56,63.03,81.64
AST-0007,2026-08-27 06:01:38.403936,5.35,2.1,101.39,59.44,67.68
AST-0017,2026-08-28 12:53:38.403936,6.81,3.27,102.34,60.07,78.5
AST-0017,2026-08-22 06:15:38.403936,1.97,2.3,102.47,72.4,77.06
AST-0010,2026-08-14 07:13:38.403936,4.94,2.34,102.38,55.47,49.8
AST-0002,2026-08-15 03:52:38.403936,4.59,2.64,97.65,69.55,78.91
AST-0020,2026-08-16 09:42:38.403936,4.38,4.4,99.93,61.39,57.89
AST-0016,2026-08-02 04:14:38.403936,4.39,2.24,98.49,59.53,63.24
AST-0010,2026-08-03 04:42:38.403936,6.34,4.26,103.97,57.25,52.48
AST-0003,2026-08-23 15:56:38.403936,4.26,3.93,100.97,51.72,55.98
AST-0010,2026-08-21 11:15:38.403936,5.64,3.05,100.9,71.83,24.08
AST-0012,2026-08-06 02:41:38.403936,4.66,3.19,99.63,56.64,31.4
AST-0015,2026-08-02 19:46:38.403936,6.88,1.92,101.78,71.04,92.22
AST-0015,2026-08-10 12:03:38.403936,4.27,2.07,101.65,77.84,61.94
AST-0019,2026-08-28 08:36:38.403936,3.07,1.27,98.86,73.64,59.23
AST-0020,2026-08-20 23:37:38.403936,11.59,1.93,101.47,62.61,60.08
AST-0020,2026-08-04 15:12:38.403936,6.52,3.73,98.08,68.28,51.02
AST-0017,2026-08-13 00:54:38.403936,4.13,2.75,100.87,67.3,77.11
AST-0002,2026-08-19 05:56:38.403936,4.94,1.98,100.04,50.6,49.63
AST-0008,2026-08-27 00:11:38.403936,7.44,1.87,98.91,68.2,63.01
AST-0006,2026-08-24 06:51:38.403936,-3.79,3.63,102.4,59.7,57.36
AST-0013,2026-08-24 17:03:38.403936,3.75,3.2,100.68,47.07,64.13
AST-0015,2026-08-19 19:14:38.403936,2.19,4.25,99.37,63.38,69.65
AST-0004,2026-08-28 00:04:38.403936,4.07,2.27,102.14,80.26,78.82
AST-0013,2026-08-02 16:03:38.403936,6.72,1.66,101.93,66.55,71.32
AST-0011,2026-08-18 11:23:38.403936,6.56,2.32,100.49,70.34,32.99
AST-0016,2026-08-14 08:20:38.403936,4.14,2.39,99.46,75.57,45.88
AST-0005,2026-08-03 23:11:38.403936,4.3,2.73,104.01,64.89,81.85
AST-0019,2026-08-20 03:38:38.403936,5.55,2.6,99.12,50.65,66.92
AST-0002,2026-07-31 04:31:38.403936,3.69,3.24,102.79,63.15,44.16
AST-0007,2026-08-15 05:09:38.403936,5.27,1.69,99.78,55.21,62.51
AST-0014,2026-08-01 05:23:38.403936,6.26,8.53,100.41,49.74,74.94
AST-0005,2026-08-11 01:03:38.403936,3.33,2.59,100.59,73.38,62.17
AST-0015,2026-08-01 21:57:38.403936,4.41,2.89,105.51,73.88,63.41
AST-0009,2026-08-17 20:45:38.403936,4.5,2.08,99.4,59.47,51.1
AST-0014,2026-08-07 03:22:38.403936,5.48,1.64,103.97,72.52,65.37
AST-0007,2026-08-14 07:53:38.403936,4.5,2.05,101.84,75.88,52.34
AST-0018,2026-08-14 15:49:38.403936,2.2,3.06,101.95,53.8,51.8
AST-0019,2026-08-06 01:49:38.403936,3.21,1.92,100.65,62.33,53.29
AST-0020,2026-08-16 11:21:38.403936,3.36,2.32,101.64,61.84,85.86
AST-0020,2026-08-07 19:11:38.403936,5.26,1.23,102.35,71.06,57.17
AST-0011,2026-08-05 08:16:38.403936,2.26,2.51,101.28,53.78,38.88
AST-0005,2026-07-30 09:48:38.403936,4.37,2.31,100.47,64.17,45.15
AST-0014,2026-08-21 11:50:38.403936,3.85,2.93,100.6,48.28,56.49
AST-0005,2026-08-10 17:22:38.403936,2.89,7.52,101.94,48.41,78.66
AST-0014,2026-07-31 10:10:38.403936,5.02,2.19,101.11,81.13,52.41
AST-0007,2026-08-23 14:47:38.403936,4.59,3.64,101.84,48.93,74.1
AST-0019,2026-08-14 14:31:38.403936,2.76,3.63,99.65,94.7,91.41
AST-0010,2026-07-30 10:00:38.403936,3.31,2.52,102.81,72.84,72.96
AST-0016,2026-08-12 17:36:38.403936,6.38,2.4,100.57,61.53,80.45
AST-0012,2026-08-28 07:06:38.403936,5.05,2.73,102.89,44.49,70.58
AST-0011,2026-08-14 19:01:38.403936,4.83,3.84,98.24,80.57,66.36
AST-0012,2026-08-03 22:09:38.403936,5.23,3.84,102.42,69.0,69.36
AST-0014,2026-08-06 19:32:38.403936,3.77,2.48,99.87,64.55,22.95
AST-0014,2026-08-16 03:05:38.403936,5.14,2.4,100.63,67.2,39.2
AST-0004,2026-08-27 14:55:38.403936,7.39,2.42,101.01,55.35,65.43
AST-0001,2026-08-02 18:01:38.403936,6.58,3.33,103.01,70.46,58.55
AST-0020,2026-08-26 19:26:38.403936,2.32,2.34,100.83,75.49,70.57
AST-0019,2026-08-23 13:18:38.403936,6.92,3.46,100.39,47.05,89.94
AST-0007,2026-07-31 05:57:38.403936,6.54,1.41,104.32,68.82,67.89
AST-0004,2026-08-08 21:45:38.403936,6.92,3.58,102.6,69.73,76.1
AST-0012,2026-08-07 15:55:38.403936,3.9,2.46,99.5,61.67,58.4
AST-0013,2026-08-19 21:04:38.403936,3.55,2.61,100.65,70.02,35.8
AST-0017,2026-07-30 02:37:38.403936,4.33,2.61,100.68,63.28,36.47
AST-0010,2026-08-11 16:05:38.403936,5.03,3.02,102.29,75.39,68.63
AST-0002,2026-08-17 15:17:38.403936,5.22,9.26,102.68,49.23,48.92
AST-0017,2026-07-30 11:16:38.403936,14.88,0.53,101.02,76.72,63.32
AST-0019,2026-08-26 01:37:38.403936,3.89,2.6,100.59,65.31,52.7
AST-0007,2026-08-18 08:00:38.403936,6.16,3.64,101.03,51.14,55.57
AST-0019,2026-08-26 19:26:38.403936,4.22,2.9,99.28,57.31,74.19
AST-0006,2026-08-18 07:00:38.403936,5.91,2.0,98.63,97.84,79.1
AST-0014,2026-08-17 02:37:38.403936,4.1,3.2,101.05,73.67,67.87
AST-0017,2026-08-09 06:35:38.403936,4.64,2.41,98.41,84.38,48.05
AST-0009,2026-08-04 03:36:38.403936,2.46,2.33,99.38,64.48,77.38
AST-0003,2026-08-23 22:14:38.403936,5.99,3.15,100.69,65.5,72.34
AST-0019,2026-08-03 00:11:38.403936,-6.14,2.96,98.39,85.4,57.72
AST-0003,2026-08-05 17:29:38.403936,16.22,1.88,100.04,87.74,81.93
AST-0005,2026-08-24 18:52:38.403936,2.18,3.7,103.69,62.19,70.52
AST-0006,2026-08-19 09:53:38.403936,4.48,4.08,99.71,66.46,57.29
AST-0007,2026-08-09 16:09:38.403936,2.35,4.25,98.94,67.2,33.67
AST-0013,2026-08-23 03:08:38.403936,3.9,2.84,99.65,70.87,60.16
AST-0005,2026-08-10 14:49:38.403936,6.24,3.59,100.13,65.77,68.3
AST-0004,2026-08-27 07:38:38.403936,17.43,2.51,101.68,62.57,67.07
AST-0005,2026-08-19 15:48:38.403936,6.45,3.02,102.7,72.23,62.23
AST-0003,2026-08-11 14:50:38.403936,4.98,1.63,103.84,37.17,63.43
AST-0007,2026-08-21 06:09:38.403936,6.21,1.41,102.1,58.19,58.36
AST-0014,2026-08-16 13:10:38.403936,5.92,2.66,97.23,55.24,82.56
AST-0007,2026-08-02 02:40:38.403936,5.17,3.9,104.67,61.58,100.0
AST-0015,2026-08-17 20:58:38.403936,4.54,1.73,100.03,42.43,93.93
AST-0019,2026-08-06 02:17:38.403936,6.89,5.4,100.84,65.96,47.71
AST-0011,2026-08-27 11:46:38.403936,1.87,2.33,100.66,61.12,69.01
AST-0018,2026-08-14 13:05:38.403936,6.64,2.26,101.64,72.27,74.97
AST-0004,2026-07-29 23:47:38.403936,3.58,2.58,102.4,53.72,87.74
AST-0017,2026-08-07 12:57:38.403936,6.65,1.92,101.69,71.42,55.18
AST-0012,2026-08-22 01:16:38.403936,5.22,2.63,98.36,69.59,45.2
AST-0003,2026-08-03 23:41:38.403936,5.91,5.52,100.98,78.72,73.93
AST-0003,2026-08-04 12:34:38.403936,2.88,1.69,100.1,68.95,71.45
AST-0015,2026-08-14 15:01:38.403936,3.24,1.57,101.86,63.18,100.0
AST-0007,2026-08-21 07:51:38.403936,4.55,3.95,98.96,49.27,44.84
AST-0009,2026-08-10 03:29:38.403936,6.28,3.9,99.74,60.39,43.96
AST-0019,2026-08-16 15:23:38.403936,1.78,3.07,101.75,65.1,39.8
AST-0016,2026-08-12 22:39:38.403936,6.96,2.1,102.37,50.45,61.57
AST-0009,2026-08-18 11:46:38.403936,4.94,2.76,101.61,69.95,44.65
AST-0014,2026-08-13 06:28:38.403936,4.8,2.59,101.76,65.72,42.08
AST-0003,2026-08-07 20:27:38.403936,2.52,0.73,102.94,73.28,80.18
AST-0017,2026-08-19 05:11:38.403936,4.96,0.79,99.25,66.7,67.44
AST-0017,2026-08-10 06:43:38.403936,4.17,2.8,101.32,66.21,53.5
AST-0011,2026-08-14 19:04:38.403936,5.97,2.16,98.64,57.29,58.73
AST-0003,2026-08-18 07:19:38.403936,5.99,2.47,100.93,52.51,79.14
AST-0011,2026-08-08 13:21:38.403936,3.52,2.42,104.26,70.09,35.69
AST-0015,2026-08-04 07:54:38.403936,13.85,6.76,98.87,71.49,65.76
AST-0018,2026-08-24 14:08:38.403936,4.75,1.93,104.78,93.43,59.99
AST-0017,2026-08-01 18:39:38.403936,5.03,2.58,100.78,56.68,45.47
AST-0020,2026-08-08 15:50:38.403936,2.8,2.82,100.26,39.22,73.01
AST-0014,2026-08-02 04:02:38.403936,4.44,3.58,102.05,50.21,24.87
AST-0014,2026-08-21 05:49:38.403936,2.51,3.27,102.74,44.82,88.81
AST-0011,2026-08-04 04:34:38.403936,4.64,2.81,99.57,77.75,43.65
AST-0010,2026-08-25 16:01:38.403936,5.75,3.16,99.35,84.83,69.17
AST-0001,2026-07-30 13:47:38.403936,5.48,1.28,105.54,52.75,83.45
AST-0013,2026-08-19 18:41:38.403936,3.01,2.0,102.88,75.28,42.12
AST-0002,2026-07-31 10:44:38.403936,6.14,3.34,99.42,80.99,38.78
AST-0004,2026-08-14 02:50:38.403936,3.56,2.88,99.59,67.64,69.34
AST-0012,2026-08-17 15:41:38.403936,4.22,3.17,100.84,67.32,85.64
AST-0016,2026-08-16 23:35:38.403936,5.69,3.13,99.0,70.25,49.19
AST-0015,2026-08-26 15:08:38.403936,2.58,2.44,99.49,72.91,79.66
AST-0004,2026-08-21 05:10:38.403936,1.65,1.84,98.38,60.37,73.19
AST-0008,2026-08-15 18:43:38.403936,4.14,2.03,103.9,41.95,87.26
AST-0011,2026-07-31 22:33:38.403936,3.68,2.44,100.25,80.43,42.84
AST-0012,2026-08-18 14:11:38.403936,4.52,2.92,98.08,55.8,62.33
AST-0002,2026-08-23 05:28:38.403936,3.17,1.85,100.6,71.5,58.83
AST-0002,2026-08-10 13:57:38.403936,6.12,1.7,98.8,84.26,53.16
AST-0020,2026-08-12 14:40:38.403936,2.53,1.11,103.45,61.59,60.43
AST-0005,2026-08-16 00:53:38.403936,4.26,3.31,100.94,88.44,67.41
AST-0005,2026-08-25 07:36:38.403936,6.09,3.14,101.23,59.13,70.98
AST-0014,2026-08-25 08:20:38.403936,5.27,2.04,101.63,77.36,100.0
AST-0017,2026-08-27 17:59:38.403936,5.78,3.99,100.04,72.02,89.09
AST-0009,2026-08-09 17:01:38.403936,3.16,2.11,104.78,55.25,40.86
AST-0003,2026-08-13 09:55:38.403936,6.79,3.46,102.16,64.54,57.11
AST-0012,2026-08-10 18:28:38.403936,4.92,3.76,101.78,86.67,48.84
AST-0007,2026-08-24 04:21:38.403936,4.47,2.2,99.13,63.47,72.51
AST-0007,2026-08-02 07:31:38.403936,5.29,4.24,102.23,76.5,66.19
AST-0013,2026-07-30 08:39:38.403936,7.02,4.42,102.36,55.07,55.12
AST-0019,2026-08-07 07:34:38.403936,4.92,2.87,102.7,69.6,65.13
AST-0010,2026-08-22 18:38:38.403936,3.55,2.82,105.01,75.2,74.62
AST-0004,2026-08-19 10:13:38.403936,6.04,2.2,100.28,57.52,62.74
AST-0015,2026-08-04 16:22:38.403936,3.87,3.47,100.35,56.97,99.97
AST-0007,2026-08-27 00:02:38.403936,3.82,2.62,102.2,53.63,87.24
AST-0010,2026-08-01 21:17:38.403936,5.46,3.75,99.94,65.99,65.71
AST-0004,2026-08-25 00:49:38.403936,4.9,1.34,101.52,50.74,71.45
AST-0006,2026-08-03 18:41:38.403936,1.31,1.02,102.94,59.53,47.22
AST-0012,2026-08-10 21:41:38.403936,18.41,2.76,103.04,63.34,100.0
AST-0012,2026-08-10 20:23:38.403936,3.59,3.9,101.18,48.45,73.69
AST-0014,2026-08-18 09:36:38.403936,4.97,1.66,99.46,64.75,71.3
AST-0012,2026-08-21 21:06:38.403936,0.79,3.34,100.31,51.68,81.94
AST-0014,2026-08-03 05:09:38.403936,4.46,3.47,102.18,64.98,62.25
AST-0020,2026-08-07 14:08:38.403936,5.22,2.17,99.59,71.1,62.4
AST-0014,2026-08-11 07:42:38.403936,4.55,3.37,101.07,65.15,54.21
AST-0004,2026-08-03 17:34:38.403936,5.15,2.78,103.1,59.21,56.76
AST-0019,2026-08-08 18:09:38.403936,5.69,2.7,99.49,78.07,34.43
AST-0009,2026-08-10 21:03:38.403936,5.68,1.49,105.07,49.55,85.74
AST-0013,2026-08-09 01:40:38.403936,4.38,2.21,101.67,71.32,48.72
AST-0009,2026-08-16 14:23:38.403936,3.28,3.02,97.89,59.16,100.0
AST-0012,2026-08-21 07:10:38.403936,3.05,3.42,100.13,70.09,76.78
AST-0001,2026-08-27 17:58:38.403936,6.19,2.34,105.28,59.11,69.22
AST-0020,2026-08-03 01:15:38.403936,4.87,1.6,100.73,66.62,57.22
AST-0008,2026-08-20 11:03:38.403936,8.16,1.83,103.66,73.56,64.75
AST-0006,2026-08-06 12:15:38.403936,3.2,1.89,100.26,47.14,46.94
AST-0001,2026-08-13 21:07:38.403936,2.28,3.58,102.54,72.86,75.6
AST-0003,2026-08-20 08:42:38.403936,4.75,10.57,100.08,66.07,78.45
AST-0020,2026-08-06 12:47:38.403936,2.52,4.98,101.36,66.42,87.62
AST-0016,2026-08-14 18:57:38.403936,5.87,2.53,101.56,49.96,54.98
AST-0001,2026-08-10 00:39:38.403936,5.28,2.86,103.74,63.79,40.03
AST-0008,2026-08-24 13:55:38.403936,6.09,3.65,103.1,63.36,83.8
AST-0004,2026-08-22 16:03:38.403936,9.64,2.59,98.68,59.14,76.26
AST-0015,2026-08-03 07:32:38.403936,2.09,2.64,102.06,80.35,88.58
AST-0009,2026-08-21 02:15:38.403936,5.8,0.77,103.14,72.06,69.61
AST-0012,2026-08-20 21:41:38.403936,1.9,1.88,98.97,44.85,64.95
AST-0020,2026-08-12 11:14:38.403936,3.3,4.6,100.96,77.94,36.76
AST-0001,2026-08-20 19:21:38.403936,3.7,2.58,99.48,60.78,61.08
AST-0005,2026-08-05 11:51:38.403936,4.15,3.98,102.06,69.8,74.71
AST-0014,2026-08-15 00:28:38.403936,5.42,2.43,100.66,66.67,85.82
AST-0018,2026-08-27 19:59:38.403936,3.79,2.35,103.98,65.92,67.44
AST-0006,2026-08-19 05:02:38.403936,2.33,2.25,100.82,56.71,65.39
AST-0011,2026-08-10 20:06:38.403936,3.86,2.56,101.54,55.44,57.82
AST-0009,2026-08-16 13:25:38.403936,4.62,3.45,101.81,58.38,72.18
AST-0011,2026-08-12 20:10:38.403936,7.06,3.23,102.4,72.26,90.92
AST-0016,2026-08-14 13:19:38.403936,4.74,2.55,100.21,73.26,31.47
AST-0010,2026-08-05 11:01:38.403936,3.7,2.11,98.03,79.95,40.53
AST-0016,2026-08-27 03:40:38.403936,3.62,3.23,102.59,53.92,77.28
AST-0015,2026-08-11 21:10:38.403936,4.93,4.37,102.11,63.59,49.58
AST-0004,2026-07-31 15:02:38.403936,3.38,1.84,104.04,65.18,75.17
AST-0001,2026-08-01 04:25:38.403936,6.77,5.02,103.86,65.55,72.83
AST-0010,2026-08-01 00:49:38.403936,3.26,1.9,102.28,88.85,83.06
AST-0005,2026-08-21 14:37:38.403936,6.4,2.35,100.1,57.19,56.21
AST-0007,2026-08-02 16:15:38.403936,1.42,1.92,100.18,63.25,67.37
AST-0008,2026-08-18 10:13:38.403936,5.04,2.49,100.14,45.37,54.64
AST-0013,2026-07-31 05:25:38.403936,3.04,2.87,103.12,74.39,78.63
AST-0009,2026-08-17 23:52:38.403936,4.3,2.08,99.81,49.93,82.85
AST-0014,2026-08-12 12:12:38.403936,4.24,1.5,99.65,56.33,65.77
AST-0007,2026-08-13 10:33:38.403936,6.1,2.22,96.79,63.11,62.19
AST-0010,2026-08-10 03:24:38.403936,4.16,2.0,101.73,65.66,64.55
AST-0015,2026-08-12 15:27:38.403936,5.12,2.16,100.33,78.8,75.07
AST-0014,2026-08-23 14:30:38.403936,5.74,3.48,102.35,74.28,36.57
AST-0011,2026-08-03 03:13:38.403936,4.81,2.35,104.66,74.28,53.65
AST-0015,2026-08-21 16:37:38.403936,5.06,2.63,102.21,54.81,71.48
AST-0014,2026-08-14 21:11:38.403936,4.16,2.73,99.85,59.15,86.13
AST-0003,2026-08-19 18:09:38.403936,14.92,7.78,101.2,57.28,49.07
AST-0008,2026-08-05 03:52:38.403936,4.66,1.3,99.28,85.54,73.27
AST-0018,2026-08-25 04:11:38.403936,3.38,2.83,102.43,74.94,62.71
AST-0013,2026-08-24 12:04:38.403936,5.96,0.87,99.19,66.64,70.93
AST-0017,2026-08-04 11:52:38.403936,3.13,8.94,100.05,62.23,83.45
AST-0009,2026-08-19 17:00:38.403936,5.86,1.7,99.19,60.89,64.52
AST-0010,2026-08-28 08:09:38.403936,3.51,3.33,101.99,69.06,42.2
AST-0002,2026-08-24 11:55:38.403936,6.25,0.24,102.97,74.34,57.22
AST-0002,2026-08-04 06:57:38.403936,6.41,2.45,101.42,68.4,100.0
AST-0016,2026-08-08 02:18:38.403936,6.52,3.06,99.47,66.44,50.36
AST-0005,2026-08-04 23:18:38.403936,5.73,2.61,99.05,65.81,49.71
AST-0001,2026-08-12 10:58:38.403936,4.73,1.81,101.35,72.5,64.05
AST-0003,2026-08-20 20:01:38.403936,3.91,2.66,102.69,53.93,69.69
AST-0017,2026-07-29 18:21:38.403936,6.48,2.96,101.42,71.4,73.14
AST-0001,2026-08-03 04:07:38.403936,5.63,0.88,98.19,75.05,37.9
AST-0004,2026-08-21 18:47:38.403936,5.1,2.22,99.31,68.5,68.62
AST-0008,2026-08-12 09:54:38.403936,7.67,2.0,104.18,68.52,53.1
AST-0015,2026-08-23 15:28:38.403936,5.7,2.95,101.37,67.66,54.25
AST-0001,2026-08-28 17:12:38.403936,3.26,3.11,100.85,64.2,70.04
AST-0008,2026-08-07 04:10:38.403936,4.9,1.36,103.87,66.21,61.35
AST-0007,2026-08-06 12:50:38.403936,5.15,2.69,102.83,70.38,77.92
AST-0004,2026-08-20 10:24:38.403936,6.53,3.21,100.98,53.77,95.02
AST-0013,2026-08-25 13:24:38.403936,4.14,2.12,97.83,68.38,67.68
AST-0014,2026-08-16 07:44:38.403936,2.23,2.86,100.3,91.9,54.75
AST-0004,2026-08-18 02:20:38.403936,3.85,1.8,103.86,61.27,51.95
AST-0002,2026-08-24 10:35:38.403936,5.56,1.4,102.55,82.81,75.2
AST-0015,2026-08-28 02:56:38.403936,5.46,3.2,104.72,77.1,72.91
AST-0005,2026-07-31 16:52:38.403936,5.86,1.79,102.85,54.94,58.39
AST-0001,2026-08-20 01:23:38.403936,-0.12,2.82,100.01,76.11,72.02
AST-0017,2026-08-05 23:14:38.403936,6.19,1.63,103.38,86.06,78.75
AST-0013,2026-08-08 08:32:38.403936,5.69,2.64,100.25,72.61,37.89
AST-0012,2026-08-22 02:41:38.403936,3.87,1.08,99.89,71.42,74.1
AST-0005,2026-08-28 14:46:38.403936,4.58,2.64,97.53,61.27,52.74
AST-0013,2026-08-11 10:20:38.403936,3.51,2.98,99.58,58.95,27.43
AST-0013,2026-08-01 20:49:38.403936,4.06,1.63,101.46,55.49,66.88
AST-0017,2026-08-20 05:35:38.403936,4.28,3.84,102.29,46.6,42.23
AST-0011,2026-08-28 18:01:38.403936,4.58,1.76,95.36,78.5,77.96
AST-0020,2026-08-25 13:30:38.403936,5.28,2.01,102.16,57.96,68.69
AST-0008,2026-08-17 03:20:38.403936,3.12,9.64,98.16,77.32,65.7
AST-0016,2026-08-03 03:45:38.403936,3.77,2.63,102.77,78.67,70.64
AST-0008,2026-08-13 11:50:38.403936,3.16,2.54,104.93,78.48,81.36
AST-0013,2026-08-03 13:28:38.403936,5.69,3.06,103.62,60.43,40.61
AST-0009,2026-08-17 21:07:38.403936,4.6,1.85,99.19,57.8,100.0
AST-0012,2026-08-03 23:21:38.403936,16.7,2.79,98.86,46.56,50.26
AST-0004,2026-08-26 08:48:38.403936,6.66,6.46,102.5,72.39,54.36
AST-0019,2026-08-19 05:18:38.403936,6.58,1.99,104.11,69.42,32.8
AST-0015,2026-08-24 02:07:38.403936,3.38,1.07,103.63,64.75,24.89
AST-0014,2026-08-11 18:48:38.403936,5.06,2.07,98.33,81.78,66.93
AST-0019,2026-08-22 19:36:38.403936,4.06,2.18,98.27,51.95,88.13
AST-0007,2026-07-30 20:47:38.403936,3.79,2.52,97.21,51.82,75.98
AST-0012,2026-07-31 06:37:38.403936,5.07,3.9,103.99,62.69,73.51
AST-0011,2026-08-17 07:59:38.403936,4.03,4.14,103.6,66.7,68.61
AST-0017,2026-08-07 04:43:38.403936,6.67,2.96,104.42,43.06,73.3
AST-0016,2026-08-21 08:16:38.403936,3.73,3.91,104.39,65.33,92.64
AST-0018,2026-08-21 13:22:38.403936,7.17,2.56,106.24,64.69,61.14
AST-0013,2026-08-05 00:54:38.403936,5.8,2.22,101.47,79.09,65.35
AST-0017,2026-08-01 23:43:38.403936,1.96,2.79,99.91,73.65,77.53
AST-0002,2026-08-12 08:03:38.403936,6.71,3.23,103.48,58.31,79.47
AST-0010,2026-08-26 03:18:38.403936,7.45,8.23,104.9,59.51,49.66
AST-0006,2026-08-10 04:53:38.403936,4.94,3.07,103.12,55.38,72.82
AST-0017,2026-08-11 20:57:38.403936,3.47,1.31,99.44,57.49,74.39
AST-0002,2026-08-26 13:57:38.403936,6.23,1.32,102.0,53.23,76.32
AST-0016,2026-08-23 14:37:38.403936,3.57,1.66,102.9,59.13,59.31
AST-0014,2026-08-10 17:38:38.403936,1.17,3.26,102.94,65.05,37.5
AST-0002,2026-08-10 15:16:38.403936,6.31,1.97,100.39,88.12,52.33
AST-0011,2026-08-05 02:27:38.403936,5.61,2.95,102.08,67.82,71.77
AST-0019,2026-08-01 14:23:38.403936,4.91,2.46,104.32,51.87,83.39
AST-0002,2026-08-26 12:36:38.403936,5.73,3.06,103.53,64.07,31.36
AST-0020,2026-08-14 12:04:38.403936,4.39,1.71,99.84,52.58,56.41
AST-0016,2026-08-26 15:15:38.403936,3.61,0.6,102.7,87.2,75.91
AST-0002,2026-08-04 15:43:38.403936,4.2,2.46,100.46,65.9,64.33
AST-0014,2026-08-21 08:43:38.403936,3.24,3.85,98.33,72.18,63.18
AST-0008,2026-08-20 11:58:38.403936,7.35,2.77,100.58,62.52,65.72
AST-0007,2026-07-30 17:44:38.403936,2.79,8.01,97.73,55.77,66.69
AST-0001,2026-08-23 01:47:38.403936,4.95,0.92,101.03,70.63,62.07
AST-0013,2026-08-23 21:47:38.403936,3.55,2.17,100.22,58.63,68.13
AST-0005,2026-08-04 11:06:38.403936,7.96,1.91,100.66,64.48,52.63
AST-0012,2026-08-04 00:33:38.403936,6.15,0.6,100.24,73.18,59.71
AST-0002,2026-08-14 18:33:38.403936,3.27,2.85,103.11,67.11,50.58
AST-0008,2026-08-09 14:27:38.403936,5.18,2.18,102.79,79.83,18.1
AST-0018,2026-08-17 13:29:38.403936,4.67,1.11,106.18,60.32,78.43
AST-0008,2026-08-24 14:46:38.403936,4.45,1.86,99.46,80.86,82.21
AST-0006,2026-08-01 08:26:38.403936,7.42,2.54,101.88,62.33,59.83
AST-0008,2026-08-11 14:59:38.403936,2.94,2.57,99.72,69.42,68.06
AST-0004,2026-08-12 01:42:38.403936,4.93,3.84,101.22,72.57,100.0
AST-0018,2026-08-28 15:29:38.403936,6.46,3.42,100.69,67.3,41.27
AST-0012,2026-08-08 03:10:38.403936,5.25,2.72,101.35,75.27,43.26
AST-0012,2026-08-08 18:55:38.403936,6.95,3.22,101.16,63.51,73.65
AST-0017,2026-08-23 20:35:38.403936,6.78,2.58,101.59,65.18,97.08
AST-0004,2026-08-10 22:32:38.403936,3.95,2.48,104.23,66.47,85.47
AST-0020,2026-08-01 05:17:38.403936,3.13,2.34,104.27,58.24,62.28
AST-0005,2026-08-20 21:23:38.403936,4.89,1.71,100.47,66.13,65.84
AST-0007,2026-08-22 11:22:38.403936,6.42,3.73,99.59,66.11,77.14
AST-0005,2026-08-04 08:23:38.403936,6.77,3.07,101.88,71.67,77.13
AST-0015,2026-07-31 09:29:38.403936,3.11,2.65,104.22,62.93,67.33
AST-0019,2026-08-03 23:05:38.403936,-3.86,0.65,101.34,68.02,55.78
AST-0002,2026-08-16 05:56:38.403936,2.77,1.8,102.83,84.73,89.88
AST-0001,2026-08-11 11:09:38.403936,2.48,3.18,99.97,59.18,56.68
AST-0007,2026-08-16 04:12:38.403936,5.56,3.27,101.1,64.19,73.36
AST-0002,2026-08-16 00:38:38.403936,5.35,3.44,98.73,65.2,45.78
AST-0020,2026-08-12 15:37:38.403936,12.42,2.32,101.21,57.0,38.23
AST-0019,2026-08-14 01:33:38.403936,1.36,2.4,100.44,58.24,88.81
AST-0020,2026-08-08 14:50:38.403936,3.21,3.63,104.55,45.49,66.66
AST-0002,2026-08-18 12:26:38.403936,3.9,0.17,98.41,72.75,100.0
AST-0010,2026-08-03 17:36:38.403936,5.85,2.76,101.26,81.83,100.0
AST-0019,2026-08-23 02:25:38.403936,3.62,0.9,97.1,78.22,64.15
AST-0015,2026-08-22 09:06:38.403936,4.77,1.07,99.79,62.05,68.74
AST-0009,2026-08-09 14:31:38.403936,3.9,7.87,99.73,77.08,69.41
AST-0010,2026-08-02 15:44:38.403936,5.42,1.78,95.39,59.77,49.4
AST-0009,2026-08-14 02:59:38.403936,5.02,5.13,102.69,92.36,75.24
AST-0020,2026-08-15 05:23:38.403936,3.56,2.78,104.86,83.3,54.64
AST-0011,2026-07-30 07:47:38.403936,4.88,1.36,102.95,80.53,65.72
AST-0001,2026-08-10 19:14:38.403936,3.5,2.79,102.13,65.81,68.22
AST-0016,2026-08-18 18:48:38.403936,-3.76,3.3,102.77,55.17,46.81
AST-0002,2026-08-27 18:54:38.403936,4.12,3.09,101.6,58.57,69.71
AST-0020,2026-08-25 03:21:38.403936,4.0,3.2,101.97,61.85,69.17
AST-0006,2026-08-23 20:38:38.403936,6.47,2.04,102.11,64.3,72.69
AST-0016,2026-08-10 12:07:38.403936,3.52,2.59,103.52,55.63,41.07
AST-0020,2026-08-04 13:16:38.403936,2.56,1.56,102.49,50.94,59.64
AST-0002,2026-08-28 14:49:38.403936,5.43,2.83,100.53,66.91,66.93
AST-0019,2026-08-07 03:34:38.403936,4.16,2.33,105.77,73.09,100.0
AST-0002,2026-08-13 04:55:38.403936,3.75,2.43,98.64,56.9,99.23
AST-0012,2026-08-10 13:16:38.403936,3.72,10.42,98.81,54.47,58.86
AST-0012,2026-08-23 08:37:38.403936,4.4,3.24,102.2,60.84,62.6
AST-0017,2026-08-03 17:33:38.403936,4.02,1.77,99.52,75.28,32.09
AST-0012,2026-08-02 06:54:38.403936,6.93,2.23,99.75,72.4,91.73
AST-0010,2026-08-17 16:39:38.403936,6.18,2.9,103.47,47.84,55.61
AST-0011,2026-08-05 06:35:38.403936,15.13,3.48,100.53,73.45,74.65
AST-0010,2026-08-17 08:06:38.403936,3.21,2.03,103.89,57.25,67.25
AST-0005,2026-08-27 01:36:38.403936,11.33,2.25,101.21,57.17,47.71
AST-0011,2026-08-25 16:05:38.403936,16.93,1.82,99.68,55.61,63.6
AST-0019,2026-08-22 00:14:38.403936,5.92,3.71,99.85,86.5,46.92
AST-0019,2026-08-14 10:06:38.403936,6.13,1.92,99.56,57.55,64.06
AST-0003,2026-07-31 05:55:38.403936,5.37,3.04,99.41,55.1,48.5
AST-0019,2026-08-02 06:45:38.403936,4.33,2.33,99.4,67.7,100.0
AST-0014,2026-08-21 16:16:38.403936,3.74,2.15,102.42,59.41,77.04
AST-0017,2026-08-23 07:00:38.403936,3.42,3.97,101.99,58.8,54.4
AST-0017,2026-08-01 02:29:38.403936,3.73,3.6,98.76,58.32,54.89
AST-0019,2026-08-18 20:01:38.403936,4.48,2.28,98.32,61.0,63.21
AST-0012,2026-08-12 02:25:38.403936,3.56,3.05,103.14,64.22,69.15
AST-0004,2026-08-09 06:30:38.403936,1.26,2.16,103.31,60.77,51.73
AST-0014,2026-08-09 17:36:38.403936,7.92,3.96,102.24,76.39,24.93
AST-0003,2026-08-15 05:35:38.403936,3.32,2.12,100.83,60.1,19.1
AST-0015,2026-08-15 06:02:38.403936,5.08,2.93,104.5,57.12,49.34
AST-0005,2026-08-17 19:48:38.403936,0.48,2.27,103.1,58.88,100.0
AST-0019,2026-08-23 05:32:38.403936,4.12,2.62,98.57,67.87,29.37
AST-0011,2026-08-05 01:12:38.403936,5.54,3.08,104.02,54.8,67.89
AST-0017,2026-08-13 01:07:38.403936,5.35,2.85,99.57,41.08,71.25
AST-0007,2026-08-05 12:24:38.403936,4.27,2.05,102.83,64.55,41.25
AST-0009,2026-08-06 22:49:38.403936,1.6,5.08,106.09,72.23,68.4
AST-0004,2026-08-24 00:03:38.403936,4.23,2.3,103.63,60.09,75.38
AST-0001,2026-08-04 12:22:38.403936,3.98,4.05,102.78,77.46,54.48
AST-0017,2026-08-06 08:39:38.403936,6.09,2.25,101.52,81.35,46.23
AST-0013,2026-08-16 10:14:38.403936,4.8,2.85,102.34,60.49,100.0
AST-0011,2026-08-24 02:38:38.403936,2.56,3.67,103.73,84.01,36.41
AST-0002,2026-08-14 02:01:38.403936,3.2,3.69,97.55,48.94,56.21
AST-0015,2026-08-02 02:52:38.403936,4.79,3.77,100.93,58.92,70.61
AST-0014,2026-08-17 08:55:38.403936,5.2,2.85,100.94,45.45,48.48
AST-0006,2026-08-11 22:17:38.403936,6.63,2.65,100.65,76.18,44.66
AST-0003,2026-08-25 14:16:38.403936,4.16,2.61,100.42,66.01,61.62
AST-0012,2026-08-05 16:37:38.403936,2.4,2.65,98.64,66.66,89.73
AST-0006,2026-08-28 07:38:38.403936,4.08,1.56,101.05,56.68,75.7
AST-0004,2026-08-21 21:55:38.403936,4.28,3.87,103.63,63.47,77.88
AST-0019,2026-08-09 08:00:38.403936,3.91,2.53,100.58,72.66,90.79
AST-0014,2026-08-22 07:45:38.403936,5.7,3.24,103.15,70.51,44.49
AST-0006,2026-08-11 17:53:38.403936,7.05,3.94,100.83,61.29,76.02
AST-0007,2026-08-05 06:43:38.403936,5.33,2.34,98.8,68.06,74.93
AST-0020,2026-08-18 08:34:38.403936,5.59,2.78,100.76,74.94,66.19
AST-0004,2026-08-13 01:41:38.403936,3.8,2.36,97.81,63.18,77.39
AST-0006,2026-08-11 20:43:38.403936,5.01,3.72,100.77,69.87,79.27
AST-0020,2026-08-11 21:24:38.403936,8.01,2.62,99.21,73.48,98.58
AST-0005,2026-08-03 14:13:38.403936,4.02,3.17,103.76,75.17,67.26
AST-0006,2026-08-03 03:08:38.403936,3.45,2.43,102.22,74.08,71.01
AST-0018,2026-07-31 00:11:38.403936,3.93,2.94,103.02,68.8,49.95
AST-0001,2026-08-23 05:51:38.403936,4.23,9.59,98.53,44.07,92.15
AST-0019,2026-08-15 13:57:38.403936,5.27,2.99,99.15,72.38,69.95
AST-0015,2026-08-18 04:10:38.403936,2.12,3.64,101.62,61.04,58.2
AST-0004,2026-08-12 04:28:38.403936,1.48,2.97,101.82,63.06,88.01
AST-0003,2026-08-18 23:43:38.403936,2.42,2.02,99.6,62.21,66.21
AST-0004,2026-08-04 23:45:38.403936,5.15,2.22,99.55,81.86,100.0
AST-0008,2026-08-14 20:40:38.403936,4.71,1.89,104.25,50.53,58.97
AST-0009,2026-08-02 03:31:38.403936,3.46,1.57,100.74,56.36,65.23
AST-0003,2026-08-19 09:37:38.403936,4.54,2.0,100.56,62.69,79.58
AST-0004,2026-08-13 02:10:38.403936,4.28,3.16,102.47,70.72,89.98
AST-0002,2026-08-22 11:42:38.403936,2.82,2.12,104.83,62.43,14.33
AST-0019,2026-08-27 15:21:38.403936,4.2,2.61,96.07,78.34,52.15
AST-0007,2026-08-15 21:14:38.403936,4.99,2.32,98.72,54.29,48.17
AST-0006,2026-08-10 20:04:38.403936,6.13,2.38,100.26,55.65,86.53
AST-0003,2026-08-21 08:52:38.403936,6.7,3.45,102.28,67.9,43.11
AST-0001,2026-08-22 06:15:38.403936,4.13,1.95,97.65,75.57,52.48
AST-0007,2026-08-18 12:42:38.403936,6.29,3.21,102.41,71.13,53.92
AST-0013,2026-08-06 20:51:38.403936,19.29,2.53,101.9,58.51,48.24
AST-0016,2026-08-27 11:33:38.403936,5.22,2.67,99.72,50.62,42.14
AST-0010,2026-08-22 21:43:38.403936,6.29,2.01,100.62,79.5,44.8
AST-0016,2026-08-09 07:36:38.403936,3.41,1.88,104.54,84.93,78.53
AST-0016,2026-08-27 10:28:38.403936,5.68,2.04,105.19,67.68,80.36
AST-0010,2026-08-12 04:59:38.403936,4.34,2.29,104.63,70.4,91.12
AST-0014,2026-08-17 20:37:38.403936,4.88,1.82,100.13,66.03,53.72
AST-0004,2026-08-04 00:49:38.403936,2.84,3.46,100.21,66.38,70.33
AST-0016,2026-08-14 13:57:38.403936,3.62,3.66,99.07,67.62,69.43
AST-0001,2026-08-21 00:37:38.403936,4.42,1.46,103.04,72.44,52.84
AST-0014,2026-08-12 00:05:38.403936,5.56,2.8,98.74,56.46,85.49
AST-0011,2026-08-01 12:43:38.403936,4.96,2.05,99.58,59.85,57.0
AST-0013,2026-08-17 11:29:38.403936,3.23,1.11,103.58,74.71,42.08
AST-0008,2026-08-10 15:04:38.403936,4.7,1.78,100.78,61.55,57.3
AST-0015,2026-08-14 05:30:38.403936,7.5,2.15,99.68,57.37,83.79
AST-0018,2026-08-17 09:56:38.403936,2.02,1.89,104.19,67.44,68.45
AST-0020,2026-08-08 03:32:38.403936,7.7,2.7,99.88,62.18,44.56
AST-0001,2026-08-26 13:25:38.403936,6.38,2.96,103.55,77.13,57.54
AST-0011,2026-07-30 17:22:38.403936,3.08,2.46,99.55,66.65,85.38
AST-0002,2026-08-14 19:33:38.403936,4.25,2.62,101.11,73.03,52.98
AST-0006,2026-08-22 08:49:38.403936,1.21,2.88,103.28,69.46,53.48
AST-0010,2026-08-23 03:26:38.403936,2.8,2.9,101.58,63.74,97.8
AST-0007,2026-08-06 02:36:38.403936,3.08,3.92,101.36,46.64,61.77
AST-0002,2026-08-23 22:17:38.403936,5.94,2.21,98.35,63.35,49.57
AST-0017,2026-07-30 16:11:38.403936,5.24,3.12,99.19,57.94,78.62
AST-0010,2026-08-16 20:58:38.403936,3.21,1.63,98.94,68.52,70.56
AST-0008,2026-08-12 11:35:38.403936,15.47,2.5,104.35,55.26,29.87
AST-0013,2026-07-31 07:12:38.403936,5.18,2.41,99.88,71.52,80.11
AST-0009,2026-08-28 14:03:38.403936,1.19,1.98,105.94,70.83,77.17
AST-0014,2026-08-02 15:04:38.403936,6.26,2.51,102.89,72.18,74.7
AST-0005,2026-07-30 16:19:38.403936,16.02,2.64,100.12,65.13,43.97
AST-0007,2026-08-03 02:41:38.403936,3.31,2.27,99.41,59.95,62.05
AST-0014,2026-08-26 07:53:38.403936,5.1,3.26,100.37,78.35,81.89
AST-0015,2026-08-22 01:56:38.403936,5.26,2.62,101.94,76.87,87.02
AST-0019,2026-08-07 23:40:38.403936,6.5,2.53,102.41,78.44,53.77
AST-0008,2026-08-20 05:12:38.403936,4.02,2.51,103.1,74.15,60.84
AST-0018,2026-08-17 06:08:38.403936,2.24,2.7,99.46,50.1,42.25
AST-0013,2026-08-21 19:39:38.403936,4.99,8.58,101.38,67.11,86.29
AST-0015,2026-08-15 17:26:38.403936,2.18,2.92,101.28,70.66,56.3
AST-0015,2026-08-08 23:03:38.403936,3.27,8.7,104.6,73.61,55.86
AST-0010,2026-08-15 14:15:38.403936,2.49,1.15,103.93,55.45,59.14
AST-0003,2026-08-13 21:25:38.403936,6.48,1.21,104.28,62.46,44.33
AST-0016,2026-08-03 02:30:38.403936,4.13,1.92,102.18,58.52,30.59
AST-0020,2026-08-25 18:28:38.403936,4.17,1.41,101.71,53.13,56.22
AST-0008,2026-08-20 07:31:38.403936,4.77,2.33,101.8,71.8,44.16
AST-0010,2026-08-01 10:41:38.403936,4.4,0.16,101.79,61.99,47.3
AST-0019,2026-08-14 03:21:38.403936,4.97,3.44,100.35,55.55,67.97
AST-0018,2026-08-26 00:17:38.403936,2.5,7.73,103.74,65.62,31.17
AST-0008,2026-08-21 00:08:38.403936,1.8,2.63,103.02,48.82,73.09
AST-0018,2026-08-13 09:50:38.403936,6.5,4.01,101.96,70.07,26.6
AST-0003,2026-08-02 11:15:38.403936,7.65,2.04,99.43,62.45,92.21
AST-0004,2026-08-15 20:39:38.403936,7.81,7.68,103.3,65.43,46.32
AST-0004,2026-08-06 07:50:38.403936,6.72,2.0,104.37,77.99,76.05
AST-0017,2026-07-31 12:58:38.403936,7.24,4.29,100.95,56.91,31.44
AST-0014,2026-08-20 22:27:38.403936,7.87,2.15,103.57,57.59,92.69
AST-0010,2026-08-16 22:34:38.403936,-4.55,1.55,100.88,59.68,75.73
AST-0012,2026-08-11 02:26:38.403936,4.42,3.0,100.72,58.35,54.5
AST-0017,2026-08-24 10:08:38.403936,7.57,2.68,97.33,59.8,66.74
AST-0012,2026-08-08 01:38:38.403936,7.27,3.32,99.46,89.18,64.44
AST-0007,2026-08-22 09:37:38.403936,6.37,1.58,96.5,50.92,6.49
AST-0005,2026-08-13 18:57:38.403936,7.67,2.67,99.45,69.53,68.41
AST-0001,2026-08-06 05:42:38.403936,5.43,3.47,100.72,56.2,79.9
AST-0003,2026-08-13 05:19:38.403936,5.7,2.58,105.66,60.62,48.8
AST-0004,2026-07-30 00:26:38.403936,5.13,1.96,102.29,56.67,57.8
AST-0020,2026-08-23 05:39:38.403936,7.34,2.18,99.7,76.71,46.08
AST-0018,2026-08-20 02:15:38.403936,3.46,2.96,103.18,77.2,51.55
AST-0010,2026-08-09 01:12:38.403936,5.39,5.9,100.09,77.03,55.11
AST-0020,2026-08-18 03:48:38.403936,4.92,2.62,99.16,74.66,75.09
AST-0007,2026-08-17 02:47:38.403936,1.52,2.72,99.75,75.97,38.98
AST-0007,2026-08-02 06:56:38.403936,3.97,2.79,101.41,72.63,37.67
AST-0005,2026-08-11 12:08:38.403936,6.98,2.92,104.02,73.74,64.79
AST-0011,2026-08-22 12:49:38.403936,2.57,2.05,104.48,78.85,53.85
AST-0009,2026-08-24 23:05:38.403936,0.27,2.33,100.72,62.5,74.51
AST-0006,2026-08-26 19:01:38.403936,5.81,3.29,102.19,46.99,58.86
AST-0003,2026-07-29 21:14:38.403936,7.96,2.8,102.04,68.59,72.48
AST-0001,2026-08-26 17:58:38.403936,0.93,2.31,101.22,77.81,65.86
AST-0005,2026-08-13 11:29:38.403936,2.03,2.84,99.69,52.83,49.99
AST-0016,2026-08-22 01:14:38.403936,5.31,3.51,102.27,71.32,73.51
AST-0008,2026-08-13 15:35:38.403936,4.65,3.06,96.46,66.11,46.19
AST-0016,2026-08-24 06:08:38.403936,6.24,2.38,101.36,49.95,83.3
AST-0017,2026-08-14 22:03:38.403936,5.44,2.95,99.67,57.26,69.02
AST-0006,2026-08-02 07:43:38.403936,3.46,2.85,96.98,60.12,97.34
AST-0014,2026-08-27 14:33:38.403936,5.16,2.63,105.27,41.64,50.32
AST-0009,2026-08-24 06:31:38.403936,3.9,3.19,103.05,56.34,82.96
AST-0012,2026-08-04 05:39:38.403936,3.9,3.47,99.23,63.77,56.18
AST-0012,2026-08-06 20:45:38.403936,14.08,2.08,101.22,70.07,74.81
AST-0007,2026-08-18 01:31:38.403936,5.83,2.67,100.46,61.5,65.46
AST-0001,2026-08-16 04:03:38.403936,4.87,2.38,101.34,49.83,77.01
AST-0001,2026-08-07 16:13:38.403936,4.77,3.3,101.3,47.62,58.55
AST-0012,2026-08-25 10:35:38.403936,4.2,3.09,97.16,65.41,74.25
AST-0009,2026-08-10 07:29:38.403936,3.51,6.65,100.05,57.7,57.65
AST-0009,2026-08-27 23:11:38.403936,3.43,3.05,99.83,55.97,96.82
AST-0001,2026-08-11 05:47:38.403936,5.94,1.01,99.77,67.42,70.83
AST-0016,2026-08-20 04:33:38.403936,2.26,3.43,102.95,69.82,89.42
AST-0018,2026-08-06 16:07:38.403936,5.18,2.86,104.42,76.01,49.85
AST-0005,2026-08-03 11:47:38.403936,-2.55,1.97,102.31,69.77,40.1
AST-0014,2026-08-06 19:32:38.403936,4.32,2.71,100.43,68.15,79.51
AST-0002,2026-08-04 04:45:38.403936,4.45,2.68,104.07,69.73,68.61
AST-0007,2026-08-13 01:32:38.403936,3.06,3.04,101.96,77.84,65.84
AST-0011,2026-08-28 13:51:38.403936,1.78,7.49,102.77,59.3,72.86
AST-0012,2026-08-06 11:08:38.403936,4.67,2.37,101.11,56.35,64.72
AST-0002,2026-08-22 06:17:38.403936,15.62,2.2,100.65,62.73,81.6
AST-0005,2026-08-01 17:15:38.403936,4.31,3.32,104.38,73.55,74.62
AST-0009,2026-08-10 21:33:38.403936,4.99,3.19,101.48,74.85,76.05
AST-0006,2026-08-26 10:59:38.403936,3.96,3.22,101.48,63.94,56.43
AST-0001,2026-08-27 16:14:38.403936,4.75,3.3,103.08,68.53,75.79
AST-0011,2026-08-12 22:11:38.403936,6.41,2.38,99.07,78.01,55.46
AST-0019,2026-08-19 23:35:38.403936,3.46,1.06,102.44,48.79,51.5
AST-0006,2026-08-19 20:02:38.403936,5.38,3.08,100.0,63.66,49.29
AST-0001,2026-08-02 16:42:38.403936,3.68,2.71,100.3,62.56,38.64
AST-0012,2026-08-06 11:16:38.403936,6.2,2.91,102.89,77.9,50.15
AST-0008,2026-08-19 17:08:38.403936,3.96,0.98,107.58,63.5,83.7
AST-0007,2026-08-12 18:29:38.403936,2.64,3.3,105.02,64.4,46.8
AST-0010,2026-08-04 19:17:38.403936,4.29,0.72,101.22,73.21,64.36
AST-0014,2026-08-06 20:44:38.403936,4.07,2.92,102.51,48.4,66.6
AST-0007,2026-08-09 01:07:38.403936,8.15,1.43,101.13,84.42,84.88
AST-0015,2026-08-06 19:46:38.403936,3.73,2.66,101.3,57.52,63.66
AST-0012,2026-08-10 19:16:38.403936,4.08,2.59,99.8,52.23,64.26
AST-0006,2026-08-14 15:21:38.403936,7.07,2.57,100.64,72.54,62.15
AST-0005,2026-07-31 10:26:38.403936,7.3,2.5,102.7,57.45,74.06
AST-0014,2026-08-23 05:54:38.403936,4.91,2.45,100.3,58.62,70.08
AST-0010,2026-08-14 13:14:38.403936,5.44,2.4,101.87,64.62,66.77
AST-0018,2026-08-08 04:54:38.403936,4.2,2.51,106.7,68.12,76.62
AST-0009,2026-08-11 00:04:38.403936,5.16,2.29,103.89,62.09,83.99
AST-0004,2026-08-08 16:42:38.403936,4.0,1.73,102.03,53.95,74.64
AST-0005,2026-08-22 07:03:38.403936,2.71,2.24,98.44,93.24,35.23
AST-0013,2026-08-20 00:40:38.403936,4.51,3.41,103.37,73.51,59.29
AST-0004,2026-08-28 17:21:38.403936,6.53,3.23,101.72,67.41,59.53
AST-0006,2026-08-27 09:52:38.403936,3.14,3.49,103.92,56.16,62.23
AST-0004,2026-08-17 22:36:38.403936,4.28,2.47,101.43,74.47,51.55
AST-0015,2026-08-07 06:41:38.403936,3.23,3.49,100.37,52.37,56.27
AST-0015,2026-08-23 15:32:38.403936,4.0,9.98,103.15,76.48,79.76
AST-0013,2026-08-25 18:39:38.403936,5.92,1.95,100.9,55.1,61.21
AST-0012,2026-08-20 07:35:38.403936,5.53,2.61,103.92,53.59,74.0
AST-0010,2026-08-26 02:42:38.403936,2.63,2.58,102.78,62.85,74.92
AST-0017,2026-07-31 14:08:38.403936,3.06,1.17,102.41,82.44,47.07
AST-0019,2026-08-03 16:07:38.403936,6.33,2.53,98.63,53.68,65.28
AST-0006,2026-08-17 00:02:38.403936,3.89,1.45,97.91,56.53,68.49
AST-0017,2026-08-12 10:37:38.403936,4.49,2.1,101.7,75.4,72.09
AST-0005,2026-08-07 19:05:38.403936,4.32,3.24,99.38,62.75,61.38
AST-0002,2026-08-04 16:11:38.403936,2.64,2.16,97.15,84.12,48.13
AST-0012,2026-08-02 21:03:38.403936,6.88,2.53,102.43,60.11,68.74
AST-0005,2026-08-19 15:21:38.403936,5.48,3.03,102.85,61.32,56.35
AST-0003,2026-08-07 21:12:38.403936,2.11,2.92,103.46,81.16,70.49
AST-0003,2026-08-07 03:56:38.403936,3.35,1.14,103.38,47.04,58.87
AST-0012,2026-08-09 21:37:38.403936,4.16,2.44,101.37,66.38,21.52
AST-0016,2026-07-29 23:43:38.403936,4.52,0.72,102.76,59.45,26.17
AST-0016,2026-08-23 18:52:38.403936,3.28,2.04,103.68,66.97,71.2
AST-0004,2026-08-15 21:19:38.403936,6.27,2.42,102.81,71.84,41.84
AST-0005,2026-08-16 09:39:38.403936,6.71,1.36,103.13,49.83,75.82
AST-0016,2026-08-25 22:19:38.403936,7.23,2.65,100.66,59.6,48.21
AST-0008,2026-08-25 10:51:38.403936,15.56,2.22,100.32,58.42,100.0
AST-0001,2026-08-15 13:30:38.403936,2.95,2.62,102.49,71.3,63.95
AST-0003,2026-08-26 13:13:38.403936,4.14,2.86,101.83,62.41,36.89
AST-0002,2026-08-28 03:27:38.403936,3.8,1.58,99.97,65.33,71.46
AST-0013,2026-08-08 09:02:38.403936,7.17,2.07,102.85,68.06,88.33
AST-0010,2026-08-28 12:42:38.403936,5.36,1.69,97.85,68.11,55.49
AST-0009,2026-08-16 08:49:38.403936,3.03,1.49,101.62,80.08,57.64
AST-0017,2026-08-17 22:57:38.403936,5.39,2.42,98.72,72.35,45.3
AST-0004,2026-08-03 14:34:38.403936,4.53,2.23,103.09,54.42,72.04
AST-0001,2026-08-28 14:42:38.403936,3.24,2.09,94.03,85.92,74.91
AST-0013,2026-08-06 02:02:38.403936,3.35,1.6,100.31,72.17,30.94
AST-0013,2026-08-19 10:57:38.403936,16.29,3.92,99.03,65.8,100.0
AST-0009,2026-08-17 23:45:38.403936,5.45,2.6,102.31,60.99,88.39
AST-0015,2026-08-27 14:56:38.403936,3.9,0.93,100.52,55.33,59.94
AST-0011,2026-08-21 14:42:38.403936,4.11,3.46,102.69,67.63,64.95
AST-0006,2026-08-23 02:42:38.403936,2.91,0.76,101.53,72.95,63.05
AST-0003,2026-08-18 01:30:38.403936,3.7,2.87,101.13,81.86,87.19
AST-0007,2026-08-05 14:34:38.403936,17.94,3.11,98.72,71.63,71.77
AST-0015,2026-08-22 04:43:38.403936,5.41,2.89,102.21,92.01,63.63
AST-0004,2026-08-18 13:19:38.403936,5.9,2.12,102.88,74.39,71.56
AST-0020,2026-08-21 01:06:38.403936,7.0,1.79,100.33,67.12,80.85
AST-0010,2026-08-15 13:41:38.403936,4.77,3.53,99.98,53.59,70.55
AST-0012,2026-07-30 20:01:38.403936,4.38,2.93,101.25,61.6,63.65
AST-0002,2026-08-17 17:51:38.403936,12.54,2.26,100.89,60.96,80.42
AST-0018,2026-08-25 21:03:38.403936,4.79,4.31,101.62,59.49,100.0
AST-0004,2026-08-16 19:05:38.403936,5.12,3.29,102.48,71.23,74.64
AST-0020,2026-08-11 06:21:38.403936,5.04,2.77,102.26,67.87,54.08
AST-0017,2026-08-09 20:56:38.403936,4.11,3.24,103.44,53.53,37.44
AST-0012,2026-08-24 15:53:38.403936,3.41,3.34,103.73,55.75,70.53
AST-0004,2026-07-31 12:08:38.403936,7.25,2.83,104.14,74.99,48.62
AST-0011,2026-08-16 03:28:38.403936,4.22,2.53,101.51,74.16,72.36
AST-0001,2026-08-27 17:48:38.403936,0.1,1.45,96.93,66.75,69.33
AST-0003,2026-08-07 03:13:38.403936,4.92,1.73,102.65,72.16,42.41
AST-0019,2026-08-18 11:44:38.403936,2.3,2.5,104.88,82.0,75.14
AST-0018,2026-08-10 15:22:38.403936,3.41,3.21,100.4,57.32,26.41
AST-0019,2026-08-09 20:33:38.403936,4.65,2.0,101.49,42.01,68.06
AST-0009,2026-08-20 06:52:38.403936,0.85,3.37,102.34,62.21,75.13
AST-0020,2026-08-07 05:09:38.403936,3.03,2.56,102.89,34.06,56.95
AST-0009,2026-08-16 21:46:38.403936,4.47,2.34,104.21,53.76,53.82
AST-0005,2026-07-29 23:50:38.403936,1.63,8.37,100.81,60.62,64.06
AST-0011,2026-08-11 06:26:38.403936,5.45,2.78,106.6,69.54,56.63
AST-0003,2026-08-03 04:25:38.403936,3.66,6.48,98.3,65.4,79.1
AST-0015,2026-08-26 14:06:38.403936,3.58,1.85,104.33,50.74,27.78
AST-0018,2026-08-25 12:28:38.403936,2.77,1.27,102.07,61.39,61.05
AST-0011,2026-08-16 11:15:38.403936,6.23,1.95,102.85,80.11,56.8
AST-0005,2026-08-14 06:20:38.403936,5.61,2.31,103.15,49.29,35.38
AST-0018,2026-08-19 18:53:38.403936,3.91,1.79,100.27,62.8,77.96
AST-0002,2026-08-06 12:00:38.403936,3.89,1.84,100.6,57.31,48.19
AST-0018,2026-08-24 18:20:38.403936,2.08,2.56,100.16,74.66,38.95
AST-0017,2026-08-14 11:28:38.403936,3.69,3.95,99.42,62.63,43.11
AST-0015,2026-08-15 13:34:38.403936,2.48,3.74,101.64,66.34,34.47
AST-0020,2026-08-20 00:49:38.403936,17.04,3.43,103.6,71.68,44.67
AST-0001,2026-08-14 18:23:38.403936,4.97,3.03,97.71,53.79,80.99
AST-0008,2026-08-11 16:23:38.403936,5.81,1.26,102.89,65.95,79.06
AST-0020,2026-08-15 20:13:38.403936,3.55,3.02,102.99,61.49,65.32
AST-0004,2026-08-04 09:12:38.403936,3.53,3.82,101.06,55.78,52.12
AST-0013,2026-08-24 17:43:38.403936,4.69,3.1,98.63,83.48,70.56
AST-0014,2026-08-23 19:08:38.403936,5.2,2.42,101.34,63.52,83.32
AST-0004,2026-08-26 00:51:38.403936,4.49,3.11,100.43,66.96,50.53
AST-0018,2026-08-27 13:51:38.403936,6.32,1.83,100.65,61.85,58.63
AST-0016,2026-08-22 23:57:38.403936,5.58,2.25,104.09,56.82,68.05
AST-0006,2026-08-19 21:02:38.403936,3.34,2.84,101.27,63.45,86.39
AST-0015,2026-08-06 20:19:38.403936,3.52,9.29,99.76,66.13,43.48
AST-0013,2026-08-28 15:03:38.403936,3.51,2.43,104.93,66.01,94.78
AST-0014,2026-08-25 04:00:38.403936,4.83,2.19,104.38,69.37,53.43
AST-0005,2026-08-07 08:37:38.403936,5.21,2.27,97.32,74.36,84.71
AST-0020,2026-08-26 12:16:38.403936,7.26,2.84,100.8,73.35,80.3
AST-0011,2026-08-24 17:32:38.403936,6.96,2.46,100.97,57.84,74.67
AST-0016,2026-08-26 12:23:38.403936,2.18,3.12,102.48,70.85,67.49
AST-0013,2026-08-02 21:40:38.403936,6.8,8.6,100.09,59.11,49.17
AST-0006,2026-08-23 21:18:38.403936,5.33,1.7,103.47,78.23,49.18
AST-0006,2026-08-19 14:19:38.403936,4.22,2.51,103.07,81.09,34.66
AST-0011,2026-08-20 06:03:38.403936,4.02,2.29,98.5,60.15,72.7
AST-0007,2026-08-04 19:12:38.403936,4.08,1.26,107.05,67.66,67.01
AST-0020,2026-08-25 01:12:38.403936,2.85,2.71,100.97,46.11,45.74
AST-0015,2026-08-18 22:54:38.403936,5.69,4.06,102.03,76.03,62.2
AST-0011,2026-08-21 12:41:38.403936,4.37,3.37,104.63,78.01,45.81
AST-0003,2026-08-06 00:16:38.403936,4.4,2.72,100.78,68.88,79.77
AST-0014,2026-07-30 01:50:38.403936,6.0,3.85,100.64,51.36,71.45
AST-0003,2026-08-22 10:02:38.403936,7.33,2.12,102.67,71.96,68.45
AST-0018,2026-08-17 17:53:38.403936,4.51,1.76,96.74,53.88,57.97
AST-0018,2026-08-04 06:27:38.403936,6.15,2.42,100.26,56.09,76.82
AST-0002,2026-07-30 20:13:38.403936,6.54,3.35,102.51,50.24,58.67
AST-0002,2026-08-12 02:18:38.403936,7.42,3.4,98.22,64.44,71.54
AST-0015,2026-08-15 07:13:38.403936,3.36,0.65,101.5,57.12,50.89
AST-0009,2026-08-18 06:26:38.403936,3.97,2.39,101.28,56.16,61.04
AST-0006,2026-08-25 03:37:38.403936,1.86,2.75,95.59,62.11,81.55
AST-0008,2026-08-15 10:35:38.403936,2.91,3.07,103.61,31.92,62.28
AST-0003,2026-08-20 17:26:38.403936,0.19,2.41,101.29,40.17,99.65
AST-0008,2026-08-19 14:50:38.403936,4.93,1.82,104.23,47.04,42.87
AST-0011,2026-08-10 14:18:38.403936,1.05,3.94,101.96,71.59,70.42
AST-0020,2026-08-19 06:14:38.403936,5.36,2.56,101.84,66.08,54.05
AST-0010,2026-07-31 09:21:38.403936,4.43,2.72,101.52,50.22,40.79
AST-0012,2026-07-30 22:39:38.403936,6.12,2.25,102.47,54.08,38.48
AST-0019,2026-08-12 00:24:38.403936,3.23,2.32,99.97,77.94,68.23
AST-0010,2026-08-27 14:41:38.403936,7.27,2.82,96.47,75.56,37.83
AST-0005,2026-08-05 19:00:38.403936,4.85,1.88,105.59,79.4,51.65
AST-0008,2026-08-26 09:48:38.403936,4.31,2.7,103.03,65.29,46.55
AST-0005,2026-07-31 00:54:38.403936,3.42,2.5,103.77,69.28,51.08
AST-0017,2026-08-25 08:27:38.403936,13.47,2.19,103.08,90.27,58.54
AST-0012,2026-08-17 05:36:38.403936,5.7,1.9,101.08,65.3,61.51
AST-0011,2026-08-28 01:34:38.403936,8.19,2.25,102.47,45.7,72.78
AST-0016,2026-08-22 13:56:38.403936,6.21,2.08,96.28,64.61,65.31
AST-0006,2026-08-28 06:31:38.403936,5.59,4.11,100.54,56.44,44.0
AST-0011,2026-08-20 18:58:38.403936,4.8,9.67,100.21,72.79,73.38
AST-0009,2026-08-08 23:53:38.403936,4.56,1.78,100.34,40.7,69.24
AST-0007,2026-08-26 11:06:38.403936,4.54,2.65,102.31,68.86,63.01
AST-0001,2026-08-14 23:42:38.403936,4.57,1.38,100.13,65.5,51.75
AST-0012,2026-08-22 14:47:38.403936,5.79,1.97,101.73,66.17,78.43
AST-0011,2026-07-31 06:11:38.403936,5.85,3.06,97.09,76.94,92.49
AST-0018,2026-08-21 20:33:38.403936,3.78,2.69,99.52,45.52,51.7
AST-0002,2026-08-23 05:39:38.403936,3.69,2.22,99.38,57.67,64.8
AST-0009,2026-08-19 02:09:38.403936,3.34,2.93,102.66,88.8,85.26
AST-0008,2026-08-07 01:51:38.403936,4.86,2.0,101.89,68.27,55.76
AST-0002,2026-08-09 03:43:38.403936,5.68,1.38,100.81,70.56,59.82
AST-0007,2026-08-26 11:39:38.403936,4.19,2.39,99.63,76.74,46.68
AST-0010,2026-08-01 15:51:38.403936,4.98,2.83,99.4,65.73,48.63
AST-0019,2026-08-01 12:47:38.403936,6.59,1.59,99.99,52.76,40.56
AST-0002,2026-08-20 11:38:38.403936,6.89,2.93,101.58,58.43,81.34
AST-0016,2026-08-13 06:35:38.403936,3.26,3.13,99.55,58.55,78.65
AST-0004,2026-08-04 01:27:38.403936,5.8,2.98,99.2,60.53,67.82
AST-0010,2026-08-23 10:43:38.403936,3.23,3.6,96.5,57.21,55.83
AST-0004,2026-08-24 16:10:38.403936,8.23,1.38,102.55,65.3,93.32
AST-0020,2026-08-18 21:47:38.403936,6.82,2.85,101.93,65.66,17.21
AST-0014,2026-08-19 12:40:38.403936,2.41,2.58,102.53,67.9,48.94
AST-0011,2026-08-26 03:09:38.403936,5.91,3.69,103.18,74.9,54.93
AST-0010,2026-08-21 20:24:38.403936,6.11,2.62,102.32,68.65,62.81
AST-0009,2026-08-10 18:53:38.403936,3.21,2.43,103.27,60.59,81.08
AST-0004,2026-08-24 07:22:38.403936,5.61,2.26,104.08,61.44,92.17
AST-0017,2026-08-07 01:18:38.403936,5.15,2.49,99.52,64.12,61.33
AST-0014,2026-08-20 04:14:38.403936,2.61,2.33,99.69,70.86,88.51
AST-0011,2026-08-12 15:03:38.403936,2.66,3.87,101.04,55.25,78.64
AST-0007,2026-08-27 19:03:38.403936,3.83,2.43,100.49,56.83,78.03
AST-0017,2026-08-03 17:03:38.403936,4.07,1.35,102.4,52.94,44.24
AST-0004,2026-08-12 15:52:38.403936,6.29,1.54,96.67,71.23,59.53
AST-0005,2026-08-12 10:03:38.403936,4.17,2.25,101.76,57.47,91.57
AST-0006,2026-08-13 11:57:38.403936,2.29,2.86,102.58,57.4,46.57
AST-0009,2026-08-20 07:48:38.403936,1.8,3.9,100.24,60.97,69.6
AST-0010,2026-08-09 04:08:38.403936,5.44,4.07,97.98,73.26,78.37
AST-0012,2026-08-15 15:19:38.403936,4.29,3.13,103.17,51.18,96.5
AST-0013,2026-08-13 02:45:38.403936,2.16,1.59,100.78,84.25,59.45
AST-0014,2026-08-17 17:55:38.403936,12.45,3.65,100.7,53.22,57.49
AST-0015,2026-08-14 20:33:38.403936,6.56,2.56,105.16,72.38,53.39
AST-0009,2026-08-11 05:49:38.403936,16.58,1.82,99.96,100.0,83.34
AST-0013,2026-08-12 04:18:38.403936,5.79,6.71,104.44,75.99,98.87
AST-0007,2026-08-13 14:03:38.403936,7.25,1.32,99.08,54.96,48.01
AST-0004,2026-08-26 20:51:38.403936,4.99,2.05,105.45,84.05,64.88
AST-0016,2026-08-02 03:36:38.403936,7.43,3.69,100.4,44.91,61.08
AST-0002,2026-08-25 17:57:38.403936,3.53,2.67,101.48,65.63,74.43
AST-0016,2026-08-16 12:22:38.403936,2.68,2.83,100.42,67.0,82.23
AST-0013,2026-08-10 03:12:38.403936,2.66,2.27,101.06,59.86,81.2
AST-0009,2026-08-01 11:06:38.403936,3.42,2.06,99.88,75.92,56.14
AST-0004,2026-08-23 05:50:38.403936,5.19,4.08,101.15,76.12,95.08
AST-0011,2026-08-20 05:41:38.403936,6.04,2.49,102.58,52.13,50.96
AST-0019,2026-08-17 14:16:38.403936,3.59,4.29,99.67,56.73,46.21
AST-0015,2026-08-12 08:44:38.403936,5.34,2.61,103.47,71.71,40.15
AST-0009,2026-08-09 22:10:38.403936,3.29,3.59,100.89,76.88,62.31
AST-0001,2026-08-24 02:21:38.403936,3.05,2.26,99.36,59.34,68.62
AST-0011,2026-08-05 03:44:38.403936,5.27,1.23,101.27,59.13,53.33
AST-0007,2026-08-15 04:52:38.403936,4.7,2.06,104.06,76.88,86.27
AST-0012,2026-08-07 03:26:38.403936,3.76,1.73,101.46,63.5,54.04
AST-0009,2026-08-13 22:03:38.403936,2.74,2.47,100.49,71.88,76.97
AST-0005,2026-08-10 09:14:38.403936,6.15,1.49,102.1,57.73,43.03
AST-0016,2026-08-04 04:30:38.403936,3.86,3.35,100.56,80.65,74.88
AST-0017,2026-07-31 22:46:38.403936,3.91,3.43,102.19,55.67,98.46
AST-0017,2026-08-15 18:15:38.403936,12.89,2.52,99.59,76.8,74.31
AST-0019,2026-08-13 15:33:38.403936,5.44,2.09,102.97,74.12,52.96
AST-0019,2026-08-13 22:51:38.403936,2.37,2.97,98.15,66.52,56.95
AST-0018,2026-08-02 22:57:38.403936,6.33,2.19,103.51,59.86,83.0
AST-0003,2026-08-05 23:08:38.403936,7.59,1.65,101.88,92.49,66.2
AST-0007,2026-08-24 21:11:38.403936,4.59,3.13,101.38,47.93,85.38
AST-0009,2026-08-02 02:08:38.403936,1.5,2.17,103.71,61.43,52.51
AST-0005,2026-08-19 23:00:38.403936,5.82,1.82,98.86,67.75,61.71
AST-0019,2026-08-28 08:46:38.403936,2.63,3.01,102.23,61.4,59.76
AST-0014,2026-08-14 05:28:38.403936,5.21,3.45,100.73,71.55,75.17
AST-0020,2026-07-30 17:46:38.403936,5.82,2.53,99.48,60.38,71.17
AST-0005,2026-08-16 12:14:38.403936,-0.77,2.11,102.91,61.72,66.99
AST-0011,2026-08-10 13:03:38.403936,6.77,3.11,98.82,59.28,87.61
AST-0019,2026-08-22 23:48:38.403936,4.71,1.58,99.66,72.03,82.9
AST-0019,2026-08-14 21:41:38.403936,4.53,4.48,102.95,62.57,50.32
AST-0010,2026-08-05 17:00:38.403936,3.04,2.77,100.32,81.74,91.39
AST-0002,2026-08-07 00:39:38.403936,5.45,1.56,99.96,77.56,54.86
AST-0011,2026-08-04 13:23:38.403936,6.18,2.88,101.4,57.97,63.3
AST-0007,2026-08-13 02:44:38.403936,4.78,3.33,99.53,62.37,65.81
AST-0008,2026-08-12 13:11:38.403936,5.49,1.77,98.67,71.74,37.68
AST-0015,2026-08-08 15:35:38.403936,6.43,8.89,98.2,60.2,71.82
AST-0015,2026-08-04 08:47:38.403936,3.7,2.52,102.78,62.98,48.13
AST-0013,2026-08-08 06:08:38.403936,4.05,3.63,104.67,44.8,84.64
AST-0004,2026-08-07 19:16:38.403936,4.88,3.24,100.2,47.32,75.52
AST-0019,2026-08-02 23:44:38.403936,3.09,1.39,98.66,71.01,67.51
AST-0004,2026-08-22 06:28:38.403936,5.67,3.04,100.46,64.3,55.79
AST-0011,2026-08-21 00:33:38.403936,4.18,1.73,102.08,75.75,50.3
AST-0017,2026-08-17 15:44:38.403936,6.42,2.59,101.78,48.01,32.47
AST-0015,2026-08-15 03:22:38.403936,4.72,3.13,99.96,81.7,78.23
AST-0004,2026-07-30 11:57:38.403936,11.14,2.52,106.25,52.57,74.51
AST-0003,2026-08-14 21:43:38.403936,4.02,3.07,103.83,61.14,85.14
AST-0008,2026-08-18 12:31:38.403936,7.83,2.55,102.87,59.1,65.35
AST-0016,2026-08-02 14:33:38.403936,4.23,3.14,103.71,63.9,92.61
AST-0011,2026-07-30 11:37:38.403936,6.8,3.18,100.27,58.88,50.38
AST-0019,2026-07-31 19:52:38.403936,5.92,1.53,102.65,54.19,79.82
AST-0016,2026-07-30 04:26:38.403936,4.53,3.57,103.58,79.35,91.29
AST-0010,2026-07-31 12:54:38.403936,4.72,1.57,99.19,44.13,45.49
AST-0014,2026-08-15 16:18:38.403936,4.6,2.05,100.94,69.93,59.53
AST-0005,2026-08-06 14:38:38.403936,2.82,2.46,99.5,62.29,89.17
AST-0006,2026-08-07 00:41:38.403936,4.09,3.92,104.16,59.21,45.0
AST-0012,2026-07-31 03:03:38.403936,4.42,3.42,100.32,74.08,86.75
AST-0001,2026-08-10 19:57:38.403936,3.34,5.06,102.73,66.52,52.65
AST-0002,2026-08-20 04:13:38.403936,-4.03,2.44,98.17,72.66,56.38
AST-0017,2026-08-23 07:34:38.403936,0.32,2.48,99.82,81.89,54.46
AST-0003,2026-08-06 11:43:38.403936,2.85,9.5,99.98,57.21,74.17
AST-0016,2026-08-17 20:56:38.403936,2.94,1.33,104.75,70.79,60.24
AST-0018,2026-08-19 21:36:38.403936,4.49,2.9,103.25,57.44,71.59
AST-0001,2026-08-18 19:22:38.403936,3.74,2.35,101.62,64.93,78.24
AST-0009,2026-08-12 22:28:38.403936,5.23,1.29,98.58,61.3,97.92
AST-0020,2026-08-04 14:20:38.403936,3.22,2.33,100.23,59.46,68.21
AST-0019,2026-08-03 03:36:38.403936,6.6,2.86,99.69,92.53,66.41
AST-0005,2026-08-07 16:42:38.403936,3.63,3.63,100.36,81.63,49.33
AST-0013,2026-08-09 00:40:38.403936,6.65,2.66,103.88,84.02,44.61
AST-0008,2026-08-11 14:39:38.403936,6.41,1.37,99.21,56.97,74.07
AST-0011,2026-08-10 04:06:38.403936,4.55,2.37,101.59,70.91,77.03
AST-0019,2026-08-19 19:06:38.403936,6.14,3.96,101.26,59.79,76.04
AST-0014,2026-08-10 21:39:38.403936,2.78,1.96,103.3,63.76,43.25
AST-0002,2026-08-15 19:39:38.403936,2.27,2.54,103.58,76.29,67.0
AST-0006,2026-08-16 06:52:38.403936,7.51,2.42,101.02,39.33,56.95
AST-0008,2026-07-30 09:57:38.403936,5.78,3.75,99.64,69.62,83.84
AST-0012,2026-08-06 03:08:38.403936,4.52,5.6,101.79,72.61,47.95
AST-0019,2026-08-07 07:23:38.403936,4.12,1.58,96.16,75.27,64.93
AST-0020,2026-08-17 05:24:38.403936,6.9,3.19,100.59,64.17,75.19
AST-0009,2026-08-10 17:22:38.403936,5.95,2.76,103.51,62.03,47.05
AST-0011,2026-08-28 14:15:38.403936,4.4,2.66,98.9,51.63,73.05
AST-0016,2026-08-07 05:49:38.403936,3.89,2.37,100.58,80.21,87.71
AST-0011,2026-08-23 17:51:38.403936,2.64,2.07,103.0,71.02,64.25
AST-0014,2026-08-22 09:16:38.403936,2.79,1.95,100.27,67.77,95.67
AST-0008,2026-08-27 23:52:38.403936,15.47,1.68,101.08,75.32,38.96
AST-0010,2026-08-19 13:57:38.403936,6.68,2.36,99.83,49.0,77.72
AST-0014,2026-08-04 12:16:38.403936,4.24,2.64,99.5,61.81,56.24
AST-0017,2026-08-23 22:39:38.403936,4.35,1.96,98.23,92.28,40.46
AST-0017,2026-08-07 01:46:38.403936,4.77,1.08,97.31,65.98,68.14
AST-0001,2026-08-07 15:10:38.403936,6.39,2.82,101.0,55.5,91.98
AST-0020,2026-08-07 19:19:38.403936,5.89,1.5,101.38,66.44,58.78
AST-0002,2026-08-05 16:05:38.403936,5.66,3.17,100.92,62.19,91.98
AST-0017,2026-08-23 00:39:38.403936,5.9,2.56,98.04,68.44,77.57
AST-0006,2026-08-06 08:27:38.403936,0.37,2.7,100.47,62.79,48.67
AST-0005,2026-08-27 15:48:38.403936,4.28,3.61,100.41,74.66,50.49
AST-0007,2026-08-23 09:02:38.403936,5.64,2.5,102.0,65.07,76.55
AST-0013,2026-08-11 10:25:38.403936,0.65,1.36,102.13,44.56,55.45
AST-0014,2026-08-12 06:10:38.403936,4.42,1.84,99.92,67.72,83.17
AST-0010,2026-08-20 10:49:38.403936,3.06,2.04,99.84,40.79,67.55
AST-0010,2026-07-29 18:42:38.403936,5.9,3.31,99.56,52.48,65.39
AST-0003,2026-08-08 06:19:38.403936,5.74,2.62,101.88,76.42,51.7
AST-0016,2026-08-01 11:00:38.403936,4.17,3.81,100.91,52.33,52.95
AST-0008,2026-08-06 01:21:38.403936,3.09,2.79,99.51,67.71,51.75
AST-0013,2026-08-16 13:39:38.403936,1.31,2.75,101.6,70.18,52.89
AST-0003,2026-08-25 16:18:38.403936,3.33,2.82,104.34,65.11,72.64
AST-0013,2026-08-09 01:30:38.403936,4.02,1.27,103.23,74.08,77.79
AST-0005,2026-08-04 09:10:38.403936,4.23,2.98,103.09,81.2,82.79
AST-0011,2026-08-08 03:08:38.403936,4.6,1.45,101.61,67.57,77.76
AST-0017,2026-07-30 06:04:38.403936,6.53,2.42,105.5,47.41,72.55
AST-0008,2026-08-03 10:23:38.403936,3.3,0.97,100.9,50.43,62.09
AST-0020,2026-08-18 17:01:38.403936,4.55,3.39,98.28,74.08,66.77
AST-0011,2026-08-19 10:36:38.403936,6.04,2.15,98.64,52.83,41.75
AST-0009,2026-08-11 03:31:38.403936,5.22,3.68,100.17,71.29,37.58
AST-0006,2026-08-03 21:33:38.403936,4.77,3.03,98.4,62.96,77.89
AST-0004,2026-08-20 22:34:38.403936,0.1,3.57,102.01,72.17,57.57
AST-0020,2026-08-02 19:03:38.403936,1.92,2.93,101.13,65.32,84.58
AST-0016,2026-08-15 06:19:38.403936,5.64,4.04,101.61,58.09,61.61
AST-0009,2026-08-18 10:41:38.403936,5.12,3.31,98.37,65.09,93.97
AST-0011,2026-08-11 07:38:38.403936,4.14,3.24,102.29,74.56,50.42
AST-0012,2026-08-17 20:40:38.403936,3.29,2.52,98.24,62.3,69.55
AST-0008,2026-08-02 13:04:38.403936,19.18,2.82,102.55,76.64,47.64
AST-0009,2026-08-25 10:08:38.403936,4.25,4.44,101.14,76.16,82.35
AST-0016,2026-08-03 11:52:38.403936,2.28,2.75,101.59,68.3,51.43
AST-0020,2026-08-24 06:43:38.403936,2.82,2.12,101.1,76.85,97.71
AST-0002,2026-08-22 09:10:38.403936,6.59,3.19,99.29,60.91,68.78
AST-0004,2026-08-26 03:29:38.403936,3.55,2.96,102.74,70.36,83.45
AST-0008,2026-08-24 23:03:38.403936,3.14,3.25,99.91,55.59,74.58
AST-0020,2026-08-15 04:17:38.403936,6.32,2.89,101.34,68.1,67.46
AST-0002,2026-08-17 23:04:38.403936,2.81,1.51,101.14,65.8,65.2
AST-0015,2026-08-14 13:39:38.403936,5.51,2.33,102.43,63.55,97.82
AST-0013,2026-08-24 20:33:38.403936,4.62,4.37,102.0,62.86,48.81
AST-0001,2026-08-27 08:23:38.403936,2.34,1.71,99.54,68.95,55.53
AST-0004,2026-08-08 14:17:38.403936,4.78,10.31,101.12,85.79,43.84
AST-0015,2026-08-12 01:33:38.403936,4.27,2.07,103.17,42.6,39.02
AST-0012,2026-08-10 07:13:38.403936,4.34,3.74,101.75,51.48,43.45
AST-0011,2026-08-10 01:57:38.403936,7.01,2.0,99.41,79.77,83.2
AST-0006,2026-08-19 14:47:38.403936,6.41,1.74,98.25,66.33,71.03
AST-0011,2026-08-08 07:00:38.403936,5.05,3.68,97.83,73.6,45.26
AST-0006,2026-08-17 00:39:38.403936,5.78,2.12,99.67,58.9,38.98
AST-0020,2026-08-21 12:16:38.403936,4.56,1.88,102.87,71.4,95.39
AST-0008,2026-08-23 06:12:38.403936,5.05,2.92,104.1,58.72,38.21
AST-0003,2026-08-13 04:03:38.403936,4.8,1.36,106.21,79.55,100.0
AST-0006,2026-08-27 20:46:38.403936,4.59,2.94,100.38,73.83,43.12
AST-0016,2026-08-16 04:19:38.403936,0.69,1.87,98.39,79.78,97.68
AST-0012,2026-08-14 17:15:38.403936,2.4,3.53,103.2,49.3,57.98
AST-0004,2026-08-06 00:13:38.403936,3.63,3.1,98.84,64.01,52.65
AST-0018,2026-08-07 09:37:38.403936,5.21,2.33,100.23,62.87,100.0
AST-0013,2026-08-12 05:51:38.403936,3.87,1.67,102.47,63.56,39.53
AST-0003,2026-08-26 21:51:38.403936,7.85,2.22,100.54,66.6,96.14
AST-0009,2026-08-25 23:27:38.403936,1.98,2.72,105.47,66.29,42.76
AST-0013,2026-08-05 09:31:38.403936,3.57,2.67,103.96,61.61,79.88
AST-0010,2026-08-04 19:37:38.403936,2.35,1.35,100.33,79.38,66.24
AST-0008,2026-08-26 16:20:38.403936,4.93,2.72,103.52,58.9,77.39
AST-0005,2026-08-18 21:41:38.403936,3.25,4.09,99.7,56.18,74.89
AST-0008,2026-08-11 05:21:38.403936,-3.38,2.76,101.75,54.1,94.04
AST-0007,2026-08-09 22:18:38.403936,5.84,3.59,100.24,69.17,68.55
AST-0020,2026-08-05 09:06:38.403936,-1.81,3.43,101.69,49.82,97.03
AST-0018,2026-08-20 18:10:38.403936,5.33,2.01,102.11,49.89,84.0
AST-0017,2026-08-24 14:49:38.403936,2.29,2.32,101.79,75.39,66.92
AST-0013,2026-08-25 04:48:38.403936,5.45,2.48,101.24,65.85,61.6
AST-0009,2026-08-10 15:56:38.403936,1.97,1.89,101.79,62.51,62.2
AST-0008,2026-08-18 09:25:38.403936,4.01,1.81,100.31,61.93,65.09
AST-0005,2026-08-13 08:00:38.403936,5.09,2.36,99.24,51.02,100.0
AST-0008,2026-08-13 09:39:38.403936,2.81,2.09,102.33,68.61,74.38
AST-0017,2026-08-23 06:15:38.403936,3.84,2.69,101.42,61.88,69.42
AST-0020,2026-08-20 09:56:38.403936,6.08,2.48,101.27,75.68,82.3
AST-0018,2026-08-09 03:09:38.403936,6.88,1.1,103.11,71.02,49.06
AST-0002,2026-08-08 22:56:38.403936,4.88,3.34,99.64,69.43,80.68
AST-0014,2026-08-19 17:01:38.403936,2.89,2.39,101.9,57.04,49.18
AST-0018,2026-08-01 16:56:38.403936,4.3,3.14,102.59,56.39,76.74
AST-0012,2026-08-19 04:09:38.403936,3.25,1.21,100.57,76.23,76.81
AST-0012,2026-08-20 10:55:38.403936,4.5,2.17,100.52,66.09,45.77
AST-0009,2026-08-01 17:45:38.403936,3.98,2.33,98.6,56.62,72.39
AST-0005,2026-07-31 00:26:38.403936,4.51,2.25,99.48,80.77,49.92
AST-0018,2026-08-16 19:07:38.403936,4.88,2.11,101.37,69.58,40.34
AST-0017,2026-08-12 15:05:38.403936,4.49,3.45,104.82,63.7,65.75
AST-0019,2026-08-17 07:01:38.403936,7.82,3.41,100.07,58.81,82.22
AST-0003,2026-08-15 01:43:38.403936,3.56,3.67,100.81,60.89,63.56
AST-0006,2026-08-26 16:48:38.403936,4.79,1.68,100.17,58.82,80.22
AST-0006,2026-08-07 14:53:38.403936,3.17,1.1,97.37,50.3,89.51
AST-0011,2026-08-07 00:16:38.403936,12.52,2.9,102.37,65.56,63.65
AST-0013,2026-08-02 19:38:38.403936,6.07,2.62,104.1,71.21,53.88
AST-0011,2026-08-17 07:29:38.403936,3.75,1.92,103.74,60.95,50.63
AST-0014,2026-08-07 02:11:38.403936,4.98,2.42,101.89,83.9,81.44
AST-0013,2026-08-10 05:34:38.403936,4.54,1.37,100.3,72.11,43.92
AST-0003,2026-08-07 21:25:38.403936,7.71,2.51,101.4,58.33,73.94
AST-0009,2026-08-14 05:22:38.403936,2.76,4.23,103.93,74.84,39.97
AST-0018,2026-07-30 16:35:38.403936,4.81,3.47,102.49,54.98,53.3
AST-0001,2026-08-01 10:55:38.403936,3.82,2.02,104.36,45.79,76.81
AST-0001,2026-08-22 20:15:38.403936,10.56,1.73,97.28,59.51,92.19
AST-0006,2026-08-24 14:48:38.403936,4.9,1.54,103.33,77.31,66.87
AST-0018,2026-08-07 08:11:38.403936,7.55,3.16,102.67,56.97,76.29
AST-0005,2026-08-08 16:50:38.403936,4.83,2.92,99.93,66.28,50.3
AST-0015,2026-08-26 01:22:38.403936,1.28,3.3,98.3,66.07,70.99
AST-0015,2026-08-06 20:11:38.403936,4.99,2.27,101.84,69.71,78.23
AST-0004,2026-07-31 03:27:38.403936,7.1,2.69,101.43,55.93,72.85
AST-0006,2026-08-12 22:44:38.403936,5.5,2.35,102.39,62.07,77.08
AST-0016,2026-08-25 14:52:38.403936,5.87,3.22,101.54,54.6,53.99
AST-0011,2026-08-07 13:17:38.403936,5.39,4.46,100.62,69.56,54.99
AST-0013,2026-08-19 10:56:38.403936,3.04,1.96,97.14,78.53,24.86
AST-0003,2026-08-19 03:34:38.403936,4.1,1.56,99.53,78.77,68.62
AST-0016,2026-08-14 03:52:38.403936,3.05,2.03,99.77,64.56,68.11
AST-0002,2026-08-07 08:02:38.403936,7.34,0.97,101.23,61.84,82.04
AST-0019,2026-08-20 15:04:38.403936,5.03,2.97,101.99,55.68,86.8
AST-0011,2026-08-03 06:12:38.403936,5.7,3.23,103.83,69.18,91.66
AST-0017,2026-08-22 18:18:38.403936,5.07,2.32,101.29,64.76,55.65
AST-0010,2026-08-16 16:52:38.403936,6.95,2.74,101.49,68.88,100.0
AST-0010,2026-08-13 08:11:38.403936,2.8,1.82,98.54,62.67,69.42
AST-0003,2026-08-27 06:26:38.403936,3.8,2.07,101.58,59.98,70.58
AST-0016,2026-08-21 02:02:38.403936,-1.83,3.04,103.06,75.86,70.09
AST-0010,2026-08-26 12:13:38.403936,4.26,1.88,100.52,59.76,78.17
AST-0003,2026-08-01 06:31:38.403936,5.02,3.06,98.98,79.32,57.31
AST-0019,2026-08-12 17:46:38.403936,2.85,2.15,106.27,61.12,59.15
AST-0002,2026-08-23 11:11:38.403936,4.21,2.38,99.74,66.43,84.36
AST-0012,2026-08-23 01:54:38.403936,12.97,1.61,100.61,59.48,65.95
AST-0014,2026-08-23 05:41:38.403936,6.5,2.38,101.12,82.78,80.77
AST-0012,2026-08-21 21:35:38.403936,5.36,4.07,102.28,45.13,79.99
AST-0006,2026-07-31 19:09:38.403936,2.11,2.86,97.87,60.33,58.45
AST-0007,2026-08-08 20:19:38.403936,3.34,2.22,103.37,57.86,74.81
AST-0001,2026-08-21 07:17:38.403936,3.05,2.35,101.95,55.03,41.39
AST-0004,2026-07-31 19:43:38.403936,5.24,3.4,101.14,60.43,67.8
AST-0011,2026-08-11 23:33:38.403936,-3.42,2.69,96.24,54.31,49.79
AST-0012,2026-08-06 19:42:38.403936,4.73,2.65,102.57,67.58,41.59
AST-0008,2026-08-17 01:21:38.403936,6.67,3.52,98.78,68.33,54.28
AST-0014,2026-08-27 01:26:38.403936,4.71,3.34,105.56,72.51,70.31
AST-0010,2026-08-24 17:29:38.403936,3.99,2.65,104.02,64.55,49.05
AST-0009,2026-08-08 02:05:38.403936,2.07,2.91,101.79,58.54,83.47
AST-0014,2026-08-17 09:16:38.403936,3.87,2.39,101.27,61.49,69.25
AST-0016,2026-08-15 22:14:38.403936,6.23,1.59,102.28,66.72,67.77
AST-0013,2026-08-10 07:07:38.403936,5.81,2.54,102.26,72.16,55.92
AST-0008,2026-07-31 15:58:38.403936,4.95,2.3,101.03,61.78,73.48
AST-0016,2026-08-01 23:20:38.403936,4.62,2.82,101.26,48.96,65.56
AST-0009,2026-08-01 18:57:38.403936,4.6,2.69,100.11,53.05,76.24
AST-0019,2026-08-16 21:15:38.403936,4.09,2.64,100.74,64.94,56.91
AST-0007,2026-08-10 15:56:38.403936,3.05,2.88,100.09,66.64,72.39
AST-0005,2026-08-02 16:48:38.403936,3.62,1.54,106.15,59.72,76.22
AST-0004,2026-08-22 08:21:38.403936,7.41,3.13,100.7,64.33,50.01
AST-0006,2026-08-03 20:00:38.403936,5.82,2.95,100.27,54.58,41.22
AST-0008,2026-08-02 13:38:38.403936,5.98,2.6,101.73,56.77,38.66
AST-0005,2026-08-18 14:29:38.403936,5.94,2.53,103.11,61.14,60.74
AST-0017,2026-08-18 21:07:38.403936,5.57,3.09,102.9,62.05,76.06
AST-0002,2026-08-07 08:43:38.403936,6.16,2.42,100.27,78.43,53.22
AST-0009,2026-08-24 15:35:38.403936,-2.56,2.45,97.62,76.29,15.36
AST-0002,2026-08-06 18:02:38.403936,1.52,2.92,102.35,58.62,67.66
AST-0017,2026-08-16 13:44:38.403936,0.7,3.07,101.8,64.54,65.38
AST-0011,2026-08-01 15:50:38.403936,5.24,2.48,97.55,86.96,86.61
AST-0008,2026-08-28 17:02:38.403936,2.57,6.99,100.83,75.79,26.13
AST-0005,2026-08-26 03:29:38.403936,3.75,1.09,100.73,60.27,66.43
AST-0003,2026-08-23 15:55:38.403936,3.59,1.9,102.54,69.55,74.93
AST-0011,2026-08-17 10:03:38.403936,4.23,7.92,101.06,70.01,25.82
AST-0001,2026-08-15 14:51:38.403936,-2.91,2.75,101.42,63.51,18.81
AST-0019,2026-08-16 02:42:38.403936,-4.16,3.93,101.33,61.93,65.3
AST-0002,2026-08-04 04:59:38.403936,5.03,3.03,100.84,69.25,95.18
AST-0016,2026-08-24 09:57:38.403936,6.01,10.67,99.99,81.76,50.77
AST-0020,2026-08-24 18:32:38.403936,5.03,3.09,100.28,65.88,81.39
AST-0016,2026-08-16 08:46:38.403936,3.43,3.84,98.53,84.4,83.02
AST-0015,2026-08-26 15:26:38.403936,4.37,2.18,100.29,63.64,64.13
AST-0018,2026-08-20 13:39:38.403936,6.38,4.07,101.7,56.54,55.18
AST-0006,2026-08-15 03:40:38.403936,4.23,1.68,98.94,85.97,70.45
AST-0012,2026-08-16 10:36:38.403936,3.25,3.15,98.94,54.04,50.55
AST-0002,2026-07-30 17:11:38.403936,6.98,2.3,96.42,77.1,59.49
AST-0008,2026-08-19 16:41:38.403936,1.73,2.25,102.34,69.04,97.37
AST-0007,2026-08-17 01:39:38.403936,3.22,2.54,99.9,49.58,80.94
AST-0015,2026-08-17 05:33:38.403936,5.19,2.73,102.15,58.15,46.9
AST-0011,2026-08-18 23:09:38.403936,4.56,3.43,104.52,72.95,65.53
AST-0017,2026-08-13 14:24:38.403936,4.9,2.51,99.25,65.25,40.97
AST-0019,2026-08-08 03:13:38.403936,4.31,3.81,102.95,55.77,63.7
AST-0020,2026-08-07 14:52:38.403936,3.25,2.45,103.38,71.53,100.0
AST-0014,2026-08-15 07:15:38.403936,6.29,2.66,102.65,62.98,44.7
AST-0005,2026-08-15 19:42:38.403936,6.46,3.31,100.82,67.74,87.34
AST-0010,2026-08-20 03:56:38.403936,5.77,1.33,101.79,63.32,85.03
AST-0011,2026-08-27 03:26:38.403936,6.05,3.55,99.06,57.16,85.05
AST-0017,2026-08-23 20:54:38.403936,3.61,1.28,102.37,59.53,97.22
AST-0007,2026-08-18 09:56:38.403936,4.94,2.63,100.56,80.91,71.45
AST-0019,2026-08-16 07:53:38.403936,3.89,1.86,101.15,55.22,83.52
AST-0007,2026-08-05 20:33:38.403936,1.79,2.39,102.52,68.42,52.09
AST-0005,2026-08-05 14:54:38.403936,5.49,1.79,101.26,71.52,73.33
AST-0020,2026-08-20 21:54:38.403936,3.49,3.46,101.47,72.43,92.52
AST-0004,2026-08-22 21:51:38.403936,6.18,3.4,101.69,72.94,68.84
AST-0002,2026-08-01 17:42:38.403936,2.69,9.19,101.81,70.84,62.7
AST-0012,2026-08-13 20:24:38.403936,3.36,3.03,98.67,79.59,60.83
AST-0010,2026-08-08 00:03:38.403936,4.87,2.95,102.48,50.91,79.83
AST-0019,2026-08-01 18:25:38.403936,4.95,1.99,99.8,61.66,41.62
AST-0010,2026-08-19 02:08:38.403936,7.08,3.69,102.2,62.77,61.45
AST-0005,2026-08-12 13:32:38.403936,5.64,3.91,100.16,53.82,92.86
AST-0020,2026-08-06 04:38:38.403936,1.82,1.69,100.81,49.4,85.02
AST-0016,2026-08-17 09:47:38.403936,5.79,2.04,103.86,79.49,62.96
AST-0004,2026-08-11 13:29:38.403936,3.82,4.31,102.74,67.56,89.54
AST-0002,2026-08-05 10:29:38.403936,4.95,2.1,101.46,75.39,29.14
AST-0016,2026-08-04 22:25:38.403936,4.07,3.61,100.28,80.46,90.47
AST-0012,2026-08-06 12:30:38.403936,4.4,2.05,100.73,91.65,98.74
AST-0001,2026-08-18 19:56:38.403936,4.69,2.01,101.53,67.44,42.62
AST-0011,2026-08-21 03:27:38.403936,4.62,3.56,97.7,73.27,89.75
AST-0005,2026-08-02 15:10:38.403936,3.66,3.86,99.92,69.41,59.48
AST-0005,2026-08-27 03:55:38.403936,4.04,2.01,102.7,73.49,63.84
AST-0007,2026-08-03 19:31:38.403936,2.46,2.82,102.14,62.83,98.61
AST-0003,2026-08-27 15:03:38.403936,2.15,0.73,99.84,72.1,45.99
AST-0001,2026-08-14 21:45:38.403936,3.03,3.26,102.23,68.77,79.07
AST-0006,2026-08-27 01:33:38.403936,3.86,2.2,102.92,51.55,26.43
AST-0009,2026-08-15 09:13:38.403936,3.85,3.24,101.81,73.57,28.71
AST-0006,2026-08-22 10:46:38.403936,4.97,7.3,98.6,73.62,62.99
AST-0009,2026-08-01 03:07:38.403936,9.11,0.76,104.04,61.06,35.89
AST-0009,2026-08-19 04:40:38.403936,3.71,2.72,103.37,82.22,90.59
AST-0018,2026-08-28 15:36:38.403936,3.05,3.4,102.08,58.45,61.19
AST-0020,2026-07-31 04:35:38.403936,3.44,2.53,99.84,54.72,73.62
AST-0016,2026-07-30 05:58:38.403936,5.44,6.87,104.04,62.4,59.55
AST-0009,2026-08-16 01:23:38.403936,5.49,2.39,101.47,39.8,65.3
AST-0014,2026-08-15 20:04:38.403936,1.76,1.52,98.63,54.57,55.12
AST-0012,2026-08-17 07:04:38.403936,3.77,3.03,101.74,45.99,66.5
AST-0009,2026-08-10 16:02:38.403936,4.98,2.24,101.18,66.9,78.76
AST-0003,2026-08-02 13:18:38.403936,2.14,2.3,104.32,79.17,80.32
AST-0001,2026-08-13 06:19:38.403936,5.31,3.82,105.14,63.71,47.55
AST-0003,2026-08-04 14:42:38.403936,4.09,4.98,98.16,60.29,39.57
AST-0008,2026-08-06 19:45:38.403936,4.69,1.54,101.08,45.5,76.12
AST-0011,2026-08-02 17:45:38.403936,6.33,5.25,101.03,63.37,68.26
AST-0015,2026-08-26 20:44:38.403936,4.44,3.11,103.77,56.86,59.43
AST-0004,2026-08-27 11:32:38.403936,5.85,1.36,97.36,67.26,73.93
AST-0007,2026-08-26 15:24:38.403936,3.42,2.04,99.78,56.33,77.48
AST-0003,2026-08-02 10:57:38.403936,2.73,2.29,99.49,50.45,80.66
AST-0007,2026-07-29 22:30:38.403936,3.72,2.65,98.28,57.58,78.61
AST-0017,2026-08-01 00:55:38.403936,8.38,0.92,100.9,69.12,53.91
AST-0016,2026-08-07 12:43:38.403936,5.77,1.81,101.61,59.78,86.95
AST-0019,2026-08-26 07:38:38.403936,3.49,2.22,103.19,54.72,66.24
AST-0003,2026-08-01 13:14:38.403936,1.77,1.63,102.06,55.09,55.2
AST-0018,2026-08-06 18:23:38.403936,5.24,2.04,102.95,67.16,72.84
AST-0003,2026-08-24 22:50:38.403936,6.36,2.76,104.38,74.11,55.58
AST-0008,2026-08-07 07:52:38.403936,6.44,2.71,100.51,67.78,85.02
AST-0010,2026-08-06 03:43:38.403936,5.18,3.96,103.47,70.23,46.53
AST-0007,2026-08-26 03:22:38.403936,4.23,2.56,102.69,71.37,68.05
AST-0008,2026-08-18 04:11:38.403936,4.68,3.08,99.58,81.96,28.15
AST-0006,2026-08-22 21:49:38.403936,18.68,2.46,103.31,68.64,71.23
AST-0002,2026-08-01 16:56:38.403936,5.33,3.15,100.64,75.35,45.48
AST-0015,2026-08-26 23:21:38.403936,4.49,3.17,103.29,69.61,57.92
AST-0011,2026-07-30 07:25:38.403936,5.85,1.96,104.8,64.15,37.29
AST-0020,2026-08-25 12:43:38.403936,2.71,2.53,101.58,84.7,46.31
AST-0011,2026-08-01 18:16:38.403936,4.56,1.65,100.31,81.84,44.55
AST-0012,2026-08-19 06:41:38.403936,5.38,2.81,101.25,70.19,44.12
AST-0018,2026-08-21 12:07:38.403936,6.98,4.04,101.39,89.23,57.82
AST-0012,2026-08-07 10:09:38.403936,5.1,3.65,100.38,51.18,35.99
AST-0013,2026-08-17 09:51:38.403936,7.59,2.08,100.93,53.87,82.07
AST-0005,2026-08-19 20:43:38.403936,3.33,2.11,101.9,54.36,61.79
AST-0001,2026-08-05 05:30:38.403936,6.6,2.84,101.56,67.15,58.0
AST-0005,2026-08-05 02:36:38.403936,7.49,1.85,101.72,66.15,83.16
AST-0006,2026-08-16 22:35:38.403936,6.15,2.47,101.88,68.29,24.1
AST-0004,2026-08-05 15:17:38.403936,2.12,2.02,100.18,53.01,78.49
AST-0011,2026-07-30 12:13:38.403936,4.5,2.33,98.79,64.55,17.72
AST-0018,2026-08-07 18:19:38.403936,12.26,2.55,101.78,49.36,69.05
AST-0016,2026-08-11 09:36:38.403936,2.94,1.85,102.74,85.14,65.92
AST-0016,2026-08-18 11:06:38.403936,3.27,2.65,103.18,71.21,100.0
AST-0011,2026-08-01 11:35:38.403936,3.43,2.7,104.4,79.86,29.9
AST-0017,2026-08-20 11:00:38.403936,4.49,3.69,107.08,72.04,58.38
AST-0001,2026-08-21 06:08:38.403936,2.99,4.27,102.76,56.52,61.34
AST-0010,2026-08-12 18:44:38.403936,4.97,2.94,99.5,58.86,35.25
AST-0005,2026-08-26 21:51:38.403936,6.06,2.23,102.23,79.22,68.96
AST-0005,2026-08-22 20:49:38.403936,4.33,2.66,101.43,77.46,70.6
AST-0001,2026-08-15 13:58:38.403936,3.68,3.34,103.76,51.62,92.59
AST-0011,2026-08-19 02:38:38.403936,5.05,2.73,103.31,59.33,82.17
AST-0016,2026-08-09 09:17:38.403936,3.93,1.32,99.3,70.67,47.98
AST-0011,2026-08-11 12:43:38.403936,6.92,3.45,103.97,66.25,69.64
AST-0019,2026-08-07 14:37:38.403936,2.71,3.3,102.06,70.67,95.39
AST-0008,2026-08-09 04:21:38.403936,3.59,2.4,101.95,55.65,61.62
AST-0011,2026-08-20 23:59:38.403936,5.24,2.24,103.92,49.89,85.21
AST-0005,2026-08-22 00:25:38.403936,5.49,2.04,99.45,44.2,50.69
AST-0015,2026-08-27 03:27:38.403936,6.07,2.46,103.63,58.8,77.73
AST-0009,2026-08-26 04:30:38.403936,3.42,1.73,101.09,58.35,37.23
AST-0009,2026-08-01 19:25:38.403936,4.23,2.59,103.84,74.37,86.96
AST-0016,2026-08-05 06:36:38.403936,5.58,2.77,98.84,66.5,75.74
AST-0020,2026-08-09 23:39:38.403936,6.69,7.47,103.78,54.68,59.12
AST-0018,2026-08-20 19:44:38.403936,2.81,3.79,99.54,45.81,65.18
AST-0020,2026-08-07 20:50:38.403936,7.05,2.97,102.8,65.41,62.26
AST-0007,2026-08-26 07:13:38.403936,2.18,0.69,101.69,78.13,71.19
AST-0013,2026-08-22 14:07:38.403936,5.44,3.77,101.96,63.77,50.27
AST-0010,2026-08-18 00:20:38.403936,7.53,2.92,99.41,53.29,87.56
AST-0001,2026-08-10 15:23:38.403936,2.94,3.98,95.79,79.23,73.76
AST-0012,2026-08-28 10:04:38.403936,4.68,2.36,105.08,72.07,48.74
AST-0015,2026-08-19 22:09:38.403936,1.92,2.64,101.3,49.8,64.0
AST-0015,2026-08-27 05:57:38.403936,3.64,2.51,102.75,79.93,81.36
AST-0009,2026-08-13 01:23:38.403936,3.42,2.8,101.43,51.68,72.17
AST-0006,2026-08-07 18:20:38.403936,7.29,2.53,98.11,65.3,43.15
AST-0004,2026-08-25 10:54:38.403936,5.8,2.92,100.96,61.69,61.18
AST-0012,2026-08-01 03:34:38.403936,4.51,1.88,98.52,76.39,58.06
AST-0018,2026-08-05 05:08:38.403936,4.75,2.73,101.94,53.26,34.83
AST-0013,2026-07-30 22:07:38.403936,3.62,2.82,99.84,61.45,100.0
AST-0002,2026-08-06 20:44:38.403936,1.73,1.9,105.09,64.55,52.29
AST-0019,2026-08-28 01:19:38.403936,6.25,2.54,100.6,66.92,53.15
AST-0005,2026-07-31 13:19:38.403936,2.97,2.41,99.28,65.11,71.38
AST-0005,2026-08-21 08:49:38.403936,5.78,3.4,100.49,69.99,73.87
AST-0008,2026-08-03 10:00:38.403936,4.99,2.12,99.24,70.02,34.28
AST-0011,2026-08-02 22:39:38.403936,4.1,0.46,98.63,56.23,84.74
AST-0016,2026-08-02 10:57:38.403936,5.53,2.06,102.76,73.88,62.11
AST-0013,2026-08-16 23:50:38.403936,2.42,2.33,101.1,52.68,71.61
AST-0007,2026-08-05 19:36:38.403936,4.92,2.86,101.86,72.3,61.77
AST-0009,2026-08-19 04:11:38.403936,4.8,2.18,100.13,78.38,28.21
AST-0018,2026-08-09 02:41:38.403936,5.82,2.0,99.8,67.62,38.19
AST-0008,2026-07-30 20:46:38.403936,3.28,1.82,100.86,56.96,93.82
AST-0008,2026-08-20 13:10:38.403936,7.2,0.88,102.39,73.59,74.77
AST-0011,2026-08-05 17:01:38.403936,3.51,2.3,99.8,60.8,43.22
AST-0013,2026-08-13 11:03:38.403936,4.33,1.3,100.9,52.51,68.72
AST-0001,2026-07-30 15:20:38.403936,3.48,2.73,103.46,80.89,19.5
AST-0019,2026-08-17 15:32:38.403936,3.25,2.26,102.22,48.5,47.32
AST-0001,2026-07-31 09:38:38.403936,4.7,2.57,102.06,69.44,71.09
AST-0012,2026-08-14 15:56:38.403936,4.79,2.54,102.63,42.61,92.8
AST-0007,2026-08-21 22:26:38.403936,1.19,1.64,100.85,71.73,11.09
AST-0020,2026-08-05 16:37:38.403936,4.46,3.13,103.29,58.03,59.58
AST-0013,2026-08-11 13:41:38.403936,3.58,2.19,99.24,56.11,72.82
AST-0009,2026-08-06 00:55:38.403936,4.7,2.89,101.73,72.04,80.81
AST-0013,2026-08-13 23:39:38.403936,1.89,1.82,100.84,64.77,52.94
AST-0015,2026-08-04 04:28:38.403936,5.87,4.08,101.67,65.84,80.29
AST-0013,2026-08-26 05:21:38.403936,1.7,2.52,103.26,58.57,42.92
AST-0010,2026-08-08 02:52:38.403936,2.77,2.43,103.12,65.17,73.74
AST-0012,2026-08-08 12:26:38.403936,3.19,3.69,102.42,75.48,71.57
AST-0019,2026-08-19 20:53:38.403936,5.74,1.8,100.32,78.46,93.08
AST-0006,2026-08-10 05:55:38.403936,2.78,5.75,100.44,58.03,70.13
AST-0013,2026-08-13 23:03:38.403936,6.21,2.86,100.66,70.15,58.52
AST-0006,2026-08-13 15:52:38.403936,5.12,3.62,97.15,72.97,37.3
AST-0008,2026-08-21 03:21:38.403936,6.34,1.99,98.86,71.95,71.56
AST-0001,2026-08-02 07:09:38.403936,3.0,1.5,100.93,52.96,45.89
AST-0001,2026-08-26 22:43:38.403936,4.67,5.82,102.15,79.9,62.33
AST-0006,2026-08-12 13:45:38.403936,4.7,4.11,98.92,76.91,84.28
AST-0007,2026-08-03 04:31:38.403936,5.78,3.53,101.86,59.17,84.7
AST-0009,2026-08-18 00:31:38.403936,6.2,3.38,101.39,57.84,68.44
AST-0002,2026-08-17 18:19:38.403936,5.91,3.32,100.44,68.15,41.44
AST-0001,2026-08-04 05:44:38.403936,4.98,1.87,102.68,59.1,78.49
AST-0008,2026-08-20 10:47:38.403936,4.09,1.12,99.34,60.7,89.63
AST-0018,2026-08-19 11:33:38.403936,5.85,3.8,104.61,59.65,61.61
AST-0016,2026-08-11 04:39:38.403936,3.88,1.96,97.62,64.85,41.86
AST-0003,2026-08-01 15:26:38.403936,4.45,4.19,100.28,66.95,81.32
AST-0015,2026-08-16 20:32:38.403936,4.92,7.72,100.58,62.68,47.72
AST-0003,2026-08-17 12:47:38.403936,5.77,7.7,103.24,50.96,82.33
AST-0007,2026-08-11 13:03:38.403936,3.97,1.51,102.46,74.29,57.11
AST-0007,2026-08-10 22:15:38.403936,13.58,0.67,98.66,77.92,60.97
AST-0002,2026-08-09 10:48:38.403936,1.71,1.94,99.45,63.34,58.33
AST-0016,2026-08-24 09:29:38.403936,4.77,2.44,104.02,69.25,73.24
AST-0010,2026-08-09 07:11:38.403936,6.25,2.19,98.78,77.07,67.45
AST-0016,2026-08-15 07:56:38.403936,4.71,1.99,100.07,73.47,82.72
AST-0012,2026-08-23 13:09:38.403936,5.68,3.13,102.44,66.32,61.84
AST-0012,2026-08-23 20:10:38.403936,6.32,2.2,102.04,56.96,53.13
AST-0015,2026-08-17 06:52:38.403936,4.15,1.86,102.9,51.52,66.79
AST-0016,2026-08-14 13:48:38.403936,4.7,1.05,100.42,67.56,72.72
AST-0003,2026-08-23 10:37:38.403936,4.19,3.04,101.08,65.14,69.53
AST-0012,2026-08-26 04:01:38.403936,5.89,1.96,100.33,58.31,59.02
AST-0006,2026-08-28 03:20:38.403936,6.64,2.96,99.04,59.0,71.71
AST-0005,2026-07-31 17:01:38.403936,3.14,1.92,103.99,58.87,82.18
AST-0006,2026-08-26 00:21:38.403936,6.38,1.91,99.52,62.24,45.4
AST-0007,2026-08-24 20:56:38.403936,4.68,2.34,102.02,78.97,79.71
AST-0004,2026-08-16 19:14:38.403936,5.23,0.93,102.19,82.23,10.81
AST-0019,2026-08-21 13:57:38.403936,5.53,2.37,99.6,73.01,95.77
AST-0006,2026-07-29 22:43:38.403936,5.66,2.2,99.41,66.45,80.72
AST-0016,2026-08-09 02:01:38.403936,3.92,2.27,106.94,75.79,85.7
AST-0012,2026-08-04 02:01:38.403936,2.31,1.93,101.45,54.99,93.81
AST-0013,2026-08-23 17:22:38.403936,6.62,2.07,104.87,64.96,100.0
AST-0004,2026-08-08 17:36:38.403936,4.72,2.96,104.1,77.78,74.19
AST-0007,2026-08-09 00:57:38.403936,4.29,2.91,99.67,66.52,45.03
AST-0004,2026-07-29 18:58:38.403936,1.83,2.54,103.82,74.26,63.53
AST-0010,2026-08-21 07:12:38.403936,7.12,2.04,97.46,43.18,43.74
AST-0007,2026-08-09 18:27:38.403936,5.72,1.99,102.22,81.46,45.2
AST-0007,2026-08-23 10:17:38.403936,5.22,2.93,99.58,78.54,59.82
AST-0006,2026-07-30 19:59:38.403936,11.92,4.19,102.35,74.25,89.39
AST-0004,2026-08-02 00:14:38.403936,3.52,3.5,100.3,59.55,60.1
AST-0001,2026-08-17 23:09:38.403936,3.57,3.16,101.83,60.09,77.14
AST-0007,2026-08-25 23:00:38.403936,4.09,2.24,101.4,69.63,72.02
AST-0016,2026-08-12 14:07:38.403936,3.96,3.18,100.86,58.45,38.58
AST-0016,2026-08-27 16:08:38.403936,5.97,2.51,101.72,75.46,56.41
AST-0009,2026-07-31 04:44:38.403936,2.44,2.56,101.92,62.37,91.53
AST-0018,2026-08-20 07:36:38.403936,0.77,3.4,102.88,69.57,5.0
AST-0012,2026-08-03 05:21:38.403936,6.43,1.68,100.28,63.29,72.33
AST-0016,2026-08-21 01:51:38.403936,5.46,3.21,102.93,67.53,72.49
AST-0003,2026-08-02 17:09:38.403936,2.86,1.9,103.09,73.37,78.03
AST-0004,2026-08-09 22:20:38.403936,3.73,3.23,98.98,75.77,60.3
AST-0020,2026-08-19 10:57:38.403936,7.03,1.28,104.83,61.39,58.17
AST-0015,2026-08-20 02:53:38.403936,12.79,1.94,101.16,57.62,52.38
AST-0005,2026-08-08 14:51:38.403936,5.23,1.78,99.76,51.27,55.93
AST-0017,2026-08-25 18:29:38.403936,6.47,1.82,99.84,66.94,58.33
AST-0009,2026-08-18 23:45:38.403936,7.84,2.37,101.97,74.44,81.64
AST-0002,2026-08-24 11:30:38.403936,4.85,2.37,105.35,64.0,57.05
AST-0016,2026-08-10 06:52:38.403936,3.53,1.12,102.94,41.52,64.9
AST-0006,2026-08-06 16:16:38.403936,4.19,4.29,97.64,55.99,62.55
AST-0004,2026-07-31 13:48:38.403936,4.2,2.06,101.14,52.4,71.43
AST-0016,2026-08-05 19:23:38.403936,1.02,2.48,100.1,75.16,96.6
AST-0006,2026-08-20 21:25:38.403936,4.0,3.61,100.67,55.34,96.43
AST-0011,2026-08-15 21:47:38.403936,5.28,2.5,102.67,67.74,63.75
AST-0015,2026-08-25 07:43:38.403936,2.51,2.28,102.55,63.77,81.24
AST-0020,2026-08-04 01:07:38.403936,5.08,1.8,98.66,63.43,55.56
AST-0014,2026-08-24 09:00:38.403936,13.0,1.93,100.07,75.53,67.67
AST-0012,2026-07-30 16:44:38.403936,3.45,2.51,104.06,67.94,75.67
AST-0002,2026-08-27 15:43:38.403936,3.37,3.32,105.94,57.09,43.73
AST-0003,2026-08-11 10:57:38.403936,4.76,3.2,101.12,54.47,63.05
AST-0012,2026-08-01 17:30:38.403936,5.4,2.17,102.51,76.65,69.32
AST-0005,2026-08-20 08:44:38.403936,4.46,3.16,99.59,55.45,60.2
AST-0007,2026-08-04 06:29:38.403936,-4.24,1.86,104.96,86.72,58.63
AST-0018,2026-08-19 01:34:38.403936,4.64,2.35,103.51,78.06,33.01
AST-0006,2026-08-10 17:35:38.403936,5.21,1.45,104.82,69.4,50.18
AST-0008,2026-08-25 06:08:38.403936,4.14,2.27,102.35,75.42,44.33
AST-0013,2026-08-07 23:26:38.403936,7.26,3.78,99.55,65.73,95.79
AST-0001,2026-07-30 06:32:38.403936,6.35,2.23,102.93,94.97,66.89
AST-0017,2026-08-03 21:28:38.403936,3.55,2.64,101.79,59.75,72.95
AST-0011,2026-07-30 03:59:38.403936,2.62,1.97,102.82,47.45,81.26
AST-0007,2026-08-09 20:28:38.403936,1.48,1.11,100.3,67.87,88.85
AST-0006,2026-08-20 08:52:38.403936,4.59,2.3,102.46,56.29,67.51
AST-0003,2026-08-16 09:57:38.403936,2.7,2.57,101.04,56.96,67.97
AST-0005,2026-08-05 09:54:38.403936,4.74,3.44,98.09,64.24,51.32
AST-0003,2026-08-01 20:35:38.403936,5.8,3.1,102.32,57.96,80.94
AST-0014,2026-08-24 12:42:38.403936,2.2,1.11,98.75,64.67,77.15
AST-0009,2026-08-27 05:39:38.403936,0.04,3.56,101.56,49.32,66.82
AST-0011,2026-08-17 06:12:38.403936,6.14,2.98,103.5,51.34,57.55
AST-0012,2026-08-16 17:21:38.403936,15.11,3.87,102.58,93.47,56.58
AST-0008,2026-08-16 13:08:38.403936,3.41,2.39,104.06,61.34,67.24
AST-0017,2026-08-04 13:23:38.403936,4.65,2.53,100.0,63.63,61.76
AST-0006,2026-08-17 06:21:38.403936,4.49,3.25,104.82,56.6,57.94
AST-0003,2026-08-09 17:55:38.403936,3.26,2.65,100.22,67.4,84.87
AST-0018,2026-08-18 10:59:38.403936,0.71,2.89,100.38,69.6,48.86
AST-0002,2026-08-02 14:59:38.403936,6.29,3.23,102.44,72.93,51.58
AST-0011,2026-08-15 13:55:38.403936,3.57,3.1,99.76,79.46,59.18
AST-0010,2026-08-12 13:48:38.403936,5.25,4.18,99.89,65.69,83.98
AST-0019,2026-08-20 03:35:38.403936,5.93,2.24,100.27,62.67,91.06
AST-0019,2026-08-24 06:11:38.403936,4.08,2.56,100.45,72.06,67.8
AST-0016,2026-08-05 00:14:38.403936,2.99,1.72,97.3,56.69,79.29
AST-0003,2026-08-14 08:19:38.403936,6.49,3.05,102.41,63.73,78.95
AST-0010,2026-08-10 05:07:38.403936,4.93,3.94,101.1,78.43,80.73
AST-0011,2026-08-25 19:35:38.403936,5.6,0.89,103.16,63.72,57.01
AST-0010,2026-08-09 15:49:38.403936,2.28,2.5,101.37,51.97,38.48
AST-0014,2026-08-07 11:51:38.403936,5.23,3.2,101.68,76.51,63.45
AST-0007,2026-08-11 10:32:38.403936,4.42,1.77,98.18,83.55,85.36
AST-0010,2026-08-26 15:56:38.403936,2.41,2.62,101.1,62.26,57.64
AST-0018,2026-08-07 09:48:38.403936,5.07,3.15,102.1,63.79,62.17
AST-0019,2026-08-23 22:14:38.403936,5.91,2.87,101.45,64.64,71.21
AST-0010,2026-08-22 10:25:38.403936,3.8,3.16,99.15,60.89,76.0
AST-0011,2026-08-27 19:49:38.403936,2.8,1.24,101.43,48.04,41.62
AST-0012,2026-08-07 02:17:38.403936,5.63,2.34,103.87,52.95,63.31
AST-0019,2026-08-09 22:36:38.403936,5.1,1.56,103.36,70.11,36.03
AST-0020,2026-08-19 15:45:38.403936,4.44,2.81,100.12,50.2,70.01
AST-0018,2026-08-02 01:00:38.403936,7.82,2.19,104.44,57.48,68.88
AST-0009,2026-08-16 15:39:38.403936,-2.34,2.49,100.7,72.26,99.05
AST-0019,2026-08-21 07:02:38.403936,4.95,2.09,100.92,90.2,67.43
AST-0009,2026-08-11 08:58:38.403936,3.61,1.58,97.65,68.64,76.78
AST-0016,2026-08-01 02:00:38.403936,3.9,2.49,98.96,66.33,73.67
AST-0011,2026-08-25 20:30:38.403936,3.7,3.85,99.63,67.83,80.27
AST-0002,2026-08-04 04:46:38.403936,4.38,2.35,98.44,78.57,61.94
AST-0018,2026-07-31 15:08:38.403936,5.31,3.04,100.04,63.02,89.02
AST-0014,2026-08-23 02:55:38.403936,2.82,4.2,99.81,53.2,67.38
AST-0001,2026-08-08 02:06:38.403936,19.81,0.97,101.02,69.76,65.61
AST-0009,2026-08-03 20:01:38.403936,5.07,1.93,100.1,63.52,44.66
AST-0020,2026-08-11 16:43:38.403936,4.43,2.19,100.36,68.21,32.23
AST-0018,2026-08-26 05:40:38.403936,4.16,4.35,99.13,77.86,65.98
AST-0018,2026-08-14 20:29:38.403936,3.6,1.44,101.58,79.53,57.99
AST-0013,2026-08-25 08:19:38.403936,4.38,3.31,101.98,49.28,66.78
AST-0019,2026-08-08 00:12:38.403936,6.77,6.11,95.82,68.88,61.43
AST-0016,2026-08-26 17:06:38.403936,1.76,1.16,103.25,57.68,48.67
AST-0008,2026-08-04 10:22:38.403936,4.45,1.98,101.5,62.97,43.4
AST-0006,2026-08-09 18:40:38.403936,3.73,2.85,101.38,64.18,99.87
AST-0014,2026-08-08 18:59:38.403936,5.6,8.87,100.97,67.2,57.24
AST-0015,2026-08-25 03:26:38.403936,5.67,2.41,101.74,66.61,64.67
AST-0014,2026-08-08 11:23:38.403936,8.91,1.97,99.95,71.94,54.29
AST-0013,2026-08-18 23:25:38.403936,4.06,1.63,102.28,70.04,59.33
AST-0007,2026-08-26 18:07:38.403936,5.57,7.07,99.89,63.3,43.9
AST-0011,2026-08-21 03:11:38.403936,1.88,2.25,102.69,77.82,55.15
AST-0015,2026-08-13 10:06:38.403936,17.6,3.01,103.74,61.5,32.63
AST-0003,2026-08-26 08:50:38.403936,4.61,1.69,99.85,61.99,58.9
AST-0006,2026-08-26 02:43:38.403936,4.71,3.06,100.56,68.96,65.27
AST-0013,2026-08-17 03:35:38.403936,5.9,2.35,101.14,61.26,62.08
AST-0008,2026-08-11 05:45:38.403936,3.32,1.79,102.85,54.17,59.26
AST-0001,2026-08-16 00:46:38.403936,6.02,2.22,102.96,59.09,46.08
AST-0015,2026-08-24 09:36:38.403936,2.11,3.55,99.03,72.47,47.0
AST-0013,2026-07-30 18:12:38.403936,6.48,4.27,97.93,54.15,78.92
AST-0014,2026-07-30 16:42:38.403936,5.27,3.12,100.15,84.88,67.12
AST-0009,2026-08-02 20:01:38.403936,2.67,2.3,98.89,80.91,53.11
AST-0006,2026-08-15 10:44:38.403936,5.24,2.12,100.07,45.9,75.77
AST-0017,2026-08-06 10:24:38.403936,6.45,1.77,98.21,73.03,35.37
AST-0002,2026-08-26 00:41:38.403936,6.33,1.78,99.09,67.48,46.31
AST-0003,2026-08-16 02:57:38.403936,3.44,2.78,96.44,81.42,65.79
AST-0002,2026-08-05 23:43:38.403936,2.56,1.69,103.28,71.01,89.96
AST-0015,2026-08-10 03:48:38.403936,3.48,2.74,102.15,71.95,85.29
AST-0009,2026-08-05 13:05:38.403936,3.42,2.41,100.08,64.47,77.57
AST-0017,2026-08-07 05:30:38.403936,2.02,3.39,99.02,61.93,87.39
AST-0002,2026-08-01 19:15:38.403936,4.99,2.77,98.94,54.56,81.94
AST-0006,2026-08-24 19:45:38.403936,3.62,2.1,103.23,54.5,69.85
AST-0006,2026-08-11 21:09:38.403936,4.56,2.5,100.26,59.2,45.59
AST-0003,2026-08-09 12:21:38.403936,-2.78,1.97,103.24,62.75,45.95
AST-0006,2026-08-01 19:54:38.403936,4.14,2.17,103.32,61.31,60.03
AST-0012,2026-08-23 01:32:38.403936,6.62,2.91,104.63,77.59,49.03
AST-0008,2026-08-06 21:44:38.403936,5.98,3.72,104.37,74.88,82.42
AST-0009,2026-07-30 03:52:38.403936,4.05,1.83,100.6,48.35,89.17
AST-0002,2026-08-22 02:55:38.403936,4.08,3.53,98.84,75.83,56.09
AST-0005,2026-08-16 16:27:38.403936,2.57,3.8,103.51,67.12,65.61
AST-0012,2026-08-04 18:48:38.403936,5.16,2.66,99.72,60.88,100.0
AST-0015,2026-08-24 21:07:38.403936,8.51,3.75,102.26,61.62,50.63
AST-0006,2026-08-06 17:37:38.403936,3.4,2.06,105.6,83.06,78.43
AST-0013,2026-08-27 21:30:38.403936,3.06,3.21,100.82,43.47,70.17
AST-0016,2026-08-04 22:45:38.403936,11.24,1.85,100.8,60.02,64.38
AST-0017,2026-08-16 17:46:38.403936,4.38,1.0,104.34,55.17,47.86
AST-0012,2026-08-19 23:59:38.403936,4.01,2.41,104.22,67.69,75.2
AST-0013,2026-08-26 07:42:38.403936,4.91,2.69,101.92,45.67,60.5
AST-0017,2026-08-10 04:56:38.403936,6.24,5.65,98.89,69.23,54.72
AST-0003,2026-08-21 12:09:38.403936,7.57,1.42,102.55,50.93,59.27
AST-0004,2026-08-26 01:27:38.403936,4.45,3.36,99.15,71.63,65.34
AST-0001,2026-08-15 18:24:38.403936,14.14,2.77,100.88,59.1,79.82
AST-0005,2026-08-08 13:46:38.403936,6.39,2.07,99.03,71.94,38.93
AST-0005,2026-08-19 05:46:38.403936,2.54,1.65,100.47,51.64,30.1
AST-0005,2026-08-28 07:16:38.403936,2.8,3.01,98.76,61.6,100.0
AST-0009,2026-07-30 12:12:38.403936,4.43,2.77,99.41,86.63,55.26
AST-0012,2026-08-20 22:00:38.403936,4.16,3.55,100.94,65.48,59.93
AST-0002,2026-08-08 01:53:38.403936,4.09,2.8,102.41,58.57,51.21
AST-0004,2026-08-09 22:19:38.403936,3.59,1.38,98.12,67.97,81.89
AST-0013,2026-08-12 04:59:38.403936,5.81,0.59,100.81,53.98,67.59
AST-0010,2026-08-28 12:02:38.403936,3.87,2.97,101.26,46.04,47.59
AST-0002,2026-08-14 21:49:38.403936,4.51,2.57,98.49,49.64,66.01
AST-0010,2026-08-20 14:00:38.403936,2.39,1.17,100.41,60.12,49.19
AST-0005,2026-08-21 19:47:38.403936,3.44,2.51,99.86,65.71,58.15
AST-0017,2026-08-24 07:43:38.403936,4.75,7.08,102.98,77.88,80.09
AST-0020,2026-08-15 15:50:38.403936,12.86,2.15,100.52,56.22,65.08
AST-0012,2026-08-19 17:04:38.403936,5.55,1.92,101.23,58.23,68.77
AST-0015,2026-08-01 01:55:38.403936,3.68,1.91,99.94,70.03,63.26
AST-0018,2026-08-20 22:48:38.403936,3.86,2.71,100.47,76.27,47.47
AST-0005,2026-08-24 12:55:38.403936,4.22,1.38,100.61,48.2,78.43
AST-0009,2026-08-15 23:06:38.403936,5.65,3.13,101.36,56.2,50.59
AST-0003,2026-08-05 07:33:38.403936,6.8,3.65,101.55,59.84,89.64
AST-0002,2026-08-26 20:06:38.403936,3.46,2.68,104.0,56.64,79.93
AST-0007,2026-07-31 18:23:38.403936,5.28,2.47,99.31,57.76,70.21
AST-0005,2026-08-17 19:17:38.403936,2.36,2.6,102.38,74.85,39.83
AST-0007,2026-08-18 04:37:38.403936,6.47,3.86,102.12,54.62,59.09
AST-0002,2026-07-29 18:56:38.403936,4.43,2.72,101.34,67.81,63.37
AST-0008,2026-08-10 20:19:38.403936,4.9,2.13,100.62,59.24,99.51
AST-0016,2026-08-20 01:49:38.403936,6.7,2.94,103.95,72.98,68.26
AST-0011,2026-08-03 23:05:38.403936,2.24,2.29,100.63,53.67,38.25
AST-0016,2026-08-26 20:01:38.403936,5.24,2.76,98.97,57.54,85.9
AST-0011,2026-08-10 12:12:38.403936,3.18,2.64,100.92,70.06,49.59
AST-0019,2026-08-27 12:06:38.403936,4.64,2.63,101.76,65.79,71.2
AST-0008,2026-08-22 10:20:38.403936,7.79,4.55,100.02,41.82,75.72
AST-0009,2026-08-09 01:23:38.403936,4.78,3.35,101.87,65.59,85.32
AST-0013,2026-08-13 16:44:38.403936,6.4,1.39,99.67,63.94,66.77
AST-0009,2026-08-01 02:20:38.403936,4.16,2.85,103.29,82.23,75.42
AST-0008,2026-08-03 14:38:38.403936,3.22,2.38,101.15,70.15,71.99
AST-0004,2026-08-10 02:00:38.403936,7.58,2.13,102.07,88.55,54.47
AST-0013,2026-08-23 10:33:38.403936,4.72,1.74,101.46,57.2,83.84
AST-0008,2026-08-17 20:17:38.403936,4.72,1.75,102.98,66.8,82.15
AST-0003,2026-08-06 03:45:38.403936,2.78,2.8,102.85,60.77,42.34
AST-0013,2026-08-13 01:14:38.403936,4.44,3.48,103.55,60.72,41.9
AST-0001,2026-08-18 10:21:38.403936,3.85,2.13,102.19,63.95,51.44
AST-0008,2026-08-13 22:53:38.403936,6.16,2.61,102.17,47.75,21.36
AST-0013,2026-08-20 21:43:38.403936,2.34,2.12,102.45,41.58,93.67
AST-0008,2026-08-25 13:01:38.403936,4.76,3.59,99.53,70.04,66.53
AST-0011,2026-08-11 19:12:38.403936,5.73,2.31,102.25,76.02,53.28
AST-0003,2026-08-06 00:11:38.403936,4.86,0.99,102.71,84.55,42.6
AST-0001,2026-08-03 08:15:38.403936,4.36,3.2,101.36,66.65,57.96
AST-0003,2026-08-05 14:12:38.403936,3.86,2.43,101.38,53.19,63.81
AST-0016,2026-08-28 06:04:38.403936,6.85,2.16,98.83,63.49,52.14
AST-0012,2026-08-06 20:16:38.403936,10.49,2.61,99.88,58.75,67.76
AST-0006,2026-08-15 00:31:38.403936,2.2,1.11,102.64,45.69,47.42
AST-0019,2026-08-12 20:39:38.403936,1.8,2.11,102.16,66.12,100.0
AST-0007,2026-08-02 12:15:38.403936,6.13,1.76,98.91,92.07,84.13
AST-0016,2026-08-06 11:55:38.403936,5.38,2.56,101.85,50.18,67.83
AST-0017,2026-08-03 15:46:38.403936,4.61,1.78,100.22,80.15,62.75
AST-0003,2026-08-02 00:36:38.403936,7.61,1.11,100.26,49.53,43.23
AST-0017,2026-08-19 19:18:38.403936,3.26,2.75,101.83,58.21,24.9
AST-0010,2026-08-03 03:18:38.403936,6.72,2.27,99.07,67.75,68.68
AST-0006,2026-07-31 05:18:38.403936,4.02,2.62,98.99,72.6,47.06
AST-0017,2026-08-20 06:35:38.403936,3.59,3.02,103.71,80.86,84.0
AST-0013,2026-08-12 16:59:38.403936,4.01,1.27,104.11,78.71,52.9
AST-0010,2026-08-17 18:51:38.403936,5.88,2.23,104.3,59.85,100.0
AST-0005,2026-08-13 15:03:38.403936,5.68,3.94,100.37,69.05,47.55
AST-0004,2026-07-31 10:30:38.403936,5.77,3.22,106.09,69.82,78.03
AST-0005,2026-08-05 11:37:38.403936,3.79,2.93,100.54,66.16,68.14
AST-0011,2026-08-02 02:32:38.403936,3.97,2.55,100.55,61.2,84.38
AST-0014,2026-08-25 03:02:38.403936,4.76,2.78,98.39,69.23,74.55
AST-0018,2026-08-04 08:14:38.403936,3.9,4.17,96.72,72.84,77.83
AST-0016,2026-08-25 12:12:38.403936,5.31,2.64,102.4,73.68,51.93
AST-0012,2026-08-28 15:02:38.403936,-3.05,2.35,99.11,72.17,54.84
AST-0009,2026-08-01 18:28:38.403936,2.25,2.07,99.7,75.28,67.76
AST-0013,2026-08-16 11:49:38.403936,6.57,1.97,103.05,93.4,71.41
AST-0014,2026-08-13 11:45:38.403936,5.79,3.05,98.46,70.86,70.52
AST-0019,2026-08-28 17:28:38.403936,4.11,1.79,102.69,55.28,100.0
AST-0014,2026-08-07 03:15:38.403936,-3.33,1.52,100.27,62.22,100.0
AST-0005,2026-08-03 00:08:38.403936,3.17,2.41,100.22,69.99,55.61
AST-0020,2026-07-31 16:13:38.403936,2.79,2.34,100.7,59.08,55.3
AST-0006,2026-08-21 07:22:38.403936,6.28,2.24,99.03,60.38,65.98
AST-0011,2026-08-17 18:44:38.403936,-5.5,3.8,103.04,79.3,72.06
AST-0017,2026-08-26 17:55:38.403936,1.36,8.66,99.57,57.18,67.81
AST-0017,2026-08-07 22:38:38.403936,6.57,3.34,103.11,61.88,59.1
AST-0019,2026-08-11 04:59:38.403936,5.02,2.4,103.08,73.3,75.64
AST-0002,2026-08-26 15:17:38.403936,0.71,2.6,101.08,66.68,51.42
AST-0010,2026-08-19 11:14:38.403936,2.51,2.87,100.59,70.75,52.92
AST-0010,2026-08-23 06:49:38.403936,6.62,3.3,101.89,62.87,80.34
AST-0003,2026-08-13 21:36:38.403936,17.09,2.69,103.39,79.27,42.46
AST-0015,2026-08-20 08:36:38.403936,2.92,1.88,98.3,64.37,75.8
AST-0019,2026-08-26 11:14:38.403936,4.47,2.07,103.55,66.41,71.17
AST-0002,2026-08-08 21:46:38.403936,6.23,2.4,105.42,60.52,100.0
AST-0013,2026-08-09 04:57:38.403936,3.04,2.91,100.01,76.2,56.39
AST-0015,2026-08-10 20:10:38.403936,-3.06,1.98,103.17,58.44,95.3
AST-0003,2026-08-09 15:20:38.403936,3.01,1.42,103.2,59.08,64.87
AST-0014,2026-08-11 05:11:38.403936,4.02,1.45,101.15,77.65,83.06
AST-0010,2026-07-30 12:10:38.403936,4.85,3.39,99.18,61.75,72.12
AST-0019,2026-08-26 01:56:38.403936,4.3,2.3,98.9,44.19,79.72
AST-0004,2026-08-08 11:25:38.403936,4.86,3.22,100.43,57.87,65.12
AST-0011,2026-08-09 10:49:38.403936,5.78,2.31,102.9,54.94,62.09
AST-0014,2026-08-06 19:54:38.403936,4.39,3.48,101.72,82.46,40.74
AST-0016,2026-08-02 09:20:38.403936,4.69,2.64,102.54,56.87,95.32
AST-0009,2026-07-30 16:54:38.403936,4.52,1.63,101.27,61.87,100.0
AST-0014,2026-08-06 10:56:38.403936,6.07,2.54,101.08,74.51,82.98
AST-0006,2026-08-06 03:06:38.403936,0.13,3.01,101.36,51.89,80.84
AST-0010,2026-08-15 05:05:38.403936,7.87,2.95,103.5,83.04,50.06
AST-0003,2026-08-23 10:40:38.403936,1.71,3.03,100.8,51.26,63.59
AST-0001,2026-08-05 20:14:38.403936,5.59,2.38,99.73,62.76,64.65
AST-0009,2026-08-09 15:58:38.403936,1.61,2.39,98.61,71.59,36.9
AST-0004,2026-08-06 21:48:38.403936,6.02,2.17,100.21,67.94,49.41
AST-0015,2026-08-21 12:57:38.403936,4.92,1.91,100.19,69.05,44.51
AST-0009,2026-08-22 00:13:38.403936,2.6,2.7,101.25,66.69,70.9
AST-0006,2026-08-02 13:16:38.403936,4.59,2.99,101.49,44.93,33.54
AST-0009,2026-08-16 09:59:38.403936,7.39,2.5,103.2,61.54,63.96
AST-0003,2026-07-30 14:13:38.403936,3.82,4.47,101.81,59.65,35.27
AST-0017,2026-08-01 15:36:38.403936,7.46,2.37,102.79,73.56,56.67
AST-0012,2026-08-23 02:28:38.403936,5.51,2.02,99.32,76.64,62.15
AST-0014,2026-07-31 02:51:38.403936,5.28,2.83,102.58,49.43,54.46
AST-0013,2026-08-03 11:26:38.403936,4.01,1.83,102.16,76.87,89.21
AST-0016,2026-08-08 10:16:38.403936,3.99,2.73,102.19,71.21,49.19
AST-0008,2026-08-25 10:46:38.403936,7.23,3.24,103.21,77.03,74.61
AST-0018,2026-08-28 15:57:38.403936,2.96,2.39,98.0,69.15,61.95
AST-0007,2026-08-19 14:24:38.403936,4.44,3.46,100.39,62.48,65.4
AST-0012,2026-07-31 16:09:38.403936,-6.26,6.71,96.33,59.14,80.39
AST-0001,2026-08-28 06:53:38.403936,5.17,2.02,101.38,54.25,64.96
AST-0004,2026-08-13 02:33:38.403936,8.9,3.98,101.41,66.6,47.37
AST-0019,2026-08-25 19:49:38.403936,3.3,2.79,100.25,74.04,93.25
AST-0018,2026-08-04 22:36:38.403936,5.0,2.58,97.94,72.48,44.41
AST-0011,2026-08-14 06:27:38.403936,3.87,3.27,103.36,60.33,57.64
AST-0010,2026-08-09 23:03:38.403936,3.45,1.54,100.03,48.87,77.3
AST-0010,2026-07-31 12:50:38.403936,5.09,2.95,99.39,53.05,65.96
AST-0005,2026-08-04 23:52:38.403936,4.6,2.38,100.72,82.11,72.67
AST-0003,2026-08-11 12:52:38.403936,7.46,3.52,104.71,54.26,75.68
AST-0003,2026-08-17 06:43:38.403936,11.88,1.86,99.91,62.78,96.15
AST-0004,2026-08-05 00:25:38.403936,3.5,3.83,103.0,68.96,78.47
AST-0011,2026-08-15 06:17:38.403936,4.52,3.53,102.43,48.35,70.33
AST-0007,2026-08-13 05:59:38.403936,5.68,2.27,101.55,58.87,40.2
AST-0009,2026-08-25 06:15:38.403936,2.17,1.27,102.64,40.1,53.0
AST-0018,2026-08-12 22:32:38.403936,3.35,2.27,97.59,69.04,42.08
AST-0019,2026-08-02 09:19:38.403936,6.2,2.0,101.11,65.04,69.4
AST-0010,2026-08-23 14:45:38.403936,4.56,2.16,101.99,69.66,51.23
AST-0002,2026-08-03 08:01:38.403936,5.14,3.45,102.71,74.32,68.09
AST-0011,2026-08-12 22:59:38.403936,3.1,1.85,101.94,74.43,100.0
AST-0004,2026-08-11 00:11:38.403936,5.97,1.56,99.77,87.79,61.14
AST-0012,2026-08-25 12:54:38.403936,12.57,1.73,104.43,70.0,51.06
AST-0019,2026-08-17 05:45:38.403936,3.01,2.75,101.39,73.32,74.85
AST-0011,2026-08-24 07:17:38.403936,4.1,2.06,100.98,59.49,62.66
AST-0004,2026-08-06 10:13:38.403936,4.52,1.78,102.56,61.3,49.85
AST-0005,2026-08-27 11:21:38.403936,3.97,2.69,101.47,69.22,81.17
AST-0017,2026-08-06 11:18:38.403936,6.46,2.73,99.16,62.31,46.92
AST-0009,2026-08-09 14:55:38.403936,7.05,9.18,102.6,73.58,69.52
AST-0007,2026-08-25 00:13:38.403936,5.05,1.22,101.15,56.19,70.06
AST-0007,2026-08-21 04:25:38.403936,4.41,4.06,103.13,67.85,60.2
AST-0017,2026-08-26 16:09:38.403936,7.01,2.48,101.96,65.42,57.73
AST-0019,2026-08-12 02:01:38.403936,4.55,0.93,98.2,68.5,93.23
AST-0008,2026-08-17 11:49:38.403936,5.02,1.92,98.41,72.85,54.79
AST-0014,2026-08-26 19:34:38.403936,5.46,2.81,102.26,65.34,71.91
AST-0004,2026-08-10 08:50:38.403936,4.32,1.99,99.37,41.15,61.74
AST-0005,2026-08-17 05:16:38.403936,6.78,3.08,101.76,57.66,82.95
AST-0004,2026-08-25 00:08:38.403936,4.32,3.76,99.34,57.5,49.75
AST-0008,2026-08-10 02:03:38.403936,2.28,1.75,101.51,57.88,5.0
AST-0005,2026-07-31 21:10:38.403936,6.11,1.15,102.48,65.31,100.0
AST-0001,2026-08-08 16:34:38.403936,6.0,2.1,99.9,80.03,38.43
AST-0001,2026-08-28 10:18:38.403936,4.79,2.4,100.61,68.54,68.41
AST-0005,2026-08-17 13:48:38.403936,5.19,2.61,102.14,65.93,53.13
AST-0012,2026-08-05 10:51:38.403936,4.51,1.93,99.74,61.64,62.85
AST-0017,2026-08-13 13:25:38.403936,4.55,3.23,100.3,66.97,67.12
AST-0005,2026-08-11 06:45:38.403936,3.59,2.56,103.31,66.87,69.08
AST-0008,2026-08-08 04:10:38.403936,3.44,4.08,100.0,48.32,80.48
AST-0002,2026-08-21 01:25:38.403936,4.33,2.26,100.21,83.72,71.38
AST-0002,2026-08-10 05:41:38.403936,13.32,2.63,101.84,78.99,60.48
AST-0004,2026-08-19 15:23:38.403936,2.31,3.19,102.29,66.08,73.47
AST-0014,2026-08-11 20:01:38.403936,3.94,2.52,101.04,59.09,86.41
AST-0003,2026-07-30 09:21:38.403936,2.38,4.39,103.05,47.22,60.97
AST-0008,2026-08-25 10:54:38.403936,4.25,2.81,99.32,65.32,62.82
AST-0016,2026-08-19 05:07:38.403936,3.39,1.8,103.14,48.03,73.6
AST-0015,2026-08-16 12:57:38.403936,5.7,2.33,101.4,76.63,52.31
AST-0013,2026-08-04 20:07:38.403936,-4.4,2.1,103.63,77.92,39.87
AST-0005,2026-08-08 17:23:38.403936,6.01,3.16,104.41,68.85,64.2
AST-0009,2026-08-03 18:16:38.403936,6.22,3.06,105.79,74.59,67.76
AST-0010,2026-08-03 06:16:38.403936,2.74,2.04,98.43,62.85,81.67
AST-0004,2026-08-17 03:16:38.403936,16.49,3.32,101.98,60.97,66.58
AST-0008,2026-08-09 17:47:38.403936,5.21,2.61,101.6,57.31,57.21
AST-0017,2026-08-24 01:34:38.403936,7.89,3.48,98.35,41.33,66.37
AST-0001,2026-08-07 02:08:38.403936,5.84,2.08,103.34,65.6,62.06
AST-0018,2026-08-05 13:10:38.403936,5.63,2.07,100.73,71.7,64.43
AST-0004,2026-08-17 20:46:38.403936,7.36,6.83,102.56,64.5,80.75
AST-0009,2026-08-12 16:55:38.403936,4.02,2.73,99.47,75.39,70.23
AST-0020,2026-08-25 10:35:38.403936,7.47,4.41,102.83,65.68,47.97
AST-0016,2026-08-24 11:40:38.403936,5.86,2.67,102.38,82.3,50.16
AST-0002,2026-08-27 04:34:38.403936,3.11,2.31,102.94,70.55,48.88
AST-0018,2026-08-14 01:28:38.403936,5.63,1.54,99.62,63.85,55.04
AST-0018,2026-08-13 22:30:38.403936,5.83,2.73,104.83,62.53,62.8
AST-0005,2026-07-30 12:15:38.403936,6.32,2.43,104.29,70.41,22.65
AST-0015,2026-08-09 06:57:38.403936,6.27,3.23,103.2,45.89,53.07
AST-0004,2026-08-17 12:43:38.403936,3.62,1.83,104.78,64.88,64.34
AST-0007,2026-08-23 17:29:38.403936,5.33,2.96,94.63,58.54,39.57
AST-0001,2026-08-08 16:56:38.403936,5.1,2.27,101.33,44.21,59.42
AST-0019,2026-08-25 12:01:38.403936,6.17,3.63,102.74,51.65,87.67
AST-0008,2026-08-19 05:39:38.403936,5.59,2.41,97.25,74.54,54.34
AST-0020,2026-08-26 14:32:38.403936,5.02,2.55,104.38,63.75,64.73
AST-0008,2026-08-23 04:44:38.403936,6.87,1.97,102.93,63.01,46.95
AST-0006,2026-07-31 18:33:38.403936,4.5,3.05,104.01,79.75,59.69
AST-0016,2026-08-28 16:15:38.403936,3.02,2.25,98.94,62.83,58.85
AST-0004,2026-08-08 14:38:38.403936,5.59,0.74,99.83,57.74,86.37
AST-0019,2026-08-02 19:12:38.403936,2.83,2.68,101.04,75.43,75.72
AST-0012,2026-08-11 09:36:38.403936,16.68,2.06,97.6,67.47,74.55
AST-0004,2026-08-19 08:24:38.403936,2.14,1.51,101.8,68.39,47.17
AST-0007,2026-08-27 07:23:38.403936,3.64,1.03,104.05,52.0,74.76
AST-0002,2026-08-06 14:15:38.403936,4.45,3.53,99.72,65.61,34.43
AST-0005,2026-08-06 22:15:38.403936,1.59,2.98,97.73,62.72,83.2
AST-0008,2026-08-12 04:32:38.403936,5.62,1.97,98.12,70.09,89.16
AST-0007,2026-08-26 22:02:38.403936,3.51,1.86,100.25,70.72,87.11
AST-0010,2026-08-15 10:47:38.403936,2.64,1.3,105.98,63.23,69.55
AST-0006,2026-08-18 09:58:38.403936,3.46,2.89,103.22,68.0,96.34
AST-0002,2026-08-20 07:45:38.403936,4.01,2.29,101.76,69.65,69.1
AST-0014,2026-08-23 00:31:38.403936,2.57,2.75,100.55,59.19,65.58
AST-0003,2026-08-03 16:51:38.403936,3.06,1.59,96.07,82.47,75.0
AST-0006,2026-08-05 18:14:38.403936,4.32,1.97,95.55,57.71,77.89
AST-0017,2026-08-10 21:00:38.403936,5.91,3.01,101.62,78.04,59.09
AST-0011,2026-08-25 16:35:38.403936,6.13,2.19,99.54,54.94,45.84
AST-0018,2026-08-19 09:10:38.403936,5.49,1.91,99.23,72.14,70.9
AST-0006,2026-08-24 13:57:38.403936,5.94,2.91,99.79,65.76,67.25
AST-0011,2026-08-26 13:38:38.403936,3.12,1.62,99.94,85.37,57.57
AST-0001,2026-08-10 14:33:38.403936,6.35,2.13,103.08,74.02,82.15
AST-0018,2026-08-07 16:41:38.403936,5.08,3.6,102.06,82.14,35.84
AST-0004,2026-08-19 22:04:38.403936,5.02,2.73,99.43,70.8,38.18
AST-0018,2026-08-04 12:47:38.403936,3.52,0.9,104.42,62.68,100.0
AST-0019,2026-08-03 21:55:38.403936,5.7,2.86,100.13,54.54,74.41
AST-0008,2026-08-04 22:00:38.403936,4.39,1.43,98.27,55.41,97.78
AST-0020,2026-08-04 12:24:38.403936,7.82,2.66,101.6,61.64,48.18
AST-0018,2026-08-23 12:08:38.403936,6.56,4.0,99.51,64.17,56.9
AST-0009,2026-08-02 13:35:38.403936,3.87,3.45,98.68,69.66,78.11
AST-0006,2026-08-10 15:33:38.403936,4.29,3.21,101.6,77.17,37.6
AST-0007,2026-07-31 18:23:38.403936,3.98,2.44,95.96,54.14,50.36
AST-0003,2026-08-05 02:55:38.403936,5.92,1.93,99.66,73.17,35.88
AST-0014,2026-08-22 08:03:38.403936,1.39,2.21,98.4,50.9,75.32
AST-0011,2026-08-27 14:39:38.403936,5.81,3.13,103.52,77.41,26.69
AST-0011,2026-08-19 17:44:38.403936,5.18,2.08,99.81,70.6,33.85
AST-0001,2026-07-31 03:02:38.403936,-6.13,3.01,102.28,66.37,49.16
AST-0019,2026-07-31 03:27:38.403936,5.62,3.04,101.47,53.23,57.35
AST-0004,2026-08-02 10:51:38.403936,5.76,3.56,100.65,62.5,62.09
AST-0012,2026-08-18 17:47:38.403936,4.91,2.04,95.51,76.93,97.3
AST-0020,2026-08-01 08:50:38.403936,3.58,1.65,101.03,63.12,82.92
AST-0011,2026-07-30 22:32:38.403936,4.58,1.87,98.66,73.66,75.79
AST-0017,2026-08-16 00:20:38.403936,6.09,1.73,104.98,47.56,77.77
AST-0006,2026-08-28 03:29:38.403936,1.64,1.87,104.42,73.31,55.17
AST-0019,2026-08-02 15:12:38.403936,3.72,2.58,102.33,77.52,56.79
AST-0003,2026-08-23 08:09:38.403936,2.08,2.63,100.39,51.99,70.36
AST-0017,2026-08-05 14:47:38.403936,4.18,2.75,99.51,69.87,41.29
AST-0016,2026-08-27 01:19:38.403936,3.26,2.31,104.78,72.85,84.39
AST-0002,2026-07-31 14:25:38.403936,6.63,5.38,101.38,79.2,83.23
AST-0008,2026-08-26 00:48:38.403936,5.99,3.92,100.46,60.01,70.76
AST-0012,2026-08-15 23:04:38.403936,4.23,2.75,104.43,60.22,59.52
AST-0013,2026-08-22 05:48:38.403936,4.76,2.32,97.47,59.2,77.37
AST-0009,2026-08-24 09:15:38.403936,6.66,1.58,98.98,65.3,27.64
AST-0002,2026-08-22 01:12:38.403936,3.83,1.11,104.04,57.31,94.75
AST-0019,2026-08-15 10:18:38.403936,6.17,1.98,99.16,63.06,63.12
AST-0002,2026-08-15 20:16:38.403936,5.02,1.88,102.79,67.65,58.87
AST-0008,2026-08-27 05:00:38.403936,3.43,2.35,99.67,65.58,66.54
AST-0015,2026-08-17 10:20:38.403936,4.89,3.91,101.04,75.05,69.13
AST-0020,2026-08-26 21:26:38.403936,4.14,2.4,101.18,67.8,47.73
AST-0017,2026-08-27 17:15:38.403936,2.3,3.02,103.1,72.46,67.79
AST-0002,2026-08-07 04:07:38.403936,5.65,3.07,102.88,56.4,45.25
AST-0017,2026-08-04 08:01:38.403936,3.92,2.49,100.82,46.23,95.99
AST-0001,2026-08-04 10:02:38.403936,4.09,2.64,103.79,41.55,55.79
AST-0006,2026-08-10 16:03:38.403936,3.92,2.23,100.95,79.47,77.12
AST-0008,2026-08-23 16:18:38.403936,5.94,2.54,98.5,44.2,37.47
AST-0007,2026-08-22 05:33:38.403936,5.04,2.53,100.88,61.31,100.0
AST-0008,2026-08-22 19:23:38.403936,3.27,3.24,101.3,64.39,86.18
AST-0013,2026-08-05 19:27:38.403936,6.69,2.31,102.9,68.64,65.13
AST-0017,2026-08-26 22:30:38.403936,4.81,1.95,100.69,59.19,81.22
AST-0010,2026-08-24 18:27:38.403936,4.36,1.46,99.85,33.01,56.1
AST-0005,2026-08-17 07:34:38.403936,4.56,8.91,105.26,70.75,74.55
AST-0014,2026-08-15 12:33:38.403936,2.04,2.21,100.33,57.14,50.6
AST-0009,2026-08-08 11:55:38.403936,1.79,1.48,103.05,63.57,55.88
AST-0013,2026-08-02 12:03:38.403936,4.49,3.43,101.31,70.4,49.76
AST-0006,2026-08-12 00:50:38.403936,3.57,2.78,105.09,79.3,75.49
AST-0010,2026-08-14 21:43:38.403936,4.73,3.62,102.89,42.06,46.03
AST-0012,2026-07-31 16:32:38.403936,5.01,1.07,99.5,58.0,60.39
AST-0007,2026-08-14 05:36:38.403936,4.07,2.27,102.95,62.35,58.08
AST-0010,2026-07-30 19:43:38.403936,2.48,3.32,99.96,54.13,68.84
AST-0017,2026-08-17 11:26:38.403936,3.35,2.08,101.82,61.74,100.0
AST-0001,2026-08-24 23:08:38.403936,4.39,2.99,97.42,56.39,45.44
AST-0018,2026-08-09 01:01:38.403936,3.07,2.83,103.37,68.45,60.92
AST-0009,2026-08-21 13:30:38.403936,3.55,3.39,105.44,66.35,81.91
AST-0020,2026-08-13 20:27:38.403936,5.02,3.1,98.97,60.12,72.12
AST-0010,2026-08-01 13:31:38.403936,6.32,1.85,97.23,60.02,83.18
AST-0008,2026-08-27 20:21:38.403936,2.12,1.56,101.61,63.84,75.7
AST-0012,2026-08-08 01:50:38.403936,2.66,2.24,103.69,53.07,91.58
AST-0011,2026-08-07 14:34:38.403936,2.9,3.18,100.55,53.55,56.06
AST-0005,2026-08-04 07:46:38.403936,5.32,2.49,103.54,79.36,43.71
AST-0004,2026-08-22 17:04:38.403936,3.68,2.49,104.11,84.08,69.67
AST-0008,2026-08-23 12:55:38.403936,0.51,2.74,103.17,67.25,78.08
AST-0016,2026-08-25 18:22:38.403936,5.04,1.51,99.53,61.79,84.18
AST-0008,2026-08-08 15:06:38.403936,3.35,2.86,101.91,80.86,64.25
AST-0003,2026-07-31 13:08:38.403936,1.87,3.02,105.58,72.12,50.82
AST-0017,2026-08-02 13:55:38.403936,2.88,1.74,105.31,61.73,53.07
AST-0013,2026-08-21 08:48:38.403936,4.26,2.25,104.44,54.86,86.25
AST-0014,2026-08-03 02:25:38.403936,4.68,3.47,104.47,65.85,59.33
AST-0001,2026-08-23 21:50:38.403936,4.6,2.42,97.99,80.52,69.42
AST-0001,2026-07-30 05:58:38.403936,2.76,0.85,96.64,72.7,53.86
AST-0014,2026-07-31 02:25:38.403936,3.82,2.89,100.27,70.47,66.71
AST-0017,2026-08-03 20:39:38.403936,4.37,1.24,99.66,71.03,52.72
AST-0016,2026-07-30 08:38:38.403936,6.31,4.38,102.61,79.93,77.97
AST-0010,2026-08-27 17:54:38.403936,3.7,2.66,105.33,59.76,46.29
AST-0014,2026-08-25 21:23:38.403936,2.8,2.33,99.29,81.74,68.89
AST-0013,2026-07-29 21:40:38.403936,5.96,2.26,99.02,51.91,48.66
AST-0002,2026-08-15 12:10:38.403936,5.02,2.92,102.51,50.11,64.99
AST-0004,2026-08-02 05:36:38.403936,2.96,2.82,102.26,53.28,82.42
AST-0004,2026-08-22 16:48:38.403936,8.01,3.17,100.97,61.83,61.24
AST-0017,2026-08-23 07:17:38.403936,3.36,2.7,99.02,46.1,68.95
AST-0014,2026-08-20 11:42:38.403936,4.53,5.6,98.73,67.9,47.18
AST-0007,2026-08-07 14:59:38.403936,4.29,3.91,102.6,51.31,42.05
AST-0008,2026-08-26 08:51:38.403936,4.73,1.4,97.3,70.32,70.78
AST-0003,2026-08-19 07:14:38.403936,5.18,2.71,101.17,58.38,74.29
AST-0010,2026-08-02 23:03:38.403936,6.79,2.1,99.26,53.65,49.4
AST-0002,2026-08-04 16:22:38.403936,4.8,0.79,102.18,71.44,32.63
AST-0011,2026-08-15 10:59:38.403936,3.03,2.56,101.01,70.2,62.46
AST-0014,2026-08-09 13:53:38.403936,6.4,2.24,99.33,54.37,78.24
AST-0005,2026-07-31 20:57:38.403936,4.54,3.01,102.53,44.8,44.48
AST-0007,2026-08-18 04:11:38.403936,2.97,5.02,100.46,74.99,86.57
AST-0013,2026-08-01 06:48:38.403936,4.06,2.3,99.89,65.89,68.65
AST-0001,2026-08-16 20:51:38.403936,5.71,3.14,96.7,63.47,89.91
AST-0011,2026-08-16 08:14:38.403936,3.84,3.41,100.69,66.75,44.54
AST-0007,2026-08-08 10:48:38.403936,2.85,3.08,103.06,65.26,42.9
AST-0014,2026-08-10 07:46:38.403936,4.57,3.51,104.79,61.83,35.12
AST-0004,2026-08-21 22:21:38.403936,5.76,2.28,103.19,67.81,49.1
AST-0018,2026-08-20 20:29:38.403936,4.59,3.55,101.0,54.65,36.4
AST-0017,2026-08-28 01:54:38.403936,3.34,2.17,102.94,53.79,92.97
AST-0004,2026-08-10 18:26:38.403936,2.49,4.37,104.75,66.41,35.34
AST-0017,2026-08-09 18:45:38.403936,4.42,2.19,98.75,67.91,50.17
AST-0008,2026-08-19 03:01:38.403936,3.43,2.34,100.15,85.78,55.36
AST-0017,2026-08-20 11:12:38.403936,5.16,2.62,102.01,69.29,80.86
AST-0012,2026-08-04 23:24:38.403936,4.9,2.68,101.42,63.62,48.59
AST-0012,2026-08-26 17:31:38.403936,4.41,2.69,102.1,66.8,60.81
AST-0017,2026-08-19 07:30:38.403936,4.41,8.35,101.93,62.79,68.25
AST-0003,2026-08-15 12:32:38.403936,6.0,1.93,102.49,65.33,100.0
AST-0001,2026-08-11 22:21:38.403936,4.18,3.06,101.33,51.12,55.63
AST-0006,2026-08-19 09:13:38.403936,5.82,2.15,96.86,64.69,45.34
AST-0020,2026-08-17 02:20:38.403936,4.7,3.74,102.84,80.37,54.89
AST-0013,2026-08-27 06:02:38.403936,4.29,1.66,99.93,55.73,41.48
AST-0020,2026-08-28 15:41:38.403936,6.55,0.83,104.04,77.46,74.0
AST-0015,2026-08-26 02:00:38.403936,2.83,1.23,100.2,71.25,65.06
AST-0018,2026-08-02 20:14:38.403936,2.93,3.42,104.67,62.73,66.97
AST-0019,2026-08-15 10:17:38.403936,2.24,2.17,102.32,68.55,55.86
AST-0019,2026-07-30 17:33:38.403936,4.39,2.78,100.16,60.21,56.89
AST-0006,2026-08-26 22:11:38.403936,3.78,2.5,101.56,43.99,76.75
AST-0008,2026-08-07 10:15:38.403936,4.07,4.05,98.92,56.33,61.35
AST-0014,2026-08-12 03:54:38.403936,5.12,0.94,99.64,70.91,47.93
AST-0002,2026-08-17 03:49:38.403936,6.56,2.14,99.5,71.1,93.94
AST-0005,2026-08-17 07:45:38.403936,5.12,8.74,104.65,55.78,81.89
AST-0014,2026-08-16 21:01:38.403936,2.21,2.84,101.16,77.43,86.1
AST-0007,2026-07-31 03:39:38.403936,5.35,2.74,102.32,65.62,63.9
AST-0008,2026-08-12 20:22:38.403936,6.66,3.75,101.02,67.38,66.47
AST-0020,2026-08-22 10:17:38.403936,2.08,2.23,104.5,57.5,100.0
AST-0017,2026-08-15 05:30:38.403936,6.26,2.82,102.42,55.83,60.23
AST-0001,2026-08-05 01:37:38.403936,6.66,2.01,103.42,51.23,43.43
AST-0014,2026-08-11 17:17:38.403936,7.35,2.49,100.22,78.63,87.42
AST-0019,2026-08-04 02:59:38.403936,5.88,2.04,100.73,68.12,77.5
AST-0005,2026-08-26 12:36:38.403936,3.74,8.85,101.83,77.87,78.58
AST-0005,2026-08-17 06:01:38.403936,2.24,2.33,99.44,70.68,81.62
AST-0018,2026-08-18 12:31:38.403936,4.65,2.29,101.44,67.09,53.48
AST-0003,2026-08-16 04:02:38.403936,2.67,0.86,103.83,69.96,71.53
AST-0004,2026-08-08 14:56:38.403936,14.4,1.5,97.83,68.84,70.28
AST-0011,2026-08-05 09:28:38.403936,1.9,2.79,100.5,56.93,59.0
AST-0004,2026-08-24 18:33:38.403936,0.84,2.03,99.89,70.57,62.15
AST-0013,2026-08-10 05:29:38.403936,5.46,0.46,99.62,70.56,59.44
AST-0010,2026-08-23 09:44:38.403936,5.77,1.06,102.76,58.61,51.75
AST-0001,2026-08-21 22:18:38.403936,5.99,3.43,103.37,85.39,87.8
AST-0001,2026-08-06 05:42:38.403936,3.31,2.61,100.58,85.29,84.89
AST-0013,2026-08-22 03:37:38.403936,4.22,3.2,98.84,67.5,48.12
AST-0013,2026-08-01 14:41:38.403936,1.97,3.13,103.12,69.57,61.71
AST-0007,2026-08-21 16:42:38.403936,2.6,1.57,99.36,62.66,84.37
AST-0001,2026-08-26 14:39:38.403936,6.09,1.18,99.91,57.8,19.43
AST-0002,2026-07-31 22:39:38.403936,5.35,2.3,101.07,78.46,66.59
AST-0020,2026-08-26 14:51:38.403936,3.85,2.96,103.42,67.96,77.41
AST-0015,2026-08-02 02:13:38.403936,4.28,2.43,101.53,57.47,54.77
AST-0017,2026-08-17 07:43:38.403936,6.57,4.11,104.48,51.77,39.44
AST-0014,2026-08-07 16:17:38.403936,2.71,2.61,95.68,59.11,90.33
AST-0008,2026-08-27 07:08:38.403936,5.97,2.09,100.43,70.67,81.83
AST-0015,2026-08-27 18:38:38.403936,3.7,7.29,100.17,51.69,61.04
AST-0015,2026-08-26 00:24:38.403936,4.06,1.49,102.59,69.83,77.52
AST-0014,2026-08-05 02:56:38.403936,3.35,0.91,102.23,58.36,48.97
AST-0018,2026-08-04 16:20:38.403936,2.61,2.28,104.45,59.95,45.38
AST-0016,2026-08-02 22:52:38.403936,5.48,2.64,97.06,71.62,100.0
AST-0019,2026-08-16 06:15:38.403936,0.6,1.51,95.6,64.25,82.83
AST-0001,2026-08-26 03:38:38.403936,4.66,3.61,102.96,82.02,85.88
AST-0009,2026-08-16 20:15:38.403936,3.9,2.55,99.56,62.69,66.11
AST-0015,2026-08-01 19:40:38.403936,4.37,3.57,100.64,55.68,49.35
AST-0011,2026-08-09 07:50:38.403936,5.48,1.38,100.9,78.28,70.27
AST-0012,2026-08-15 01:12:38.403936,4.39,2.47,99.24,56.43,61.49
AST-0003,2026-08-17 00:39:38.403936,4.91,3.26,101.49,78.53,93.89
AST-0003,2026-08-19 21:24:38.403936,-2.31,3.48,99.32,53.51,74.32
AST-0008,2026-08-26 04:52:38.403936,2.49,2.27,102.84,79.13,60.42
AST-0011,2026-08-17 23:08:38.403936,3.53,2.76,99.15,63.27,64.86
AST-0012,2026-08-04 18:53:38.403936,4.46,2.57,99.63,57.73,51.55
AST-0003,2026-08-15 20:59:38.403936,2.07,2.77,103.09,72.96,60.28
AST-0002,2026-08-23 13:48:38.403936,3.28,3.1,102.58,67.17,96.4
AST-0005,2026-08-06 10:34:38.403936,4.46,2.29,100.5,49.39,76.9
AST-0004,2026-08-16 18:24:38.403936,4.34,2.91,104.98,61.09,22.92
AST-0008,2026-08-18 09:15:38.403936,5.22,2.63,99.84,68.97,79.15
AST-0004,2026-08-19 07:44:38.403936,3.08,2.26,104.25,57.78,66.2
AST-0005,2026-08-16 21:25:38.403936,0.56,1.31,101.62,77.28,40.48
AST-0017,2026-08-19 20:15:38.403936,4.61,2.2,103.21,52.82,72.74
AST-0006,2026-08-06 12:20:38.403936,3.52,2.68,101.44,62.48,73.6
AST-0019,2026-08-27 20:20:38.403936,4.57,2.39,100.59,65.78,69.0
AST-0007,2026-08-23 04:02:38.403936,3.02,2.22,99.19,64.6,54.34
AST-0006,2026-08-10 15:30:38.403936,5.66,3.04,99.45,64.98,76.49
AST-0016,2026-08-24 19:39:38.403936,4.24,1.92,99.12,73.54,81.25
AST-0008,2026-08-26 08:46:38.403936,4.19,3.11,95.37,78.28,62.17
AST-0017,2026-08-23 07:26:38.403936,4.71,2.24,104.09,54.39,91.54
AST-0014,2026-08-06 19:53:38.403936,5.09,3.0,100.64,51.92,81.75
AST-0015,2026-07-31 02:09:38.403936,4.97,3.59,100.91,60.81,89.99
AST-0018,2026-07-30 19:20:38.403936,7.37,2.51,99.79,73.11,60.43
AST-0004,2026-08-27 17:42:38.403936,5.4,2.29,104.43,58.01,73.65
AST-0016,2026-08-19 09:44:38.403936,3.77,2.27,100.48,72.39,81.53
AST-0005,2026-08-09 12:02:38.403936,5.34,2.41,101.58,73.98,81.73
AST-0003,2026-07-30 11:12:38.403936,0.46,7.44,100.85,71.69,63.8
AST-0012,2026-08-28 18:01:38.403936,5.58,1.64,101.82,74.0,38.46
AST-0013,2026-08-13 16:27:38.403936,8.27,3.45,101.3,56.72,61.85
AST-0015,2026-08-15 10:07:38.403936,12.63,2.85,104.3,60.24,75.13
AST-0005,2026-08-03 12:53:38.403936,2.56,2.17,102.05,71.91,51.44
AST-0006,2026-08-02 01:54:38.403936,3.84,3.67,103.62,67.08,24.74
AST-0019,2026-08-02 01:46:38.403936,8.27,2.48,100.67,59.78,71.77
AST-0002,2026-08-16 20:57:38.403936,5.08,3.26,99.45,61.88,100.0
AST-0009,2026-08-24 03:17:38.403936,4.84,2.36,99.42,70.06,83.56
AST-0010,2026-08-09 11:14:38.403936,5.81,2.29,102.02,81.72,84.28
AST-0005,2026-08-23 15:29:38.403936,3.32,0.46,101.89,72.99,45.39
AST-0020,2026-07-31 11:35:38.403936,4.49,2.29,101.51,59.55,88.23
AST-0020,2026-08-09 05:19:38.403936,4.72,1.8,103.13,52.36,88.12
AST-0005,2026-08-10 04:13:38.403936,5.99,3.61,100.98,60.04,66.51
AST-0020,2026-08-12 07:57:38.403936,4.37,1.98,100.19,61.34,43.94
AST-0003,2026-08-22 01:46:38.403936,5.52,2.46,100.68,53.9,44.11
AST-0017,2026-08-11 16:02:38.403936,7.4,2.0,102.52,66.63,15.05
AST-0002,2026-08-19 14:26:38.403936,7.19,3.05,99.76,64.72,44.31
AST-0006,2026-08-28 13:34:38.403936,7.24,1.77,100.25,57.7,66.45
AST-0013,2026-08-09 11:18:38.403936,6.56,3.93,100.5,68.78,66.47
AST-0006,2026-08-20 11:59:38.403936,3.03,4.44,104.03,66.89,93.47
AST-0013,2026-07-30 22:57:38.403936,6.32,2.57,101.95,80.12,47.97
AST-0015,2026-08-02 07:30:38.403936,7.01,2.32,104.35,64.95,71.08
AST-0018,2026-08-21 06:52:38.403936,4.45,2.07,100.76,78.79,23.35
AST-0014,2026-08-05 14:03:38.403936,2.64,1.92,99.14,80.1,87.64
AST-0005,2026-08-21 18:47:38.403936,5.39,1.99,103.97,49.12,100.0
AST-0002,2026-08-13 07:58:38.403936,3.47,2.29,100.44,54.27,99.65
AST-0001,2026-08-28 00:58:38.403936,5.68,3.47,98.85,66.81,74.38
AST-0008,2026-08-16 21:41:38.403936,4.91,1.57,103.45,66.22,47.81
AST-0001,2026-08-15 13:00:38.403936,1.72,2.99,106.2,54.85,68.07
AST-0020,2026-08-15 03:55:38.403936,6.17,1.48,100.34,56.4,82.72
AST-0001,2026-08-13 20:48:38.403936,6.49,2.63,99.62,60.57,53.65
AST-0006,2026-08-04 10:39:38.403936,3.03,2.42,102.45,69.9,64.85
AST-0006,2026-08-14 08:33:38.403936,4.59,2.43,98.71,66.6,54.49
AST-0007,2026-08-22 14:12:38.403936,2.48,2.8,100.08,67.28,80.26
AST-0010,2026-08-05 03:37:38.403936,3.07,2.57,97.68,80.33,40.54
AST-0005,2026-08-07 05:08:38.403936,3.73,3.57,100.83,53.03,77.84
AST-0013,2026-08-23 00:10:38.403936,5.54,1.99,100.25,60.65,61.27
AST-0019,2026-08-08 21:00:38.403936,1.66,2.35,104.87,56.04,54.5
AST-0003,2026-08-03 10:55:38.403936,2.72,2.99,103.71,76.8,42.54
AST-0016,2026-08-13 16:26:38.403936,5.25,3.65,102.32,69.78,56.51
AST-0006,2026-08-06 20:37:38.403936,4.83,3.49,101.96,52.52,56.79
AST-0008,2026-08-24 22:51:38.403936,6.31,2.76,101.54,59.46,86.39
AST-0012,2026-08-08 21:05:38.403936,6.99,3.51,104.19,61.41,56.0
AST-0017,2026-08-03 09:58:38.403936,4.27,2.53,104.16,76.66,74.69
AST-0012,2026-08-03 14:19:38.403936,2.35,1.15,101.78,73.8,63.57
AST-0009,2026-07-30 22:20:38.403936,7.37,1.63,98.88,58.36,52.36
AST-0001,2026-08-16 08:14:38.403936,5.29,2.16,98.2,73.92,33.32
AST-0010,2026-08-26 12:28:38.403936,2.89,1.2,101.71,66.86,99.5
AST-0020,2026-08-10 16:10:38.403936,5.87,3.65,101.88,55.23,67.31
AST-0019,2026-08-04 05:21:38.403936,5.39,3.06,100.36,69.89,48.21
AST-0016,2026-08-02 03:42:38.403936,2.94,1.61,101.35,53.22,57.35
AST-0017,2026-08-26 00:35:38.403936,5.85,1.68,100.29,65.72,69.44
AST-0002,2026-08-13 22:42:38.403936,3.75,3.13,102.48,76.4,63.53
AST-0010,2026-08-02 16:15:38.403936,3.73,1.95,101.91,61.23,54.75
AST-0011,2026-08-02 18:39:38.403936,3.83,1.95,101.7,50.87,70.45
AST-0006,2026-08-13 16:19:38.403936,5.51,2.04,105.14,65.18,36.9
AST-0014,2026-08-15 10:12:38.403936,4.08,2.55,102.2,62.43,46.79
AST-0004,2026-08-20 10:04:38.403936,2.86,1.98,100.18,53.65,51.81
AST-0011,2026-08-09 14:26:38.403936,5.49,3.82,102.81,78.06,82.53
AST-0005,2026-07-31 20:20:38.403936,17.75,2.23,101.58,60.79,61.06
AST-0003,2026-08-28 00:59:38.403936,4.6,3.07,102.15,63.38,66.0
AST-0013,2026-07-31 08:45:38.403936,5.15,3.03,98.26,54.23,84.93
AST-0019,2026-08-26 18:50:38.403936,4.41,2.16,100.77,62.36,75.04
AST-0005,2026-08-22 14:21:38.403936,2.84,2.52,101.79,68.96,69.01
AST-0017,2026-08-20 12:26:38.403936,13.27,2.04,99.42,89.57,59.58
AST-0013,2026-08-22 17:42:38.403936,4.22,3.04,104.49,59.55,47.02
AST-0018,2026-08-06 04:07:38.403936,2.64,3.77,99.22,64.72,47.41
AST-0019,2026-08-18 05:58:38.403936,2.33,2.27,99.42,58.08,100.0
AST-0018,2026-08-21 19:29:38.403936,5.14,3.25,102.95,63.99,57.09
AST-0005,2026-08-18 21:19:38.403936,4.87,2.63,100.16,66.3,52.29
AST-0009,2026-08-21 04:29:38.403936,4.24,2.23,98.76,41.49,48.1
AST-0014,2026-08-23 09:36:38.403936,7.21,2.25,102.85,43.76,46.85
AST-0020,2026-08-15 07:35:38.403936,2.47,2.34,106.14,69.6,95.52
AST-0020,2026-08-11 20:55:38.403936,4.12,3.59,105.45,63.91,55.29
AST-0014,2026-08-04 03:55:38.403936,2.52,2.25,101.46,85.31,41.69
AST-0002,2026-08-13 21:16:38.403936,-3.41,1.05,100.45,68.11,74.23
AST-0008,2026-08-05 20:38:38.403936,5.38,2.82,102.46,65.46,46.14
AST-0008,2026-08-25 10:44:38.403936,1.72,2.06,101.03,77.54,63.19
AST-0004,2026-08-04 17:32:38.403936,4.21,2.81,100.76,73.11,100.0
AST-0001,2026-08-13 14:22:38.403936,7.79,2.58,101.97,80.79,62.3
AST-0007,2026-08-13 12:11:38.403936,5.52,1.59,100.68,76.56,52.07
AST-0006,2026-08-27 14:10:38.403936,4.31,1.24,105.31,77.63,68.39
AST-0017,2026-08-03 07:56:38.403936,5.26,2.82,104.07,59.81,78.18
AST-0020,2026-08-22 15:31:38.403936,6.12,3.47,96.78,59.01,46.65
AST-0008,2026-08-21 02:12:38.403936,4.72,0.89,97.21,86.7,76.12
AST-0015,2026-08-18 00:25:38.403936,4.68,2.79,101.59,74.97,53.62
AST-0001,2026-08-12 01:59:38.403936,4.78,2.68,99.21,77.77,56.98
AST-0006,2026-08-04 16:01:38.403936,6.03,2.59,104.57,54.59,45.47
AST-0003,2026-08-15 13:10:38.403936,3.14,2.61,104.38,80.93,23.42
AST-0018,2026-08-22 16:39:38.403936,4.87,0.07,102.89,76.18,64.28
AST-0003,2026-08-03 13:56:38.403936,4.63,2.56,99.73,69.32,60.83
AST-0001,2026-08-04 12:15:38.403936,5.9,2.41,99.58,49.64,31.45
AST-0013,2026-08-27 07:04:38.403936,6.47,2.13,101.98,82.83,54.87
AST-0014,2026-07-30 03:10:38.403936,3.56,2.39,101.36,83.88,93.18
AST-0018,2026-08-10 16:55:38.403936,5.43,3.66,100.94,67.99,59.57
AST-0016,2026-08-19 20:14:38.403936,2.56,3.46,102.36,65.18,64.96
AST-0015,2026-08-17 03:37:38.403936,2.24,1.72,101.97,59.71,61.08
AST-0016,2026-08-06 19:35:38.403936,4.34,1.95,99.36,48.88,62.36
AST-0012,2026-08-19 21:24:38.403936,5.43,1.19,101.25,67.81,47.19
AST-0013,2026-08-24 08:12:38.403936,6.63,2.19,101.1,63.39,33.13
AST-0011,2026-08-05 19:21:38.403936,6.01,1.74,100.83,70.98,91.3
AST-0015,2026-08-05 05:54:38.403936,2.88,2.14,104.06,69.64,77.08
AST-0004,2026-08-16 04:00:38.403936,2.92,2.2,100.96,56.42,34.86
AST-0015,2026-08-16 15:01:38.403936,3.73,3.58,101.42,78.74,68.22
AST-0015,2026-08-04 06:24:38.403936,3.35,3.52,101.72,74.62,45.77
AST-0007,2026-08-08 13:13:38.403936,6.06,3.36,101.88,56.93,64.17
AST-0001,2026-08-24 10:53:38.403936,5.42,2.69,102.5,75.12,53.33
AST-0019,2026-08-13 14:12:38.403936,2.77,2.47,100.64,72.86,45.66
AST-0006,2026-08-26 17:51:38.403936,6.03,3.58,101.3,65.61,51.18
AST-0019,2026-08-03 08:25:38.403936,3.69,2.17,104.19,64.28,41.2
AST-0018,2026-08-02 04:37:38.403936,4.88,3.16,101.25,79.69,79.0
AST-0012,2026-08-05 07:27:38.403936,2.93,2.06,101.75,48.34,71.05
AST-0018,2026-08-09 21:23:38.403936,1.86,3.32,103.11,70.05,52.83
AST-0009,2026-08-08 00:15:38.403936,4.76,2.09,99.24,61.61,77.57
AST-0015,2026-08-17 18:44:38.403936,4.57,3.66,102.83,71.59,36.04
AST-0010,2026-08-21 04:54:38.403936,4.07,1.65,100.93,58.07,58.2
AST-0009,2026-08-10 00:15:38.403936,6.09,2.88,103.31,48.99,66.04
AST-0016,2026-08-10 07:38:38.403936,5.95,3.71,98.2,61.49,83.62
AST-0015,2026-08-26 13:55:38.403936,4.21,1.77,98.2,55.51,34.6
AST-0015,2026-08-26 05:37:38.403936,4.59,3.22,98.78,67.58,80.21
AST-0020,2026-08-06 03:21:38.403936,3.68,2.57,102.32,88.91,67.02
AST-0004,2026-08-20 02:03:38.403936,6.77,2.79,101.1,66.49,43.01
AST-0011,2026-08-08 12:19:38.403936,4.96,0.91,99.57,66.1,86.49
AST-0017,2026-08-05 01:21:38.403936,6.65,2.31,101.61,74.84,41.07
AST-0004,2026-08-09 19:46:38.403936,5.11,7.54,100.96,60.41,72.84
AST-0002,2026-08-04 21:27:38.403936,5.33,3.21,102.0,66.72,98.37
AST-0002,2026-08-23 16:51:38.403936,2.21,3.86,100.72,70.71,59.14
AST-0015,2026-08-10 20:06:38.403936,3.45,2.89,103.38,69.73,55.24
AST-0015,2026-08-22 08:47:38.403936,9.92,3.46,103.17,61.47,53.75
AST-0012,2026-08-14 15:51:38.403936,4.08,3.37,99.32,54.32,74.71
AST-0018,2026-08-22 04:06:38.403936,4.98,1.88,99.12,79.38,71.43
AST-0002,2026-08-16 17:02:38.403936,2.45,1.47,100.58,72.33,75.71
AST-0013,2026-08-07 22:56:38.403936,14.2,1.31,101.75,79.26,88.99
AST-0019,2026-08-28 03:16:38.403936,5.04,4.38,102.52,75.43,65.8
AST-0006,2026-08-13 08:38:38.403936,3.33,1.8,101.66,62.88,33.17
AST-0003,2026-08-08 07:44:38.403936,2.96,2.25,102.75,64.84,63.7
AST-0006,2026-07-30 19:15:38.403936,3.02,2.52,103.94,66.56,37.87
AST-0003,2026-08-25 11:20:38.403936,2.62,2.97,100.85,64.25,53.97
AST-0017,2026-08-12 13:02:38.403936,5.26,2.26,100.93,56.49,81.59
AST-0001,2026-08-07 12:57:38.403936,4.17,2.99,98.91,82.34,87.99
AST-0007,2026-08-25 00:03:38.403936,1.64,1.86,102.26,51.8,62.63
AST-0004,2026-08-25 18:33:38.403936,5.14,2.35,102.38,58.07,24.6
AST-0005,2026-08-05 08:53:38.403936,5.97,3.28,106.31,42.93,78.51
AST-0015,2026-08-04 00:32:38.403936,1.55,3.91,102.28,55.48,79.04
AST-0002,2026-08-17 10:16:38.403936,3.67,2.74,101.71,82.44,97.67
AST-0003,2026-08-04 00:06:38.403936,3.6,3.35,102.01,50.87,52.47
AST-0005,2026-08-04 00:56:38.403936,8.0,2.79,103.3,62.88,55.28
AST-0002,2026-08-06 23:41:38.403936,4.54,2.29,98.31,54.97,77.74
AST-0017,2026-08-19 02:00:38.403936,3.93,2.52,101.77,68.13,85.64
AST-0020,2026-08-18 16:19:38.403936,2.85,2.96,102.81,74.86,39.57
AST-0013,2026-08-08 12:09:38.403936,16.88,3.87,101.1,69.83,79.05
AST-0010,2026-08-14 02:45:38.403936,2.96,7.68,102.3,70.2,35.08
AST-0010,2026-08-22 11:22:38.403936,5.69,2.91,104.55,61.89,47.22
AST-0018,2026-08-06 18:42:38.403936,3.48,2.1,99.06,77.9,88.9
AST-0011,2026-08-16 17:31:38.403936,4.21,2.19,97.67,71.96,94.76
AST-0005,2026-07-30 03:51:38.403936,3.54,2.41,102.17,82.24,68.6
AST-0001,2026-08-05 14:17:38.403936,4.79,2.64,98.45,50.53,50.46
AST-0012,2026-08-25 16:17:38.403936,6.02,2.23,100.24,59.53,62.52
AST-0001,2026-08-16 01:55:38.403936,7.05,2.38,99.73,65.25,96.59
AST-0012,2026-08-08 12:44:38.403936,3.75,1.56,100.3,66.29,77.39
AST-0001,2026-08-04 14:20:38.403936,6.01,1.66,99.4,61.77,77.32
AST-0005,2026-08-03 04:27:38.403936,2.61,2.01,100.11,74.42,74.51
AST-0018,2026-08-11 07:11:38.403936,5.86,3.57,100.69,53.13,43.74
AST-0005,2026-08-13 15:05:38.403936,1.74,2.13,100.53,72.88,65.3
AST-0003,2026-08-08 09:53:38.403936,3.76,2.41,99.22,75.25,50.85
AST-0014,2026-08-05 20:53:38.403936,10.79,3.15,102.45,47.76,80.39
AST-0008,2026-08-04 08:47:38.403936,3.39,2.2,101.67,70.87,73.02
AST-0020,2026-08-24 03:17:38.403936,4.43,2.16,102.12,63.82,97.5
AST-0003,2026-08-26 22:53:38.403936,5.38,1.76,100.34,65.48,88.39
AST-0014,2026-08-18 09:19:38.403936,6.62,2.18,99.43,54.39,69.54
AST-0017,2026-08-09 03:34:38.403936,7.96,2.93,98.11,57.74,53.77
AST-0011,2026-08-28 08:23:38.403936,3.27,2.19,102.04,71.82,84.65
AST-0001,2026-08-10 15:27:38.403936,5.29,0.94,99.19,63.42,67.65
AST-0002,2026-08-08 20:37:38.403936,5.79,2.53,101.4,67.38,60.41
AST-0013,2026-08-10 03:03:38.403936,4.63,7.85,101.13,64.7,64.4
AST-0015,2026-08-21 08:30:38.403936,6.45,1.61,104.85,53.24,53.22
AST-0020,2026-08-15 12:53:38.403936,5.62,3.32,98.49,54.07,70.0
AST-0012,2026-08-01 17:11:38.403936,8.02,3.5,100.8,40.81,66.47
AST-0008,2026-08-15 16:36:38.403936,5.04,2.19,99.6,66.59,48.04
AST-0009,2026-08-10 04:46:38.403936,7.31,3.71,102.62,65.9,53.12
AST-0018,2026-08-19 18:39:38.403936,4.47,3.81,103.04,67.04,81.63
AST-0017,2026-08-01 11:11:38.403936,5.32,2.82,103.26,70.17,80.45
AST-0014,2026-08-04 08:16:38.403936,-3.26,2.3,100.2,58.33,36.11
AST-0009,2026-08-23 23:15:38.403936,3.13,1.75,100.29,80.62,62.16
AST-0002,2026-08-02 20:35:38.403936,4.86,2.72,104.48,59.24,60.99
AST-0012,2026-08-23 12:55:38.403936,-3.66,3.41,103.99,69.75,87.19
AST-0004,2026-08-19 03:23:38.403936,4.77,2.36,103.66,69.88,51.76
AST-0007,2026-08-14 08:39:38.403936,6.0,2.33,100.64,73.93,63.4
AST-0008,2026-08-21 21:35:38.403936,5.08,3.03,99.73,68.85,89.29
AST-0003,2026-08-01 05:10:38.403936,3.07,2.86,99.64,75.21,83.21
AST-0017,2026-07-31 22:31:38.403936,3.97,4.27,103.51,72.07,76.71
AST-0013,2026-08-11 07:17:38.403936,5.98,1.7,101.69,68.83,57.8
AST-0001,2026-08-06 17:26:38.403936,5.2,3.49,100.46,64.46,50.23
AST-0017,2026-08-24 11:35:38.403936,1.82,3.12,101.25,65.48,47.24
AST-0020,2026-08-14 22:26:38.403936,4.22,3.38,101.3,65.29,68.74
AST-0018,2026-08-10 07:29:38.403936,2.65,3.0,98.79,55.6,46.11
AST-0007,2026-07-30 00:17:38.403936,4.24,2.22,101.3,55.95,83.1
AST-0015,2026-08-26 09:16:38.403936,5.75,2.36,100.34,59.21,59.42
AST-0014,2026-08-10 07:59:38.403936,2.4,1.73,103.02,68.02,94.42
AST-0017,2026-08-05 12:58:38.403936,4.05,2.21,100.48,61.81,53.12
AST-0016,2026-08-09 17:03:38.403936,4.91,2.52,100.28,77.51,99.14
AST-0014,2026-07-30 15:02:38.403936,14.25,2.95,102.82,83.56,78.69
AST-0019,2026-08-03 07:43:38.403936,3.62,2.81,102.55,55.05,59.87
AST-0002,2026-07-30 21:33:38.403936,6.15,1.04,98.8,63.24,71.37
AST-0004,2026-08-19 02:29:38.403936,2.46,2.4,103.61,65.69,81.9
AST-0019,2026-08-10 05:54:38.403936,15.61,1.85,103.0,68.69,43.66
AST-0003,2026-08-09 12:02:38.403936,3.3,3.75,99.45,74.34,56.39
AST-0009,2026-08-24 09:10:38.403936,4.5,2.74,97.1,50.37,66.55
AST-0003,2026-08-24 21:27:38.403936,-4.59,3.3,98.09,70.65,40.23
AST-0020,2026-08-13 04:12:38.403936,3.97,1.65,105.1,51.61,62.8
AST-0010,2026-08-26 11:20:38.403936,1.91,3.78,102.1,66.37,91.54
AST-0013,2026-08-28 04:33:38.403936,4.72,2.68,101.56,70.64,56.14
AST-0008,2026-08-26 08:20:38.403936,4.18,3.15,101.85,63.86,39.79
AST-0015,2026-08-28 06:08:38.403936,6.75,1.97,103.27,66.76,41.72
AST-0018,2026-08-04 05:41:38.403936,6.38,2.7,103.97,63.18,77.67
AST-0004,2026-08-12 01:55:38.403936,1.86,2.1,98.75,61.25,73.49
AST-0002,2026-08-05 12:27:38.403936,3.59,3.19,99.59,73.85,88.58
AST-0008,2026-08-20 20:05:38.403936,6.02,2.22,97.05,70.82,62.75
AST-0007,2026-08-06 16:35:38.403936,3.03,2.05,104.17,53.63,73.43
AST-0019,2026-08-22 05:15:38.403936,4.83,2.21,102.59,81.32,59.67
AST-0015,2026-08-24 15:13:38.403936,4.14,3.0,103.14,63.72,59.5
AST-0009,2026-07-30 10:19:38.403936,1.17,1.88,99.02,71.85,60.61
AST-0005,2026-08-06 06:41:38.403936,4.08,2.49,99.56,80.53,88.37
AST-0015,2026-07-30 23:03:38.403936,6.93,3.05,101.24,81.15,52.74
AST-0014,2026-08-23 08:44:38.403936,3.19,2.02,102.35,57.38,62.2
AST-0001,2026-08-01 06:18:38.403936,2.1,2.88,98.27,55.68,86.91
AST-0004,2026-08-27 11:20:38.403936,6.27,2.8,101.85,59.69,51.09
AST-0008,2026-08-23 14:25:38.403936,3.96,1.29,101.8,65.49,48.2
AST-0019,2026-08-15 13:46:38.403936,6.85,2.99,102.68,60.13,64.98
AST-0019,2026-08-22 02:36:38.403936,5.44,2.62,104.5,62.96,55.92
AST-0003,2026-08-19 04:17:38.403936,5.45,1.49,103.15,51.99,76.49
AST-0018,2026-08-18 23:46:38.403936,3.53,2.88,103.11,66.53,43.41
AST-0017,2026-08-21 16:26:38.403936,3.15,1.92,97.51,76.27,66.98
AST-0018,2026-07-31 03:40:38.403936,2.8,3.66,99.9,67.51,50.15
AST-0005,2026-08-16 22:07:38.403936,1.47,1.41,100.4,73.98,71.24
AST-0012,2026-08-06 01:51:38.403936,4.71,0.89,103.84,67.24,62.85
AST-0019,2026-08-22 12:25:38.403936,6.2,3.5,103.61,62.53,46.94
AST-0001,2026-08-18 19:18:38.403936,5.98,1.41,105.19,65.28,45.9
AST-0009,2026-08-23 07:09:38.403936,2.65,1.48,101.58,64.94,42.75
AST-0016,2026-08-23 08:14:38.403936,3.97,1.41,102.48,64.45,58.19
AST-0007,2026-08-03 00:39:38.403936,2.57,2.26,100.47,68.18,68.01
AST-0013,2026-08-16 01:39:38.403936,5.69,2.11,97.58,74.91,48.15
AST-0006,2026-08-02 22:15:38.403936,2.84,2.47,101.9,59.69,55.3
AST-0019,2026-08-22 00:21:38.403936,3.91,3.63,101.29,55.32,47.76
AST-0014,2026-08-11 01:40:38.403936,4.12,2.69,102.27,66.24,49.85
AST-0013,2026-08-24 05:38:38.403936,3.86,3.09,99.01,60.34,75.75
AST-0016,2026-08-25 02:17:38.403936,5.81,2.35,100.48,51.78,74.46
AST-0012,2026-08-27 16:19:38.403936,6.48,4.55,102.07,64.49,48.44
AST-0003,2026-08-09 04:48:38.403936,1.68,2.64,106.0,77.71,85.1
AST-0002,2026-08-25 04:53:38.403936,4.87,2.79,96.45,72.63,54.57
AST-0006,2026-08-21 06:17:38.403936,3.45,2.24,100.59,57.82,65.25
AST-0018,2026-08-20 22:48:38.403936,3.66,2.58,98.33,62.86,45.27
AST-0012,2026-08-24 04:00:38.403936,3.54,2.61,98.09,56.78,75.24
AST-0013,2026-08-03 15:11:38.403936,2.38,3.92,103.71,60.05,50.83
AST-0020,2026-08-07 00:48:38.403936,4.8,1.34,97.3,60.41,62.59
AST-0020,2026-08-17 22:51:38.403936,4.64,2.01,103.85,50.05,44.51
AST-0009,2026-08-15 21:21:38.403936,5.23,1.57,98.9,66.23,46.04
AST-0017,2026-08-26 14:34:38.403936,4.3,1.94,99.58,43.98,67.51
AST-0005,2026-08-12 23:32:38.403936,2.63,2.37,100.28,62.93,62.31
AST-0006,2026-08-24 06:53:38.403936,4.79,1.92,103.79,46.53,60.92
AST-0014,2026-08-14 22:41:38.403936,5.75,2.88,99.35,56.92,46.88
AST-0017,2026-08-11 06:55:38.403936,5.4,1.91,101.81,67.64,100.0
AST-0009,2026-08-24 21:08:38.403936,4.97,1.85,98.38,62.24,62.86
AST-0008,2026-08-23 02:15:38.403936,1.18,1.93,101.89,59.68,82.44
AST-0009,2026-08-26 17:03:38.403936,2.16,3.04,103.13,74.56,36.81
AST-0017,2026-08-16 17:58:38.403936,4.97,1.96,98.49,60.86,48.71
AST-0001,2026-08-19 00:33:38.403936,5.88,2.91,99.0,57.76,58.15
AST-0003,2026-08-27 03:03:38.403936,4.39,3.31,102.68,65.51,60.31
AST-0008,2026-08-08 12:33:38.403936,1.84,3.53,100.41,80.55,68.53
AST-0006,2026-08-15 01:04:38.403936,7.54,2.99,98.44,58.86,61.96
AST-0007,2026-08-08 01:45:38.403936,3.19,2.2,98.57,65.06,69.27
AST-0011,2026-08-20 09:15:38.403936,2.99,4.05,101.43,56.83,35.67
AST-0009,2026-08-07 06:06:38.403936,4.59,2.29,102.87,63.57,43.51
AST-0011,2026-08-13 09:10:38.403936,7.01,2.85,100.79,66.65,73.53
AST-0009,2026-07-30 18:16:38.403936,2.36,2.63,100.4,70.07,51.68
AST-0020,2026-08-12 12:16:38.403936,3.59,3.83,103.76,32.04,85.82
AST-0007,2026-08-03 04:39:38.403936,4.39,1.93,99.29,55.51,52.76
AST-0014,2026-08-11 22:08:38.403936,2.81,1.42,99.22,68.23,65.9
AST-0016,2026-08-17 01:28:38.403936,5.33,2.45,98.69,69.94,46.92
AST-0009,2026-08-01 17:40:38.403936,5.47,1.57,99.93,61.39,77.14
AST-0002,2026-08-25 19:43:38.403936,4.76,2.52,105.07,46.63,46.31
AST-0001,2026-08-23 15:27:38.403936,2.88,1.08,99.86,71.88,54.35
AST-0004,2026-08-16 23:59:38.403936,4.0,1.12,99.71,60.38,76.56
AST-0017,2026-08-11 02:51:38.403936,1.99,2.14,103.47,60.55,26.92
AST-0020,2026-08-03 12:33:38.403936,6.42,3.09,103.04,47.56,92.22
AST-0009,2026-08-07 04:04:38.403936,3.34,2.09,99.89,74.47,61.76
AST-0020,2026-08-23 14:36:38.403936,5.22,2.56,101.11,55.53,97.62
AST-0020,2026-08-10 02:15:38.403936,2.3,2.83,102.05,76.54,89.99
AST-0013,2026-08-23 18:34:38.403936,4.29,2.92,104.83,64.35,45.8
AST-0003,2026-08-24 13:52:38.403936,3.92,1.46,102.04,75.64,62.82
AST-0011,2026-08-13 15:50:38.403936,2.07,3.32,97.75,49.54,61.79
AST-0020,2026-08-01 00:09:38.403936,4.88,2.84,101.17,82.6,66.17
AST-0016,2026-08-06 23:33:38.403936,6.05,3.13,98.71,63.3,100.0
AST-0002,2026-08-15 04:58:38.403936,3.74,1.96,101.64,60.31,50.71
AST-0014,2026-08-14 17:59:38.403936,3.78,3.65,101.03,51.72,37.79
AST-0018,2026-08-01 13:53:38.403936,7.81,2.32,102.17,57.29,70.78
AST-0014,2026-08-16 17:38:38.403936,6.69,1.98,102.22,50.94,100.0
AST-0009,2026-08-28 05:41:38.403936,4.9,2.17,100.7,59.9,56.74
AST-0016,2026-08-13 16:12:38.403936,0.83,2.42,101.02,69.89,55.58
AST-0019,2026-07-30 02:42:38.403936,3.34,2.49,98.08,66.43,31.49
AST-0019,2026-08-12 11:14:38.403936,6.18,3.05,99.45,71.61,67.01
AST-0013,2026-08-10 03:37:38.403936,2.99,0.88,101.93,57.06,84.71
AST-0018,2026-08-15 19:57:38.403936,4.52,1.94,104.9,70.76,5.0
AST-0002,2026-08-26 16:18:38.403936,3.77,1.39,99.7,63.55,71.37
AST-0001,2026-08-13 15:21:38.403936,4.89,3.36,102.57,70.75,68.63
AST-0016,2026-08-12 21:43:38.403936,6.43,2.25,100.72,45.94,84.01
AST-0019,2026-08-18 22:17:38.403936,4.38,4.85,100.49,65.89,74.84
AST-0011,2026-08-19 06:30:38.403936,2.85,2.79,101.37,61.96,86.11
AST-0020,2026-08-08 19:24:38.403936,3.14,2.72,104.21,57.93,59.66
AST-0012,2026-07-31 01:52:38.403936,8.02,2.88,100.29,73.03,54.77
AST-0005,2026-08-10 12:13:38.403936,2.15,3.6,99.09,89.52,56.19
AST-0010,2026-08-27 14:18:38.403936,7.7,1.41,103.35,70.0,80.08
AST-0020,2026-08-01 05:30:38.403936,5.95,2.1,98.68,64.49,69.01
AST-0001,2026-08-26 10:40:38.403936,3.79,2.72,101.96,55.9,72.11
AST-0006,2026-08-18 03:04:38.403936,4.1,1.94,102.87,57.23,56.78
AST-0015,2026-08-05 16:30:38.403936,4.61,3.6,101.69,70.28,59.64
AST-0016,2026-08-18 06:00:38.403936,4.38,2.46,101.89,62.04,89.12
AST-0020,2026-08-12 21:35:38.403936,3.94,1.13,106.79,61.73,88.64
AST-0006,2026-08-01 19:51:38.403936,6.61,3.26,100.9,67.87,42.06
AST-0012,2026-08-11 13:10:38.403936,7.49,1.82,100.79,65.99,63.07
AST-0017,2026-08-21 16:07:38.403936,3.51,3.62,103.2,68.22,57.81
AST-0018,2026-08-27 20:43:38.403936,6.1,2.13,104.44,66.11,87.14
AST-0013,2026-07-30 10:42:38.403936,4.33,2.56,103.75,86.94,93.09
AST-0005,2026-08-20 15:54:38.403936,5.82,2.97,100.29,67.95,48.57
AST-0020,2026-08-07 16:16:38.403936,5.06,2.85,97.38,65.39,72.47
AST-0001,2026-08-15 01:44:38.403936,4.37,2.79,98.62,57.24,83.63
AST-0014,2026-08-11 04:43:38.403936,4.5,2.77,100.21,65.19,23.56
AST-0014,2026-08-10 17:42:38.403936,5.77,3.95,99.17,55.6,72.94
AST-0006,2026-08-02 05:28:38.403936,6.71,2.5,98.84,62.91,46.46
AST-0016,2026-08-01 04:43:38.403936,3.5,2.26,99.44,57.22,66.34
AST-0019,2026-08-14 08:02:38.403936,4.82,1.36,102.09,61.18,77.96
AST-0015,2026-08-16 07:47:38.403936,5.67,2.06,102.53,56.63,88.83
AST-0006,2026-08-23 23:32:38.403936,3.3,2.78,100.92,54.83,81.22
AST-0006,2026-08-15 12:48:38.403936,3.58,1.14,95.54,56.25,89.77
AST-0008,2026-08-12 20:39:38.403936,6.39,1.93,100.55,60.35,41.0
AST-0009,2026-08-21 16:13:38.403936,3.08,3.28,102.31,67.73,40.97
AST-0012,2026-07-31 21:48:38.403936,12.65,0.66,102.99,67.59,40.79
AST-0005,2026-08-11 17:50:38.403936,6.92,1.06,102.36,70.55,42.69
AST-0005,2026-08-07 17:17:38.403936,4.44,1.19,95.61,54.32,53.9
AST-0015,2026-08-07 13:43:38.403936,5.47,2.55,101.49,54.86,55.46
AST-0016,2026-08-11 18:07:38.403936,3.11,1.52,100.11,65.75,54.69
AST-0015,2026-08-27 00:23:38.403936,4.01,3.06,100.3,51.66,75.14
AST-0007,2026-08-18 17:09:38.403936,4.9,2.76,102.55,69.57,65.52
AST-0006,2026-08-09 19:37:38.403936,8.09,1.47,100.13,74.67,67.57
AST-0018,2026-08-21 00:44:38.403936,5.64,2.64,104.05,54.92,89.16
AST-0003,2026-08-23 06:56:38.403936,6.26,1.53,102.56,64.57,54.08
AST-0003,2026-08-20 08:51:38.403936,1.67,6.86,102.72,73.14,61.21
AST-0002,2026-08-26 09:02:38.403936,5.73,3.26,101.61,57.78,72.94
AST-0002,2026-08-10 08:46:38.403936,5.23,3.04,103.03,51.38,55.82
AST-0008,2026-08-16 08:36:38.403936,1.65,3.1,100.88,69.31,38.44
AST-0005,2026-08-13 13:18:38.403936,6.6,1.54,102.85,66.18,61.59
AST-0008,2026-08-10 21:41:38.403936,4.09,1.99,103.89,65.13,42.15
AST-0004,2026-08-12 16:05:38.403936,15.92,2.6,103.1,58.95,55.32
AST-0015,2026-08-22 04:30:38.403936,4.54,3.2,98.56,70.05,56.65
AST-0003,2026-08-20 08:14:38.403936,4.01,4.1,100.91,72.55,77.94
AST-0009,2026-08-18 02:30:38.403936,2.73,1.02,102.94,54.16,35.04
AST-0009,2026-08-10 08:10:38.403936,6.04,1.68,99.75,84.74,35.12
AST-0007,2026-08-10 16:22:38.403936,2.62,2.13,100.82,56.06,44.14
AST-0016,2026-08-23 02:46:38.403936,6.76,2.71,102.47,63.63,70.21
AST-0018,2026-08-26 04:41:38.403936,5.9,1.7,101.83,71.96,92.81
AST-0011,2026-08-03 15:21:38.403936,19.42,2.56,103.58,38.3,92.94
AST-0018,2026-08-09 17:28:38.403936,3.41,2.31,102.18,63.47,68.54
AST-0009,2026-08-19 12:55:38.403936,6.88,2.19,99.13,83.13,74.48
AST-0019,2026-08-23 06:54:38.403936,7.38,3.19,98.65,71.45,47.29
AST-0017,2026-08-25 03:02:38.403936,4.51,2.44,98.06,56.87,100.0
AST-0020,2026-08-05 19:37:38.403936,4.86,2.36,104.93,61.04,63.35
AST-0016,2026-08-01 12:51:38.403936,5.99,2.18,99.81,42.46,48.14
AST-0004,2026-08-25 02:29:38.403936,3.08,2.63,100.08,86.58,45.96
AST-0009,2026-08-11 05:51:38.403936,6.6,2.68,102.91,72.46,25.07
AST-0020,2026-08-15 21:55:38.403936,4.48,2.29,99.03,69.6,95.9
AST-0009,2026-08-23 08:37:38.403936,0.49,2.07,98.81,65.72,59.14
AST-0018,2026-08-06 17:29:38.403936,3.59,3.05,104.57,91.61,51.69
AST-0017,2026-08-28 06:52:38.403936,1.77,2.95,104.52,73.14,93.91
AST-0005,2026-08-09 11:30:38.403936,4.16,2.01,101.53,61.69,76.94
AST-0016,2026-08-03 21:26:38.403936,5.95,3.34,102.32,67.46,79.3
AST-0019,2026-07-31 03:10:38.403936,1.56,2.67,101.4,67.13,63.42
AST-0017,2026-08-08 07:47:38.403936,5.15,2.04,103.56,69.74,67.71
AST-0007,2026-08-01 00:14:38.403936,3.45,3.15,101.71,57.45,63.98
AST-0004,2026-08-06 09:34:38.403936,5.44,2.94,102.27,65.93,83.46
AST-0001,2026-07-30 10:35:38.403936,6.36,3.09,100.13,54.42,55.21
AST-0015,2026-07-30 12:05:38.403936,7.43,2.73,105.55,63.8,60.34
AST-0001,2026-08-18 12:19:38.403936,4.39,2.43,99.75,53.51,74.02
AST-0018,2026-08-21 21:06:38.403936,6.08,4.46,100.43,61.47,51.12
AST-0018,2026-08-20 15:31:38.403936,6.19,3.15,99.55,55.98,82.15
AST-0013,2026-08-02 13:38:38.403936,5.07,3.11,99.53,46.22,49.25
AST-0008,2026-08-02 23:49:38.403936,5.53,4.19,100.44,87.76,79.94
AST-0008,2026-08-23 22:22:38.403936,2.41,2.67,103.03,40.75,76.6
AST-0002,2026-08-27 22:37:38.403936,6.26,2.82,101.18,63.27,60.84
AST-0018,2026-08-20 17:25:38.403936,2.74,1.95,100.47,66.13,54.98
AST-0014,2026-08-27 23:01:38.403936,3.2,3.11,102.04,59.61,74.11
AST-0004,2026-08-25 13:20:38.403936,3.82,2.55,103.25,58.96,43.9
AST-0001,2026-07-31 08:24:38.403936,16.28,1.41,100.75,62.19,20.65
AST-0006,2026-08-19 13:31:38.403936,5.3,2.35,103.66,67.16,78.24
AST-0011,2026-07-29 22:08:38.403936,6.29,2.39,101.3,49.26,87.31
AST-0011,2026-08-25 12:55:38.403936,4.28,1.7,102.78,43.2,57.27
AST-0014,2026-07-30 15:39:38.403936,5.86,2.15,99.86,60.84,28.82
AST-0001,2026-08-16 12:13:38.403936,5.57,2.4,100.76,62.31,65.25
AST-0003,2026-08-28 05:20:38.403936,5.48,2.46,98.58,70.76,73.97
AST-0008,2026-08-02 20:56:38.403936,4.81,3.36,101.36,76.11,90.33
AST-0004,2026-08-11 14:32:38.403936,13.37,1.9,101.04,77.39,38.04
AST-0019,2026-08-16 21:56:38.403936,3.91,2.23,99.57,73.73,71.78
AST-0017,2026-08-10 23:59:38.403936,3.43,2.98,100.98,56.1,52.17
AST-0014,2026-08-26 18:15:38.403936,17.15,3.25,100.33,70.44,93.47
AST-0005,2026-08-17 20:43:38.403936,2.61,2.78,102.96,64.05,87.29
AST-0020,2026-08-15 23:06:38.403936,7.8,2.77,100.83,74.77,80.16
AST-0001,2026-08-17 04:57:38.403936,0.72,2.5,100.51,68.97,61.51
AST-0018,2026-08-22 18:59:38.403936,4.37,1.81,102.77,81.55,49.74
AST-0016,2026-08-22 10:20:38.403936,2.4,2.52,101.24,76.71,42.87
AST-0016,2026-08-22 20:16:38.403936,3.69,0.78,104.05,67.51,56.66
AST-0019,2026-08-26 17:22:38.403936,2.52,1.52,102.13,53.93,66.87
AST-0003,2026-08-18 06:37:38.403936,7.56,2.22,99.38,68.82,42.94
AST-0020,2026-08-24 16:11:38.403936,7.08,3.62,100.97,56.03,57.34
AST-0005,2026-08-09 12:54:38.403936,4.06,2.81,103.38,54.63,83.2
AST-0012,2026-08-18 09:45:38.403936,5.43,2.09,99.13,66.16,45.93
AST-0019,2026-08-19 10:48:38.403936,6.04,1.6,102.4,64.19,54.91
AST-0001,2026-08-24 04:58:38.403936,4.35,3.36,98.92,60.88,51.47
AST-0001,2026-08-12 12:58:38.403936,4.44,1.95,97.76,54.45,94.48
AST-0003,2026-08-24 18:41:38.403936,4.87,2.67,100.73,64.48,57.26
AST-0004,2026-08-19 17:50:38.403936,5.29,2.58,98.96,67.54,20.74
AST-0003,2026-08-19 17:22:38.403936,5.12,1.37,101.11,53.05,65.05
AST-0006,2026-08-05 01:00:38.403936,5.37,3.7,98.22,74.75,67.36
AST-0018,2026-08-02 03:49:38.403936,3.82,3.11,100.83,72.18,47.14
AST-0019,2026-08-05 08:19:38.403936,3.55,3.25,104.27,64.65,14.83
AST-0006,2026-08-17 02:17:38.403936,4.2,2.53,100.83,68.36,56.42
AST-0011,2026-08-06 04:02:38.403936,5.76,1.57,103.77,80.5,48.56
AST-0009,2026-08-22 01:48:38.403936,3.13,2.83,98.93,60.07,84.85
AST-0018,2026-08-15 10:34:38.403936,5.61,4.08,101.64,58.89,65.92
AST-0002,2026-08-14 12:54:38.403936,4.27,2.39,101.25,55.68,70.08
AST-0001,2026-08-13 06:42:38.403936,2.39,1.93,101.06,42.4,78.84
AST-0012,2026-08-25 01:37:38.403936,1.42,3.04,98.71,60.95,74.34
AST-0001,2026-08-21 09:06:38.403936,7.8,2.59,97.33,74.54,60.83
AST-0011,2026-08-01 00:41:38.403936,4.6,2.95,96.85,65.07,57.63
AST-0006,2026-08-17 10:09:38.403936,6.33,3.08,98.05,77.63,73.09
AST-0016,2026-08-08 09:04:38.403936,2.18,2.54,103.37,52.86,89.8
AST-0020,2026-08-06 20:19:38.403936,2.23,1.87,99.41,78.77,56.16
AST-0009,2026-08-13 16:41:38.403936,2.76,2.86,102.62,71.68,60.12
AST-0017,2026-07-29 23:50:38.403936,4.88,1.98,104.65,76.44,84.49
AST-0015,2026-08-07 01:56:38.403936,5.69,2.92,98.81,71.33,67.06
AST-0003,2026-08-09 16:51:38.403936,6.4,3.15,102.4,48.16,63.4
AST-0012,2026-07-30 01:08:38.403936,3.85,2.6,98.26,56.68,76.81
AST-0002,2026-08-24 08:40:38.403936,2.65,3.5,103.25,62.32,100.0
AST-0001,2026-08-02 22:13:38.403936,6.36,1.74,102.79,65.66,51.02
AST-0004,2026-08-26 13:03:38.403936,2.9,3.3,100.1,63.98,48.42
AST-0003,2026-08-28 15:52:38.403936,3.38,2.4,102.08,39.12,65.3
AST-0015,2026-07-31 17:57:38.403936,3.38,3.62,107.19,61.41,34.0
AST-0002,2026-08-01 04:28:38.403936,4.68,2.34,105.24,81.67,80.58
AST-0019,2026-07-31 06:10:38.403936,3.62,3.04,101.83,67.41,36.95
AST-0003,2026-08-13 01:11:38.403936,6.09,7.52,101.1,59.0,50.71
AST-0011,2026-08-21 17:00:38.403936,4.98,1.1,102.88,54.46,27.94
AST-0019,2026-08-12 02:23:38.403936,7.23,1.81,99.86,76.35,98.38
AST-0019,2026-08-22 12:22:38.403936,2.2,1.74,99.53,74.35,94.5
AST-0005,2026-08-08 11:20:38.403936,2.88,3.63,99.88,68.36,42.11
AST-0004,2026-08-25 20:24:38.403936,4.32,2.41,100.67,68.85,46.87
AST-0020,2026-08-17 13:52:38.403936,3.17,2.85,103.98,64.77,74.07
AST-0007,2026-08-22 04:28:38.403936,5.64,3.16,99.39,57.23,52.58
AST-0003,2026-08-12 21:51:38.403936,7.39,2.91,102.23,68.66,41.23
AST-0012,2026-07-31 09:06:38.403936,7.41,2.88,102.75,47.34,79.03
AST-0006,2026-08-24 07:36:38.403936,3.97,1.44,99.39,52.35,41.93
AST-0012,2026-08-01 21:22:38.403936,4.59,2.19,101.97,81.76,62.67
AST-0008,2026-08-18 16:33:38.403936,1.13,2.31,103.69,64.14,92.53
AST-0017,2026-08-14 02:50:38.403936,5.18,1.03,101.52,67.97,84.45
AST-0018,2026-08-01 12:22:38.403936,7.23,3.23,102.18,71.76,61.98
AST-0019,2026-08-18 13:54:38.403936,10.31,2.53,102.03,52.96,88.88
AST-0009,2026-08-23 16:49:38.403936,6.01,1.4,104.03,61.92,50.99
AST-0018,2026-08-12 09:31:38.403936,6.12,2.46,105.1,56.47,33.83
AST-0008,2026-08-12 13:58:38.403936,4.08,3.13,99.45,51.7,69.12
AST-0010,2026-08-16 04:14:38.403936,2.3,2.75,100.62,69.94,40.09
AST-0011,2026-08-17 05:39:38.403936,6.45,2.35,102.83,74.6,44.17
AST-0009,2026-08-13 23:07:38.403936,5.82,1.36,98.56,84.64,85.01
AST-0011,2026-08-01 01:03:38.403936,7.61,2.2,101.5,70.27,64.78
AST-0006,2026-08-14 19:16:38.403936,3.38,1.78,101.73,54.33,45.29
AST-0001,2026-08-08 03:18:38.403936,5.09,2.42,103.17,60.75,54.54
AST-0011,2026-08-25 19:11:38.403936,13.14,1.85,99.98,58.82,61.23
AST-0010,2026-08-03 15:20:38.403936,7.16,1.4,103.89,72.38,93.21
AST-0008,2026-07-31 00:24:38.403936,9.21,3.65,103.15,51.88,43.65
AST-0015,2026-08-03 07:14:38.403936,5.04,1.14,102.53,43.65,85.74
AST-0001,2026-08-21 20:39:38.403936,4.02,2.6,99.8,46.01,87.22
AST-0015,2026-08-05 05:46:38.403936,6.5,2.22,102.62,61.09,70.19
AST-0006,2026-08-16 11:16:38.403936,5.64,2.94,103.98,70.19,65.51
AST-0008,2026-08-27 14:38:38.403936,15.36,2.12,102.92,49.98,84.9
AST-0003,2026-08-13 02:31:38.403936,4.08,1.85,99.1,71.74,64.74
AST-0005,2026-08-06 19:47:38.403936,6.88,1.49,100.14,64.08,51.47
AST-0019,2026-08-07 01:22:38.403936,4.51,2.76,102.27,80.06,41.54
AST-0006,2026-08-15 00:37:38.403936,5.01,1.98,102.16,69.31,47.24
AST-0002,2026-08-17 18:32:38.403936,3.15,2.91,101.35,62.8,76.84
AST-0006,2026-08-02 08:32:38.403936,5.6,2.08,99.6,52.38,65.6
AST-0019,2026-08-14 13:21:38.403936,2.37,2.58,103.73,61.47,55.35
AST-0016,2026-07-31 05:15:38.403936,4.81,3.95,101.47,67.37,77.4
AST-0005,2026-08-03 07:25:38.403936,6.28,3.25,102.38,49.41,56.21
AST-0012,2026-08-19 20:47:38.403936,5.73,2.7,102.95,83.87,43.81
AST-0008,2026-08-25 14:37:38.403936,6.21,2.24,103.17,64.59,100.0
AST-0010,2026-08-01 18:08:38.403936,4.7,1.99,102.14,68.24,85.49
AST-0001,2026-08-27 01:45:38.403936,5.17,4.48,101.08,64.0,54.13
AST-0001,2026-08-08 00:20:38.403936,4.63,2.68,101.86,65.67,54.02
AST-0007,2026-08-11 09:20:38.403936,3.18,2.2,103.58,78.57,63.61
AST-0010,2026-08-18 06:15:38.403936,3.09,2.44,105.48,74.99,74.91
AST-0020,2026-08-01 16:40:38.403936,5.94,3.73,98.99,61.08,55.48
AST-0011,2026-08-03 00:45:38.403936,5.38,2.63,102.81,59.93,89.7
AST-0018,2026-08-26 18:28:38.403936,4.4,3.06,103.69,76.15,71.49
AST-0012,2026-08-15 02:37:38.403936,5.73,3.89,102.33,57.7,75.49
AST-0013,2026-08-24 13:43:38.403936,4.44,0.62,102.22,66.17,85.82
AST-0019,2026-08-01 23:29:38.403936,11.37,1.3,101.64,68.8,66.69
AST-0014,2026-08-25 01:13:38.403936,-3.47,1.65,101.02,61.52,84.31
AST-0015,2026-08-23 16:19:38.403936,5.07,2.28,104.75,62.31,75.04
AST-0008,2026-08-20 11:52:38.403936,4.25,3.8,101.47,66.16,62.48
AST-0005,2026-08-20 13:29:38.403936,4.79,3.46,102.99,65.28,95.62
AST-0010,2026-08-08 16:13:38.403936,5.81,2.15,98.54,60.85,72.44
AST-0012,2026-08-12 17:22:38.403936,5.4,3.59,99.11,60.61,43.8
AST-0013,2026-08-09 00:06:38.403936,10.49,2.0,102.03,72.71,47.93
AST-0012,2026-08-05 21:59:38.403936,3.29,4.72,101.73,57.68,94.93
AST-0013,2026-07-30 06:23:38.403936,5.11,2.36,100.02,50.05,40.38
AST-0006,2026-08-13 00:18:38.403936,3.57,1.94,99.3,68.77,74.26
AST-0006,2026-08-11 18:33:38.403936,3.81,4.05,97.81,65.58,61.07
AST-0019,2026-08-25 06:08:38.403936,3.67,1.94,101.29,62.74,57.95
AST-0011,2026-08-05 13:33:38.403936,2.55,1.21,100.72,60.98,61.45
AST-0002,2026-08-03 02:21:38.403936,4.34,2.08,100.88,56.46,92.43
AST-0002,2026-08-24 18:20:38.403936,11.3,2.2,99.85,57.59,65.44
AST-0018,2026-08-14 23:20:38.403936,4.35,2.13,100.73,57.8,72.23
AST-0008,2026-08-24 01:22:38.403936,7.58,1.8,102.09,65.45,77.04
AST-0003,2026-07-30 09:32:38.403936,5.55,2.66,101.22,60.66,51.23
AST-0005,2026-08-16 05:46:38.403936,4.35,1.47,100.11,76.07,66.77
AST-0011,2026-08-26 19:26:38.403936,5.84,3.68,100.95,67.07,59.57
AST-0019,2026-08-19 12:58:38.403936,3.28,1.74,102.99,67.09,98.24
AST-0011,2026-08-24 02:08:38.403936,5.96,1.92,102.98,61.95,86.9
AST-0019,2026-08-24 12:05:38.403936,3.77,1.66,99.71,57.55,49.88
AST-0013,2026-08-25 18:40:38.403936,3.64,3.19,104.89,51.7,87.74
AST-0014,2026-07-31 21:01:38.403936,3.78,2.78,97.99,70.24,28.9
AST-0005,2026-08-06 22:01:38.403936,4.97,2.71,101.68,57.65,74.89
AST-0003,2026-08-19 14:06:38.403936,5.09,2.33,102.64,64.04,74.52
AST-0001,2026-08-10 09:45:38.403936,4.31,2.67,102.45,61.02,42.79
AST-0004,2026-08-25 21:07:38.403936,4.91,3.45,101.9,68.18,64.24
AST-0008,2026-08-02 21:31:38.403936,5.61,2.35,100.39,76.05,55.45
AST-0006,2026-08-23 19:51:38.403936,-2.17,3.38,102.43,52.51,65.49
AST-0006,2026-08-03 06:25:38.403936,4.2,2.1,101.59,72.69,56.75
AST-0004,2026-08-01 20:04:38.403936,4.24,2.31,103.63,62.43,42.78
AST-0001,2026-08-22 12:45:38.403936,2.14,2.79,99.78,71.69,41.04
AST-0004,2026-08-15 10:07:38.403936,3.69,1.44,102.17,71.49,71.1
AST-0011,2026-08-21 15:52:38.403936,2.87,1.9,101.77,48.12,60.66
AST-0011,2026-08-23 19:19:38.403936,6.78,2.36,98.32,58.93,53.65
AST-0016,2026-08-24 15:47:38.403936,7.71,3.83,102.76,61.57,86.61
AST-0018,2026-08-06 09:14:38.403936,2.8,3.36,103.16,63.49,85.51
AST-0011,2026-08-22 06:45:38.403936,3.83,1.49,103.26,64.15,75.83
AST-0020,2026-08-09 12:27:38.403936,7.23,1.92,101.01,80.7,77.04
AST-0020,2026-08-08 14:11:38.403936,3.45,1.74,100.24,57.62,69.27
AST-0006,2026-08-05 19:09:38.403936,4.62,2.72,99.62,64.29,28.0
AST-0010,2026-08-21 22:21:38.403936,4.72,3.44,98.45,69.83,54.0
AST-0005,2026-08-01 04:39:38.403936,5.7,2.63,102.11,65.65,88.91
AST-0001,2026-08-06 09:57:38.403936,5.02,1.94,101.5,61.31,67.92
AST-0010,2026-08-01 05:16:38.403936,3.87,1.96,101.7,65.56,84.15
AST-0008,2026-08-23 04:29:38.403936,3.88,0.92,100.57,48.74,72.48
AST-0009,2026-08-04 22:04:38.403936,1.99,1.71,100.58,80.44,45.69
AST-0009,2026-08-02 19:10:38.403936,4.52,2.96,104.27,72.78,84.69
AST-0017,2026-08-28 13:34:38.403936,5.8,1.53,102.02,73.49,47.78
AST-0012,2026-08-03 18:08:38.403936,3.63,1.86,102.85,64.31,59.22
AST-0001,2026-08-25 00:51:38.403936,2.58,2.45,100.16,67.43,44.43
AST-0005,2026-08-04 12:31:38.403936,4.77,2.15,98.8,51.73,43.81
AST-0009,2026-07-31 09:45:38.403936,4.19,2.6,101.84,68.08,51.35
AST-0015,2026-08-05 13:21:38.403936,6.09,2.15,102.2,63.36,71.76
AST-0004,2026-08-21 10:17:38.403936,4.18,2.81,101.29,73.14,50.26
AST-0005,2026-08-09 20:30:38.403936,1.85,1.72,103.44,63.45,66.66
AST-0002,2026-08-21 16:05:38.403936,2.92,2.55,99.25,56.24,57.76
AST-0002,2026-08-17 07:02:38.403936,5.17,2.94,102.46,49.12,64.88
AST-0015,2026-08-14 10:31:38.403936,4.2,1.27,101.33,62.5,74.21
AST-0019,2026-08-19 13:23:38.403936,4.62,2.06,103.15,42.79,63.84
AST-0003,2026-08-03 03:07:38.403936,1.86,1.77,102.35,52.26,39.37
AST-0003,2026-07-30 19:20:38.403936,8.07,1.41,104.6,63.28,55.55
AST-0003,2026-08-17 16:23:38.403936,5.35,3.57,99.01,59.9,80.24
AST-0002,2026-08-20 03:19:38.403936,4.93,3.38,102.33,83.08,68.21
AST-0007,2026-08-06 00:07:38.403936,4.83,2.76,101.02,73.48,69.27
AST-0006,2026-08-11 07:40:38.403936,3.67,3.17,104.15,45.6,54.78
AST-0007,2026-08-05 15:04:38.403936,4.54,1.8,99.65,69.75,93.46
AST-0013,2026-08-04 03:46:38.403936,1.45,5.59,102.23,72.8,70.74
AST-0014,2026-08-24 02:54:38.403936,7.14,2.52,103.92,58.54,66.04
AST-0002,2026-08-16 15:51:38.403936,2.68,3.22,101.06,68.58,59.36
AST-0005,2026-08-16 04:50:38.403936,5.38,2.82,99.31,55.63,64.5
AST-0012,2026-08-02 14:11:38.403936,5.49,3.99,101.91,75.08,35.97
AST-0009,2026-08-15 05:21:38.403936,7.52,2.98,101.2,63.35,45.07
AST-0014,2026-08-12 10:32:38.403936,3.27,4.03,99.32,54.92,52.36
AST-0020,2026-08-16 13:57:38.403936,2.7,2.51,103.48,58.9,40.28
AST-0012,2026-08-07 08:16:38.403936,4.94,2.46,103.31,60.45,60.32
AST-0006,2026-07-30 03:38:38.403936,4.28,2.57,100.51,59.45,31.69
AST-0013,2026-08-19 09:47:38.403936,3.65,3.07,103.0,60.29,88.39
AST-0003,2026-08-04 21:26:38.403936,4.46,1.43,98.0,77.18,58.29
AST-0014,2026-08-12 05:06:38.403936,2.68,0.69,100.51,69.05,52.44
AST-0018,2026-08-05 00:26:38.403936,2.92,2.06,103.79,51.07,53.45
AST-0017,2026-08-13 08:27:38.403936,6.32,2.9,101.66,58.52,65.55
AST-0018,2026-08-22 02:54:38.403936,3.69,1.81,99.14,72.84,63.91
AST-0020,2026-08-21 04:47:38.403936,4.97,2.62,102.18,62.45,56.33
AST-0005,2026-08-03 05:27:38.403936,3.28,1.37,99.06,61.35,36.15
AST-0003,2026-08-27 20:47:38.403936,2.43,3.33,101.75,60.48,100.0
AST-0009,2026-08-28 17:02:38.403936,2.03,3.28,101.08,72.85,66.96
AST-0008,2026-08-08 19:16:38.403936,1.69,2.58,101.97,43.08,99.99
AST-0010,2026-08-04 20:39:38.403936,4.97,3.04,98.97,71.91,84.61
AST-0012,2026-08-19 17:46:38.403936,4.88,2.49,99.51,62.84,55.78
AST-0008,2026-08-01 09:14:38.403936,5.36,1.82,102.43,56.61,60.28
AST-0002,2026-08-10 15:06:38.403936,5.42,1.94,102.6,70.53,60.12
AST-0012,2026-08-09 17:25:38.403936,6.24,2.56,103.5,82.93,60.66
AST-0009,2026-08-22 20:07:38.403936,5.47,8.91,99.23,63.05,40.47
AST-0013,2026-08-15 14:13:38.403936,3.09,2.97,100.27,72.11,70.39
AST-0015,2026-08-24 10:02:38.403936,7.28,2.92,103.53,69.02,70.61
AST-0009,2026-08-17 00:43:38.403936,6.25,3.04,101.72,67.06,74.69
AST-0008,2026-08-27 16:42:38.403936,3.49,1.93,104.15,83.64,48.28
AST-0009,2026-08-18 15:11:38.403936,3.5,3.41,102.37,71.76,81.14
AST-0017,2026-08-16 15:36:38.403936,4.14,2.76,101.8,56.42,70.67
AST-0007,2026-08-16 03:53:38.403936,6.36,2.23,101.61,67.07,59.88
AST-0010,2026-08-11 12:32:38.403936,5.52,1.96,103.97,71.26,48.14
AST-0019,2026-08-15 14:23:38.403936,19.05,2.63,99.85,76.05,73.9
AST-0010,2026-08-13 20:59:38.403936,1.84,2.08,101.86,43.4,66.53
AST-0013,2026-08-21 21:14:38.403936,4.74,1.55,101.84,65.07,43.56
AST-0012,2026-08-25 21:14:38.403936,5.88,3.17,100.72,63.01,78.07
AST-0015,2026-08-24 23:09:38.403936,4.2,0.96,102.27,56.87,57.98
AST-0001,2026-08-07 00:48:38.403936,6.69,2.39,101.3,70.1,74.1
AST-0008,2026-08-19 09:19:38.403936,3.12,2.45,101.37,67.72,70.21
AST-0004,2026-08-15 12:12:38.403936,8.38,1.56,103.26,76.83,73.87
AST-0010,2026-08-10 20:31:38.403936,3.52,3.83,96.92,58.17,86.09
AST-0018,2026-08-01 03:48:38.403936,3.94,3.78,98.28,53.88,55.43
AST-0006,2026-08-25 07:40:38.403936,5.13,2.32,100.32,79.2,92.24
AST-0011,2026-08-17 16:06:38.403936,3.88,1.13,96.99,67.39,76.81
AST-0015,2026-08-12 19:46:38.403936,4.59,2.44,99.69,71.55,95.21
AST-0015,2026-08-24 13:09:38.403936,1.17,2.44,99.36,50.1,44.66
AST-0001,2026-08-09 01:10:38.403936,5.07,2.82,104.22,65.09,33.35
AST-0004,2026-07-31 03:04:38.403936,4.14,1.39,98.89,70.81,68.5
AST-0006,2026-08-21 07:44:38.403936,5.38,2.21,102.88,60.87,85.1
AST-0018,2026-08-05 05:30:38.403936,5.02,2.33,101.72,64.82,93.73
AST-0009,2026-08-19 02:09:38.403936,4.87,2.5,100.82,73.43,77.74
AST-0009,2026-08-13 06:01:38.403936,4.09,1.58,99.5,63.16,89.28
AST-0015,2026-08-06 18:47:38.403936,4.12,2.02,97.78,80.14,75.24
AST-0016,2026-08-10 14:02:38.403936,5.69,3.27,100.97,65.85,91.79
AST-0006,2026-07-31 23:24:38.403936,4.77,2.97,103.04,71.43,62.69
AST-0017,2026-08-28 06:13:38.403936,4.45,3.12,102.85,76.68,74.92
AST-0005,2026-08-17 11:09:38.403936,5.39,2.14,100.14,72.81,54.66
AST-0005,2026-08-08 21:24:38.403936,4.47,3.6,103.74,68.02,59.67
AST-0014,2026-08-25 00:53:38.403936,4.31,3.19,101.23,59.42,86.88
AST-0002,2026-08-07 07:59:38.403936,4.77,6.15,102.26,74.71,46.86
AST-0012,2026-08-28 03:35:38.403936,4.2,2.3,102.2,71.32,55.07
AST-0003,2026-08-05 16:53:38.403936,2.26,3.33,99.06,67.71,62.62
AST-0017,2026-07-30 21:10:38.403936,4.74,3.82,107.38,48.67,82.71
AST-0005,2026-08-28 17:20:38.403936,4.27,3.34,103.21,79.1,70.13
AST-0005,2026-08-20 18:48:38.403936,3.17,3.24,101.54,62.66,56.43
AST-0007,2026-08-01 18:05:38.403936,6.01,3.78,98.91,71.22,58.3
AST-0008,2026-08-04 05:17:38.403936,2.3,2.62,99.63,49.22,50.93
AST-0007,2026-08-24 20:54:38.403936,2.96,1.98,98.65,61.05,52.16
AST-0003,2026-08-16 21:02:38.403936,5.06,2.97,101.82,62.65,60.28
AST-0012,2026-08-04 07:09:38.403936,4.01,2.98,98.45,65.12,71.17
AST-0001,2026-08-05 18:42:38.403936,1.64,1.64,101.12,70.14,68.28
AST-0016,2026-08-26 02:41:38.403936,5.34,1.64,98.12,65.85,42.87
AST-0020,2026-08-09 23:09:38.403936,3.2,3.25,101.68,59.32,52.44
AST-0007,2026-08-14 19:03:38.403936,5.43,2.67,98.87,45.52,98.87
AST-0015,2026-08-09 10:35:38.403936,2.67,2.92,104.32,66.48,54.19
AST-0017,2026-08-09 02:05:38.403936,2.36,1.35,102.05,79.51,57.88
AST-0016,2026-08-26 05:22:38.403936,3.67,7.51,99.93,67.74,65.75
AST-0008,2026-08-08 20:51:38.403936,3.89,2.49,104.83,71.05,84.67
AST-0002,2026-08-18 00:35:38.403936,3.12,3.38,102.58,50.0,74.72
AST-0018,2026-08-20 03:10:38.403936,3.73,1.26,101.56,70.39,67.73
AST-0020,2026-08-19 15:47:38.403936,4.34,2.24,106.23,53.17,80.71
AST-0017,2026-08-21 10:05:38.403936,4.52,1.82,101.2,51.07,54.28
AST-0002,2026-08-05 23:19:38.403936,4.43,1.26,102.31,55.36,38.87
AST-0004,2026-08-03 06:05:38.403936,-5.12,4.24,97.34,69.36,51.47
AST-0018,2026-08-14 21:13:38.403936,3.97,2.98,102.41,58.19,40.56
AST-0018,2026-08-08 21:05:38.403936,5.43,2.94,100.73,69.42,56.98
AST-0016,2026-08-27 12:45:38.403936,3.26,2.5,102.34,68.09,74.16
AST-0009,2026-08-27 10:44:38.403936,3.36,3.77,100.62,63.81,41.26
AST-0016,2026-08-23 01:43:38.403936,4.21,2.93,102.83,80.62,74.36
AST-0005,2026-08-07 21:06:38.403936,4.92,2.14,99.98,74.7,82.12
AST-0007,2026-08-05 08:51:38.403936,2.88,3.08,102.6,53.86,74.73
AST-0017,2026-08-05 17:10:38.403936,2.93,0.56,100.98,67.58,62.93
AST-0019,2026-08-10 07:29:38.403936,5.89,2.79,101.93,58.76,36.84
AST-0006,2026-08-05 18:50:38.403936,3.75,2.73,100.41,67.92,60.82
AST-0002,2026-08-06 21:26:38.403936,5.15,1.72,101.69,58.59,37.31
AST-0011,2026-08-15 22:07:38.403936,4.25,3.73,98.38,66.19,79.36
AST-0013,2026-08-08 08:51:38.403936,7.95,2.11,100.04,53.33,85.53
AST-0016,2026-08-09 18:54:38.403936,3.2,2.2,97.6,73.84,85.85
AST-0018,2026-08-09 21:31:38.403936,5.77,1.22,102.51,48.27,66.04
AST-0016,2026-08-01 06:51:38.403936,4.81,2.75,102.37,64.92,29.68
AST-0016,2026-08-11 07:32:38.403936,5.3,2.58,99.49,49.31,92.72
AST-0010,2026-08-13 02:39:38.403936,6.35,3.06,99.95,39.83,78.76
AST-0001,2026-08-04 07:36:38.403936,5.05,2.2,103.55,73.48,68.17
AST-0013,2026-08-02 00:40:38.403936,4.55,2.54,102.66,56.43,72.67
AST-0013,2026-08-01 08:56:38.403936,3.12,3.57,102.36,58.12,66.45
AST-0012,2026-08-09 04:42:38.403936,3.22,3.7,104.55,71.96,93.02
AST-0016,2026-08-16 08:03:38.403936,4.73,3.11,103.75,64.94,66.28
AST-0003,2026-07-31 19:30:38.403936,5.9,3.02,99.79,43.13,61.84
AST-0012,2026-08-06 16:40:38.403936,1.35,1.71,99.55,59.31,79.77
AST-0003,2026-08-02 16:46:38.403936,6.06,2.91,102.57,71.56,20.06
AST-0011,2026-08-02 06:57:38.403936,4.52,1.06,102.32,44.07,61.75
AST-0003,2026-08-13 18:42:38.403936,5.32,8.34,103.22,70.07,71.85
AST-0007,2026-08-24 23:42:38.403936,5.55,2.21,101.6,65.1,64.77
AST-0012,2026-08-25 15:46:38.403936,3.49,1.51,100.63,61.08,51.74
AST-0005,2026-08-07 04:14:38.403936,5.78,1.56,100.96,76.66,81.36
AST-0006,2026-07-30 14:09:38.403936,6.32,2.03,102.87,54.37,60.03
AST-0016,2026-07-30 10:36:38.403936,4.23,2.04,100.58,60.07,47.32
AST-0005,2026-08-03 03:16:38.403936,5.78,2.35,101.7,66.64,65.99
AST-0008,2026-08-12 18:10:38.403936,4.64,2.26,104.14,72.61,65.33
AST-0015,2026-08-18 07:59:38.403936,3.83,2.4,102.14,80.0,40.29
AST-0002,2026-08-22 23:22:38.403936,5.49,3.4,98.33,63.19,45.84
AST-0003,2026-08-24 12:58:38.403936,5.15,2.21,101.04,60.89,77.96
AST-0008,2026-08-06 06:30:38.403936,4.84,2.68,101.62,70.72,60.28
AST-0006,2026-08-02 09:35:38.403936,7.05,1.51,97.85,46.91,27.57
AST-0001,2026-08-04 18:20:38.403936,5.51,2.94,103.72,54.43,78.42
AST-0017,2026-08-19 17:10:38.403936,4.59,2.63,102.55,57.44,100.0
AST-0014,2026-08-23 02:25:38.403936,6.5,2.07,99.12,64.12,68.28
AST-0007,2026-08-14 19:14:38.403936,6.1,1.57,101.87,49.71,72.85
AST-0010,2026-08-27 11:29:38.403936,4.34,4.05,98.21,78.71,34.33
AST-0013,2026-08-08 00:03:38.403936,2.51,1.16,101.8,53.26,40.73
AST-0017,2026-08-13 17:28:38.403936,4.8,2.86,101.38,63.38,97.92
AST-0004,2026-08-25 01:53:38.403936,4.72,3.14,101.59,54.02,74.9
AST-0003,2026-08-05 08:24:38.403936,3.52,2.43,101.91,45.59,36.03
AST-0016,2026-08-14 18:45:38.403936,5.86,1.97,100.07,66.66,58.06
AST-0015,2026-08-15 23:20:38.403936,5.13,2.46,101.7,57.98,68.48
AST-0001,2026-08-11 16:37:38.403936,6.16,2.05,103.13,64.48,78.22
AST-0013,2026-08-05 03:32:38.403936,4.69,2.47,102.0,77.14,69.25
AST-0014,2026-08-12 16:44:38.403936,5.22,2.21,104.44,71.4,66.4
AST-0019,2026-08-21 08:31:38.403936,4.32,3.28,100.09,47.17,66.3
AST-0003,2026-08-19 05:59:38.403936,6.29,3.77,101.09,65.44,74.35
AST-0012,2026-08-17 20:50:38.403936,4.1,2.91,101.13,75.11,78.01
AST-0011,2026-08-18 04:18:38.403936,5.72,2.34,105.15,69.84,69.45
AST-0008,2026-07-31 06:23:38.403936,-4.64,2.42,101.53,57.12,59.74
AST-0013,2026-08-20 03:57:38.403936,4.25,2.54,97.77,63.65,58.21
AST-0015,2026-08-11 03:50:38.403936,4.47,3.33,105.4,71.78,42.78
AST-0019,2026-08-18 20:25:38.403936,3.98,2.98,102.27,74.87,63.25
AST-0013,2026-08-28 08:22:38.403936,3.95,3.9,101.42,54.83,91.55
AST-0012,2026-08-08 21:36:38.403936,2.26,0.3,102.84,74.11,72.45
AST-0004,2026-08-25 18:38:38.403936,2.55,6.92,100.74,59.63,90.42
AST-0007,2026-08-06 02:43:38.403936,2.93,2.75,103.69,68.81,87.34
AST-0011,2026-08-18 04:14:38.403936,5.35,2.84,102.03,71.13,58.06
AST-0018,2026-08-26 17:03:38.403936,2.55,3.26,103.62,67.52,55.13
AST-0012,2026-08-24 16:49:38.403936,2.16,2.57,98.6,50.11,64.63
AST-0010,2026-08-11 14:00:38.403936,3.35,2.78,100.98,58.93,34.31
AST-0010,2026-08-13 19:12:38.403936,3.22,1.85,98.85,61.71,44.35
AST-0003,2026-08-08 20:09:38.403936,4.25,2.69,99.65,69.25,40.5
AST-0020,2026-08-12 15:50:38.403936,2.83,2.41,102.67,73.67,94.02
AST-0009,2026-08-25 13:45:38.403936,3.94,2.4,99.23,52.46,69.11
AST-0019,2026-08-11 07:33:38.403936,3.34,3.49,98.38,69.86,46.9
AST-0017,2026-08-11 00:50:38.403936,3.27,2.93,99.95,59.84,50.38
AST-0008,2026-08-28 16:21:38.403936,7.18,2.01,101.4,62.98,68.99
AST-0005,2026-07-31 22:27:38.403936,3.58,2.34,102.09,56.37,84.61
AST-0007,2026-08-26 07:37:38.403936,6.28,2.99,101.44,35.09,72.64
AST-0017,2026-08-24 23:02:38.403936,3.91,2.3,97.51,69.94,38.93
AST-0008,2026-08-25 06:42:38.403936,4.68,3.22,100.36,77.16,51.55
AST-0019,2026-08-05 22:33:38.403936,5.4,8.03,103.36,73.76,73.43
AST-0004,2026-08-19 00:58:38.403936,3.91,1.38,100.52,76.1,67.34
AST-0010,2026-08-20 13:13:38.403936,2.17,1.6,103.81,69.88,42.79
AST-0014,2026-08-22 08:44:38.403936,1.85,2.0,97.6,63.44,100.0
AST-0005,2026-08-15 15:02:38.403936,2.1,2.35,103.92,72.49,62.32
AST-0009,2026-08-04 11:34:38.403936,-3.72,1.58,100.76,67.43,84.89
AST-0003,2026-08-24 13:17:38.403936,3.57,2.35,99.4,67.25,79.11
AST-0002,2026-08-05 12:23:38.403936,5.44,1.56,101.59,58.23,83.2
AST-0012,2026-07-31 00:13:38.403936,4.26,1.28,100.86,69.58,69.39
AST-0015,2026-08-03 14:47:38.403936,3.73,2.03,99.32,61.05,49.6
AST-0017,2026-08-13 22:23:38.403936,5.96,1.78,101.54,65.54,82.02
AST-0011,2026-08-25 20:06:38.403936,6.13,3.06,102.01,54.51,45.76
AST-0001,2026-08-27 08:15:38.403936,3.23,3.1,101.45,73.69,83.05
AST-0003,2026-08-24 00:56:38.403936,3.41,2.53,101.27,61.72,55.37
AST-0009,2026-08-24 20:54:38.403936,6.28,2.54,101.33,56.97,77.15
AST-0011,2026-08-15 04:04:38.403936,2.99,2.86,102.26,60.87,70.72
AST-0008,2026-08-16 19:27:38.403936,4.78,2.47,101.33,65.62,67.34
AST-0007,2026-08-23 10:22:38.403936,4.59,1.62,101.0,67.65,66.75
AST-0014,2026-08-12 06:18:38.403936,5.93,3.0,99.56,63.33,59.4
AST-0002,2026-08-05 22:25:38.403936,4.49,2.5,102.52,66.77,87.15
AST-0006,2026-08-10 01:55:38.403936,4.86,1.84,100.37,71.04,35.94
AST-0001,2026-08-10 19:54:38.403936,2.48,2.51,103.2,78.07,61.09
AST-0019,2026-08-12 11:22:38.403936,6.09,2.56,98.24,64.92,53.86
AST-0013,2026-08-17 16:21:38.403936,5.88,2.48,98.74,50.0,64.62
AST-0011,2026-08-23 08:26:38.403936,0.87,2.09,101.76,54.43,82.89
AST-0019,2026-08-05 04:10:38.403936,6.29,1.69,100.7,74.95,64.98
AST-0010,2026-08-28 04:36:38.403936,4.03,2.61,98.68,57.46,92.96
AST-0002,2026-08-01 16:40:38.403936,4.58,3.24,101.76,78.14,29.02
AST-0005,2026-08-12 12:17:38.403936,4.22,3.82,103.21,78.25,64.88
AST-0012,2026-08-09 03:46:38.403936,3.69,1.68,99.11,73.07,74.24
AST-0020,2026-07-31 21:34:38.403936,4.4,2.91,101.58,74.62,82.15
AST-0015,2026-08-11 12:30:38.403936,2.9,2.72,97.96,66.33,75.88
AST-0006,2026-08-14 02:09:38.403936,2.53,2.17,101.32,67.34,59.99
AST-0005,2026-08-07 19:38:38.403936,2.74,2.46,98.0,62.67,57.06
AST-0011,2026-08-27 03:27:38.403936,4.3,5.12,98.28,61.34,81.75
AST-0007,2026-08-17 00:36:38.403936,6.39,4.45,104.68,53.03,57.65
AST-0009,2026-07-30 05:11:38.403936,4.47,2.43,101.44,89.08,45.52
AST-0004,2026-08-17 08:16:38.403936,3.43,3.82,100.07,68.94,83.62
AST-0001,2026-08-18 05:33:38.403936,5.23,2.65,103.18,56.07,56.07
AST-0016,2026-08-18 16:13:38.403936,5.3,0.84,104.13,68.03,67.75
AST-0011,2026-08-26 12:14:38.403936,2.05,1.47,100.5,73.07,27.62
AST-0009,2026-08-10 02:25:38.403936,5.68,2.21,100.85,67.54,69.85
AST-0006,2026-08-27 23:17:38.403936,3.43,3.0,96.66,60.5,67.77
AST-0009,2026-08-09 06:26:38.403936,3.98,1.04,102.82,52.52,63.78
AST-0005,2026-08-20 22:56:38.403936,4.73,6.6,103.64,64.47,72.69
AST-0003,2026-07-31 21:17:38.403936,4.42,2.99,104.09,66.38,79.07
AST-0001,2026-08-25 05:29:38.403936,6.68,3.59,100.53,75.36,69.48
AST-0006,2026-08-02 21:34:38.403936,6.18,2.95,101.85,69.34,69.59
AST-0002,2026-08-04 18:56:38.403936,4.94,2.37,100.8,82.63,73.6
AST-0009,2026-08-18 18:12:38.403936,3.64,2.28,103.41,57.64,38.32
AST-0004,2026-08-23 15:12:38.403936,2.39,1.12,98.7,53.19,89.93
AST-0011,2026-08-20 10:32:38.403936,4.43,2.21,98.41,63.57,33.73
AST-0020,2026-08-10 14:47:38.403936,3.95,4.15,102.63,62.9,77.57
AST-0012,2026-08-07 02:04:38.403936,3.72,1.86,104.71,53.58,58.63
AST-0015,2026-08-27 21:10:38.403936,4.96,1.75,102.6,61.93,76.95
AST-0005,2026-08-05 18:37:38.403936,5.38,2.31,104.72,58.35,89.28
AST-0006,2026-08-14 05:07:38.403936,6.26,3.92,101.65,57.11,100.0
AST-0019,2026-08-05 20:13:38.403936,4.0,1.85,100.92,55.18,74.47
AST-0010,2026-08-14 09:13:38.403936,3.59,2.27,103.24,71.24,65.28
