asset_id,recorded_at,temperature,vibration,pressure,humidity,fuel_level,date,hour,day_of_week,temperature_rolling_avg,vibration_rolling_avg,temperature_deviation,vibration_deviation,temperature_anomaly,vibration_anomaly,risk_score,risk_level,ml_anomaly,anomaly_score,anomaly_status
AST-0001,2026-07-30 05:58:38.403936,2.76,0.85,96.64,72.7,53.86,2026-07-30,5,3,2.76,0.85,0.0,0.0,False,False,0,LOW,False,0.015119363042968015,NORMAL
AST-0001,2026-07-30 06:32:38.403936,6.35,2.23,102.93,94.97,66.89,2026-07-30,6,3,4.555,1.54,1.795,0.69,False,True,1,MEDIUM,False,0.024300744974633304,NORMAL
AST-0001,2026-07-30 10:35:38.403936,6.36,3.09,100.13,54.42,55.21,2026-07-30,10,3,5.156666666666666,2.056666666666666,1.203333333333334,1.0333333333333332,False,True,1,MEDIUM,False,0.13940557478010324,NORMAL
AST-0001,2026-07-30 13:47:38.403936,5.48,1.28,105.54,52.75,83.45,2026-07-30,13,3,5.2375,1.8625,0.2425000000000006,-0.5825,False,True,1,MEDIUM,False,0.02920140781359759,NORMAL
AST-0001,2026-07-30 15:20:38.403936,3.48,2.73,103.46,80.89,19.5,2026-07-30,15,3,4.886,2.036,-1.406,0.694,False,True,1,MEDIUM,True,-0.002602943880769204,ANOMALOUS
AST-0001,2026-07-30 15:30:38.403936,4.76,3.42,98.87,69.68,43.93,2026-07-30,15,3,5.286,2.55,-0.5259999999999998,0.8700000000000001,False,True,1,MEDIUM,False,0.09937094339422542,NORMAL
AST-0001,2026-07-31 03:02:38.403936,-6.13,3.01,102.28,66.37,49.16,2026-07-31,3,4,2.79,2.706,-8.92,0.3039999999999998,True,False,1,MEDIUM,False,0.003120603038140324,NORMAL
AST-0001,2026-07-31 04:12:38.403936,4.59,2.51,101.25,66.98,62.4,2026-07-31,4,4,2.436,2.59,2.154,-0.08,False,False,0,LOW,False,0.17499067632301157,NORMAL
AST-0001,2026-07-31 05:20:38.403936,3.44,1.84,103.62,77.24,82.09,2026-07-31,5,4,2.028,2.702,1.4120000000000004,-0.8619999999999999,False,True,1,MEDIUM,False,0.10144253503974915,NORMAL
AST-0001,2026-07-31 08:24:38.403936,16.28,1.41,100.75,62.19,20.65,2026-07-31,8,4,4.587999999999999,2.438,11.692000000000002,-1.0279999999999998,True,True,2,HIGH,True,-0.07817131835557989,ANOMALOUS
AST-0001,2026-07-31 09:38:38.403936,4.7,2.57,102.06,69.44,71.09,2026-07-31,9,4,4.576,2.268,0.1240000000000005,0.302,False,False,0,LOW,False,0.17023209148080015,NORMAL
AST-0001,2026-07-31 10:35:38.403936,4.85,0.45,99.68,61.08,92.09,2026-07-31,10,4,6.772,1.7559999999999998,-1.9220000000000008,-1.3059999999999998,False,True,1,MEDIUM,False,0.0531628388448912,NORMAL
AST-0001,2026-08-01 01:34:38.403936,3.09,2.91,102.33,70.15,100.0,2026-08-01,1,5,6.472,1.836,-3.382,1.0740000000000005,False,True,1,MEDIUM,False,0.07321067880832416,NORMAL
AST-0001,2026-08-01 03:57:38.403936,0.07,1.99,100.05,55.22,67.2,2026-08-01,3,5,5.798,1.866,-5.728,0.1239999999999998,True,False,1,MEDIUM,False,0.0884014383846457,NORMAL
AST-0001,2026-08-01 04:25:38.403936,6.77,5.02,103.86,65.55,72.83,2026-08-01,4,5,3.896,2.588,2.874,2.4319999999999995,False,True,1,MEDIUM,False,0.05642207877352906,NORMAL
AST-0001,2026-08-01 06:18:38.403936,2.1,2.88,98.27,55.68,86.91,2026-08-01,6,5,3.375999999999999,2.65,-1.275999999999999,0.2299999999999999,False,False,0,LOW,False,0.07404506534506489,NORMAL
AST-0001,2026-08-01 10:39:38.403936,5.73,2.77,101.66,55.44,54.37,2026-08-01,10,5,3.552,3.114,2.178000000000001,-0.3439999999999998,False,False,0,LOW,False,0.1489075414363274,NORMAL
AST-0001,2026-08-01 10:55:38.403936,3.82,2.02,104.36,45.79,76.81,2026-08-01,10,5,3.697999999999999,2.936,0.1220000000000007,-0.916,False,True,1,MEDIUM,False,0.0705948384656882,NORMAL
AST-0001,2026-08-01 22:19:38.403936,5.67,2.06,99.66,64.97,61.94,2026-08-01,22,5,4.818,2.95,0.8520000000000003,-0.8900000000000001,False,True,1,MEDIUM,False,0.16146047693695142,NORMAL
AST-0001,2026-08-01 22:45:38.403936,6.16,2.3,98.62,71.12,75.25,2026-08-01,22,5,4.696,2.406,1.4640000000000004,-0.1059999999999998,False,False,0,LOW,False,0.13303687177098916,NORMAL
AST-0001,2026-08-02 02:49:38.403936,4.67,2.21,97.29,61.12,59.5,2026-08-02,2,6,5.209999999999999,2.272,-0.5399999999999991,-0.0619999999999998,False,False,0,LOW,False,0.10551476015372657,NORMAL
AST-0001,2026-08-02 04:40:38.403936,3.27,3.37,100.2,51.64,78.03,2026-08-02,4,6,4.717999999999999,2.392,-1.447999999999999,0.9780000000000002,False,True,1,MEDIUM,False,0.12624288180192056,NORMAL
AST-0001,2026-08-02 07:09:38.403936,3.0,1.5,100.93,52.96,45.89,2026-08-02,7,6,4.554,2.288,-1.5540000000000005,-0.7879999999999998,False,True,1,MEDIUM,False,0.11230743140088695,NORMAL
AST-0001,2026-08-02 16:42:38.403936,3.68,2.71,100.3,62.56,38.64,2026-08-02,16,6,4.156,2.418,-0.4759999999999995,0.2919999999999998,False,False,0,LOW,False,0.13004281242042015,NORMAL
AST-0001,2026-08-02 18:01:38.403936,6.58,3.33,103.01,70.46,58.55,2026-08-02,18,6,4.239999999999999,2.624,2.3400000000000007,0.706,False,True,1,MEDIUM,False,0.1457643704829097,NORMAL
AST-0001,2026-08-02 22:13:38.403936,6.36,1.74,102.79,65.66,51.02,2026-08-02,22,6,4.577999999999999,2.53,1.7820000000000018,-0.7900000000000003,False,True,1,MEDIUM,False,0.14086124759474267,NORMAL
AST-0001,2026-08-03 04:07:38.403936,5.63,0.88,98.19,75.05,37.9,2026-08-03,4,0,5.049999999999999,2.032,0.580000000000001,-1.152,False,True,1,MEDIUM,False,0.03647390493553121,NORMAL
AST-0001,2026-08-03 07:04:38.403936,4.72,2.01,101.58,80.89,77.52,2026-08-03,7,0,5.393999999999999,2.134,-0.6739999999999995,-0.1240000000000001,False,False,0,LOW,False,0.12221994036554917,NORMAL
AST-0001,2026-08-03 07:47:38.403936,3.61,2.92,102.39,76.58,82.39,2026-08-03,7,0,5.379999999999999,2.176,-1.7699999999999991,0.7440000000000002,False,True,1,MEDIUM,False,0.132313342426299,NORMAL
AST-0001,2026-08-03 08:15:38.403936,4.36,3.2,101.36,66.65,57.96,2026-08-03,8,0,4.936,2.15,-0.5759999999999996,1.0500000000000005,False,True,1,MEDIUM,False,0.1653403188913528,NORMAL
AST-0001,2026-08-03 21:34:38.403936,14.45,3.18,98.83,70.52,76.26,2026-08-03,21,0,6.553999999999999,2.438,7.896,0.7420000000000004,True,True,2,HIGH,False,0.01235751993979961,NORMAL
AST-0001,2026-08-03 21:39:38.403936,5.36,1.29,101.67,69.53,95.73,2026-08-03,21,0,6.499999999999998,2.5200000000000005,-1.139999999999998,-1.2300000000000004,False,True,1,MEDIUM,False,0.07936788654223442,NORMAL
AST-0001,2026-08-04 04:56:38.403936,3.83,2.99,98.18,54.22,71.18,2026-08-04,4,1,6.321999999999999,2.716,-2.491999999999999,0.274,False,False,0,LOW,False,0.12071788883693674,NORMAL
AST-0001,2026-08-04 05:44:38.403936,4.98,1.87,102.68,59.1,78.49,2026-08-04,5,1,6.595999999999999,2.506,-1.6159999999999988,-0.6360000000000001,False,True,1,MEDIUM,False,0.14183968666521457,NORMAL
AST-0001,2026-08-04 07:36:38.403936,5.05,2.2,103.55,73.48,68.17,2026-08-04,7,1,6.734,2.306,-1.6840000000000002,-0.1059999999999998,False,False,0,LOW,False,0.14539454086133213,NORMAL
AST-0001,2026-08-04 10:02:38.403936,4.09,2.64,103.79,41.55,55.79,2026-08-04,10,1,4.661999999999999,2.198,-0.5719999999999992,0.4420000000000001,False,False,0,LOW,False,0.0610347438645803,NORMAL
AST-0001,2026-08-04 10:30:38.403936,4.3,2.87,100.43,69.64,75.0,2026-08-04,10,1,4.449999999999999,2.514,-0.1499999999999994,0.3559999999999998,False,False,0,LOW,False,0.167616290540213,NORMAL
AST-0001,2026-08-04 12:15:38.403936,5.9,2.41,99.58,49.64,31.45,2026-08-04,12,1,4.863999999999999,2.398000000000001,1.0360000000000014,0.0119999999999995,False,False,0,LOW,False,0.06425234808575092,NORMAL
AST-0001,2026-08-04 12:22:38.403936,3.98,4.05,102.78,77.46,54.48,2026-08-04,12,1,4.664,2.834,-0.6839999999999997,1.2159999999999995,False,True,1,MEDIUM,False,0.10837329738297202,NORMAL
AST-0001,2026-08-04 14:20:38.403936,6.01,1.66,99.4,61.77,77.32,2026-08-04,14,1,4.855999999999999,2.726,1.1540000000000008,-1.066,False,True,1,MEDIUM,False,0.14310889383474384,NORMAL
AST-0001,2026-08-04 16:23:38.403936,6.9,3.09,101.32,62.62,66.38,2026-08-04,16,1,5.417999999999999,2.816,1.482000000000001,0.274,False,False,0,LOW,False,0.15706784726365897,NORMAL
AST-0001,2026-08-04 17:51:38.403936,4.18,1.7,100.58,52.0,90.81,2026-08-04,17,1,5.393999999999999,2.582,-1.2139999999999995,-0.8819999999999999,False,True,1,MEDIUM,False,0.09059990454775546,NORMAL
AST-0001,2026-08-04 18:16:38.403936,-7.39,2.06,102.08,50.21,68.3,2026-08-04,18,1,2.7359999999999998,2.512,-10.126,-0.4519999999999995,True,False,1,MEDIUM,True,-0.01626770633270802,ANOMALOUS
AST-0001,2026-08-04 18:20:38.403936,5.51,2.94,103.72,54.43,78.42,2026-08-04,18,1,3.042,2.29,2.4680000000000004,0.6499999999999999,False,True,1,MEDIUM,False,0.12284612545248325,NORMAL
AST-0001,2026-08-04 20:22:38.403936,2.61,7.92,105.95,75.62,90.45,2026-08-04,20,1,2.361999999999999,3.5420000000000003,0.2480000000000006,4.378,False,True,1,MEDIUM,True,-0.08253190529163879,ANOMALOUS
AST-0001,2026-08-04 22:06:38.403936,6.29,2.38,96.86,51.0,60.51,2026-08-04,22,1,2.2399999999999998,3.4,4.050000000000001,-1.02,False,True,1,MEDIUM,False,0.05757863909698191,NORMAL
AST-0001,2026-08-05 01:37:38.403936,6.66,2.01,103.42,51.23,43.43,2026-08-05,1,2,2.7359999999999998,3.462,3.924000000000001,-1.452,False,True,1,MEDIUM,False,0.08245759436784855,NORMAL
AST-0001,2026-08-05 02:36:38.403936,4.73,2.43,103.57,68.59,89.02,2026-08-05,2,2,5.159999999999999,3.536,-0.4299999999999988,-1.106,False,True,1,MEDIUM,False,0.12761704639739474,NORMAL
AST-0001,2026-08-05 05:30:38.403936,6.6,2.84,101.56,67.15,58.0,2026-08-05,5,2,5.377999999999998,3.516,1.2220000000000013,-0.6759999999999997,False,True,1,MEDIUM,False,0.16162363203357116,NORMAL
AST-0001,2026-08-05 11:37:38.403936,1.65,2.4,98.53,74.02,79.11,2026-08-05,11,2,5.185999999999999,2.412,-3.535999999999999,-0.012,False,False,0,LOW,False,0.09526854122347106,NORMAL
AST-0001,2026-08-05 14:17:38.403936,4.79,2.64,98.45,50.53,50.46,2026-08-05,14,2,4.885999999999999,2.464,-0.0959999999999992,0.1760000000000001,False,False,0,LOW,False,0.09649555143723387,NORMAL
AST-0001,2026-08-05 14:46:38.403936,13.37,8.06,103.44,53.0,23.31,2026-08-05,14,2,6.227999999999999,3.674,7.142,4.386000000000001,True,True,2,HIGH,True,-0.14432825773037217,ANOMALOUS
AST-0001,2026-08-05 18:42:38.403936,1.64,1.64,101.12,70.14,68.28,2026-08-05,18,2,5.609999999999999,3.516,-3.969999999999999,-1.876,False,True,1,MEDIUM,False,0.13070717685451083,NORMAL
AST-0001,2026-08-05 20:14:38.403936,5.59,2.38,99.73,62.76,64.65,2026-08-05,20,2,5.408,3.4239999999999995,0.1820000000000003,-1.0439999999999996,False,True,1,MEDIUM,False,0.16007330313269086,NORMAL
AST-0001,2026-08-06 03:04:38.403936,3.01,2.27,105.2,65.78,86.29,2026-08-06,3,3,5.679999999999999,3.398000000000001,-2.669999999999999,-1.1280000000000006,False,True,1,MEDIUM,False,0.08461587661759978,NORMAL
AST-0001,2026-08-06 05:11:38.403936,3.33,1.61,104.8,74.36,87.89,2026-08-06,5,3,5.387999999999999,3.192,-2.057999999999999,-1.582,False,True,1,MEDIUM,False,0.07078594068141247,NORMAL
AST-0001,2026-08-06 05:12:38.403936,1.43,2.8,104.21,59.09,72.92,2026-08-06,5,3,2.999999999999999,2.14,-1.5699999999999992,0.6600000000000001,False,True,1,MEDIUM,False,0.09510938253165346,NORMAL
AST-0001,2026-08-06 05:42:38.403936,5.43,3.47,100.72,56.2,79.9,2026-08-06,5,3,3.757999999999999,2.506,1.6720000000000006,0.9640000000000004,False,True,1,MEDIUM,False,0.13847107657105817,NORMAL
AST-0001,2026-08-06 05:42:38.403936,3.31,2.61,100.58,85.29,84.89,2026-08-06,5,3,3.3019999999999987,2.552,0.0080000000000013,0.0579999999999998,False,False,0,LOW,False,0.0760062322610468,NORMAL
AST-0001,2026-08-06 09:57:38.403936,5.02,1.94,101.5,61.31,67.92,2026-08-06,9,3,3.7039999999999993,2.486,1.3160000000000005,-0.5459999999999998,False,True,1,MEDIUM,False,0.16438573447426885,NORMAL
AST-0001,2026-08-06 13:45:38.403936,4.26,3.18,102.81,71.05,59.95,2026-08-06,13,3,3.8899999999999992,2.8,0.3700000000000005,0.3800000000000003,False,False,0,LOW,False,0.15766961838692883,NORMAL
AST-0001,2026-08-06 17:26:38.403936,5.2,3.49,100.46,64.46,50.23,2026-08-06,17,3,4.643999999999999,2.938,0.5560000000000009,0.552,False,True,1,MEDIUM,False,0.14587106134178884,NORMAL
AST-0001,2026-08-06 23:39:38.403936,6.49,2.03,99.58,65.97,60.92,2026-08-06,23,3,4.855999999999999,2.65,1.6340000000000012,-0.6200000000000001,False,True,1,MEDIUM,False,0.15319530803943937,NORMAL
AST-0001,2026-08-07 00:48:38.403936,6.69,2.39,101.3,70.1,74.1,2026-08-07,0,4,5.531999999999999,2.6060000000000003,1.1580000000000013,-0.2160000000000002,False,False,0,LOW,False,0.15549721541728923,NORMAL
AST-0001,2026-08-07 02:08:38.403936,5.84,2.08,103.34,65.6,62.06,2026-08-07,2,4,5.696,2.6340000000000003,0.1440000000000001,-0.5540000000000003,False,True,1,MEDIUM,False,0.15351840614466927,NORMAL
AST-0001,2026-08-07 03:26:38.403936,4.07,2.7,100.76,49.57,93.7,2026-08-07,3,4,5.658,2.5380000000000003,-1.5879999999999992,0.1619999999999999,False,False,0,LOW,False,0.07214048338546886,NORMAL
AST-0001,2026-08-07 12:57:38.403936,4.17,2.99,98.91,82.34,87.99,2026-08-07,12,4,5.452,2.438,-1.282,0.5520000000000005,False,True,1,MEDIUM,False,0.06590269407320376,NORMAL
AST-0001,2026-08-07 15:10:38.403936,6.39,2.82,101.0,55.5,91.98,2026-08-07,15,4,5.432,2.596,0.9580000000000002,0.2239999999999997,False,False,0,LOW,False,0.10830984500868895,NORMAL
AST-0001,2026-08-07 16:13:38.403936,4.77,3.3,101.3,47.62,58.55,2026-08-07,16,4,5.047999999999999,2.778,-0.2779999999999996,0.5220000000000002,False,True,1,MEDIUM,False,0.115622064035099,NORMAL
AST-0001,2026-08-07 19:32:38.403936,6.34,1.53,102.18,51.3,84.18,2026-08-07,19,4,5.147999999999999,2.668,1.192000000000001,-1.138,False,True,1,MEDIUM,False,0.0921948787206755,NORMAL
AST-0001,2026-08-07 23:03:38.403936,1.87,2.58,104.91,91.67,66.75,2026-08-07,23,4,4.707999999999999,2.644,-2.837999999999999,-0.0639999999999996,False,False,0,LOW,True,-0.005552116756978309,ANOMALOUS
AST-0001,2026-08-08 00:20:38.403936,4.63,2.68,101.86,65.67,54.02,2026-08-08,0,5,4.799999999999999,2.582,-0.169999999999999,0.0980000000000003,False,False,0,LOW,False,0.1658659705167515,NORMAL
AST-0001,2026-08-08 02:06:38.403936,19.81,0.97,101.02,69.76,65.61,2026-08-08,2,5,7.483999999999999,2.212,12.326,-1.2419999999999998,True,True,2,HIGH,True,-0.0380463371462737,ANOMALOUS
AST-0001,2026-08-08 03:18:38.403936,5.09,2.42,103.17,60.75,54.54,2026-08-08,3,5,7.547999999999999,2.036,-2.4579999999999997,0.3839999999999999,False,False,0,LOW,False,0.1505953717780223,NORMAL
AST-0001,2026-08-08 07:14:38.403936,4.5,2.64,99.16,59.72,65.06,2026-08-08,7,5,7.179999999999998,2.258,-2.679999999999998,0.3820000000000001,False,False,0,LOW,False,0.15191254347879724,NORMAL
AST-0001,2026-08-08 08:22:38.403936,5.9,2.8,99.07,64.59,82.47,2026-08-08,8,5,7.985999999999999,2.3020000000000005,-2.0859999999999985,0.4979999999999993,False,False,0,LOW,False,0.13707543604323985,NORMAL
AST-0001,2026-08-08 13:47:38.403936,3.9,1.39,103.28,57.24,50.96,2026-08-08,13,5,7.839999999999999,2.044,-3.939999999999999,-0.6539999999999997,False,True,1,MEDIUM,False,0.11646855242132281,NORMAL
AST-0001,2026-08-08 16:00:38.403936,1.39,3.43,99.75,56.46,57.74,2026-08-08,16,5,4.156,2.536,-2.766,0.8940000000000001,False,True,1,MEDIUM,False,0.10493667928607442,NORMAL
AST-0001,2026-08-08 16:34:38.403936,6.0,2.1,99.9,80.03,38.43,2026-08-08,16,5,4.337999999999999,2.472,1.6620000000000008,-0.3719999999999999,False,False,0,LOW,False,0.07579936436815082,NORMAL
AST-0001,2026-08-08 16:56:38.403936,5.1,2.27,101.33,44.21,59.42,2026-08-08,16,5,4.457999999999999,2.398,0.6420000000000003,-0.1280000000000001,False,False,0,LOW,False,0.10322543552827496,NORMAL
AST-0001,2026-08-08 17:53:38.403936,8.29,2.8,97.23,59.57,30.22,2026-08-08,17,5,4.935999999999998,2.398,3.354000000000001,0.4020000000000001,False,False,0,LOW,True,-0.0140822019246305,ANOMALOUS
AST-0001,2026-08-09 01:10:38.403936,5.07,2.82,104.22,65.09,33.35,2026-08-09,1,6,5.169999999999999,2.684,-0.0999999999999987,0.1359999999999996,False,False,0,LOW,False,0.0765828521739732,NORMAL
AST-0001,2026-08-09 01:22:38.403936,4.05,0.42,100.58,64.36,46.81,2026-08-09,1,6,5.701999999999999,2.082,-1.6519999999999992,-1.662,False,True,1,MEDIUM,False,0.10079041543282091,NORMAL
AST-0001,2026-08-09 01:57:38.403936,4.61,2.15,103.85,53.31,52.02,2026-08-09,1,6,5.423999999999999,2.092,-0.8139999999999983,0.0580000000000002,False,False,0,LOW,False,0.1181789901703767,NORMAL
AST-0001,2026-08-09 15:41:38.403936,6.6,3.24,101.42,58.53,77.57,2026-08-09,15,6,5.723999999999999,2.286,0.8760000000000003,0.9540000000000002,False,True,1,MEDIUM,False,0.14800651535275128,NORMAL
AST-0001,2026-08-09 18:34:38.403936,5.32,2.51,100.43,63.9,63.41,2026-08-09,18,6,5.13,2.228,0.1900000000000004,0.282,False,False,0,LOW,False,0.17085273867149975,NORMAL
AST-0001,2026-08-10 00:39:38.403936,5.28,2.86,103.74,63.79,40.03,2026-08-10,0,0,5.171999999999999,2.236,0.1080000000000014,0.6240000000000001,False,True,1,MEDIUM,False,0.11330359297643078,NORMAL
AST-0001,2026-08-10 09:45:38.403936,4.31,2.67,102.45,61.02,42.79,2026-08-10,9,0,5.223999999999999,2.686,-0.9139999999999996,-0.016,False,False,0,LOW,False,0.1409997029910351,NORMAL
AST-0001,2026-08-10 11:54:38.403936,3.88,3.32,100.54,85.83,72.76,2026-08-10,11,0,5.077999999999999,2.92,-1.1979999999999995,0.3999999999999999,False,False,0,LOW,False,0.08673982178092005,NORMAL
AST-0001,2026-08-10 14:33:38.403936,6.35,2.13,103.08,74.02,82.15,2026-08-10,14,0,5.028,2.6979999999999995,1.322,-0.5679999999999996,False,True,1,MEDIUM,False,0.13442165989069932,NORMAL
AST-0001,2026-08-10 15:23:38.403936,2.94,3.98,95.79,79.23,73.76,2026-08-10,15,0,4.551999999999999,2.992,-1.6119999999999988,0.988,False,True,1,MEDIUM,True,-0.0004298045847641596,ANOMALOUS
AST-0001,2026-08-10 15:27:38.403936,5.29,0.94,99.19,63.42,67.65,2026-08-10,15,0,4.553999999999999,2.608,0.7360000000000007,-1.6679999999999997,False,True,1,MEDIUM,False,0.12452588978707257,NORMAL
AST-0001,2026-08-10 19:14:38.403936,3.5,2.79,102.13,65.81,68.22,2026-08-10,19,0,4.391999999999999,2.632,-0.8919999999999986,0.1579999999999999,False,False,0,LOW,False,0.1680610711796689,NORMAL
AST-0001,2026-08-10 19:54:38.403936,2.48,2.51,103.2,78.07,61.09,2026-08-10,19,0,4.111999999999999,2.47,-1.6319999999999992,0.04,False,False,0,LOW,False,0.11692294372402096,NORMAL
AST-0001,2026-08-10 19:57:38.403936,3.34,5.06,102.73,66.52,52.65,2026-08-10,19,0,3.51,3.056,-0.1699999999999994,2.004,False,True,1,MEDIUM,False,0.08788946089022193,NORMAL
AST-0001,2026-08-11 00:13:38.403936,5.57,2.68,100.65,70.91,77.24,2026-08-11,0,1,4.036,2.7960000000000003,1.5340000000000007,-0.1160000000000001,False,False,0,LOW,False,0.15592168972174425,NORMAL
AST-0001,2026-08-11 02:37:38.403936,5.42,3.33,99.48,62.56,70.3,2026-08-11,2,1,4.061999999999999,3.274,1.3580000000000003,0.0560000000000004,False,False,0,LOW,False,0.15460489085226564,NORMAL
AST-0001,2026-08-11 05:47:38.403936,5.94,1.01,99.77,67.42,70.83,2026-08-11,5,1,4.549999999999999,2.918,1.3900000000000017,-1.908,False,True,1,MEDIUM,False,0.11847418361382667,NORMAL
AST-0001,2026-08-11 06:55:38.403936,4.31,1.64,99.6,51.91,62.24,2026-08-11,6,1,4.916,2.744,-0.6059999999999999,-1.104,False,True,1,MEDIUM,False,0.1266713869503283,NORMAL
AST-0001,2026-08-11 08:00:38.403936,5.28,4.0,102.14,67.77,65.15,2026-08-11,8,1,5.303999999999999,2.532,-0.0239999999999991,1.468,False,True,1,MEDIUM,False,0.14647420348641488,NORMAL
AST-0001,2026-08-11 11:09:38.403936,2.48,3.18,99.97,59.18,56.68,2026-08-11,11,1,4.685999999999999,2.632,-2.205999999999999,0.548,False,True,1,MEDIUM,False,0.13356553865403625,NORMAL
AST-0001,2026-08-11 14:10:38.403936,5.93,2.45,99.52,59.36,54.33,2026-08-11,14,1,4.787999999999999,2.456,1.1420000000000003,-0.0059999999999997,False,False,0,LOW,False,0.14416910202941352,NORMAL
AST-0001,2026-08-11 16:37:38.403936,6.16,2.05,103.13,64.48,78.22,2026-08-11,16,1,4.831999999999999,2.664,1.3280000000000012,-0.6140000000000003,False,True,1,MEDIUM,False,0.14969909295191952,NORMAL
AST-0001,2026-08-11 22:21:38.403936,4.18,3.06,101.33,51.12,55.63,2026-08-11,22,1,4.805999999999999,2.9479999999999995,-0.6259999999999994,0.1120000000000005,False,False,0,LOW,False,0.1421313346973032,NORMAL
AST-0001,2026-08-12 01:59:38.403936,4.78,2.68,99.21,77.77,56.98,2026-08-12,1,2,4.706,2.684,0.0740000000000007,-0.004,False,False,0,LOW,False,0.12648551730018942,NORMAL
AST-0001,2026-08-12 04:25:38.403936,3.76,3.61,102.09,56.67,84.19,2026-08-12,4,2,4.961999999999999,2.77,-1.201999999999999,0.8399999999999999,False,True,1,MEDIUM,False,0.12471545108092175,NORMAL
AST-0001,2026-08-12 05:53:38.403936,4.22,2.15,104.19,66.97,83.57,2026-08-12,5,2,4.619999999999999,2.71,-0.3999999999999994,-0.56,False,True,1,MEDIUM,False,0.12247364433015812,NORMAL
AST-0001,2026-08-12 10:58:38.403936,4.73,1.81,101.35,72.5,64.05,2026-08-12,10,2,4.333999999999999,2.662,0.3960000000000017,-0.8519999999999999,False,True,1,MEDIUM,False,0.15568162883717002,NORMAL
AST-0001,2026-08-12 12:58:38.403936,4.44,1.95,97.76,54.45,94.48,2026-08-12,12,2,4.385999999999999,2.4400000000000004,0.0540000000000011,-0.4900000000000004,False,False,0,LOW,False,0.039494294558141074,NORMAL
AST-0001,2026-08-12 13:59:38.403936,4.5,1.65,98.78,54.95,51.98,2026-08-12,13,2,4.329999999999999,2.234,0.1700000000000008,-0.5840000000000001,False,True,1,MEDIUM,False,0.11035988944305625,NORMAL
AST-0001,2026-08-12 18:50:38.403936,-3.73,0.78,101.75,68.5,67.4,2026-08-12,18,2,2.832,1.668,-6.561999999999999,-0.8879999999999999,True,True,2,HIGH,False,0.006269165412628452,NORMAL
AST-0001,2026-08-12 21:22:38.403936,5.89,4.03,98.5,70.63,53.29,2026-08-12,21,2,3.1659999999999995,2.044,2.724,1.9860000000000009,False,True,1,MEDIUM,False,0.09662767775038189,NORMAL
AST-0001,2026-08-12 21:47:38.403936,3.76,2.26,100.67,71.19,100.0,2026-08-12,21,2,2.971999999999999,2.1340000000000003,0.7880000000000007,0.1259999999999994,False,False,0,LOW,False,0.07766842566700644,NORMAL
AST-0001,2026-08-13 03:32:38.403936,4.04,3.08,100.0,44.1,61.94,2026-08-13,3,3,2.8919999999999986,2.3600000000000003,1.1480000000000017,0.7199999999999998,False,True,1,MEDIUM,False,0.10080443320786031,NORMAL
AST-0001,2026-08-13 03:39:38.403936,4.67,3.03,104.47,52.62,100.0,2026-08-13,3,3,2.9259999999999997,2.636,1.7440000000000009,0.3939999999999997,False,False,0,LOW,False,0.03024478649512774,NORMAL
AST-0001,2026-08-13 03:54:38.403936,17.15,3.18,102.09,69.54,36.52,2026-08-13,3,3,7.101999999999999,3.116,10.048,0.064,True,False,1,MEDIUM,True,-0.031679915478128984,ANOMALOUS
AST-0001,2026-08-13 06:19:38.403936,5.31,3.82,105.14,63.71,47.55,2026-08-13,6,3,6.985999999999999,3.0740000000000003,-1.6759999999999993,0.7459999999999996,False,True,1,MEDIUM,False,0.08226345128942059,NORMAL
AST-0001,2026-08-13 06:42:38.403936,2.39,1.93,101.06,42.4,78.84,2026-08-13,6,3,6.711999999999999,3.008,-4.321999999999999,-1.078,False,True,1,MEDIUM,False,0.06851213034596876,NORMAL
AST-0001,2026-08-13 10:15:38.403936,3.77,3.36,102.29,85.75,86.24,2026-08-13,10,3,6.658,3.064,-2.8879999999999995,0.2959999999999998,False,False,0,LOW,False,0.06570006507754705,NORMAL
AST-0001,2026-08-13 14:22:38.403936,7.79,2.58,101.97,80.79,62.3,2026-08-13,14,3,7.281999999999999,2.974,0.5080000000000009,-0.3939999999999997,False,False,0,LOW,False,0.0997042695590617,NORMAL
AST-0001,2026-08-13 15:21:38.403936,4.89,3.36,102.57,70.75,68.63,2026-08-13,15,3,4.829999999999999,3.01,0.0600000000000005,0.3500000000000001,False,False,0,LOW,False,0.154198335892063,NORMAL
AST-0001,2026-08-13 18:21:38.403936,5.22,2.84,102.51,85.57,44.64,2026-08-13,18,3,4.811999999999999,2.814,0.4080000000000003,0.0260000000000002,False,False,0,LOW,False,0.05394729473213966,NORMAL
AST-0001,2026-08-13 20:30:38.403936,5.76,2.2,95.49,61.25,46.31,2026-08-13,20,3,5.485999999999999,2.868,0.2740000000000009,-0.6679999999999997,False,True,1,MEDIUM,False,0.04463069792760149,NORMAL
AST-0001,2026-08-13 20:48:38.403936,6.49,2.63,99.62,60.57,53.65,2026-08-13,20,3,6.029999999999999,2.722,0.4600000000000008,-0.092,False,False,0,LOW,False,0.14647577848736787,NORMAL
AST-0001,2026-08-13 21:07:38.403936,2.28,3.58,102.54,72.86,75.6,2026-08-13,21,3,4.927999999999999,2.922,-2.6479999999999992,0.6580000000000004,False,True,1,MEDIUM,False,0.1208888931122088,NORMAL
AST-0001,2026-08-13 23:26:38.403936,3.68,1.37,102.75,77.38,44.87,2026-08-13,23,3,4.685999999999999,2.524,-1.005999999999999,-1.154,False,True,1,MEDIUM,False,0.08439788110632823,NORMAL
AST-0001,2026-08-14 03:05:38.403936,3.58,2.2,100.66,77.82,75.04,2026-08-14,3,4,4.357999999999999,2.396,-0.7779999999999987,-0.1959999999999997,False,False,0,LOW,False,0.1438623663616122,NORMAL
AST-0001,2026-08-14 04:18:38.403936,2.45,2.07,102.3,55.18,93.9,2026-08-14,4,4,3.6959999999999993,2.37,-1.245999999999999,-0.3000000000000002,False,False,0,LOW,False,0.08013655753553511,NORMAL
AST-0001,2026-08-14 18:23:38.403936,4.97,3.03,97.71,53.79,80.99,2026-08-14,18,4,3.3919999999999995,2.45,1.5780000000000003,0.5799999999999996,False,True,1,MEDIUM,False,0.09309683149771125,NORMAL
AST-0001,2026-08-14 20:32:38.403936,4.89,2.0,102.16,57.83,28.42,2026-08-14,20,4,3.9139999999999993,2.134,0.9760000000000004,-0.1339999999999999,False,False,0,LOW,False,0.08897132874388852,NORMAL
AST-0001,2026-08-14 21:45:38.403936,3.03,3.26,102.23,68.77,79.07,2026-08-14,21,4,3.784,2.512,-0.754,0.7480000000000002,False,True,1,MEDIUM,False,0.14508556985658339,NORMAL
AST-0001,2026-08-14 22:24:38.403936,3.56,2.41,101.33,45.83,38.52,2026-08-14,22,4,3.779999999999999,2.554,-0.2199999999999988,-0.1439999999999996,False,False,0,LOW,False,0.0825150283353624,NORMAL
AST-0001,2026-08-14 23:42:38.403936,4.57,1.38,100.13,65.5,51.75,2026-08-14,23,4,4.203999999999999,2.416,0.3660000000000014,-1.036,False,True,1,MEDIUM,False,0.13831460960175823,NORMAL
AST-0001,2026-08-15 01:18:38.403936,3.44,1.82,102.61,57.78,66.08,2026-08-15,1,5,3.898,2.1740000000000004,-0.4579999999999997,-0.3540000000000003,False,False,0,LOW,False,0.14843933776071883,NORMAL
AST-0001,2026-08-15 01:44:38.403936,4.37,2.79,98.62,57.24,83.63,2026-08-15,1,5,3.794,2.332,0.5760000000000005,0.4580000000000002,False,False,0,LOW,False,0.11189416433717442,NORMAL
AST-0001,2026-08-15 05:28:38.403936,5.38,2.15,98.48,67.75,38.14,2026-08-15,5,5,4.263999999999999,2.1100000000000003,1.1160000000000003,0.0399999999999995,False,False,0,LOW,False,0.09032999588516033,NORMAL
AST-0001,2026-08-15 13:00:38.403936,1.72,2.99,106.2,54.85,68.07,2026-08-15,13,5,3.896,2.226,-2.176,0.7640000000000002,False,True,1,MEDIUM,False,0.04992520715262183,NORMAL
AST-0001,2026-08-15 13:30:38.403936,2.95,2.62,102.49,71.3,63.95,2026-08-15,13,5,3.571999999999999,2.474,-0.621999999999999,0.1460000000000003,False,False,0,LOW,False,0.15765429435806472,NORMAL
AST-0001,2026-08-15 13:58:38.403936,3.68,3.34,103.76,51.62,92.59,2026-08-15,13,5,3.62,2.778,0.0600000000000005,0.5620000000000003,False,True,1,MEDIUM,False,0.060468938414135476,NORMAL
AST-0001,2026-08-15 14:51:38.403936,-2.91,2.75,101.42,63.51,18.81,2026-08-15,14,5,2.1639999999999997,2.77,-5.074,-0.02,True,False,1,MEDIUM,True,-0.04532786661843635,ANOMALOUS
AST-0001,2026-08-15 18:24:38.403936,14.14,2.77,100.88,59.1,79.82,2026-08-15,18,5,3.916,2.894,10.224,-0.1239999999999996,True,False,1,MEDIUM,False,0.0375207228101575,NORMAL
AST-0001,2026-08-15 20:54:38.403936,5.35,2.72,103.36,77.91,70.53,2026-08-15,20,5,4.642,2.84,0.7079999999999993,-0.1199999999999996,False,False,0,LOW,False,0.1321480250700775,NORMAL
AST-0001,2026-08-15 21:09:38.403936,3.39,7.28,94.1,57.99,49.24,2026-08-15,21,5,4.729999999999999,3.772,-1.3399999999999983,3.5080000000000005,False,True,1,MEDIUM,True,-0.06300334889987502,ANOMALOUS
AST-0001,2026-08-16 00:46:38.403936,6.02,2.22,102.96,59.09,46.08,2026-08-16,0,6,5.197999999999999,3.5480000000000005,0.822000000000001,-1.3280000000000003,False,True,1,MEDIUM,False,0.13511362140393568,NORMAL
AST-0001,2026-08-16 01:55:38.403936,7.05,2.38,99.73,65.25,96.59,2026-08-16,1,6,7.19,3.474,-0.1399999999999996,-1.0940000000000003,False,True,1,MEDIUM,False,0.08051612301045002,NORMAL
AST-0001,2026-08-16 04:03:38.403936,4.87,2.38,101.34,49.83,77.01,2026-08-16,4,6,5.335999999999999,3.396,-0.4659999999999993,-1.016,False,True,1,MEDIUM,False,0.13064136384846664,NORMAL
AST-0001,2026-08-16 05:43:38.403936,5.63,2.9,99.34,65.99,78.52,2026-08-16,5,6,5.392,3.432,0.2380000000000004,-0.532,False,True,1,MEDIUM,False,0.148783547124201,NORMAL
AST-0001,2026-08-16 08:14:38.403936,5.29,2.16,98.2,73.92,33.32,2026-08-16,8,6,5.772,2.408,-0.4820000000000002,-0.2479999999999997,False,False,0,LOW,False,0.060120816467838845,NORMAL
AST-0001,2026-08-16 11:53:38.403936,4.62,2.71,98.82,68.34,62.21,2026-08-16,11,6,5.491999999999999,2.506,-0.871999999999999,0.2040000000000001,False,False,0,LOW,False,0.15021122021900202,NORMAL
AST-0001,2026-08-16 12:13:38.403936,5.57,2.4,100.76,62.31,65.25,2026-08-16,12,6,5.196,2.51,0.3740000000000005,-0.1100000000000003,False,False,0,LOW,False,0.16830099232991969,NORMAL
AST-0001,2026-08-16 19:53:38.403936,6.05,2.02,103.1,81.99,57.77,2026-08-16,19,6,5.432,2.438,0.6179999999999994,-0.4179999999999997,False,False,0,LOW,False,0.09678372342973302,NORMAL
AST-0001,2026-08-16 20:01:38.403936,5.69,1.5,101.89,51.43,73.4,2026-08-16,20,6,5.444,2.158,0.2460000000000004,-0.6579999999999999,False,True,1,MEDIUM,False,0.11734807155843818,NORMAL
AST-0001,2026-08-16 20:51:38.403936,5.71,3.14,96.7,63.47,89.91,2026-08-16,20,6,5.5280000000000005,2.354,0.1819999999999995,0.786,False,True,1,MEDIUM,False,0.04907021961089919,NORMAL
AST-0001,2026-08-17 01:11:38.403936,4.05,3.25,101.43,72.03,33.07,2026-08-17,1,0,5.414,2.462,-1.364,0.7879999999999998,False,True,1,MEDIUM,False,0.08491390844650798,NORMAL
AST-0001,2026-08-17 03:23:38.403936,8.02,3.26,99.46,66.0,58.97,2026-08-17,3,0,5.903999999999999,2.634,2.1160000000000005,0.6259999999999999,False,True,1,MEDIUM,False,0.11726484815980803,NORMAL
AST-0001,2026-08-17 04:57:38.403936,0.72,2.5,100.51,68.97,61.51,2026-08-17,4,0,4.837999999999999,2.73,-4.117999999999999,-0.2299999999999999,False,False,0,LOW,False,0.11599795198704049,NORMAL
AST-0001,2026-08-17 05:10:38.403936,3.71,2.08,99.77,73.76,52.23,2026-08-17,5,0,4.441999999999999,2.846,-0.7319999999999993,-0.766,False,True,1,MEDIUM,False,0.13590491913941483,NORMAL
AST-0001,2026-08-17 05:37:38.403936,5.27,2.66,102.36,63.8,64.38,2026-08-17,5,0,4.353999999999999,2.75,0.9160000000000004,-0.0899999999999998,False,False,0,LOW,False,0.1684297890365815,NORMAL
AST-0001,2026-08-17 06:57:38.403936,4.94,8.35,99.69,60.41,61.83,2026-08-17,6,0,4.531999999999999,3.770000000000001,0.4080000000000012,4.579999999999999,False,True,1,MEDIUM,False,0.015953017255476598,NORMAL
AST-0001,2026-08-17 10:18:38.403936,5.12,4.21,101.86,81.51,53.67,2026-08-17,10,0,3.952,3.96,1.1680000000000006,0.25,False,False,0,LOW,False,0.08344616280649714,NORMAL
AST-0001,2026-08-17 23:09:38.403936,3.57,3.16,101.83,60.09,77.14,2026-08-17,23,0,4.521999999999999,4.0920000000000005,-0.9519999999999996,-0.9320000000000004,False,True,1,MEDIUM,False,0.15433904068474052,NORMAL
AST-0001,2026-08-18 05:33:38.403936,5.23,2.65,103.18,56.07,56.07,2026-08-18,5,1,4.825999999999999,4.206,0.4040000000000017,-1.5560000000000005,False,True,1,MEDIUM,False,0.14439026331879784,NORMAL
AST-0001,2026-08-18 10:21:38.403936,3.85,2.13,102.19,63.95,51.44,2026-08-18,10,1,4.542,4.1,-0.6919999999999997,-1.97,False,True,1,MEDIUM,False,0.1607757421946251,NORMAL
AST-0001,2026-08-18 12:19:38.403936,4.39,2.43,99.75,53.51,74.02,2026-08-18,12,1,4.432,2.916,-0.0419999999999998,-0.4859999999999997,False,False,0,LOW,False,0.1453148405245986,NORMAL
AST-0001,2026-08-18 19:18:38.403936,5.98,1.41,105.19,65.28,45.9,2026-08-18,19,1,4.604,2.3560000000000003,1.3760000000000003,-0.9460000000000004,False,True,1,MEDIUM,False,0.067528900261908,NORMAL
AST-0001,2026-08-18 19:22:38.403936,3.74,2.35,101.62,64.93,78.24,2026-08-18,19,1,4.638,2.194,-0.8979999999999997,0.1560000000000001,False,False,0,LOW,False,0.16391636099368967,NORMAL
AST-0001,2026-08-18 19:56:38.403936,4.69,2.01,101.53,67.44,42.62,2026-08-18,19,1,4.529999999999999,2.066,0.160000000000001,-0.056,False,False,0,LOW,False,0.13680822925782993,NORMAL
AST-0001,2026-08-19 00:33:38.403936,5.88,2.91,99.0,57.76,58.15,2026-08-19,0,2,4.936,2.222,0.944,0.6880000000000002,False,True,1,MEDIUM,False,0.13570515436489877,NORMAL
AST-0001,2026-08-19 01:20:38.403936,13.2,3.93,100.81,41.21,77.06,2026-08-19,1,2,6.697999999999999,2.522,6.502000000000001,1.4080000000000004,True,True,2,HIGH,True,-0.022175166163073023,ANOMALOUS
AST-0001,2026-08-19 08:30:38.403936,7.5,2.25,102.02,70.41,46.99,2026-08-19,8,2,7.002,2.69,0.4980000000000002,-0.4399999999999999,False,False,0,LOW,False,0.12744064138038674,NORMAL
AST-0001,2026-08-19 10:15:38.403936,4.73,1.49,98.84,66.07,56.0,2026-08-19,10,2,7.199999999999998,2.518,-2.469999999999998,-1.0279999999999998,False,True,1,MEDIUM,False,0.13079270050358438,NORMAL
AST-0001,2026-08-19 10:57:38.403936,3.49,2.18,105.28,56.68,55.1,2026-08-19,10,2,6.959999999999999,2.5520000000000005,-3.469999999999999,-0.3720000000000003,False,False,0,LOW,False,0.09523388516696835,NORMAL
AST-0001,2026-08-20 01:23:38.403936,-0.12,2.82,100.01,76.11,72.02,2026-08-20,1,3,5.759999999999999,2.534,-5.879999999999999,0.286,True,False,1,MEDIUM,False,0.0814531045028975,NORMAL
AST-0001,2026-08-20 03:53:38.403936,4.96,2.93,99.58,64.28,62.18,2026-08-20,3,3,4.111999999999999,2.3340000000000005,0.8480000000000008,0.5959999999999996,False,True,1,MEDIUM,False,0.1636306338912617,NORMAL
AST-0001,2026-08-20 07:56:38.403936,3.11,2.1,101.15,83.89,69.29,2026-08-20,7,3,3.2339999999999995,2.3040000000000003,-0.1239999999999996,-0.2040000000000001,False,False,0,LOW,False,0.10191980033150927,NORMAL
AST-0001,2026-08-20 08:29:38.403936,4.74,2.28,103.88,69.22,88.58,2026-08-20,8,3,3.2359999999999998,2.462,1.504000000000001,-0.1820000000000003,False,False,0,LOW,False,0.11831536557396544,NORMAL
AST-0001,2026-08-20 09:23:38.403936,3.4,3.26,103.67,53.35,43.33,2026-08-20,9,3,3.217999999999999,2.678,0.1820000000000008,0.5819999999999999,False,True,1,MEDIUM,False,0.09170325999854839,NORMAL
AST-0001,2026-08-20 17:54:38.403936,3.93,1.48,100.96,70.99,43.26,2026-08-20,17,3,4.028,2.41,-0.0979999999999994,-0.9300000000000002,False,True,1,MEDIUM,False,0.12249234017718413,NORMAL
AST-0001,2026-08-20 19:21:38.403936,3.7,2.58,99.48,60.78,61.08,2026-08-20,19,3,3.775999999999999,2.3400000000000003,-0.0759999999999987,0.2399999999999997,False,False,0,LOW,False,0.15529748092862938,NORMAL
AST-0001,2026-08-20 22:05:38.403936,4.43,2.59,101.42,55.72,61.58,2026-08-20,22,3,4.039999999999999,2.438,0.3900000000000005,0.1520000000000001,False,False,0,LOW,False,0.16203510695901818,NORMAL
AST-0001,2026-08-21 00:37:38.403936,4.42,1.46,103.04,72.44,52.84,2026-08-21,0,4,3.975999999999999,2.274,0.4440000000000008,-0.8140000000000001,False,True,1,MEDIUM,False,0.1262781313316722,NORMAL
AST-0001,2026-08-21 01:21:38.403936,4.02,3.94,101.76,69.98,76.99,2026-08-21,1,4,4.1,2.41,-0.08,1.5299999999999998,False,True,1,MEDIUM,False,0.13898157959764068,NORMAL
AST-0001,2026-08-21 06:08:38.403936,2.99,4.27,102.76,56.52,61.34,2026-08-21,6,4,3.911999999999999,2.968,-0.9219999999999988,1.3019999999999996,False,True,1,MEDIUM,False,0.11153760690563458,NORMAL
AST-0001,2026-08-21 07:17:38.403936,3.05,2.35,101.95,55.03,41.39,2026-08-21,7,4,3.781999999999999,2.922,-0.7319999999999993,-0.5719999999999996,False,True,1,MEDIUM,False,0.12002498270253653,NORMAL
AST-0001,2026-08-21 08:26:38.403936,6.9,3.02,99.99,59.89,66.44,2026-08-21,8,4,4.275999999999999,3.008,2.624000000000001,0.012,False,False,0,LOW,False,0.1406288477725678,NORMAL
AST-0001,2026-08-21 09:06:38.403936,7.8,2.59,97.33,74.54,60.83,2026-08-21,9,4,4.952,3.2340000000000004,2.848,-0.6440000000000006,False,True,1,MEDIUM,False,0.06669261927566739,NORMAL
AST-0001,2026-08-21 15:03:38.403936,3.67,2.4,104.64,55.57,94.07,2026-08-21,15,4,4.882,2.926,-1.2119999999999995,-0.5259999999999998,False,True,1,MEDIUM,False,0.051649199751344466,NORMAL
AST-0001,2026-08-21 20:39:38.403936,4.02,2.6,99.8,46.01,87.22,2026-08-21,20,4,5.087999999999999,2.592,-1.0679999999999996,0.0080000000000004,False,False,0,LOW,False,0.07603116066978804,NORMAL
AST-0001,2026-08-21 22:18:38.403936,5.99,3.43,103.37,85.39,87.8,2026-08-21,22,4,5.675999999999999,2.808,0.3140000000000009,0.6220000000000003,False,True,1,MEDIUM,False,0.03932822023585053,NORMAL
AST-0001,2026-08-22 06:15:38.403936,4.13,1.95,97.65,75.57,52.48,2026-08-22,6,5,5.121999999999999,2.5940000000000003,-0.9919999999999992,-0.6440000000000003,False,True,1,MEDIUM,False,0.08580957887349394,NORMAL
AST-0001,2026-08-22 12:45:38.403936,2.14,2.79,99.78,71.69,41.04,2026-08-22,12,5,3.9899999999999993,2.634,-1.8499999999999992,0.1560000000000001,False,False,0,LOW,False,0.09393441331988128,NORMAL
AST-0001,2026-08-22 20:15:38.403936,3.78,2.35,99.09,53.04,79.63,2026-08-22,20,5,4.011999999999999,2.624,-0.2319999999999988,-0.2739999999999996,False,False,0,LOW,False,0.12547256204787416,NORMAL
AST-0001,2026-08-22 20:15:38.403936,10.56,1.73,97.28,59.51,92.19,2026-08-22,20,5,5.319999999999999,2.45,5.240000000000001,-0.7200000000000002,True,True,2,HIGH,True,-0.004139828463351702,ANOMALOUS
AST-0001,2026-08-22 21:45:38.403936,2.82,3.07,101.34,63.61,57.37,2026-08-22,21,5,4.685999999999999,2.378,-1.8659999999999992,0.6919999999999997,False,True,1,MEDIUM,False,0.16021840803638399,NORMAL
AST-0001,2026-08-23 01:20:38.403936,3.13,2.17,101.99,68.48,48.84,2026-08-23,1,6,4.485999999999999,2.422,-1.355999999999999,-0.2519999999999998,False,False,0,LOW,False,0.14583458028576923,NORMAL
AST-0001,2026-08-23 01:28:38.403936,6.14,0.75,104.37,76.22,56.72,2026-08-23,1,6,5.286,2.014,0.8540000000000001,-1.2640000000000002,False,True,1,MEDIUM,False,0.05408182574269721,NORMAL
AST-0001,2026-08-23 01:43:38.403936,11.31,2.88,105.06,78.45,93.68,2026-08-23,1,6,6.792,2.12,4.518000000000001,0.7599999999999998,False,True,1,MEDIUM,True,-0.035541868906574625,ANOMALOUS
AST-0001,2026-08-23 01:47:38.403936,4.95,0.92,101.03,70.63,62.07,2026-08-23,1,6,5.67,1.958,-0.7199999999999998,-1.0379999999999998,False,True,1,MEDIUM,False,0.12433286992631187,NORMAL
AST-0001,2026-08-23 05:25:38.403936,4.38,2.09,100.34,65.3,67.02,2026-08-23,5,6,5.981999999999999,1.7619999999999998,-1.6019999999999994,0.328,False,False,0,LOW,False,0.17044139143283,NORMAL
AST-0001,2026-08-23 05:51:38.403936,4.23,9.59,98.53,44.07,92.15,2026-08-23,5,6,6.202,3.246,-1.9719999999999995,6.344,False,True,1,MEDIUM,True,-0.09505500482765639,ANOMALOUS
AST-0001,2026-08-23 08:22:38.403936,2.74,1.06,102.38,72.59,54.62,2026-08-23,8,6,5.522,3.308,-2.782,-2.248,False,True,1,MEDIUM,False,0.10592896348248748,NORMAL
AST-0001,2026-08-23 14:17:38.403936,6.42,3.33,102.47,63.7,75.44,2026-08-23,14,6,4.543999999999999,3.398,1.8760000000000008,-0.0679999999999996,False,False,0,LOW,False,0.15292117881510653,NORMAL
AST-0001,2026-08-23 15:27:38.403936,2.88,1.08,99.86,71.88,54.35,2026-08-23,15,6,4.129999999999999,3.43,-1.2499999999999991,-2.35,False,True,1,MEDIUM,False,0.09823661840648917,NORMAL
AST-0001,2026-08-23 16:34:38.403936,3.44,3.08,101.16,62.13,72.83,2026-08-23,16,6,3.9419999999999993,3.628,-0.5019999999999993,-0.548,False,True,1,MEDIUM,False,0.16326833272601038,NORMAL
AST-0001,2026-08-23 21:50:38.403936,4.6,2.42,97.99,80.52,69.42,2026-08-23,21,6,4.016,2.194,0.5839999999999996,0.2259999999999999,False,False,0,LOW,False,0.0924293634608,NORMAL
AST-0001,2026-08-24 02:21:38.403936,3.05,2.26,99.36,59.34,68.62,2026-08-24,2,0,4.077999999999999,2.434,-1.0279999999999987,-0.1740000000000003,False,False,0,LOW,False,0.14539225461328292,NORMAL
AST-0001,2026-08-24 03:03:38.403936,2.66,2.53,99.76,67.34,36.99,2026-08-24,3,0,3.325999999999999,2.274,-0.665999999999999,0.2559999999999998,False,False,0,LOW,False,0.09546054499772566,NORMAL
AST-0001,2026-08-24 04:58:38.403936,4.35,3.36,98.92,60.88,51.47,2026-08-24,4,0,3.62,2.7299999999999995,0.73,0.6300000000000003,False,True,1,MEDIUM,False,0.12908028502159674,NORMAL
AST-0001,2026-08-24 10:53:38.403936,5.42,2.69,102.5,75.12,53.33,2026-08-24,10,0,4.015999999999999,2.652,1.4040000000000008,0.0380000000000002,False,False,0,LOW,False,0.14360125658800243,NORMAL
AST-0001,2026-08-24 16:44:38.403936,1.74,1.48,100.05,65.26,74.32,2026-08-24,16,0,3.443999999999999,2.4639999999999995,-1.703999999999999,-0.9839999999999997,False,True,1,MEDIUM,False,0.12593609069433714,NORMAL
AST-0001,2026-08-24 22:09:38.403936,4.77,3.61,103.14,49.29,47.19,2026-08-24,22,0,3.787999999999999,2.7339999999999995,0.9820000000000008,0.8760000000000003,False,True,1,MEDIUM,False,0.09645810091561285,NORMAL
AST-0001,2026-08-24 23:08:38.403936,4.39,2.99,97.42,56.39,45.44,2026-08-24,23,0,4.133999999999999,2.826,0.2560000000000011,0.1640000000000006,False,False,0,LOW,False,0.07295865032017573,NORMAL
AST-0001,2026-08-25 00:51:38.403936,2.58,2.45,100.16,67.43,44.43,2026-08-25,0,1,3.78,2.644,-1.1999999999999995,-0.1939999999999999,False,False,0,LOW,False,0.1238500534818624,NORMAL
AST-0001,2026-08-25 05:29:38.403936,6.68,3.59,100.53,75.36,69.48,2026-08-25,5,1,4.031999999999999,2.8240000000000003,2.648000000000001,0.7659999999999996,False,True,1,MEDIUM,False,0.12046279510460056,NORMAL
AST-0001,2026-08-25 07:52:38.403936,5.16,3.12,102.22,81.74,64.9,2026-08-25,7,1,4.715999999999999,3.152,0.4440000000000008,-0.032,False,False,0,LOW,False,0.11800561761678613,NORMAL
AST-0001,2026-08-25 19:09:38.403936,2.95,2.98,100.12,63.68,66.3,2026-08-25,19,1,4.351999999999999,3.026,-1.4019999999999992,-0.0460000000000002,False,False,0,LOW,False,0.15887675262041578,NORMAL
AST-0001,2026-08-26 02:46:38.403936,5.0,3.66,103.06,54.23,89.78,2026-08-26,2,2,4.473999999999999,3.16,0.5260000000000007,0.5,False,False,0,LOW,False,0.09210996270748462,NORMAL
AST-0001,2026-08-26 03:38:38.403936,4.66,3.61,102.96,82.02,85.88,2026-08-26,3,2,4.89,3.3920000000000003,-0.2299999999999995,0.2179999999999995,False,False,0,LOW,False,0.07069087370909721,NORMAL
AST-0001,2026-08-26 06:14:38.403936,2.87,2.58,102.6,74.21,93.12,2026-08-26,6,2,4.127999999999998,3.19,-1.2579999999999982,-0.6099999999999999,False,True,1,MEDIUM,False,0.09591093167040543,NORMAL
AST-0001,2026-08-26 10:40:38.403936,3.79,2.72,101.96,55.9,72.11,2026-08-26,10,2,3.853999999999999,3.11,-0.0639999999999991,-0.3899999999999997,False,False,0,LOW,False,0.15573386915294873,NORMAL
AST-0001,2026-08-26 13:25:38.403936,6.38,2.96,103.55,77.13,57.54,2026-08-26,13,2,4.539999999999999,3.1060000000000003,1.8400000000000007,-0.1460000000000003,False,False,0,LOW,False,0.11323633687767065,NORMAL
AST-0001,2026-08-26 14:39:38.403936,6.09,1.18,99.91,57.8,19.43,2026-08-26,14,2,4.758,2.6100000000000003,1.332,-1.4300000000000004,False,True,1,MEDIUM,False,0.02573964463541012,NORMAL
AST-0001,2026-08-26 17:58:38.403936,0.93,2.31,101.22,77.81,65.86,2026-08-26,17,2,4.012,2.35,-3.0819999999999994,-0.04,False,False,0,LOW,False,0.10147985600769988,NORMAL
AST-0001,2026-08-26 18:55:38.403936,4.95,2.47,97.82,65.18,86.79,2026-08-26,18,2,4.427999999999999,2.328,0.5220000000000011,0.1420000000000003,False,False,0,LOW,False,0.10401127288772422,NORMAL
AST-0001,2026-08-26 22:40:38.403936,6.61,2.66,97.09,58.26,49.55,2026-08-26,22,2,4.991999999999999,2.316,1.6180000000000012,0.3440000000000003,False,False,0,LOW,False,0.06642303466261745,NORMAL
AST-0001,2026-08-26 22:43:38.403936,4.67,5.82,102.15,79.9,62.33,2026-08-26,22,2,4.65,2.888,0.0199999999999995,2.9320000000000004,False,True,1,MEDIUM,False,0.054589391990707836,NORMAL
AST-0001,2026-08-27 01:45:38.403936,5.17,4.48,101.08,64.0,54.13,2026-08-27,1,3,4.465999999999999,3.5480000000000005,0.7040000000000006,0.932,False,True,1,MEDIUM,False,0.12151280439914736,NORMAL
AST-0001,2026-08-27 07:35:38.403936,4.99,2.42,101.1,73.1,95.08,2026-08-27,7,3,5.277999999999999,3.5700000000000003,-0.2879999999999985,-1.1500000000000004,False,True,1,MEDIUM,False,0.10280503433870908,NORMAL
AST-0001,2026-08-27 08:15:38.403936,3.23,3.1,101.45,73.69,83.05,2026-08-27,8,3,4.933999999999999,3.696,-1.7039999999999993,-0.5960000000000001,False,True,1,MEDIUM,False,0.1390766925163502,NORMAL
AST-0001,2026-08-27 08:23:38.403936,2.34,1.71,99.54,68.95,55.53,2026-08-27,8,3,4.079999999999999,3.506,-1.739999999999999,-1.7960000000000005,False,True,1,MEDIUM,False,0.12245954298139006,NORMAL
AST-0001,2026-08-27 16:14:38.403936,4.75,3.3,103.08,68.53,75.79,2026-08-27,16,3,4.095999999999999,3.002,0.6540000000000008,0.298,False,False,0,LOW,False,0.15532367168220118,NORMAL
AST-0001,2026-08-27 17:48:38.403936,0.1,1.45,96.93,66.75,69.33,2026-08-27,17,3,3.0819999999999994,2.396,-2.9819999999999998,-0.946,False,True,1,MEDIUM,False,0.022068879757921933,NORMAL
AST-0001,2026-08-27 17:58:38.403936,6.19,2.34,105.28,59.11,69.22,2026-08-27,17,3,3.321999999999999,2.38,2.868000000000001,-0.04,False,False,0,LOW,False,0.09682274741798824,NORMAL
AST-0001,2026-08-27 19:16:38.403936,4.85,1.89,96.92,76.95,82.25,2026-08-27,19,3,3.646,2.138,1.2040000000000002,-0.248,False,False,0,LOW,False,0.056462815843238257,NORMAL
AST-0001,2026-08-27 20:23:38.403936,4.81,3.11,98.07,68.0,81.78,2026-08-27,20,3,4.139999999999999,2.418,0.6700000000000008,0.6919999999999997,False,True,1,MEDIUM,False,0.12337800413976913,NORMAL
AST-0001,2026-08-28 00:58:38.403936,5.68,3.47,98.85,66.81,74.38,2026-08-28,0,4,4.325999999999999,2.452,1.354000000000001,1.0180000000000002,False,True,1,MEDIUM,False,0.13378151122817517,NORMAL
AST-0001,2026-08-28 03:49:38.403936,4.05,2.5,98.55,60.37,71.98,2026-08-28,3,4,5.115999999999999,2.662,-1.065999999999999,-0.1619999999999999,False,False,0,LOW,False,0.14048593841577034,NORMAL
AST-0001,2026-08-28 06:53:38.403936,5.17,2.02,101.38,54.25,64.96,2026-08-28,6,4,4.911999999999999,2.598,0.2580000000000009,-0.5779999999999998,False,True,1,MEDIUM,False,0.15395698230149119,NORMAL
AST-0001,2026-08-28 10:18:38.403936,4.79,2.4,100.61,68.54,68.41,2026-08-28,10,4,4.899999999999999,2.7,-0.1099999999999985,-0.3000000000000002,False,False,0,LOW,False,0.16901914852638572,NORMAL
AST-0001,2026-08-28 12:56:38.403936,4.66,1.78,98.64,63.11,81.59,2026-08-28,12,4,4.869999999999999,2.434,-0.209999999999999,-0.6540000000000001,False,True,1,MEDIUM,False,0.12511379107392911,NORMAL
AST-0001,2026-08-28 14:42:38.403936,3.24,2.09,94.03,85.92,74.91,2026-08-28,14,4,4.382,2.158,-1.1419999999999997,-0.068,False,False,0,LOW,True,-0.01891230826640955,ANOMALOUS
AST-0001,2026-08-28 17:12:38.403936,3.26,3.11,100.85,64.2,70.04,2026-08-28,17,4,4.223999999999999,2.28,-0.9639999999999996,0.8299999999999996,False,True,1,MEDIUM,False,0.16354354536028365,NORMAL
AST-0002,2026-07-29 18:56:38.403936,4.43,2.72,101.34,67.81,63.37,2026-07-29,18,2,4.43,2.72,0.0,0.0,False,False,0,LOW,False,0.1746562602783825,NORMAL
AST-0002,2026-07-29 20:27:38.403936,6.45,0.9,99.89,69.96,76.6,2026-07-29,20,2,5.44,1.81,1.010000000000001,-0.91,False,True,1,MEDIUM,False,0.10827014430603243,NORMAL
AST-0002,2026-07-30 01:33:38.403936,1.37,3.28,101.9,57.27,99.18,2026-07-30,1,3,4.083333333333333,2.3000000000000003,-2.713333333333333,0.9799999999999996,False,True,1,MEDIUM,False,0.04008521482035987,NORMAL
AST-0002,2026-07-30 09:07:38.403936,5.15,1.56,101.05,64.21,88.5,2026-07-30,9,3,4.35,2.115,0.8000000000000007,-0.5550000000000002,False,True,1,MEDIUM,False,0.1307539233412327,NORMAL
AST-0002,2026-07-30 12:14:38.403936,-4.77,2.99,99.79,63.98,91.04,2026-07-30,12,3,2.526,2.29,-7.295999999999999,0.7000000000000002,True,True,2,HIGH,True,-0.007385043172486561,ANOMALOUS
AST-0002,2026-07-30 13:36:38.403936,3.5,1.36,101.16,61.52,49.84,2026-07-30,13,3,2.3400000000000003,2.018,1.1599999999999997,-0.6579999999999997,False,True,1,MEDIUM,False,0.13056139598318733,NORMAL
AST-0002,2026-07-30 17:11:38.403936,6.98,2.3,96.42,77.1,59.49,2026-07-30,17,3,2.446,2.298,4.534000000000001,0.0020000000000002,False,False,0,LOW,False,0.03906903127808564,NORMAL
AST-0002,2026-07-30 20:13:38.403936,6.54,3.35,102.51,50.24,58.67,2026-07-30,20,3,3.4799999999999995,2.3120000000000003,3.0600000000000005,1.0379999999999998,False,True,1,MEDIUM,False,0.11971833356420863,NORMAL
AST-0002,2026-07-30 21:33:38.403936,6.15,1.04,98.8,63.24,71.37,2026-07-30,21,3,3.6800000000000006,2.208,2.47,-1.1679999999999997,False,True,1,MEDIUM,False,0.11175403732922717,NORMAL
AST-0002,2026-07-31 04:31:38.403936,3.69,3.24,102.79,63.15,44.16,2026-07-31,4,4,5.372000000000001,2.258,-1.6820000000000008,0.9820000000000002,False,True,1,MEDIUM,False,0.13143740316459762,NORMAL
AST-0002,2026-07-31 10:44:38.403936,6.14,3.34,99.42,80.99,38.78,2026-07-31,10,4,5.9,2.654,0.2399999999999993,0.6859999999999999,False,True,1,MEDIUM,False,0.053479358084952855,NORMAL
AST-0002,2026-07-31 14:25:38.403936,6.63,5.38,101.38,79.2,83.23,2026-07-31,14,4,5.83,3.2700000000000005,0.7999999999999998,2.1099999999999994,False,True,1,MEDIUM,False,0.032635865864933944,NORMAL
AST-0002,2026-07-31 22:39:38.403936,5.35,2.3,101.07,78.46,66.59,2026-07-31,22,4,5.592,3.06,-0.242,-0.7600000000000002,False,True,1,MEDIUM,False,0.14374386452856147,NORMAL
AST-0002,2026-08-01 04:28:38.403936,4.68,2.34,105.24,81.67,80.58,2026-08-01,4,5,5.298,3.3200000000000003,-0.6180000000000003,-0.9800000000000004,False,True,1,MEDIUM,False,0.06040997771586981,NORMAL
AST-0002,2026-08-01 09:59:38.403936,5.98,2.6,100.35,51.95,48.92,2026-08-01,9,5,5.755999999999999,3.192,0.2240000000000011,-0.5920000000000001,False,True,1,MEDIUM,False,0.12767272669699553,NORMAL
AST-0002,2026-08-01 16:40:38.403936,4.58,3.24,101.76,78.14,29.02,2026-08-01,16,5,5.444000000000001,3.172,-0.8640000000000008,0.068,False,False,0,LOW,False,0.047657601817953366,NORMAL
AST-0002,2026-08-01 16:56:38.403936,5.33,3.15,100.64,75.35,45.48,2026-08-01,16,5,5.183999999999999,2.726,0.1460000000000008,0.4239999999999999,False,False,0,LOW,False,0.12213797949079208,NORMAL
AST-0002,2026-08-01 17:42:38.403936,2.69,9.19,101.81,70.84,62.7,2026-08-01,17,5,4.652,4.104,-1.962,5.085999999999999,False,True,1,MEDIUM,True,-0.0017182033149770737,ANOMALOUS
AST-0002,2026-08-01 19:15:38.403936,4.99,2.77,98.94,54.56,81.94,2026-08-01,19,5,4.714,4.19,0.2759999999999998,-1.4199999999999997,False,True,1,MEDIUM,False,0.11820482218975592,NORMAL
AST-0002,2026-08-02 02:02:38.403936,-3.07,5.7,100.02,56.85,45.81,2026-08-02,2,6,2.9040000000000004,4.8100000000000005,-5.974,0.8899999999999997,True,True,2,HIGH,True,-0.05131428791479753,ANOMALOUS
AST-0002,2026-08-02 07:13:38.403936,11.15,4.66,101.78,56.49,80.55,2026-08-02,7,6,4.218000000000001,5.093999999999999,6.932,-0.4339999999999993,True,False,1,MEDIUM,False,0.021953553060499953,NORMAL
AST-0002,2026-08-02 11:46:38.403936,4.09,0.34,101.19,62.69,77.53,2026-08-02,11,6,3.97,4.532000000000001,0.1199999999999996,-4.192000000000001,False,True,1,MEDIUM,False,0.1023965301723822,NORMAL
AST-0002,2026-08-02 14:59:38.403936,6.29,3.23,102.44,72.93,51.58,2026-08-02,14,6,4.69,3.34,1.5999999999999996,-0.1099999999999998,False,False,0,LOW,False,0.13641332591328303,NORMAL
AST-0002,2026-08-02 20:35:38.403936,4.86,2.72,104.48,59.24,60.99,2026-08-02,20,6,4.664,3.3300000000000005,0.1960000000000006,-0.6100000000000003,False,True,1,MEDIUM,False,0.12484375175128032,NORMAL
AST-0002,2026-08-02 23:07:38.403936,4.28,1.84,100.66,69.13,54.85,2026-08-02,23,6,6.134,2.5580000000000003,-1.854,-0.7180000000000002,False,True,1,MEDIUM,False,0.15712146648377073,NORMAL
AST-0002,2026-08-03 02:21:38.403936,4.34,2.08,100.88,56.46,92.43,2026-08-03,2,0,4.772,2.0420000000000003,-0.4320000000000004,0.0379999999999998,False,False,0,LOW,False,0.10612102691827491,NORMAL
AST-0002,2026-08-03 08:01:38.403936,5.14,3.45,102.71,74.32,68.09,2026-08-03,8,0,4.982000000000001,2.664,0.1579999999999985,0.786,False,True,1,MEDIUM,False,0.1421784783420303,NORMAL
AST-0002,2026-08-03 12:50:38.403936,2.37,2.68,102.77,71.19,53.67,2026-08-03,12,0,4.198,2.554,-1.8279999999999996,0.1260000000000003,False,False,0,LOW,False,0.13695269103852753,NORMAL
AST-0002,2026-08-03 18:58:38.403936,3.17,2.61,100.54,51.8,71.07,2026-08-03,18,0,3.86,2.532,-0.6900000000000004,0.0779999999999998,False,False,0,LOW,False,0.1338209593241726,NORMAL
AST-0002,2026-08-03 19:31:38.403936,4.39,2.57,100.74,72.73,79.1,2026-08-03,19,0,3.8819999999999992,2.678,0.5080000000000005,-0.1080000000000001,False,False,0,LOW,False,0.1572999029455701,NORMAL
AST-0002,2026-08-04 00:17:38.403936,3.96,1.92,102.05,68.12,86.47,2026-08-04,0,1,3.806,2.646,0.1540000000000003,-0.726,False,True,1,MEDIUM,False,0.14127267688444212,NORMAL
AST-0002,2026-08-04 03:16:38.403936,4.06,2.9,101.24,68.15,68.87,2026-08-04,3,1,3.59,2.536,0.4699999999999997,0.3639999999999999,False,False,0,LOW,False,0.17056699389253888,NORMAL
AST-0002,2026-08-04 04:45:38.403936,4.45,2.68,104.07,69.73,68.61,2026-08-04,4,1,4.005999999999999,2.536,0.4440000000000008,0.1440000000000001,False,False,0,LOW,False,0.14266257709770414,NORMAL
AST-0002,2026-08-04 04:46:38.403936,4.38,2.35,98.44,78.57,61.94,2026-08-04,4,1,4.248,2.4840000000000004,0.1319999999999996,-0.1340000000000003,False,False,0,LOW,False,0.11449537017440464,NORMAL
AST-0002,2026-08-04 04:59:38.403936,5.03,3.03,100.84,69.25,95.18,2026-08-04,4,1,4.376,2.576,0.6540000000000008,0.4539999999999997,False,False,0,LOW,False,0.1089666107024369,NORMAL
AST-0002,2026-08-04 06:57:38.403936,6.41,2.45,101.42,68.4,100.0,2026-08-04,6,1,4.866,2.682,1.5440000000000005,-0.2319999999999997,False,False,0,LOW,False,0.08521366602669278,NORMAL
AST-0002,2026-08-04 07:55:38.403936,5.99,0.99,98.25,64.82,70.28,2026-08-04,7,1,5.252000000000001,2.3,0.7379999999999995,-1.3099999999999998,False,True,1,MEDIUM,False,0.09897580030416775,NORMAL
AST-0002,2026-08-04 08:50:38.403936,3.61,2.26,102.92,59.16,51.51,2026-08-04,8,1,5.0840000000000005,2.216,-1.4740000000000006,0.0439999999999995,False,False,0,LOW,False,0.14616374293700574,NORMAL
AST-0002,2026-08-04 13:37:38.403936,3.84,1.61,103.28,69.59,81.52,2026-08-04,13,1,4.976,2.068,-1.136,-0.4579999999999999,False,False,0,LOW,False,0.12743865135327487,NORMAL
AST-0002,2026-08-04 15:43:38.403936,4.2,2.46,100.46,65.9,64.33,2026-08-04,15,1,4.8100000000000005,1.954,-0.6100000000000003,0.506,False,True,1,MEDIUM,False,0.17134306995772153,NORMAL
AST-0002,2026-08-04 16:11:38.403936,2.64,2.16,97.15,84.12,48.13,2026-08-04,16,1,4.056,1.896,-1.416,0.264,False,False,0,LOW,False,0.0011991573607876838,NORMAL
AST-0002,2026-08-04 16:22:38.403936,4.8,0.79,102.18,71.44,32.63,2026-08-04,16,1,3.817999999999999,1.8560000000000003,0.9820000000000008,-1.0660000000000005,False,True,1,MEDIUM,False,0.06412352662553572,NORMAL
AST-0002,2026-08-04 18:56:38.403936,4.94,2.37,100.8,82.63,73.6,2026-08-04,18,1,4.084,1.878,0.8560000000000008,0.492,False,False,0,LOW,False,0.11927830840368209,NORMAL
AST-0002,2026-08-04 21:27:38.403936,5.33,3.21,102.0,66.72,98.37,2026-08-04,21,1,4.382,2.198,0.9480000000000004,1.012,False,True,1,MEDIUM,False,0.10261359816069132,NORMAL
AST-0002,2026-08-04 22:24:38.403936,7.75,3.45,101.73,75.27,84.91,2026-08-04,22,1,5.0920000000000005,2.396,2.6579999999999995,1.0540000000000005,False,True,1,MEDIUM,False,0.08966586667484155,NORMAL
AST-0002,2026-08-05 10:29:38.403936,4.95,2.1,101.46,75.39,29.14,2026-08-05,10,2,5.554,2.3840000000000003,-0.6040000000000001,-0.2840000000000002,False,False,0,LOW,False,0.08118534100684932,NORMAL
AST-0002,2026-08-05 12:23:38.403936,5.44,1.56,101.59,58.23,83.2,2026-08-05,12,2,5.682,2.5380000000000003,-0.242,-0.9780000000000002,False,True,1,MEDIUM,False,0.12636889745482172,NORMAL
AST-0002,2026-08-05 12:27:38.403936,3.59,3.19,99.59,73.85,88.58,2026-08-05,12,2,5.412000000000001,2.702,-1.822000000000001,0.488,False,False,0,LOW,False,0.11460150691079934,NORMAL
AST-0002,2026-08-05 14:14:38.403936,6.04,3.2,99.01,73.2,63.84,2026-08-05,14,2,5.554,2.7,0.4859999999999997,0.5,False,False,0,LOW,False,0.13341484912159407,NORMAL
AST-0002,2026-08-05 14:15:38.403936,5.26,3.15,101.96,94.35,46.5,2026-08-05,14,2,5.056,2.64,0.2039999999999997,0.5099999999999998,False,True,1,MEDIUM,False,0.009446796503565946,NORMAL
AST-0002,2026-08-05 16:05:38.403936,5.66,3.17,100.92,62.19,91.98,2026-08-05,16,2,5.198,2.854,0.4619999999999997,0.3159999999999998,False,False,0,LOW,False,0.1265723416895977,NORMAL
AST-0002,2026-08-05 22:25:38.403936,4.49,2.5,102.52,66.77,87.15,2026-08-05,22,2,5.008,3.0420000000000003,-0.5179999999999998,-0.5420000000000003,False,True,1,MEDIUM,False,0.1469971187747361,NORMAL
AST-0002,2026-08-05 23:19:38.403936,4.43,1.26,102.31,55.36,38.87,2026-08-05,23,2,5.176,2.656,-0.7460000000000004,-1.3959999999999997,False,True,1,MEDIUM,False,0.10063658694979061,NORMAL
AST-0002,2026-08-05 23:43:38.403936,2.56,1.69,103.28,71.01,89.96,2026-08-05,23,2,4.48,2.354,-1.9199999999999997,-0.6640000000000001,False,True,1,MEDIUM,False,0.09543854897458931,NORMAL
AST-0002,2026-08-06 12:00:38.403936,3.89,1.84,100.6,57.31,48.19,2026-08-06,12,3,4.206,2.092,-0.3160000000000003,-0.252,False,False,0,LOW,False,0.142685026363446,NORMAL
AST-0002,2026-08-06 14:15:38.403936,4.45,3.53,99.72,65.61,34.43,2026-08-06,14,3,3.964,2.164,0.4860000000000002,1.3659999999999997,False,True,1,MEDIUM,False,0.08662141528069078,NORMAL
AST-0002,2026-08-06 17:09:38.403936,4.32,3.71,100.86,64.69,68.06,2026-08-06,17,3,3.93,2.406,0.3900000000000005,1.3040000000000005,False,True,1,MEDIUM,False,0.15805126134550584,NORMAL
AST-0002,2026-08-06 17:32:38.403936,5.83,1.89,101.38,71.83,61.23,2026-08-06,17,3,4.21,2.532,1.62,-0.6420000000000001,False,True,1,MEDIUM,False,0.15493092311861167,NORMAL
AST-0002,2026-08-06 18:02:38.403936,1.52,2.92,102.35,58.62,67.66,2026-08-06,18,3,4.002000000000001,2.778,-2.4820000000000007,0.1419999999999999,False,False,0,LOW,False,0.1279881398630917,NORMAL
AST-0002,2026-08-06 20:44:38.403936,1.73,1.9,105.09,64.55,52.29,2026-08-06,20,3,3.5700000000000003,2.79,-1.8400000000000003,-0.8900000000000001,False,True,1,MEDIUM,False,0.08043724232761013,NORMAL
AST-0002,2026-08-06 21:21:38.403936,6.55,1.73,102.67,75.58,33.34,2026-08-06,21,3,3.99,2.43,2.56,-0.6999999999999997,False,True,1,MEDIUM,False,0.07349814936926424,NORMAL
AST-0002,2026-08-06 21:26:38.403936,5.15,1.72,101.69,58.59,37.31,2026-08-06,21,3,4.156000000000001,2.032,0.9939999999999998,-0.312,False,False,0,LOW,False,0.11362622317243676,NORMAL
AST-0002,2026-08-06 23:41:38.403936,4.54,2.29,98.31,54.97,77.74,2026-08-06,23,3,3.898000000000001,2.112,0.6419999999999995,0.1780000000000003,False,False,0,LOW,False,0.12094303355006303,NORMAL
AST-0002,2026-08-07 00:39:38.403936,5.45,1.56,99.96,77.56,54.86,2026-08-07,0,4,4.684,1.84,0.766,-0.2799999999999998,False,False,0,LOW,False,0.11250987785934602,NORMAL
AST-0002,2026-08-07 04:07:38.403936,5.65,3.07,102.88,56.4,45.25,2026-08-07,4,4,5.468,2.074,0.1820000000000003,0.996,False,True,1,MEDIUM,False,0.128455962537813,NORMAL
AST-0002,2026-08-07 07:59:38.403936,4.77,6.15,102.26,74.71,46.86,2026-08-07,7,4,5.112,2.958,-0.3420000000000005,3.192,False,True,1,MEDIUM,False,0.04336718625723285,NORMAL
AST-0002,2026-08-07 08:02:38.403936,7.34,0.97,101.23,61.84,82.04,2026-08-07,8,4,5.55,2.8080000000000003,1.79,-1.8380000000000003,False,True,1,MEDIUM,False,0.0943256953048413,NORMAL
AST-0002,2026-08-07 08:03:38.403936,5.77,2.41,100.53,70.41,80.77,2026-08-07,8,4,5.796,2.832,-0.0260000000000006,-0.4219999999999997,False,False,0,LOW,False,0.15165847548830497,NORMAL
AST-0002,2026-08-07 08:43:38.403936,6.16,2.42,100.27,78.43,53.22,2026-08-07,8,4,5.938,3.004,0.2220000000000004,-0.5840000000000001,False,True,1,MEDIUM,False,0.12063551842950965,NORMAL
AST-0002,2026-08-07 12:29:38.403936,3.28,1.57,98.38,66.88,75.3,2026-08-07,12,4,5.464,2.704,-2.1840000000000006,-1.1339999999999997,False,True,1,MEDIUM,False,0.11746185482057425,NORMAL
AST-0002,2026-08-07 18:52:38.403936,4.33,2.67,99.35,66.6,57.37,2026-08-07,18,4,5.376,2.008,-1.0460000000000005,0.6619999999999999,False,True,1,MEDIUM,False,0.1555801826776273,NORMAL
AST-0002,2026-08-08 01:53:38.403936,4.09,2.8,102.41,58.57,51.21,2026-08-08,1,5,4.726000000000001,2.374,-0.636000000000001,0.4260000000000001,False,False,0,LOW,False,0.1509250811820419,NORMAL
AST-0002,2026-08-08 08:37:38.403936,4.81,2.55,100.51,45.91,73.47,2026-08-08,8,5,4.534000000000001,2.402,0.2759999999999989,0.1479999999999997,False,False,0,LOW,False,0.11491806495787266,NORMAL
AST-0002,2026-08-08 18:11:38.403936,3.8,2.13,101.78,45.87,33.95,2026-08-08,18,5,4.062,2.344,-0.2620000000000004,-0.2139999999999999,False,False,0,LOW,False,0.0615114085632949,NORMAL
AST-0002,2026-08-08 19:20:38.403936,5.4,3.33,99.26,62.72,48.08,2026-08-08,19,5,4.486,2.696,0.9140000000000006,0.6339999999999999,False,True,1,MEDIUM,False,0.13760386571501093,NORMAL
AST-0002,2026-08-08 20:37:38.403936,5.79,2.53,101.4,67.38,60.41,2026-08-08,20,5,4.7780000000000005,2.668,1.0119999999999996,-0.1379999999999999,False,False,0,LOW,False,0.16870237132524707,NORMAL
AST-0002,2026-08-08 21:46:38.403936,6.23,2.4,105.42,60.52,100.0,2026-08-08,21,5,5.206,2.588,1.024000000000001,-0.1880000000000001,False,False,0,LOW,False,0.02128542751706175,NORMAL
AST-0002,2026-08-08 22:56:38.403936,4.88,3.34,99.64,69.43,80.68,2026-08-08,22,5,5.220000000000001,2.746,-0.3400000000000007,0.5939999999999999,False,True,1,MEDIUM,False,0.1455951003259353,NORMAL
AST-0002,2026-08-09 03:04:38.403936,8.36,2.9,97.32,61.39,67.2,2026-08-09,3,6,6.132000000000001,2.9,2.227999999999999,0.0,False,False,0,LOW,False,0.07032943117192914,NORMAL
AST-0002,2026-08-09 03:43:38.403936,5.68,1.38,100.81,70.56,59.82,2026-08-09,3,6,6.188,2.51,-0.508,-1.13,False,True,1,MEDIUM,False,0.13986015923741607,NORMAL
AST-0002,2026-08-09 07:26:38.403936,4.11,1.29,100.86,63.06,74.73,2026-08-09,7,6,5.852,2.262,-1.742,-0.972,False,True,1,MEDIUM,False,0.14339887749690483,NORMAL
AST-0002,2026-08-09 10:48:38.403936,1.71,1.94,99.45,63.34,58.33,2026-08-09,10,6,4.948,2.17,-3.2380000000000004,-0.2299999999999999,False,False,0,LOW,False,0.127508839783334,NORMAL
AST-0002,2026-08-09 12:18:38.403936,3.13,2.6,100.29,76.79,88.6,2026-08-09,12,6,4.598,2.022,-1.468,0.5780000000000003,False,True,1,MEDIUM,False,0.1067808348687162,NORMAL
AST-0002,2026-08-09 17:11:38.403936,3.45,2.97,101.82,59.61,46.85,2026-08-09,17,6,3.616,2.036,-0.1659999999999994,0.9340000000000002,False,True,1,MEDIUM,False,0.14616893589842173,NORMAL
AST-0002,2026-08-09 22:42:38.403936,3.11,1.5,100.87,68.86,77.65,2026-08-09,22,6,3.102,2.06,0.008,-0.56,False,True,1,MEDIUM,False,0.13653304257089266,NORMAL
AST-0002,2026-08-10 00:04:38.403936,4.5,2.53,100.27,60.56,66.3,2026-08-10,0,0,3.18,2.308,1.3200000000000005,0.2219999999999999,False,False,0,LOW,False,0.1633474468411728,NORMAL
AST-0002,2026-08-10 01:02:38.403936,7.28,2.68,100.61,48.88,60.27,2026-08-10,1,0,4.294,2.4560000000000004,2.9860000000000007,0.2239999999999997,False,False,0,LOW,False,0.10624218843926919,NORMAL
AST-0002,2026-08-10 01:54:38.403936,3.09,1.05,102.54,68.47,46.85,2026-08-10,1,0,4.286,2.146,-1.1959999999999995,-1.096,False,True,1,MEDIUM,False,0.11158002961444136,NORMAL
AST-0002,2026-08-10 05:41:38.403936,13.32,2.63,101.84,78.99,60.48,2026-08-10,5,0,6.26,2.0780000000000003,7.0600000000000005,0.5519999999999996,True,True,2,HIGH,False,0.022640439263809764,NORMAL
AST-0002,2026-08-10 08:46:38.403936,5.23,3.04,103.03,51.38,55.82,2026-08-10,8,0,6.684,2.386,-1.4539999999999995,0.6539999999999999,False,True,1,MEDIUM,False,0.13222449055024665,NORMAL
AST-0002,2026-08-10 10:11:38.403936,5.19,2.39,101.81,62.72,77.01,2026-08-10,10,0,6.822,2.358,-1.6319999999999997,0.032,False,False,0,LOW,False,0.16420091035430323,NORMAL
AST-0002,2026-08-10 10:39:38.403936,3.39,2.65,102.22,66.95,46.65,2026-08-10,10,0,6.0440000000000005,2.3519999999999994,-2.6540000000000004,0.2980000000000005,False,False,0,LOW,False,0.1515970592155344,NORMAL
AST-0002,2026-08-10 11:23:38.403936,4.16,2.74,100.18,61.88,58.92,2026-08-10,11,0,6.258,2.69,-2.098,0.0500000000000002,False,False,0,LOW,False,0.16574388770747134,NORMAL
AST-0002,2026-08-10 13:57:38.403936,6.12,1.7,98.8,84.26,53.16,2026-08-10,13,0,4.818,2.5040000000000004,1.3020000000000005,-0.8040000000000005,False,True,1,MEDIUM,False,0.04841186833697153,NORMAL
AST-0002,2026-08-10 15:06:38.403936,5.42,1.94,102.6,70.53,60.12,2026-08-10,15,0,4.856,2.284,0.5640000000000001,-0.3439999999999998,False,False,0,LOW,False,0.15831865231929576,NORMAL
AST-0002,2026-08-10 15:16:38.403936,6.31,1.97,100.39,88.12,52.33,2026-08-10,15,0,5.08,2.2,1.2299999999999995,-0.2300000000000002,False,False,0,LOW,False,0.05033445175690593,NORMAL
AST-0002,2026-08-10 16:00:38.403936,5.21,1.76,102.41,55.81,57.49,2026-08-10,16,0,5.444,2.022,-0.2339999999999999,-0.2620000000000002,False,False,0,LOW,False,0.1424915046984111,NORMAL
AST-0002,2026-08-10 17:40:38.403936,5.54,3.37,102.68,67.73,47.03,2026-08-10,17,0,5.720000000000001,2.148,-0.1800000000000006,1.222,False,True,1,MEDIUM,False,0.1421023050612632,NORMAL
AST-0002,2026-08-10 20:56:38.403936,4.81,7.73,101.03,57.23,81.95,2026-08-10,20,0,5.458,3.3540000000000005,-0.6480000000000006,4.376,False,True,1,MEDIUM,False,0.01298791154665202,NORMAL
AST-0002,2026-08-11 00:19:38.403936,6.95,2.85,99.62,51.9,58.03,2026-08-11,0,1,5.764,3.536,1.186,-0.6859999999999999,False,True,1,MEDIUM,False,0.11705244700398587,NORMAL
AST-0002,2026-08-11 09:43:38.403936,4.33,2.14,98.96,61.72,84.94,2026-08-11,9,1,5.368,3.5700000000000003,-1.0380000000000005,-1.4300000000000002,False,True,1,MEDIUM,False,0.12267048697396915,NORMAL
AST-0002,2026-08-11 14:19:38.403936,5.33,2.84,102.48,77.59,98.53,2026-08-11,14,1,5.392,3.786,-0.0620000000000002,-0.9460000000000002,False,True,1,MEDIUM,False,0.07262211275616781,NORMAL
AST-0002,2026-08-11 15:51:38.403936,5.86,1.34,99.97,63.79,89.58,2026-08-11,15,1,5.456,3.3800000000000003,0.4039999999999999,-2.04,False,True,1,MEDIUM,False,0.10952253758313185,NORMAL
AST-0002,2026-08-11 19:22:38.403936,6.06,1.91,98.63,61.14,72.82,2026-08-11,19,1,5.706,2.216,0.3539999999999992,-0.3060000000000002,False,False,0,LOW,False,0.1341751220492598,NORMAL
AST-0002,2026-08-11 19:32:38.403936,3.67,4.34,99.77,75.05,57.93,2026-08-11,19,1,5.05,2.514,-1.38,1.826,False,True,1,MEDIUM,False,0.1017302619247577,NORMAL
AST-0002,2026-08-11 22:15:38.403936,5.39,1.81,100.53,70.56,100.0,2026-08-11,22,1,5.262,2.448,0.1280000000000001,-0.6379999999999999,False,True,1,MEDIUM,False,0.07662163869435318,NORMAL
AST-0002,2026-08-12 02:18:38.403936,7.42,3.4,98.22,64.44,71.54,2026-08-12,2,2,5.68,2.56,1.7400000000000002,0.8399999999999999,False,True,1,MEDIUM,False,0.10221469925409066,NORMAL
AST-0002,2026-08-12 03:38:38.403936,5.53,0.85,105.54,62.17,28.55,2026-08-12,3,2,5.614,2.462,-0.0839999999999996,-1.612,False,True,1,MEDIUM,True,-0.011122557201468264,ANOMALOUS
AST-0002,2026-08-12 03:38:38.403936,5.1,2.16,101.05,63.52,74.09,2026-08-12,3,2,5.422,2.512,-0.322,-0.3519999999999998,False,False,0,LOW,False,0.16900968126735005,NORMAL
AST-0002,2026-08-12 06:17:38.403936,4.99,3.38,96.8,53.75,54.55,2026-08-12,6,2,5.686,2.32,-0.6959999999999997,1.06,False,True,1,MEDIUM,False,0.05388494193111132,NORMAL
AST-0002,2026-08-12 08:03:38.403936,6.71,3.23,103.48,58.31,79.47,2026-08-12,8,2,5.95,2.604,0.7599999999999998,0.6259999999999999,False,True,1,MEDIUM,False,0.12142625499047938,NORMAL
AST-0002,2026-08-12 09:24:38.403936,2.78,2.74,99.79,64.36,70.92,2026-08-12,9,2,5.022,2.4720000000000004,-2.2420000000000004,0.2679999999999998,False,False,0,LOW,False,0.15030523120941702,NORMAL
AST-0002,2026-08-12 09:58:38.403936,10.39,0.83,104.75,62.13,70.17,2026-08-12,9,2,5.994,2.468,4.396000000000001,-1.638,False,True,1,MEDIUM,False,0.015003344051695677,NORMAL
AST-0002,2026-08-12 11:46:38.403936,5.52,2.11,105.61,58.94,78.36,2026-08-12,11,2,6.078,2.458,-0.5580000000000007,-0.3479999999999998,False,False,0,LOW,False,0.07988582592656035,NORMAL
AST-0002,2026-08-12 14:26:38.403936,3.82,1.9,101.75,45.53,44.88,2026-08-12,14,2,5.843999999999999,2.162,-2.024,-0.262,False,False,0,LOW,False,0.08383152610550182,NORMAL
AST-0002,2026-08-12 19:02:38.403936,5.22,3.66,100.38,60.7,41.58,2026-08-12,19,2,5.546,2.248,-0.3260000000000005,1.412,False,True,1,MEDIUM,False,0.11750001023548534,NORMAL
AST-0002,2026-08-13 03:07:38.403936,3.55,2.96,101.08,63.16,51.1,2026-08-13,3,3,5.7,2.2920000000000003,-2.1500000000000004,0.6679999999999997,False,True,1,MEDIUM,False,0.1605055122981499,NORMAL
AST-0002,2026-08-13 04:55:38.403936,3.75,2.43,98.64,56.9,99.23,2026-08-13,4,3,4.372,2.612,-0.6219999999999999,-0.1819999999999999,False,False,0,LOW,False,0.047334136586335784,NORMAL
AST-0002,2026-08-13 07:58:38.403936,3.47,2.29,100.44,54.27,99.65,2026-08-13,7,3,3.962,2.648,-0.4919999999999995,-0.3580000000000001,False,False,0,LOW,False,0.0662005021651696,NORMAL
AST-0002,2026-08-13 09:30:38.403936,5.11,2.48,99.49,68.24,43.78,2026-08-13,9,3,4.220000000000001,2.764,0.8899999999999997,-0.2840000000000002,False,False,0,LOW,False,0.132383992821422,NORMAL
AST-0002,2026-08-13 15:18:38.403936,5.85,3.4,100.27,71.83,90.02,2026-08-13,15,3,4.346,2.712,1.5039999999999996,0.6879999999999997,False,True,1,MEDIUM,False,0.11078594217238041,NORMAL
AST-0002,2026-08-13 17:20:38.403936,5.9,2.85,100.66,81.01,93.02,2026-08-13,17,3,4.816,2.6900000000000004,1.0840000000000003,0.1599999999999997,False,False,0,LOW,False,0.06912543888857009,NORMAL
AST-0002,2026-08-13 19:22:38.403936,3.73,0.82,105.38,66.55,72.17,2026-08-13,19,3,4.811999999999999,2.368,-1.0819999999999994,-1.548,False,True,1,MEDIUM,False,0.061832976448030486,NORMAL
AST-0002,2026-08-13 21:16:38.403936,-3.41,1.05,100.45,68.11,74.23,2026-08-13,21,3,3.436,2.12,-6.846,-1.07,True,True,2,HIGH,False,0.020439018181290125,NORMAL
AST-0002,2026-08-13 22:42:38.403936,3.75,3.13,102.48,76.4,63.53,2026-08-13,22,3,3.164,2.25,0.5859999999999999,0.8799999999999999,False,True,1,MEDIUM,False,0.14460351326122411,NORMAL
AST-0002,2026-08-14 02:01:38.403936,3.2,3.69,97.55,48.94,56.21,2026-08-14,2,4,2.634,2.308,0.5660000000000003,1.382,False,True,1,MEDIUM,False,0.04889471975541915,NORMAL
AST-0002,2026-08-14 04:15:38.403936,5.92,3.04,100.06,57.05,27.7,2026-08-14,4,4,2.638,2.346,3.282,0.694,False,True,1,MEDIUM,False,0.07586144841086828,NORMAL
AST-0002,2026-08-14 09:46:38.403936,5.83,2.96,98.75,52.12,70.27,2026-08-14,9,4,3.058,2.774,2.772,0.1859999999999999,False,False,0,LOW,False,0.11793093100447188,NORMAL
AST-0002,2026-08-14 12:54:38.403936,4.27,2.39,101.25,55.68,70.08,2026-08-14,12,4,4.593999999999999,3.0420000000000003,-0.3239999999999998,-0.6520000000000001,False,True,1,MEDIUM,False,0.15863012206973043,NORMAL
AST-0002,2026-08-14 16:34:38.403936,7.27,3.4,100.76,53.93,100.0,2026-08-14,16,4,5.298,3.096,1.9719999999999995,0.3039999999999998,False,False,0,LOW,False,0.047291766531838086,NORMAL
AST-0002,2026-08-14 18:33:38.403936,3.27,2.85,103.11,67.11,50.58,2026-08-14,18,4,5.311999999999999,2.928,-2.042,-0.0779999999999998,False,False,0,LOW,False,0.1478957087301892,NORMAL
AST-0002,2026-08-14 19:33:38.403936,4.25,2.62,101.11,73.03,52.98,2026-08-14,19,4,4.978,2.844,-0.7279999999999998,-0.2239999999999997,False,False,0,LOW,False,0.15860813207170066,NORMAL
AST-0002,2026-08-14 19:37:38.403936,5.56,3.01,104.7,68.32,76.63,2026-08-14,19,4,4.924,2.854,0.6360000000000001,0.1559999999999997,False,False,0,LOW,False,0.12080921967937247,NORMAL
AST-0002,2026-08-14 21:49:38.403936,4.51,2.57,98.49,49.64,66.01,2026-08-14,21,4,4.972,2.89,-0.4619999999999997,-0.3199999999999998,False,False,0,LOW,False,0.10858217956310912,NORMAL
AST-0002,2026-08-15 01:15:38.403936,6.39,1.97,99.83,75.96,72.66,2026-08-15,1,5,4.795999999999999,2.604,1.5940000000000003,-0.6340000000000001,False,True,1,MEDIUM,False,0.13126285125510317,NORMAL
AST-0002,2026-08-15 03:52:38.403936,4.59,2.64,97.65,69.55,78.91,2026-08-15,3,5,5.06,2.562,-0.4699999999999997,0.0780000000000002,False,False,0,LOW,False,0.11337353575854181,NORMAL
AST-0002,2026-08-15 04:53:38.403936,2.31,3.8,102.04,59.11,42.44,2026-08-15,4,5,4.672,2.798,-2.362,1.0020000000000002,False,True,1,MEDIUM,False,0.09655168856312096,NORMAL
AST-0002,2026-08-15 04:58:38.403936,3.74,1.96,101.64,60.31,50.71,2026-08-15,4,5,4.308,2.588,-0.5679999999999996,-0.6280000000000001,False,True,1,MEDIUM,False,0.153122244827536,NORMAL
AST-0002,2026-08-15 12:10:38.403936,5.02,2.92,102.51,50.11,64.99,2026-08-15,12,5,4.409999999999999,2.658,0.6100000000000003,0.262,False,False,0,LOW,False,0.1359826289612408,NORMAL
AST-0002,2026-08-15 19:39:38.403936,2.27,2.54,103.58,76.29,67.0,2026-08-15,19,5,3.586,2.772,-1.3159999999999998,-0.2319999999999997,False,False,0,LOW,False,0.11823670236310163,NORMAL
AST-0002,2026-08-15 20:16:38.403936,5.02,1.88,102.79,67.65,58.87,2026-08-15,20,5,3.672,2.62,1.348,-0.7399999999999998,False,True,1,MEDIUM,False,0.1575792448154783,NORMAL
AST-0002,2026-08-15 21:40:38.403936,5.71,1.82,100.33,70.31,53.06,2026-08-15,21,5,4.352,2.224,1.3579999999999997,-0.4039999999999997,False,False,0,LOW,False,0.14636890515139095,NORMAL
AST-0002,2026-08-16 00:38:38.403936,5.35,3.44,98.73,65.2,45.78,2026-08-16,0,6,4.674,2.5200000000000005,0.6760000000000002,0.9199999999999996,False,True,1,MEDIUM,False,0.11275962638502585,NORMAL
AST-0002,2026-08-16 03:41:38.403936,5.78,2.67,101.21,58.43,40.6,2026-08-16,3,6,4.826,2.47,0.9540000000000006,0.2000000000000001,False,False,0,LOW,False,0.13119036299365605,NORMAL
AST-0002,2026-08-16 05:56:38.403936,2.77,1.8,102.83,84.73,89.88,2026-08-16,5,6,4.926,2.322,-2.156,-0.522,False,True,1,MEDIUM,False,0.044096442999043084,NORMAL
AST-0002,2026-08-16 06:37:38.403936,5.93,3.47,105.7,61.44,66.97,2026-08-16,6,6,5.108,2.64,0.8220000000000001,0.8300000000000001,False,True,1,MEDIUM,False,0.08013684227914197,NORMAL
AST-0002,2026-08-16 15:51:38.403936,2.68,3.22,101.06,68.58,59.36,2026-08-16,15,6,4.502,2.9200000000000004,-1.822,0.2999999999999998,False,False,0,LOW,False,0.15390190838168344,NORMAL
AST-0002,2026-08-16 17:02:38.403936,2.45,1.47,100.58,72.33,75.71,2026-08-16,17,6,3.922,2.526,-1.4719999999999995,-1.0559999999999998,False,True,1,MEDIUM,False,0.1231591423145117,NORMAL
AST-0002,2026-08-16 20:57:38.403936,5.08,3.26,99.45,61.88,100.0,2026-08-16,20,6,3.782,2.644000000000001,1.298,0.6159999999999992,False,True,1,MEDIUM,False,0.07480353827829539,NORMAL
AST-0002,2026-08-16 23:59:38.403936,4.43,3.04,99.05,68.82,68.0,2026-08-16,23,6,4.114,2.8920000000000003,0.3159999999999998,0.1479999999999997,False,False,0,LOW,False,0.15267143496743557,NORMAL
AST-0002,2026-08-17 01:01:38.403936,4.81,2.46,100.43,68.92,48.33,2026-08-17,1,0,3.89,2.69,0.92,-0.2299999999999999,False,False,0,LOW,False,0.15486063241418346,NORMAL
AST-0002,2026-08-17 03:49:38.403936,6.56,2.14,99.5,71.1,93.94,2026-08-17,3,0,4.666,2.474,1.894,-0.3339999999999996,False,False,0,LOW,False,0.08536418777489585,NORMAL
AST-0002,2026-08-17 05:52:38.403936,4.21,2.21,100.94,78.73,25.19,2026-08-17,5,0,5.018,2.6220000000000003,-0.8079999999999998,-0.4120000000000003,False,False,0,LOW,False,0.05046816755607991,NORMAL
AST-0002,2026-08-17 07:02:38.403936,5.17,2.94,102.46,49.12,64.88,2026-08-17,7,0,5.036,2.5580000000000003,0.1340000000000003,0.3819999999999997,False,False,0,LOW,False,0.12968303487729377,NORMAL
AST-0002,2026-08-17 08:48:38.403936,4.14,3.04,105.1,63.67,47.46,2026-08-17,8,0,4.978,2.558,-0.8380000000000001,0.4820000000000002,False,False,0,LOW,False,0.10727108078856701,NORMAL
AST-0002,2026-08-17 10:16:38.403936,3.67,2.74,101.71,82.44,97.67,2026-08-17,10,0,4.75,2.614,-1.08,0.1260000000000003,False,False,0,LOW,False,0.04351405058037444,NORMAL
AST-0002,2026-08-17 15:17:38.403936,5.22,9.26,102.68,49.23,48.92,2026-08-17,15,0,4.481999999999999,4.037999999999999,0.7380000000000004,5.222,False,True,1,MEDIUM,True,-0.034465407184755326,ANOMALOUS
AST-0002,2026-08-17 17:51:38.403936,12.54,2.26,100.89,60.96,80.42,2026-08-17,17,0,6.148,4.048,6.392,-1.7880000000000005,True,True,2,HIGH,False,0.05279856448326642,NORMAL
AST-0002,2026-08-17 18:19:38.403936,5.91,3.32,100.44,68.15,41.44,2026-08-17,18,0,6.295999999999999,4.124,-0.3859999999999992,-0.8039999999999998,False,True,1,MEDIUM,False,0.12325644077060172,NORMAL
AST-0002,2026-08-17 18:32:38.403936,3.15,2.91,101.35,62.8,76.84,2026-08-17,18,0,6.097999999999999,4.098,-2.947999999999999,-1.1879999999999995,False,True,1,MEDIUM,False,0.15856154831785413,NORMAL
AST-0002,2026-08-17 22:14:38.403936,5.18,3.36,101.82,73.0,77.74,2026-08-17,22,0,6.4,4.222,-1.2200000000000006,-0.8619999999999997,False,True,1,MEDIUM,False,0.15007221948780286,NORMAL
AST-0002,2026-08-17 23:04:38.403936,2.81,1.51,101.14,65.8,65.2,2026-08-17,23,0,5.918,2.672,-3.108,-1.1619999999999997,False,True,1,MEDIUM,False,0.1473032401959139,NORMAL
AST-0002,2026-08-18 00:35:38.403936,3.12,3.38,102.58,50.0,74.72,2026-08-18,0,1,4.034000000000001,2.8959999999999995,-0.9140000000000006,0.4840000000000004,False,False,0,LOW,False,0.11506373623240185,NORMAL
AST-0002,2026-08-18 00:58:38.403936,5.74,2.51,104.21,62.35,100.0,2026-08-18,0,1,4.0,2.7339999999999995,1.7400000000000002,-0.2239999999999997,False,False,0,LOW,False,0.05844592597220216,NORMAL
AST-0002,2026-08-18 03:37:38.403936,4.26,1.99,104.63,56.44,65.64,2026-08-18,3,1,4.222,2.5499999999999994,0.0380000000000002,-0.5599999999999994,False,True,1,MEDIUM,False,0.11367265634399376,NORMAL
AST-0002,2026-08-18 06:55:38.403936,2.72,3.35,100.12,55.64,61.8,2026-08-18,6,1,3.73,2.548,-1.0099999999999991,0.8020000000000005,False,True,1,MEDIUM,False,0.1429071192923656,NORMAL
AST-0002,2026-08-18 07:45:38.403936,5.28,3.73,101.08,69.02,77.42,2026-08-18,7,1,4.223999999999999,2.9919999999999995,1.056000000000001,0.7380000000000004,False,True,1,MEDIUM,False,0.14356820149737287,NORMAL
AST-0002,2026-08-18 12:03:38.403936,7.96,1.38,102.89,81.64,59.15,2026-08-18,12,1,5.191999999999999,2.592,2.7680000000000007,-1.2119999999999995,False,True,1,MEDIUM,False,0.05695821178082627,NORMAL
AST-0002,2026-08-18 12:26:38.403936,3.9,0.17,98.41,72.75,100.0,2026-08-18,12,1,4.824,2.124,-0.924,-1.954,False,True,1,MEDIUM,True,-0.013043560323192871,ANOMALOUS
AST-0002,2026-08-18 18:20:38.403936,5.96,1.46,98.92,70.79,63.84,2026-08-18,18,1,5.164,2.018,0.7960000000000003,-0.5579999999999998,False,True,1,MEDIUM,False,0.1223546125289321,NORMAL
AST-0002,2026-08-18 23:50:38.403936,2.53,2.61,102.3,70.16,84.18,2026-08-18,23,1,5.126,1.87,-2.596,0.7400000000000002,False,True,1,MEDIUM,False,0.1381372904343089,NORMAL
AST-0002,2026-08-19 01:56:38.403936,1.56,2.78,98.17,65.95,60.26,2026-08-19,1,2,4.382000000000001,1.6799999999999993,-2.8220000000000005,1.1000000000000003,False,True,1,MEDIUM,False,0.10151206238004301,NORMAL
AST-0002,2026-08-19 05:56:38.403936,4.94,1.98,100.04,50.6,49.63,2026-08-19,5,2,3.778,1.7999999999999996,1.1620000000000004,0.1800000000000003,False,False,0,LOW,False,0.11836608242022062,NORMAL
AST-0002,2026-08-19 14:26:38.403936,7.19,3.05,99.76,64.72,44.31,2026-08-19,14,2,4.436,2.376,2.7540000000000004,0.6739999999999999,False,True,1,MEDIUM,False,0.11701506435706577,NORMAL
AST-0002,2026-08-20 03:19:38.403936,4.49,2.09,101.74,69.76,33.56,2026-08-20,3,3,4.142,2.502,0.3479999999999998,-0.4119999999999999,False,False,0,LOW,False,0.10713919927375681,NORMAL
AST-0002,2026-08-20 03:19:38.403936,4.93,3.38,102.33,83.08,68.21,2026-08-20,3,3,4.622,2.656,0.3079999999999998,0.7240000000000002,False,True,1,MEDIUM,False,0.10485011339213474,NORMAL
AST-0002,2026-08-20 04:13:38.403936,-4.03,2.44,98.17,72.66,56.38,2026-08-20,4,3,3.504,2.588,-7.534000000000001,-0.1479999999999997,True,False,1,MEDIUM,True,-0.009523375777762522,ANOMALOUS
AST-0002,2026-08-20 07:45:38.403936,4.01,2.29,101.76,69.65,69.1,2026-08-20,7,3,3.318,2.6499999999999995,0.6919999999999997,-0.3599999999999994,False,False,0,LOW,False,0.16922340170851918,NORMAL
AST-0002,2026-08-20 08:30:38.403936,6.81,2.69,100.49,65.02,67.12,2026-08-20,8,3,3.242,2.578,3.568,0.1120000000000001,False,False,0,LOW,False,0.1605730621177317,NORMAL
AST-0002,2026-08-20 11:38:38.403936,6.89,2.93,101.58,58.43,81.34,2026-08-20,11,3,3.722,2.746,3.168,0.1840000000000006,False,False,0,LOW,False,0.1391828220653985,NORMAL
AST-0002,2026-08-20 13:12:38.403936,2.48,1.77,99.29,57.32,64.38,2026-08-20,13,3,3.232,2.4239999999999995,-0.7520000000000002,-0.6539999999999995,False,True,1,MEDIUM,False,0.13055032938371108,NORMAL
AST-0002,2026-08-20 19:28:38.403936,2.21,1.66,101.55,55.15,50.73,2026-08-20,19,3,4.48,2.268,-2.27,-0.6079999999999999,False,True,1,MEDIUM,False,0.12123298130226906,NORMAL
AST-0002,2026-08-20 20:16:38.403936,4.18,2.13,99.83,64.44,63.59,2026-08-20,20,3,4.514,2.236,-0.3340000000000005,-0.1059999999999998,False,False,0,LOW,False,0.16553741034507485,NORMAL
AST-0002,2026-08-20 21:53:38.403936,3.4,2.67,101.39,58.48,100.0,2026-08-20,21,3,3.832,2.232,-0.4319999999999999,0.4380000000000001,False,False,0,LOW,False,0.07810509633636675,NORMAL
AST-0002,2026-08-20 23:55:38.403936,4.48,1.78,101.45,58.23,82.55,2026-08-20,23,3,3.35,2.002,1.1300000000000003,-0.2219999999999997,False,False,0,LOW,False,0.13709746250444044,NORMAL
AST-0002,2026-08-21 00:14:38.403936,6.36,2.13,101.21,65.58,80.27,2026-08-21,0,4,4.126,2.074,2.234,0.056,False,False,0,LOW,False,0.1574597818256619,NORMAL
AST-0002,2026-08-21 01:25:38.403936,4.33,2.26,100.21,83.72,71.38,2026-08-21,1,4,4.55,2.194,-0.2199999999999997,0.0659999999999998,False,False,0,LOW,False,0.10928920381798701,NORMAL
AST-0002,2026-08-21 10:41:38.403936,3.21,4.24,101.69,63.53,82.35,2026-08-21,10,4,4.356,2.616,-1.146,1.6240000000000006,False,True,1,MEDIUM,False,0.11434999018496961,NORMAL
AST-0002,2026-08-21 11:14:38.403936,6.29,3.26,101.79,49.67,61.47,2026-08-21,11,4,4.934,2.7339999999999995,1.356,0.5260000000000002,False,True,1,MEDIUM,False,0.12371132923659423,NORMAL
AST-0002,2026-08-21 16:05:38.403936,2.92,2.55,99.25,56.24,57.76,2026-08-21,16,4,4.622,2.8879999999999995,-1.702,-0.3379999999999996,False,False,0,LOW,False,0.1337575978534628,NORMAL
AST-0002,2026-08-21 22:51:38.403936,3.7,1.25,101.99,90.12,31.88,2026-08-21,22,4,4.09,2.712,-0.3899999999999997,-1.4619999999999995,False,True,1,MEDIUM,True,-0.025079226476724115,ANOMALOUS
AST-0002,2026-08-22 01:12:38.403936,3.83,1.11,104.04,57.31,94.75,2026-08-22,1,5,3.9900000000000007,2.482,-0.1600000000000006,-1.3719999999999997,False,True,1,MEDIUM,False,0.03138087849364224,NORMAL
AST-0002,2026-08-22 02:55:38.403936,4.08,3.53,98.84,75.83,56.09,2026-08-22,2,5,4.164,2.3399999999999994,-0.0839999999999996,1.1900000000000004,False,True,1,MEDIUM,False,0.10204444898488446,NORMAL
AST-0002,2026-08-22 04:32:38.403936,2.27,1.6,102.08,53.26,85.03,2026-08-22,4,5,3.3600000000000003,2.008,-1.0900000000000003,-0.4079999999999995,False,False,0,LOW,False,0.09634337840222373,NORMAL
AST-0002,2026-08-22 05:43:38.403936,3.67,2.3,99.79,68.83,85.25,2026-08-22,5,5,3.51,1.9579999999999995,0.1599999999999997,0.3420000000000003,False,False,0,LOW,False,0.140563448588448,NORMAL
AST-0002,2026-08-22 06:17:38.403936,15.62,2.2,100.65,62.73,81.6,2026-08-22,6,5,5.894,2.148,9.726,0.0520000000000004,True,False,1,MEDIUM,False,0.009791146207480339,NORMAL
AST-0002,2026-08-22 09:10:38.403936,6.59,3.19,99.29,60.91,68.78,2026-08-22,9,5,6.446000000000001,2.564,0.1439999999999992,0.6260000000000003,False,True,1,MEDIUM,False,0.1423500428206571,NORMAL
AST-0002,2026-08-22 11:00:38.403936,5.75,2.0,103.03,37.92,52.04,2026-08-22,11,5,6.779999999999999,2.258,-1.0299999999999994,-0.258,False,False,0,LOW,False,0.04268516831592856,NORMAL
AST-0002,2026-08-22 11:42:38.403936,2.82,2.12,104.83,62.43,14.33,2026-08-22,11,5,6.889999999999999,2.362,-4.069999999999999,-0.2419999999999995,False,False,0,LOW,True,-0.004099690759218788,ANOMALOUS
AST-0002,2026-08-22 12:51:38.403936,2.53,3.55,100.75,58.28,42.43,2026-08-22,12,5,6.661999999999999,2.612,-4.132,0.9380000000000002,False,True,1,MEDIUM,False,0.1094183685820494,NORMAL
AST-0002,2026-08-22 13:16:38.403936,5.32,2.5,103.76,74.83,39.8,2026-08-22,13,5,4.601999999999999,2.672,0.7180000000000009,-0.1719999999999997,False,False,0,LOW,False,0.09497744587394752,NORMAL
AST-0002,2026-08-22 15:51:38.403936,2.5,3.44,98.37,58.32,47.03,2026-08-22,15,5,3.784,2.7219999999999995,-1.2840000000000005,0.7180000000000004,False,True,1,MEDIUM,False,0.08816263447638312,NORMAL
AST-0002,2026-08-22 23:22:38.403936,5.49,3.4,98.33,63.19,45.84,2026-08-22,23,5,3.732,3.002,1.758,0.3980000000000001,False,False,0,LOW,False,0.10526244948688102,NORMAL
AST-0002,2026-08-23 01:44:38.403936,2.27,2.71,103.08,65.82,84.18,2026-08-23,1,6,3.622,3.12,-1.352,-0.4099999999999997,False,False,0,LOW,False,0.12745760353273278,NORMAL
AST-0002,2026-08-23 05:28:38.403936,3.17,1.85,100.6,71.5,58.83,2026-08-23,5,6,3.75,2.78,-0.5800000000000001,-0.9299999999999996,False,True,1,MEDIUM,False,0.14949997174114876,NORMAL
AST-0002,2026-08-23 05:39:38.403936,3.69,2.22,99.38,57.67,64.8,2026-08-23,5,6,3.4240000000000004,2.7239999999999998,0.2659999999999995,-0.5039999999999991,False,True,1,MEDIUM,False,0.15018025618813235,NORMAL
AST-0002,2026-08-23 07:52:38.403936,4.97,2.88,98.23,72.57,76.02,2026-08-23,7,6,3.918,2.612,1.0519999999999996,0.2680000000000002,False,False,0,LOW,False,0.12855568451966864,NORMAL
AST-0002,2026-08-23 11:11:38.403936,4.21,2.38,99.74,66.43,84.36,2026-08-23,11,6,3.662,2.408,0.548,-0.028,False,False,0,LOW,False,0.1397932769929251,NORMAL
AST-0002,2026-08-23 11:32:38.403936,5.21,2.5,100.12,54.08,80.03,2026-08-23,11,6,4.25,2.366,0.96,0.1340000000000003,False,False,0,LOW,False,0.14080321880758517,NORMAL
AST-0002,2026-08-23 13:01:38.403936,4.46,3.15,104.08,70.58,65.19,2026-08-23,13,6,4.508,2.6259999999999994,-0.048,0.5240000000000005,False,True,1,MEDIUM,False,0.13894248408860616,NORMAL
AST-0002,2026-08-23 13:48:38.403936,3.28,3.1,102.58,67.17,96.4,2026-08-23,13,6,4.426,2.802,-1.1460000000000004,0.2980000000000005,False,False,0,LOW,False,0.0950190012650779,NORMAL
AST-0002,2026-08-23 16:32:38.403936,5.8,1.55,102.48,71.2,30.6,2026-08-23,16,6,4.592,2.536,1.2080000000000002,-0.9859999999999997,False,True,1,MEDIUM,False,0.0745596525649932,NORMAL
AST-0002,2026-08-23 16:51:38.403936,2.21,3.86,100.72,70.71,59.14,2026-08-23,16,6,4.192,2.8319999999999994,-1.982,1.0280000000000005,False,True,1,MEDIUM,False,0.12574372047718968,NORMAL
AST-0002,2026-08-23 22:17:38.403936,5.94,2.21,98.35,63.35,49.57,2026-08-23,22,6,4.337999999999999,2.774,1.6020000000000012,-0.5639999999999996,False,True,1,MEDIUM,False,0.11882632685909672,NORMAL
AST-0002,2026-08-23 23:46:38.403936,4.14,2.21,100.52,55.78,94.08,2026-08-23,23,6,4.273999999999999,2.586,-0.1339999999999994,-0.3759999999999999,False,False,0,LOW,False,0.0903366730476004,NORMAL
AST-0002,2026-08-24 00:13:38.403936,5.47,2.14,104.74,52.1,87.57,2026-08-24,0,0,4.712000000000001,2.3939999999999992,0.7579999999999991,-0.2539999999999991,False,False,0,LOW,False,0.07161634463720007,NORMAL
AST-0002,2026-08-24 03:28:38.403936,4.86,1.97,102.04,66.24,81.85,2026-08-24,3,0,4.524,2.478,0.3360000000000003,-0.5079999999999998,False,True,1,MEDIUM,False,0.15755483402854276,NORMAL
AST-0002,2026-08-24 05:47:38.403936,6.89,2.03,98.41,71.38,96.4,2026-08-24,5,0,5.459999999999999,2.111999999999999,1.4300000000000006,-0.0819999999999994,False,False,0,LOW,False,0.052293495396439904,NORMAL
AST-0002,2026-08-24 08:40:38.403936,2.65,3.5,103.25,62.32,100.0,2026-08-24,8,0,4.8020000000000005,2.37,-2.1520000000000006,1.1300000000000003,False,True,1,MEDIUM,False,0.05638478305664546,NORMAL
AST-0002,2026-08-24 10:04:38.403936,5.63,3.96,102.13,76.69,60.58,2026-08-24,10,0,5.1,2.72,0.5300000000000002,1.2400000000000002,False,True,1,MEDIUM,False,0.12072317842739633,NORMAL
AST-0002,2026-08-24 10:35:38.403936,5.56,1.4,102.55,82.81,75.2,2026-08-24,10,0,5.118,2.572,0.4419999999999993,-1.1719999999999997,False,True,1,MEDIUM,False,0.08858112084932229,NORMAL
AST-0002,2026-08-24 11:30:38.403936,4.85,2.37,105.35,64.0,57.05,2026-08-24,11,0,5.116,2.652,-0.266,-0.2819999999999996,False,False,0,LOW,False,0.11490133448594964,NORMAL
AST-0002,2026-08-24 11:55:38.403936,6.25,0.24,102.97,74.34,57.22,2026-08-24,11,0,4.988,2.294,1.2620000000000005,-2.0539999999999994,False,True,1,MEDIUM,False,0.07442571129468784,NORMAL
AST-0002,2026-08-24 13:43:38.403936,0.99,2.74,100.49,70.37,82.0,2026-08-24,13,0,4.656,2.1419999999999995,-3.666,0.5980000000000008,False,True,1,MEDIUM,False,0.10945163139932895,NORMAL
AST-0002,2026-08-24 18:20:38.403936,11.3,2.2,99.85,57.59,65.44,2026-08-24,18,0,5.79,1.7899999999999998,5.510000000000001,0.4100000000000003,True,False,1,MEDIUM,False,0.07210002719128705,NORMAL
AST-0002,2026-08-24 18:58:38.403936,5.24,2.76,101.18,66.63,54.25,2026-08-24,18,0,5.726000000000001,2.062,-0.4860000000000006,0.698,False,True,1,MEDIUM,False,0.1666369980833236,NORMAL
AST-0002,2026-08-25 04:53:38.403936,4.87,2.79,96.45,72.63,54.57,2026-08-25,4,1,5.73,2.146,-0.8599999999999994,0.6440000000000001,False,True,1,MEDIUM,False,0.0707781922308478,NORMAL
AST-0002,2026-08-25 17:57:38.403936,3.53,2.67,101.48,65.63,74.43,2026-08-25,17,1,5.186,2.632,-1.656,0.0380000000000002,False,False,0,LOW,False,0.16776274721997397,NORMAL
AST-0002,2026-08-25 18:54:38.403936,7.23,1.48,104.37,63.89,70.38,2026-08-25,18,1,6.434,2.38,0.7960000000000003,-0.8999999999999999,False,True,1,MEDIUM,False,0.09451975538750906,NORMAL
AST-0002,2026-08-25 19:26:38.403936,3.67,1.38,105.48,64.78,63.96,2026-08-25,19,1,4.908,2.216,-1.2379999999999995,-0.8359999999999999,False,True,1,MEDIUM,False,0.08286761818694471,NORMAL
AST-0002,2026-08-25 19:43:38.403936,4.76,2.52,105.07,46.63,46.31,2026-08-25,19,1,4.811999999999999,2.1679999999999997,-0.0519999999999996,0.3520000000000007,False,False,0,LOW,False,0.061616963465220775,NORMAL
AST-0002,2026-08-26 00:41:38.403936,6.33,1.78,99.09,67.48,46.31,2026-08-26,0,2,5.104000000000001,1.966,1.225999999999999,-0.1859999999999997,False,False,0,LOW,False,0.11657246619398526,NORMAL
AST-0002,2026-08-26 05:15:38.403936,3.87,3.28,99.04,54.01,77.37,2026-08-26,5,2,5.172,2.088,-1.3019999999999996,1.1920000000000002,False,True,1,MEDIUM,False,0.12909852357236856,NORMAL
AST-0002,2026-08-26 09:02:38.403936,5.73,3.26,101.61,57.78,72.94,2026-08-26,9,2,4.872,2.4439999999999995,0.8580000000000005,0.8160000000000003,False,True,1,MEDIUM,False,0.1520320927699335,NORMAL
AST-0002,2026-08-26 12:36:38.403936,5.73,3.06,103.53,64.07,31.36,2026-08-26,12,2,5.284,2.78,0.4460000000000006,0.2800000000000002,False,False,0,LOW,False,0.07796827063891609,NORMAL
AST-0002,2026-08-26 13:57:38.403936,6.23,1.32,102.0,53.23,76.32,2026-08-26,13,2,5.578,2.54,0.6520000000000001,-1.22,False,True,1,MEDIUM,False,0.1141967600814836,NORMAL
AST-0002,2026-08-26 14:12:38.403936,4.89,2.2,101.59,47.24,72.36,2026-08-26,14,2,5.290000000000001,2.624,-0.4000000000000012,-0.4239999999999995,False,False,0,LOW,False,0.11424043905651105,NORMAL
AST-0002,2026-08-26 15:17:38.403936,0.71,2.6,101.08,66.68,51.42,2026-08-26,15,2,4.658,2.4879999999999995,-3.948,0.1120000000000005,False,False,0,LOW,False,0.11309982476375563,NORMAL
AST-0002,2026-08-26 16:18:38.403936,3.77,1.39,99.7,63.55,71.37,2026-08-26,16,2,4.266,2.114,-0.496,-0.724,False,True,1,MEDIUM,False,0.1452443000944516,NORMAL
AST-0002,2026-08-26 17:53:38.403936,3.49,2.38,99.72,61.92,30.91,2026-08-26,17,2,3.818,1.9779999999999995,-0.3279999999999998,0.4020000000000006,False,False,0,LOW,False,0.09300106967401678,NORMAL
AST-0002,2026-08-26 20:06:38.403936,3.46,2.68,104.0,56.64,79.93,2026-08-26,20,2,3.264,2.25,0.1959999999999997,0.4300000000000006,False,False,0,LOW,False,0.11636058434025409,NORMAL
AST-0002,2026-08-27 00:01:38.403936,3.68,3.56,101.06,51.6,56.26,2026-08-27,0,3,3.022,2.522,0.6580000000000004,1.0380000000000005,False,True,1,MEDIUM,False,0.12944007170345773,NORMAL
AST-0002,2026-08-27 04:34:38.403936,3.11,2.31,102.94,70.55,48.88,2026-08-27,4,3,3.502,2.4639999999999995,-0.3919999999999999,-0.1539999999999994,False,False,0,LOW,False,0.13935961217494008,NORMAL
AST-0002,2026-08-27 05:21:38.403936,4.71,2.69,103.07,82.82,40.44,2026-08-27,5,3,3.69,2.7239999999999998,1.02,-0.0339999999999993,False,False,0,LOW,False,0.06263486223484083,NORMAL
AST-0002,2026-08-27 08:31:38.403936,4.56,1.94,99.97,50.97,96.49,2026-08-27,8,3,3.904,2.636,0.6559999999999997,-0.6960000000000002,False,True,1,MEDIUM,False,0.060246516767868796,NORMAL
AST-0002,2026-08-27 09:40:38.403936,6.81,1.76,103.79,68.55,32.43,2026-08-27,9,3,4.574,2.4519999999999995,2.236,-0.6919999999999995,False,True,1,MEDIUM,False,0.05365080888148538,NORMAL
AST-0002,2026-08-27 15:43:38.403936,3.37,3.32,105.94,57.09,43.73,2026-08-27,15,3,4.512,2.404,-1.1419999999999997,0.916,False,True,1,MEDIUM,False,0.04832763069134438,NORMAL
AST-0002,2026-08-27 18:54:38.403936,4.12,3.09,101.6,58.57,69.71,2026-08-27,18,3,4.714,2.56,-0.5940000000000003,0.5300000000000002,False,True,1,MEDIUM,False,0.15891979823003283,NORMAL
AST-0002,2026-08-27 22:37:38.403936,6.26,2.82,101.18,63.27,60.84,2026-08-27,22,3,5.023999999999999,2.5859999999999994,1.2360000000000009,0.2340000000000004,False,False,0,LOW,False,0.1655922204781119,NORMAL
AST-0002,2026-08-27 23:50:38.403936,7.46,2.87,102.52,70.72,72.15,2026-08-27,23,3,5.604,2.772,1.856,0.0980000000000007,False,False,0,LOW,False,0.13512682193935022,NORMAL
AST-0002,2026-08-28 03:15:38.403936,4.84,3.0,100.7,71.79,52.22,2026-08-28,3,4,5.21,3.02,-0.3700000000000001,-0.0199999999999995,False,False,0,LOW,False,0.15280212072721933,NORMAL
AST-0002,2026-08-28 03:27:38.403936,3.8,1.58,99.97,65.33,71.46,2026-08-28,3,4,5.295999999999999,2.672,-1.4959999999999996,-1.0919999999999996,False,True,1,MEDIUM,False,0.15191886289321216,NORMAL
AST-0002,2026-08-28 06:57:38.403936,3.3,2.1,99.69,57.68,100.0,2026-08-28,6,4,5.132,2.474,-1.832,-0.3739999999999996,False,False,0,LOW,False,0.06345025175219499,NORMAL
AST-0002,2026-08-28 07:27:38.403936,4.71,4.36,102.09,66.92,59.44,2026-08-28,7,4,4.822,2.782,-0.1120000000000001,1.5780000000000003,False,True,1,MEDIUM,False,0.13301416835392627,NORMAL
AST-0002,2026-08-28 08:14:38.403936,3.53,3.92,98.91,74.19,83.01,2026-08-28,8,4,4.036,2.9919999999999995,-0.5059999999999998,0.9280000000000004,False,True,1,MEDIUM,False,0.09460959804224933,NORMAL
AST-0002,2026-08-28 10:48:38.403936,4.61,3.09,102.26,52.62,80.64,2026-08-28,10,4,3.99,3.01,0.6200000000000006,0.0800000000000005,False,False,0,LOW,False,0.1349215478478521,NORMAL
AST-0002,2026-08-28 12:18:38.403936,2.49,1.41,101.0,70.03,97.33,2026-08-28,12,4,3.728,2.9759999999999995,-1.238,-1.5659999999999996,False,True,1,MEDIUM,False,0.05266728895808659,NORMAL
AST-0002,2026-08-28 14:49:38.403936,5.43,2.83,100.53,66.91,66.93,2026-08-28,14,4,4.154000000000001,3.122,1.275999999999999,-0.2919999999999998,False,False,0,LOW,False,0.16887886785231976,NORMAL
AST-0002,2026-08-28 17:16:38.403936,5.91,8.17,100.85,70.5,47.57,2026-08-28,17,4,4.394,3.884,1.516,4.2860000000000005,False,True,1,MEDIUM,False,0.00999077838152751,NORMAL
AST-0003,2026-07-29 21:14:38.403936,7.96,2.8,102.04,68.59,72.48,2026-07-29,21,2,7.96,2.8,0.0,0.0,False,False,0,LOW,False,0.1307895730909,NORMAL
AST-0003,2026-07-30 09:21:38.403936,2.38,4.39,103.05,47.22,60.97,2026-07-30,9,3,5.17,3.595,-2.79,0.7949999999999999,False,True,1,MEDIUM,False,0.054472546182435355,NORMAL
AST-0003,2026-07-30 09:32:38.403936,5.55,2.66,101.22,60.66,51.23,2026-07-30,9,3,5.296666666666667,3.283333333333333,0.2533333333333329,-0.6233333333333331,False,True,1,MEDIUM,False,0.15842384716388774,NORMAL
AST-0003,2026-07-30 11:12:38.403936,0.46,7.44,100.85,71.69,63.8,2026-07-30,11,3,4.0875,4.3225,-3.6275,3.1175000000000006,False,True,1,MEDIUM,True,-0.004587422263830354,ANOMALOUS
AST-0003,2026-07-30 14:13:38.403936,3.82,4.47,101.81,59.65,35.27,2026-07-30,14,3,4.034,4.351999999999999,-0.2139999999999999,0.1180000000000003,False,False,0,LOW,False,0.07521668958791006,NORMAL
AST-0003,2026-07-30 15:57:38.403936,4.15,1.95,99.93,59.51,54.3,2026-07-30,15,3,3.272,4.182,0.8780000000000006,-2.232,False,True,1,MEDIUM,False,0.14621192128297245,NORMAL
AST-0003,2026-07-30 19:20:38.403936,8.07,1.41,104.6,63.28,55.55,2026-07-30,19,3,4.41,3.5860000000000007,3.66,-2.176000000000001,False,True,1,MEDIUM,False,0.06975265565539412,NORMAL
AST-0003,2026-07-30 20:15:38.403936,3.78,4.53,101.22,50.96,62.58,2026-07-30,20,3,4.056,3.96,-0.2760000000000002,0.5700000000000003,False,True,1,MEDIUM,False,0.09775329456093773,NORMAL
AST-0003,2026-07-31 01:23:38.403936,5.41,2.17,101.16,65.91,66.94,2026-07-31,1,4,5.045999999999999,2.906,0.3640000000000007,-0.7359999999999998,False,True,1,MEDIUM,False,0.17415012153940534,NORMAL
AST-0003,2026-07-31 05:55:38.403936,5.37,3.04,99.41,55.1,48.5,2026-07-31,5,4,5.356,2.62,0.0140000000000002,0.4199999999999999,False,False,0,LOW,False,0.1326448262002749,NORMAL
AST-0003,2026-07-31 06:44:38.403936,4.42,2.28,102.17,67.16,58.65,2026-07-31,6,4,5.41,2.6860000000000004,-0.9900000000000002,-0.4060000000000006,False,False,0,LOW,False,0.17113597625512217,NORMAL
AST-0003,2026-07-31 13:08:38.403936,1.87,3.02,105.58,72.12,50.82,2026-07-31,13,4,4.17,3.008,-2.3,0.012,False,False,0,LOW,False,0.06792249276249707,NORMAL
AST-0003,2026-07-31 19:30:38.403936,5.9,3.02,99.79,43.13,61.84,2026-07-31,19,4,4.593999999999999,2.706,1.306000000000001,0.314,False,False,0,LOW,False,0.08375688022283967,NORMAL
AST-0003,2026-07-31 20:47:38.403936,3.77,2.03,99.57,65.49,50.04,2026-07-31,20,4,4.266,2.678,-0.496,-0.6480000000000001,False,True,1,MEDIUM,False,0.1448137113695409,NORMAL
AST-0003,2026-07-31 21:17:38.403936,4.42,2.99,104.09,66.38,79.07,2026-07-31,21,4,4.0760000000000005,2.668,0.3439999999999994,0.322,False,False,0,LOW,False,0.1349472543285148,NORMAL
AST-0003,2026-07-31 23:31:38.403936,3.78,2.15,105.67,62.53,78.23,2026-07-31,23,4,3.948,2.642,-0.1679999999999997,-0.492,False,False,0,LOW,False,0.09193361283004509,NORMAL
AST-0003,2026-08-01 05:10:38.403936,3.07,2.86,99.64,75.21,83.21,2026-08-01,5,5,4.188,2.6100000000000003,-1.118,0.2499999999999995,False,False,0,LOW,False,0.12126779060095583,NORMAL
AST-0003,2026-08-01 06:31:38.403936,5.02,3.06,98.98,79.32,57.31,2026-08-01,6,5,4.012,2.618,1.008,0.4420000000000001,False,False,0,LOW,False,0.10678244758476746,NORMAL
AST-0003,2026-08-01 07:36:38.403936,5.63,2.17,99.04,60.5,87.63,2026-08-01,7,5,4.384,2.646,1.2460000000000004,-0.476,False,False,0,LOW,False,0.11603300615100998,NORMAL
AST-0003,2026-08-01 13:14:38.403936,1.77,1.63,102.06,55.09,55.2,2026-08-01,13,5,3.854,2.374,-2.084,-0.7439999999999998,False,True,1,MEDIUM,False,0.11561922098135835,NORMAL
AST-0003,2026-08-01 15:26:38.403936,4.45,4.19,100.28,66.95,81.32,2026-08-01,15,5,3.988,2.782,0.4620000000000006,1.4080000000000004,False,True,1,MEDIUM,False,0.11605554959938508,NORMAL
AST-0003,2026-08-01 19:56:38.403936,4.88,2.78,99.94,67.32,70.28,2026-08-01,19,5,4.35,2.766,0.5300000000000002,0.0139999999999997,False,False,0,LOW,False,0.15994116881352272,NORMAL
AST-0003,2026-08-01 20:35:38.403936,5.8,3.1,102.32,57.96,80.94,2026-08-01,20,5,4.506,2.774,1.2939999999999996,0.326,False,False,0,LOW,False,0.1401908975552003,NORMAL
AST-0003,2026-08-02 00:36:38.403936,7.61,1.11,100.26,49.53,43.23,2026-08-02,0,6,4.902,2.5620000000000003,2.708,-1.4520000000000002,False,True,1,MEDIUM,False,0.043010724086311736,NORMAL
AST-0003,2026-08-02 02:52:38.403936,6.96,1.78,102.58,61.71,75.86,2026-08-02,2,6,5.94,2.592,1.0199999999999996,-0.8119999999999996,False,True,1,MEDIUM,False,0.13694873110363287,NORMAL
AST-0003,2026-08-02 10:57:38.403936,2.73,2.29,99.49,50.45,80.66,2026-08-02,10,6,5.595999999999999,2.212,-2.865999999999999,0.0779999999999998,False,False,0,LOW,False,0.11010244911238015,NORMAL
AST-0003,2026-08-02 11:15:38.403936,7.65,2.04,99.43,62.45,92.21,2026-08-02,11,6,6.15,2.064,1.5,-0.024,False,False,0,LOW,False,0.08055150207954032,NORMAL
AST-0003,2026-08-02 13:18:38.403936,2.14,2.3,104.32,79.17,80.32,2026-08-02,13,6,5.418000000000001,1.904,-3.278000000000001,0.3959999999999999,False,False,0,LOW,False,0.07049331788267699,NORMAL
AST-0003,2026-08-02 16:46:38.403936,6.06,2.91,102.57,71.56,20.06,2026-08-02,16,6,5.108,2.264,0.952,0.6459999999999999,False,True,1,MEDIUM,False,0.0445953582375096,NORMAL
AST-0003,2026-08-02 17:09:38.403936,2.86,1.9,103.09,73.37,78.03,2026-08-02,17,6,4.287999999999999,2.288,-1.4279999999999995,-0.3879999999999999,False,False,0,LOW,False,0.13506681027407363,NORMAL
AST-0003,2026-08-02 18:55:38.403936,3.34,3.59,105.23,64.61,87.49,2026-08-02,18,6,4.41,2.548,-1.0700000000000005,1.0419999999999998,False,True,1,MEDIUM,False,0.07068511448000458,NORMAL
AST-0003,2026-08-03 03:07:38.403936,1.86,1.77,102.35,52.26,39.37,2026-08-03,3,0,3.252,2.494,-1.3919999999999997,-0.7239999999999998,False,True,1,MEDIUM,False,0.07957459822820512,NORMAL
AST-0003,2026-08-03 04:25:38.403936,3.66,6.48,98.3,65.4,79.1,2026-08-03,4,0,3.556,3.33,0.1040000000000005,3.150000000000001,False,True,1,MEDIUM,False,0.03229562004572051,NORMAL
AST-0003,2026-08-03 09:26:38.403936,5.38,1.45,101.29,61.88,76.91,2026-08-03,9,0,3.4200000000000004,3.038,1.9599999999999995,-1.588,False,True,1,MEDIUM,False,0.1462944810651315,NORMAL
AST-0003,2026-08-03 10:55:38.403936,2.72,2.99,103.71,76.8,42.54,2026-08-03,10,0,3.3920000000000003,3.256,-0.6720000000000002,-0.266,False,False,0,LOW,False,0.07573510254359211,NORMAL
AST-0003,2026-08-03 12:30:38.403936,3.37,1.33,100.3,74.75,74.28,2026-08-03,12,0,3.398000000000001,2.804,-0.0280000000000004,-1.4739999999999998,False,True,1,MEDIUM,False,0.119497907977692,NORMAL
AST-0003,2026-08-03 13:11:38.403936,4.94,2.45,101.49,59.5,55.82,2026-08-03,13,0,4.014,2.9400000000000004,0.9260000000000002,-0.4900000000000002,False,False,0,LOW,False,0.16040225850635487,NORMAL
AST-0003,2026-08-03 13:56:38.403936,4.63,2.56,99.73,69.32,60.83,2026-08-03,13,0,4.208,2.156,0.4219999999999997,0.4039999999999999,False,False,0,LOW,False,0.1599641278873804,NORMAL
AST-0003,2026-08-03 14:28:38.403936,4.88,3.02,101.96,75.18,56.67,2026-08-03,14,0,4.108,2.47,0.7720000000000002,0.5499999999999998,False,True,1,MEDIUM,False,0.15039619052648828,NORMAL
AST-0003,2026-08-03 16:51:38.403936,3.06,1.59,96.07,82.47,75.0,2026-08-03,16,0,4.176,2.19,-1.116,-0.5999999999999999,False,True,1,MEDIUM,True,-0.0008555453584960793,ANOMALOUS
AST-0003,2026-08-03 19:28:38.403936,4.79,2.9,104.19,70.68,46.11,2026-08-03,19,0,4.46,2.5040000000000004,0.33,0.3959999999999994,False,False,0,LOW,False,0.12080940431314363,NORMAL
AST-0003,2026-08-03 21:55:38.403936,3.52,3.2,101.46,66.83,49.98,2026-08-03,21,0,4.176,2.654,-0.6560000000000001,0.5460000000000003,False,True,1,MEDIUM,False,0.15162905028886425,NORMAL
AST-0003,2026-08-03 23:41:38.403936,5.91,5.52,100.98,78.72,73.93,2026-08-03,23,0,4.432,3.246,1.4779999999999998,2.274,False,True,1,MEDIUM,False,0.05952896445057865,NORMAL
AST-0003,2026-08-04 00:06:38.403936,3.6,3.35,102.01,50.87,52.47,2026-08-04,0,1,4.176,3.312,-0.5760000000000001,0.0380000000000002,False,False,0,LOW,False,0.1270411067688767,NORMAL
AST-0003,2026-08-04 12:34:38.403936,2.88,1.69,100.1,68.95,71.45,2026-08-04,12,1,4.14,3.332,-1.2599999999999998,-1.642,False,True,1,MEDIUM,False,0.1437340993206664,NORMAL
AST-0003,2026-08-04 14:42:38.403936,4.09,4.98,98.16,60.29,39.57,2026-08-04,14,1,4.0,3.748,0.0899999999999998,1.2320000000000002,False,True,1,MEDIUM,False,0.03578168797788961,NORMAL
AST-0003,2026-08-04 15:01:38.403936,3.35,1.06,101.78,62.45,45.03,2026-08-04,15,1,3.966,3.3200000000000003,-0.6160000000000001,-2.26,False,True,1,MEDIUM,False,0.11216005854592126,NORMAL
AST-0003,2026-08-04 18:41:38.403936,4.01,2.33,102.29,59.65,74.21,2026-08-04,18,1,3.586,2.6820000000000004,0.4239999999999999,-0.3520000000000003,False,False,0,LOW,False,0.15689211609402914,NORMAL
AST-0003,2026-08-04 21:26:38.403936,4.46,1.43,98.0,77.18,58.29,2026-08-04,21,1,3.758,2.298,0.702,-0.8680000000000001,False,True,1,MEDIUM,False,0.07559853943011613,NORMAL
AST-0003,2026-08-05 02:55:38.403936,5.92,1.93,99.66,73.17,35.88,2026-08-05,2,2,4.366,2.346,1.5540000000000005,-0.4160000000000001,False,False,0,LOW,False,0.09663388151161079,NORMAL
AST-0003,2026-08-05 03:10:38.403936,6.31,3.12,102.23,80.21,47.92,2026-08-05,3,2,4.81,1.974,1.5,1.146,False,True,1,MEDIUM,False,0.09976031757157666,NORMAL
AST-0003,2026-08-05 07:33:38.403936,6.8,3.65,101.55,59.84,89.64,2026-08-05,7,2,5.499999999999999,2.492,1.3000000000000007,1.158,False,True,1,MEDIUM,False,0.10459160617567481,NORMAL
AST-0003,2026-08-05 08:24:38.403936,3.52,2.43,101.91,45.59,36.03,2026-08-05,8,2,5.401999999999999,2.512,-1.8819999999999992,-0.0819999999999994,False,False,0,LOW,False,0.06350564202742986,NORMAL
AST-0003,2026-08-05 13:00:38.403936,3.4,1.78,100.03,61.25,64.12,2026-08-05,13,2,5.19,2.582,-1.7899999999999996,-0.8019999999999998,False,True,1,MEDIUM,False,0.1515847886894543,NORMAL
AST-0003,2026-08-05 14:12:38.403936,3.86,2.43,101.38,53.19,63.81,2026-08-05,14,2,4.7780000000000005,2.682,-0.9180000000000006,-0.2519999999999998,False,False,0,LOW,False,0.15481187377703454,NORMAL
AST-0003,2026-08-05 16:53:38.403936,2.26,3.33,99.06,67.71,62.62,2026-08-05,16,2,3.967999999999999,2.724,-1.7079999999999993,0.6060000000000003,False,True,1,MEDIUM,False,0.12389283702553228,NORMAL
AST-0003,2026-08-05 17:29:38.403936,16.22,1.88,100.04,87.74,81.93,2026-08-05,17,2,5.851999999999999,2.37,10.368,-0.4900000000000002,True,False,1,MEDIUM,True,-0.06864952462597984,ANOMALOUS
AST-0003,2026-08-05 22:15:38.403936,6.33,2.97,100.85,55.41,58.3,2026-08-05,22,2,6.414,2.478,-0.0839999999999996,0.492,False,False,0,LOW,False,0.1491902886619927,NORMAL
AST-0003,2026-08-05 23:08:38.403936,7.59,1.65,101.88,92.49,66.2,2026-08-05,23,2,7.252,2.452,0.3380000000000001,-0.802,False,True,1,MEDIUM,False,0.007757703389464465,NORMAL
AST-0003,2026-08-06 00:11:38.403936,4.86,0.99,102.71,84.55,42.6,2026-08-06,0,3,7.452,2.164,-2.592,-1.1740000000000002,False,True,1,MEDIUM,False,0.028070705782310745,NORMAL
AST-0003,2026-08-06 00:16:38.403936,4.4,2.72,100.78,68.88,79.77,2026-08-06,0,3,7.88,2.0420000000000003,-3.4799999999999995,0.6779999999999999,False,True,1,MEDIUM,False,0.16132133130893528,NORMAL
AST-0003,2026-08-06 03:45:38.403936,2.78,2.8,102.85,60.77,42.34,2026-08-06,3,3,5.192,2.226,-2.4120000000000004,0.5739999999999998,False,True,1,MEDIUM,False,0.12306721954769134,NORMAL
AST-0003,2026-08-06 11:43:38.403936,2.85,9.5,99.98,57.21,74.17,2026-08-06,11,3,4.496,3.532,-1.6460000000000004,5.968,False,True,1,MEDIUM,True,-0.009672262015563038,ANOMALOUS
AST-0003,2026-08-06 12:07:38.403936,4.16,3.19,101.46,76.4,58.03,2026-08-06,12,3,3.81,3.84,0.3500000000000001,-0.6499999999999999,False,True,1,MEDIUM,False,0.14415687348331696,NORMAL
AST-0003,2026-08-06 12:28:38.403936,3.22,3.27,101.37,61.17,62.9,2026-08-06,12,3,3.482,4.296,-0.262,-1.0260000000000002,False,True,1,MEDIUM,False,0.1594751795919207,NORMAL
AST-0003,2026-08-06 14:54:38.403936,5.78,2.39,102.08,63.97,69.78,2026-08-06,14,3,3.758,4.23,2.022,-1.8400000000000003,False,True,1,MEDIUM,False,0.1693206071174141,NORMAL
AST-0003,2026-08-06 18:25:38.403936,4.53,7.81,102.92,57.75,65.97,2026-08-06,18,3,4.1080000000000005,5.232,0.4219999999999997,2.5779999999999994,False,True,1,MEDIUM,False,0.010722256670401609,NORMAL
AST-0003,2026-08-07 02:47:38.403936,5.87,9.83,101.14,47.58,56.81,2026-08-07,2,4,4.712000000000001,5.298,1.1579999999999997,4.532,False,True,1,MEDIUM,True,-0.039247134142076257,ANOMALOUS
AST-0003,2026-08-07 03:13:38.403936,4.92,1.73,102.65,72.16,42.41,2026-08-07,3,4,4.864,5.005999999999999,0.056,-3.276,False,True,1,MEDIUM,False,0.11614016501432811,NORMAL
AST-0003,2026-08-07 03:56:38.403936,3.35,1.14,103.38,47.04,58.87,2026-08-07,3,4,4.890000000000001,4.58,-1.5400000000000005,-3.4400000000000004,False,True,1,MEDIUM,False,0.06780770774089223,NORMAL
AST-0003,2026-08-07 08:02:38.403936,7.65,2.47,105.62,65.91,58.15,2026-08-07,8,4,5.264,4.595999999999999,2.386,-2.125999999999999,False,True,1,MEDIUM,False,0.07555094001211737,NORMAL
AST-0003,2026-08-07 13:02:38.403936,5.2,2.62,103.76,69.37,54.85,2026-08-07,13,4,5.398,3.558,-0.1979999999999995,-0.9379999999999996,False,True,1,MEDIUM,False,0.1432839451890941,NORMAL
AST-0003,2026-08-07 16:05:38.403936,20.46,3.42,103.63,69.36,68.0,2026-08-07,16,4,8.315999999999999,2.276,12.144000000000002,1.144,True,True,2,HIGH,True,-0.03898313218676164,ANOMALOUS
AST-0003,2026-08-07 20:25:38.403936,3.56,0.41,98.34,51.61,67.43,2026-08-07,20,4,8.044,2.012,-4.484,-1.6019999999999996,False,True,1,MEDIUM,False,0.06243441731528343,NORMAL
AST-0003,2026-08-07 20:27:38.403936,2.52,0.73,102.94,73.28,80.18,2026-08-07,20,4,7.878,1.93,-5.3580000000000005,-1.2000000000000002,True,True,2,HIGH,False,0.07404915084510594,NORMAL
AST-0003,2026-08-07 21:06:38.403936,4.83,1.48,100.54,73.99,65.68,2026-08-07,21,4,7.314,1.732,-2.484,-0.252,False,False,0,LOW,False,0.14167662921087115,NORMAL
AST-0003,2026-08-07 21:12:38.403936,2.11,2.92,103.46,81.16,70.49,2026-08-07,21,4,6.696000000000001,1.7920000000000005,-4.586,1.1279999999999997,False,True,1,MEDIUM,False,0.09294605430368741,NORMAL
AST-0003,2026-08-07 21:25:38.403936,7.71,2.51,101.4,58.33,73.94,2026-08-07,21,4,4.146,1.61,3.564,0.8999999999999997,False,True,1,MEDIUM,False,0.13027470938195912,NORMAL
AST-0003,2026-08-07 22:41:38.403936,3.92,1.89,106.47,69.19,76.04,2026-08-07,22,4,4.218000000000001,1.906,-0.2980000000000009,-0.016,False,False,0,LOW,False,0.06364802751876009,NORMAL
AST-0003,2026-08-08 06:19:38.403936,5.74,2.62,101.88,76.42,51.7,2026-08-08,6,5,4.862,2.284,0.8780000000000001,0.3360000000000003,False,False,0,LOW,False,0.1359980382643044,NORMAL
AST-0003,2026-08-08 07:44:38.403936,2.96,2.25,102.75,64.84,63.7,2026-08-08,7,5,4.488,2.438,-1.5280000000000005,-0.1880000000000001,False,False,0,LOW,False,0.15924018468150836,NORMAL
AST-0003,2026-08-08 08:19:38.403936,0.89,3.61,102.64,50.0,38.38,2026-08-08,8,5,4.244000000000001,2.576,-3.3540000000000005,1.0340000000000005,False,True,1,MEDIUM,False,0.03177573437571357,NORMAL
AST-0003,2026-08-08 09:53:38.403936,3.76,2.41,99.22,75.25,50.85,2026-08-08,9,5,3.454,2.556,0.306,-0.1459999999999999,False,False,0,LOW,False,0.12872365683885706,NORMAL
AST-0003,2026-08-08 20:09:38.403936,4.25,2.69,99.65,69.25,40.5,2026-08-08,20,5,3.5200000000000005,2.716,0.7299999999999995,-0.0260000000000002,False,False,0,LOW,False,0.12444875612659928,NORMAL
AST-0003,2026-08-09 04:48:38.403936,1.68,2.64,106.0,77.71,85.1,2026-08-09,4,6,2.708,2.72,-1.0279999999999998,-0.08,False,False,0,LOW,False,0.03261293321166514,NORMAL
AST-0003,2026-08-09 09:12:38.403936,6.17,2.18,100.96,71.56,97.5,2026-08-09,9,6,3.35,2.7060000000000004,2.82,-0.5260000000000002,False,True,1,MEDIUM,False,0.08612931320144762,NORMAL
AST-0003,2026-08-09 10:35:38.403936,3.9,3.07,103.16,67.08,22.62,2026-08-09,10,6,3.952,2.598,-0.0519999999999996,0.472,False,False,0,LOW,False,0.04434688956557381,NORMAL
AST-0003,2026-08-09 12:02:38.403936,3.3,3.75,99.45,74.34,56.39,2026-08-09,12,6,3.86,2.866,-0.5600000000000005,0.8839999999999999,False,True,1,MEDIUM,False,0.10869405582933184,NORMAL
AST-0003,2026-08-09 12:21:38.403936,-2.78,1.97,103.24,62.75,45.95,2026-08-09,12,6,2.454,2.722,-5.234,-0.752,True,True,2,HIGH,False,0.026428568932187257,NORMAL
AST-0003,2026-08-09 15:20:38.403936,3.01,1.42,103.2,59.08,64.87,2026-08-09,15,6,2.72,2.478,0.29,-1.0579999999999998,False,True,1,MEDIUM,False,0.12609425156433574,NORMAL
AST-0003,2026-08-09 15:51:38.403936,5.11,4.01,101.65,67.58,63.66,2026-08-09,15,6,2.508,2.844,2.6020000000000003,1.166,False,True,1,MEDIUM,False,0.15013821869285926,NORMAL
AST-0003,2026-08-09 16:32:38.403936,4.6,2.96,99.67,70.7,82.9,2026-08-09,16,6,2.648,2.822,1.952,0.1379999999999999,False,False,0,LOW,False,0.1413927457695454,NORMAL
AST-0003,2026-08-09 16:51:38.403936,6.4,3.15,102.4,48.16,63.4,2026-08-09,16,6,3.268,2.702,3.132000000000001,0.4479999999999999,False,False,0,LOW,False,0.11241686491540692,NORMAL
AST-0003,2026-08-09 17:55:38.403936,3.26,2.65,100.22,67.4,84.87,2026-08-09,17,6,4.476,2.838,-1.2160000000000002,-0.1880000000000001,False,False,0,LOW,False,0.13905873209219288,NORMAL
AST-0003,2026-08-10 03:03:38.403936,4.17,2.69,100.52,48.35,49.69,2026-08-10,3,0,4.708,3.092,-0.5380000000000003,-0.4020000000000001,False,False,0,LOW,False,0.11423627277891407,NORMAL
AST-0003,2026-08-10 05:10:38.403936,3.03,1.21,102.06,56.83,70.78,2026-08-10,5,0,4.292,2.532,-1.262,-1.3219999999999996,False,True,1,MEDIUM,False,0.1160097630721309,NORMAL
AST-0003,2026-08-10 06:05:38.403936,4.85,3.74,99.3,74.84,61.15,2026-08-10,6,0,4.3420000000000005,2.688,0.5079999999999991,1.0520000000000005,False,True,1,MEDIUM,False,0.11667602038124292,NORMAL
AST-0003,2026-08-10 09:52:38.403936,6.12,1.64,99.95,74.58,16.17,2026-08-10,9,0,4.286,2.386,1.8340000000000003,-0.7460000000000002,False,True,1,MEDIUM,False,0.026511929164791614,NORMAL
AST-0003,2026-08-10 11:59:38.403936,5.34,3.99,100.34,68.24,32.53,2026-08-10,11,0,4.702,2.6540000000000004,0.6379999999999999,1.336,False,True,1,MEDIUM,False,0.07286755146041984,NORMAL
AST-0003,2026-08-10 21:38:38.403936,3.92,3.4,103.2,57.27,72.33,2026-08-10,21,0,4.652,2.7960000000000003,-0.7320000000000002,0.6039999999999996,False,True,1,MEDIUM,False,0.14060120642505658,NORMAL
AST-0003,2026-08-11 00:02:38.403936,5.17,2.23,101.64,55.37,61.28,2026-08-11,0,1,5.08,3.0,0.0899999999999998,-0.77,False,True,1,MEDIUM,False,0.15531838926454777,NORMAL
AST-0003,2026-08-11 03:40:38.403936,6.11,1.68,101.57,58.0,86.51,2026-08-11,3,1,5.331999999999999,2.588,0.7780000000000014,-0.908,False,True,1,MEDIUM,False,0.12026382977538214,NORMAL
AST-0003,2026-08-11 06:20:38.403936,5.37,2.76,101.69,61.47,71.09,2026-08-11,6,1,5.182,2.812,0.1879999999999997,-0.052,False,False,0,LOW,False,0.16484723866912632,NORMAL
AST-0003,2026-08-11 10:33:38.403936,5.08,1.79,101.61,65.58,44.43,2026-08-11,10,1,5.130000000000001,2.372,-0.0500000000000007,-0.5819999999999999,False,True,1,MEDIUM,False,0.13859436043060408,NORMAL
AST-0003,2026-08-11 10:57:38.403936,4.76,3.2,101.12,54.47,63.05,2026-08-11,10,1,5.298,2.332,-0.5380000000000003,0.8680000000000003,False,True,1,MEDIUM,False,0.15787297617390622,NORMAL
AST-0003,2026-08-11 12:52:38.403936,7.46,3.52,104.71,54.26,75.68,2026-08-11,12,1,5.756,2.59,1.7039999999999995,0.9300000000000002,False,True,1,MEDIUM,False,0.06559514865831179,NORMAL
AST-0003,2026-08-11 14:50:38.403936,4.98,1.63,103.84,37.17,63.43,2026-08-11,14,1,5.53,2.58,-0.5499999999999998,-0.9499999999999996,False,True,1,MEDIUM,False,0.026774602389001756,NORMAL
AST-0003,2026-08-11 19:52:38.403936,6.48,2.41,97.06,58.92,88.35,2026-08-11,19,1,5.752000000000001,2.51,0.7279999999999998,-0.1,False,False,0,LOW,False,0.05654704248401121,NORMAL
AST-0003,2026-08-11 23:12:38.403936,3.53,2.24,96.56,63.03,81.64,2026-08-11,23,1,5.442,2.6,-1.9120000000000004,-0.3599999999999999,False,False,0,LOW,False,0.07144007308920824,NORMAL
AST-0003,2026-08-11 23:34:38.403936,6.51,1.46,102.96,73.11,44.33,2026-08-11,23,1,5.792,2.252,0.718,-0.7920000000000003,False,True,1,MEDIUM,False,0.09871478612047552,NORMAL
AST-0003,2026-08-12 03:38:38.403936,4.43,3.07,107.53,73.08,49.73,2026-08-12,3,2,5.186,2.162,-0.7560000000000002,0.908,False,True,1,MEDIUM,False,0.04194118907913247,NORMAL
AST-0003,2026-08-12 08:12:38.403936,3.04,2.68,99.85,98.78,74.28,2026-08-12,8,2,4.798,2.3720000000000003,-1.758,0.3079999999999998,False,False,0,LOW,False,0.01811595274410427,NORMAL
AST-0003,2026-08-12 18:49:38.403936,6.21,1.56,102.14,64.86,59.0,2026-08-12,18,2,4.744,2.2020000000000004,1.4660000000000002,-0.6420000000000003,False,True,1,MEDIUM,False,0.1531668156137979,NORMAL
AST-0003,2026-08-12 21:51:38.403936,7.39,2.91,102.23,68.66,41.23,2026-08-12,21,2,5.516,2.336,1.874,0.5740000000000003,False,True,1,MEDIUM,False,0.11580801505494365,NORMAL
AST-0003,2026-08-13 00:29:38.403936,4.56,1.36,102.22,55.76,56.88,2026-08-13,0,3,5.126,2.316,-0.5659999999999998,-0.9559999999999996,False,True,1,MEDIUM,False,0.1323198798952065,NORMAL
AST-0003,2026-08-13 01:11:38.403936,6.09,7.52,101.1,59.0,50.71,2026-08-13,1,3,5.458,3.2060000000000004,0.6319999999999997,4.313999999999999,False,True,1,MEDIUM,False,0.01451338102799904,NORMAL
AST-0003,2026-08-13 02:31:38.403936,4.08,1.85,99.1,71.74,64.74,2026-08-13,2,3,5.666,3.04,-1.5859999999999994,-1.19,False,True,1,MEDIUM,False,0.14369842424592377,NORMAL
AST-0003,2026-08-13 04:03:38.403936,4.8,1.36,106.21,79.55,100.0,2026-08-13,4,3,5.384,3.0000000000000004,-0.5839999999999996,-1.6400000000000003,False,True,1,MEDIUM,True,-0.04127958918258634,ANOMALOUS
AST-0003,2026-08-13 05:19:38.403936,5.7,2.58,105.66,60.62,48.8,2026-08-13,5,3,5.045999999999999,2.934,0.6540000000000008,-0.3539999999999996,False,False,0,LOW,False,0.08388560862741773,NORMAL
AST-0003,2026-08-13 07:18:38.403936,5.94,2.91,100.86,64.78,52.6,2026-08-13,7,3,5.322,3.244,0.6180000000000003,-0.3339999999999996,False,False,0,LOW,False,0.16072283434567863,NORMAL
AST-0003,2026-08-13 08:47:38.403936,4.8,2.13,101.67,80.09,75.9,2026-08-13,8,3,5.064,2.166,-0.2640000000000002,-0.036,False,False,0,LOW,False,0.13178790153272296,NORMAL
AST-0003,2026-08-13 09:07:38.403936,6.73,2.04,101.78,70.0,73.5,2026-08-13,9,3,5.594,2.204,1.136,-0.1639999999999997,False,False,0,LOW,False,0.15114007383920197,NORMAL
AST-0003,2026-08-13 09:55:38.403936,6.79,3.46,102.16,64.54,57.11,2026-08-13,9,3,5.992,2.624,0.798,0.8360000000000003,False,True,1,MEDIUM,False,0.1468361759943328,NORMAL
AST-0003,2026-08-13 10:21:38.403936,4.79,1.72,102.12,47.97,83.52,2026-08-13,10,3,5.81,2.452,-1.0199999999999996,-0.732,False,True,1,MEDIUM,False,0.08707188897575746,NORMAL
AST-0003,2026-08-13 10:55:38.403936,5.16,1.35,99.63,43.93,39.37,2026-08-13,10,3,5.654000000000001,2.14,-0.4940000000000006,-0.79,False,True,1,MEDIUM,False,0.04143570692763743,NORMAL
AST-0003,2026-08-13 14:40:38.403936,6.0,2.1,99.74,57.4,33.12,2026-08-13,14,3,5.894,2.134,0.1059999999999998,-0.0339999999999998,False,False,0,LOW,False,0.0965856554051075,NORMAL
AST-0003,2026-08-13 15:56:38.403936,5.53,3.09,99.55,71.6,58.06,2026-08-13,15,3,5.654,2.344,-0.1239999999999996,0.746,False,True,1,MEDIUM,False,0.14534823042414985,NORMAL
AST-0003,2026-08-13 18:42:38.403936,5.32,8.34,103.22,70.07,71.85,2026-08-13,18,3,5.36,3.3200000000000003,-0.04,5.02,False,True,1,MEDIUM,True,-0.004968866780073133,ANOMALOUS
AST-0003,2026-08-13 21:25:38.403936,6.48,1.21,104.28,62.46,44.33,2026-08-13,21,3,5.698,3.218,0.7820000000000009,-2.008,False,True,1,MEDIUM,False,0.07373244832350684,NORMAL
AST-0003,2026-08-13 21:36:38.403936,17.09,2.69,103.39,79.27,42.46,2026-08-13,21,3,8.084,3.486,9.006,-0.7959999999999998,True,True,2,HIGH,True,-0.04958856349270102,ANOMALOUS
AST-0003,2026-08-13 22:31:38.403936,5.21,2.51,99.34,72.4,95.24,2026-08-13,22,3,7.925999999999999,3.568,-2.7159999999999997,-1.0580000000000005,False,True,1,MEDIUM,False,0.08873855999670704,NORMAL
AST-0003,2026-08-14 04:17:38.403936,6.96,3.84,100.19,70.69,94.31,2026-08-14,4,4,8.212,3.718,-1.2519999999999998,0.1219999999999998,False,False,0,LOW,False,0.06159633051279917,NORMAL
AST-0003,2026-08-14 05:09:38.403936,3.07,2.6,104.55,68.23,60.46,2026-08-14,5,4,7.761999999999999,2.57,-4.691999999999998,0.0300000000000002,False,False,0,LOW,False,0.12425628876986256,NORMAL
AST-0003,2026-08-14 08:19:38.403936,6.49,3.05,102.41,63.73,78.95,2026-08-14,8,4,7.764,2.938,-1.274,0.1119999999999996,False,False,0,LOW,False,0.15206250477036565,NORMAL
AST-0003,2026-08-14 13:31:38.403936,3.05,1.86,101.51,41.86,95.12,2026-08-14,13,4,4.956,2.772,-1.9060000000000008,-0.9119999999999996,False,True,1,MEDIUM,False,0.01032741261104586,NORMAL
AST-0003,2026-08-14 21:43:38.403936,4.02,3.07,103.83,61.14,85.14,2026-08-14,21,4,4.718,2.8839999999999995,-0.6980000000000004,0.1860000000000004,False,False,0,LOW,False,0.11993339736260278,NORMAL
AST-0003,2026-08-15 01:43:38.403936,3.56,3.67,100.81,60.89,63.56,2026-08-15,1,5,4.038,2.85,-0.4780000000000002,0.8199999999999998,False,True,1,MEDIUM,False,0.15117754525406102,NORMAL
AST-0003,2026-08-15 05:35:38.403936,3.32,2.12,100.83,60.1,19.1,2026-08-15,5,5,4.088,2.754,-0.7680000000000002,-0.6339999999999999,False,True,1,MEDIUM,False,0.05259718010422787,NORMAL
AST-0003,2026-08-15 07:59:38.403936,7.34,1.79,99.75,56.29,78.04,2026-08-15,7,5,4.258,2.502,3.082,-0.7119999999999997,False,True,1,MEDIUM,False,0.10928588673974315,NORMAL
AST-0003,2026-08-15 09:19:38.403936,7.01,2.28,96.9,45.01,65.61,2026-08-15,9,5,5.05,2.586,1.96,-0.306,False,False,0,LOW,False,0.025058513216552725,NORMAL
AST-0003,2026-08-15 09:22:38.403936,5.01,4.03,98.25,53.46,80.39,2026-08-15,9,5,5.247999999999999,2.778,-0.2379999999999995,1.252000000000001,False,True,1,MEDIUM,False,0.08392082205016832,NORMAL
AST-0003,2026-08-15 09:37:38.403936,5.0,2.95,100.88,70.42,58.92,2026-08-15,9,5,5.536,2.6339999999999995,-0.5359999999999996,0.3160000000000007,False,False,0,LOW,False,0.16693774449344445,NORMAL
AST-0003,2026-08-15 12:32:38.403936,6.0,1.93,102.49,65.33,100.0,2026-08-15,12,5,6.072,2.596,-0.072,-0.6660000000000001,False,True,1,MEDIUM,False,0.08053945957150077,NORMAL
AST-0003,2026-08-15 13:10:38.403936,3.14,2.61,104.38,80.93,23.42,2026-08-15,13,5,5.232,2.76,-2.092,-0.1500000000000003,False,False,0,LOW,True,-0.009938914899972007,ANOMALOUS
AST-0003,2026-08-15 16:54:38.403936,4.2,2.08,103.37,50.77,47.54,2026-08-15,16,5,4.67,2.72,-0.4699999999999997,-0.6399999999999997,False,True,1,MEDIUM,False,0.10998798974663476,NORMAL
AST-0003,2026-08-15 20:59:38.403936,2.07,2.77,103.09,72.96,60.28,2026-08-15,20,5,4.082,2.468,-2.012,0.302,False,False,0,LOW,False,0.13977624870248895,NORMAL
AST-0003,2026-08-16 02:57:38.403936,3.44,2.78,96.44,81.42,65.79,2026-08-16,2,6,3.770000000000001,2.434,-0.3300000000000005,0.3459999999999996,False,False,0,LOW,False,0.03547234829621548,NORMAL
AST-0003,2026-08-16 04:02:38.403936,2.67,0.86,103.83,69.96,71.53,2026-08-16,4,6,3.104,2.22,-0.4340000000000001,-1.36,False,True,1,MEDIUM,False,0.08583500014509371,NORMAL
AST-0003,2026-08-16 07:05:38.403936,14.3,2.13,100.48,76.54,31.34,2026-08-16,7,6,5.336,2.124,8.964,0.0060000000000002,True,False,1,MEDIUM,True,-0.03731811628720061,ANOMALOUS
AST-0003,2026-08-16 09:57:38.403936,2.7,2.57,101.04,56.96,67.97,2026-08-16,9,6,5.036,2.222,-2.3359999999999994,0.3479999999999998,False,False,0,LOW,False,0.15392284646189736,NORMAL
AST-0003,2026-08-16 13:02:38.403936,3.55,3.81,99.74,72.35,54.94,2026-08-16,13,6,5.332,2.43,-1.782,1.38,False,True,1,MEDIUM,False,0.11950738475719758,NORMAL
AST-0003,2026-08-16 15:20:38.403936,4.93,3.55,100.22,63.13,66.72,2026-08-16,15,6,5.63,2.584,-0.7000000000000002,0.9659999999999996,False,True,1,MEDIUM,False,0.15444467660492633,NORMAL
AST-0003,2026-08-16 20:40:38.403936,2.87,1.88,100.29,54.54,61.24,2026-08-16,20,6,5.67,2.788,-2.8,-0.908,False,True,1,MEDIUM,False,0.1411124067324664,NORMAL
AST-0003,2026-08-16 21:02:38.403936,5.06,2.97,101.82,62.65,60.28,2026-08-16,21,6,3.822,2.9560000000000004,1.2379999999999995,0.0139999999999997,False,False,0,LOW,False,0.1710021090085752,NORMAL
AST-0003,2026-08-16 23:00:38.403936,6.35,2.49,100.52,78.06,56.15,2026-08-16,23,6,4.552,2.94,1.798,-0.4499999999999997,False,False,0,LOW,False,0.1256399391189178,NORMAL
AST-0003,2026-08-17 00:39:38.403936,4.91,3.26,101.49,78.53,93.89,2026-08-17,0,0,4.824,2.83,0.0860000000000003,0.4300000000000001,False,False,0,LOW,False,0.08126001848557396,NORMAL
AST-0003,2026-08-17 06:20:38.403936,5.26,2.84,97.27,66.18,44.91,2026-08-17,6,0,4.89,2.688,0.3700000000000001,0.1519999999999997,False,False,0,LOW,False,0.07959407047418848,NORMAL
AST-0003,2026-08-17 06:43:38.403936,11.88,1.86,99.91,62.78,96.15,2026-08-17,6,0,6.692,2.684,5.188000000000001,-0.8240000000000001,True,True,2,HIGH,False,0.003814886394112982,NORMAL
AST-0003,2026-08-17 10:07:38.403936,4.39,2.47,102.76,65.52,78.19,2026-08-17,10,0,6.558,2.584,-2.168,-0.1139999999999994,False,False,0,LOW,False,0.15713016939614782,NORMAL
AST-0003,2026-08-17 10:25:38.403936,5.85,2.67,102.19,69.24,36.12,2026-08-17,10,0,6.458,2.62,-0.6080000000000005,0.0499999999999998,False,False,0,LOW,False,0.119749391110757,NORMAL
AST-0003,2026-08-17 12:47:38.403936,5.77,7.7,103.24,50.96,82.33,2026-08-17,12,0,6.63,3.508,-0.8600000000000003,4.192,False,True,1,MEDIUM,True,-0.01950646923234789,ANOMALOUS
AST-0003,2026-08-17 13:29:38.403936,3.62,2.76,103.81,60.52,52.54,2026-08-17,13,0,6.302,3.492,-2.6819999999999995,-0.7320000000000002,False,True,1,MEDIUM,False,0.13642511952758318,NORMAL
AST-0003,2026-08-17 14:43:38.403936,4.32,1.77,102.51,48.83,71.23,2026-08-17,14,0,4.789999999999999,3.474,-0.4699999999999988,-1.7040000000000002,False,True,1,MEDIUM,False,0.1162238159056857,NORMAL
AST-0003,2026-08-17 16:23:38.403936,5.35,3.57,99.01,59.9,80.24,2026-08-17,16,0,4.982,3.694,0.3679999999999994,-0.1240000000000001,False,False,0,LOW,False,0.12400645112404513,NORMAL
AST-0003,2026-08-18 01:30:38.403936,3.7,2.87,101.13,81.86,87.19,2026-08-18,1,1,4.552,3.734,-0.8519999999999994,-0.8639999999999994,False,True,1,MEDIUM,False,0.09554708111797944,NORMAL
AST-0003,2026-08-18 06:37:38.403936,7.56,2.22,99.38,68.82,42.94,2026-08-18,6,1,4.909999999999999,2.638,2.6500000000000004,-0.4179999999999997,False,False,0,LOW,False,0.10426354298073798,NORMAL
AST-0003,2026-08-18 07:19:38.403936,5.99,2.47,100.93,52.51,79.14,2026-08-18,7,1,5.384,2.58,0.6059999999999999,-0.1099999999999998,False,False,0,LOW,False,0.13505908257771143,NORMAL
AST-0003,2026-08-18 13:09:38.403936,5.04,3.45,99.37,60.85,51.96,2026-08-18,13,1,5.5280000000000005,2.9160000000000004,-0.4880000000000004,0.5339999999999998,False,True,1,MEDIUM,False,0.13165945184054462,NORMAL
AST-0003,2026-08-18 23:43:38.403936,2.42,2.02,99.6,62.21,66.21,2026-08-18,23,1,4.942,2.6060000000000003,-2.522,-0.5860000000000003,False,True,1,MEDIUM,False,0.14501867275929864,NORMAL
AST-0003,2026-08-19 03:34:38.403936,4.1,1.56,99.53,78.77,68.62,2026-08-19,3,2,5.022,2.344,-0.9220000000000006,-0.7839999999999998,False,True,1,MEDIUM,False,0.11409872363442625,NORMAL
AST-0003,2026-08-19 04:17:38.403936,5.45,1.49,103.15,51.99,76.49,2026-08-19,4,2,4.6,2.198,0.8500000000000005,-0.708,False,True,1,MEDIUM,False,0.11097306038357829,NORMAL
AST-0003,2026-08-19 05:32:38.403936,5.56,2.31,99.25,77.3,47.64,2026-08-19,5,2,4.514,2.166,1.0459999999999994,0.1440000000000001,False,False,0,LOW,False,0.1138508295162618,NORMAL
AST-0003,2026-08-19 05:59:38.403936,6.29,3.77,101.09,65.44,74.35,2026-08-19,5,2,4.764,2.23,1.5259999999999998,1.54,False,True,1,MEDIUM,False,0.14505513854754443,NORMAL
AST-0003,2026-08-19 07:14:38.403936,5.18,2.71,101.17,58.38,74.29,2026-08-19,7,2,5.316,2.368,-0.1360000000000001,0.3420000000000001,False,False,0,LOW,False,0.15971634177296928,NORMAL
AST-0003,2026-08-19 07:59:38.403936,2.38,3.28,100.76,51.1,89.34,2026-08-19,7,2,4.972,2.712,-2.592,0.5680000000000001,False,True,1,MEDIUM,False,0.08289199148904591,NORMAL
AST-0003,2026-08-19 09:37:38.403936,4.54,2.0,100.56,62.69,79.58,2026-08-19,9,2,4.789999999999999,2.814,-0.2499999999999991,-0.8140000000000001,False,True,1,MEDIUM,False,0.15722734945746547,NORMAL
AST-0003,2026-08-19 14:06:38.403936,5.09,2.33,102.64,64.04,74.52,2026-08-19,14,2,4.696,2.818,0.3940000000000001,-0.488,False,False,0,LOW,False,0.16684593034215328,NORMAL
AST-0003,2026-08-19 16:51:38.403936,2.89,0.16,102.17,74.04,22.47,2026-08-19,16,2,4.016,2.096,-1.126,-1.936,False,True,1,MEDIUM,True,-0.012200529118707504,ANOMALOUS
AST-0003,2026-08-19 17:22:38.403936,5.12,1.37,101.11,53.05,65.05,2026-08-19,17,2,4.004,1.828,1.1160000000000003,-0.4579999999999999,False,False,0,LOW,False,0.12874219340048343,NORMAL
AST-0003,2026-08-19 18:08:38.403936,5.74,3.43,100.29,54.74,66.12,2026-08-19,18,2,4.676,1.858,1.064,1.5720000000000005,False,True,1,MEDIUM,False,0.1447202635583325,NORMAL
AST-0003,2026-08-19 18:09:38.403936,14.92,7.78,101.2,57.28,49.07,2026-08-19,18,2,6.752000000000001,3.014,8.168,4.766,True,True,2,HIGH,True,-0.08732383996506277,ANOMALOUS
AST-0003,2026-08-19 21:24:38.403936,-2.31,3.48,99.32,53.51,74.32,2026-08-19,21,2,5.272,3.244,-7.582000000000001,0.2360000000000002,True,False,1,MEDIUM,False,0.022204381882389823,NORMAL
AST-0003,2026-08-20 02:18:38.403936,4.41,2.44,103.7,65.14,57.41,2026-08-20,2,3,5.5760000000000005,3.7,-1.1660000000000004,-1.2600000000000002,False,True,1,MEDIUM,False,0.15140585574143356,NORMAL
AST-0003,2026-08-20 04:42:38.403936,5.43,3.81,102.06,68.12,37.66,2026-08-20,4,3,5.638,4.188,-0.2080000000000001,-0.3779999999999996,False,False,0,LOW,False,0.10148725555828425,NORMAL
AST-0003,2026-08-20 05:30:38.403936,2.93,2.48,100.05,72.47,65.57,2026-08-20,5,3,5.076,3.998,-2.1459999999999995,-1.5179999999999998,False,True,1,MEDIUM,False,0.14648644785221876,NORMAL
AST-0003,2026-08-20 07:09:38.403936,7.01,6.5,99.63,42.34,58.69,2026-08-20,7,3,3.494,3.742,3.516,2.758,False,True,1,MEDIUM,True,-0.02716354865944892,ANOMALOUS
AST-0003,2026-08-20 08:14:38.403936,4.01,4.1,100.91,72.55,77.94,2026-08-20,8,3,4.758,3.866,-0.7480000000000002,0.2339999999999999,False,False,0,LOW,False,0.1297425001617361,NORMAL
AST-0003,2026-08-20 08:20:38.403936,4.92,2.3,104.51,69.91,78.23,2026-08-20,8,3,4.86,3.838,0.0599999999999996,-1.5380000000000005,False,True,1,MEDIUM,False,0.1213477005522065,NORMAL
AST-0003,2026-08-20 08:42:38.403936,4.75,10.57,100.08,66.07,78.45,2026-08-20,8,3,4.723999999999999,5.19,0.0260000000000006,5.380000000000001,False,True,1,MEDIUM,True,-0.006907798711652369,ANOMALOUS
AST-0003,2026-08-20 08:51:38.403936,1.67,6.86,102.72,73.14,61.21,2026-08-20,8,3,4.472,6.066,-2.802,0.7940000000000005,False,True,1,MEDIUM,False,0.013668778103339108,NORMAL
AST-0003,2026-08-20 10:42:38.403936,3.81,2.75,102.45,78.98,86.44,2026-08-20,10,3,3.832,5.316,-0.0219999999999997,-2.566,False,True,1,MEDIUM,False,0.10752219970538968,NORMAL
AST-0003,2026-08-20 12:34:38.403936,6.39,2.99,101.48,60.6,55.48,2026-08-20,12,3,4.308,5.094,2.082,-2.104,False,True,1,MEDIUM,False,0.15638258215864576,NORMAL
AST-0003,2026-08-20 13:00:38.403936,2.25,2.7,102.24,75.86,66.76,2026-08-20,13,3,3.774,5.174,-1.5239999999999996,-2.474,False,True,1,MEDIUM,False,0.13686417308790083,NORMAL
AST-0003,2026-08-20 17:26:38.403936,0.19,2.41,101.29,40.17,99.65,2026-08-20,17,3,2.862,3.5420000000000003,-2.672,-1.132,False,True,1,MEDIUM,True,-0.03586442858935934,ANOMALOUS
AST-0003,2026-08-20 20:01:38.403936,3.91,2.66,102.69,53.93,69.69,2026-08-20,20,3,3.31,2.7020000000000004,0.6000000000000001,-0.0420000000000002,False,False,0,LOW,False,0.15259358243639815,NORMAL
AST-0003,2026-08-20 20:59:38.403936,5.35,3.02,101.59,70.23,50.59,2026-08-20,20,3,3.618,2.756,1.7320000000000002,0.2639999999999998,False,False,0,LOW,False,0.15597922535168163,NORMAL
AST-0003,2026-08-21 01:49:38.403936,5.19,1.96,105.33,66.37,58.42,2026-08-21,1,4,3.378,2.55,1.8120000000000005,-0.5899999999999999,False,True,1,MEDIUM,False,0.109127488196262,NORMAL
AST-0003,2026-08-21 02:34:38.403936,4.37,2.05,99.41,76.31,65.55,2026-08-21,2,4,3.802,2.42,0.5680000000000005,-0.3700000000000001,False,False,0,LOW,False,0.14025208053916882,NORMAL
AST-0003,2026-08-21 07:20:38.403936,3.93,3.51,100.23,54.73,56.75,2026-08-21,7,4,4.55,2.64,-0.6199999999999997,0.8700000000000001,False,True,1,MEDIUM,False,0.13921666143815237,NORMAL
AST-0003,2026-08-21 08:52:38.403936,6.7,3.45,102.28,67.9,43.11,2026-08-21,8,4,5.108,2.798,1.5920000000000003,0.6520000000000001,False,True,1,MEDIUM,False,0.114647522140503,NORMAL
AST-0003,2026-08-21 12:09:38.403936,7.57,1.42,102.55,50.93,59.27,2026-08-21,12,4,5.5520000000000005,2.478,2.018,-1.0580000000000005,False,True,1,MEDIUM,False,0.09127655966877896,NORMAL
AST-0003,2026-08-21 14:38:38.403936,4.31,0.99,100.2,65.93,67.88,2026-08-21,14,4,5.376,2.284,-1.0659999999999998,-1.2939999999999998,False,True,1,MEDIUM,False,0.13544723140321074,NORMAL
AST-0003,2026-08-21 21:27:38.403936,4.11,1.17,102.1,71.47,56.3,2026-08-21,21,4,5.324,2.108,-1.2139999999999995,-0.9380000000000002,False,True,1,MEDIUM,False,0.12745680025837264,NORMAL
AST-0003,2026-08-21 23:51:38.403936,4.15,2.4,99.09,73.21,68.32,2026-08-21,23,4,5.368,1.886,-1.218,0.514,False,True,1,MEDIUM,False,0.1465500182406268,NORMAL
AST-0003,2026-08-22 01:46:38.403936,5.52,2.46,100.68,53.9,44.11,2026-08-22,1,5,5.132,1.688,0.3879999999999999,0.772,False,True,1,MEDIUM,False,0.12542526379040603,NORMAL
AST-0003,2026-08-22 05:40:38.403936,4.03,2.04,101.97,74.33,60.99,2026-08-22,5,5,4.424,1.812,-0.3940000000000001,0.2280000000000002,False,False,0,LOW,False,0.15373122165692954,NORMAL
AST-0003,2026-08-22 10:02:38.403936,7.33,2.12,102.67,71.96,68.45,2026-08-22,10,5,5.0280000000000005,2.038,2.302,0.0820000000000003,False,False,0,LOW,False,0.13525694454460946,NORMAL
AST-0003,2026-08-22 10:48:38.403936,4.31,3.04,102.79,58.72,28.04,2026-08-22,10,5,5.0680000000000005,2.412,-0.7580000000000009,0.6280000000000001,False,True,1,MEDIUM,False,0.07788417832841099,NORMAL
AST-0003,2026-08-23 04:11:38.403936,3.26,1.92,105.4,65.01,79.08,2026-08-23,4,6,4.89,2.3160000000000003,-1.63,-0.3960000000000003,False,False,0,LOW,False,0.09414639438858863,NORMAL
AST-0003,2026-08-23 06:37:38.403936,6.38,1.88,101.84,69.17,86.44,2026-08-23,6,6,5.061999999999999,2.2,1.3180000000000005,-0.3200000000000003,False,False,0,LOW,False,0.12961585923833707,NORMAL
AST-0003,2026-08-23 06:56:38.403936,6.26,1.53,102.56,64.57,54.08,2026-08-23,6,6,5.508,2.098,0.7519999999999998,-0.5679999999999998,False,True,1,MEDIUM,False,0.14057130473248064,NORMAL
AST-0003,2026-08-23 08:09:38.403936,2.08,2.63,100.39,51.99,70.36,2026-08-23,8,6,4.458,2.2,-2.378,0.4299999999999997,False,False,0,LOW,False,0.12183946499945031,NORMAL
AST-0003,2026-08-23 09:24:38.403936,5.5,1.91,101.46,69.57,91.2,2026-08-23,9,6,4.696,1.974,0.8040000000000003,-0.0639999999999998,False,False,0,LOW,False,0.12488271499451375,NORMAL
AST-0003,2026-08-23 10:27:38.403936,5.27,1.83,105.67,70.71,54.55,2026-08-23,10,6,5.098,1.956,0.1719999999999997,-0.1259999999999999,False,False,0,LOW,False,0.08089475816669811,NORMAL
AST-0003,2026-08-23 10:37:38.403936,4.19,3.04,101.08,65.14,69.53,2026-08-23,10,6,4.66,2.188,-0.4699999999999997,0.8519999999999999,False,True,1,MEDIUM,False,0.1707476671589246,NORMAL
AST-0003,2026-08-23 10:40:38.403936,1.71,3.03,100.8,51.26,63.59,2026-08-23,10,6,3.75,2.4880000000000004,-2.04,0.5419999999999994,False,True,1,MEDIUM,False,0.11827397121720495,NORMAL
AST-0003,2026-08-23 10:48:38.403936,4.75,3.35,98.91,54.87,30.16,2026-08-23,10,6,4.284000000000001,2.632,0.4659999999999993,0.718,False,True,1,MEDIUM,False,0.047094251629349604,NORMAL
AST-0003,2026-08-23 13:05:38.403936,1.6,2.52,102.55,66.93,88.58,2026-08-23,13,6,3.504,2.754,-1.904,-0.2339999999999999,False,False,0,LOW,False,0.11584519556754869,NORMAL
AST-0003,2026-08-23 15:55:38.403936,3.59,1.9,102.54,69.55,74.93,2026-08-23,15,6,3.168,2.768,0.4219999999999997,-0.8679999999999999,False,True,1,MEDIUM,False,0.15768527970077512,NORMAL
AST-0003,2026-08-23 15:56:38.403936,4.26,3.93,100.97,51.72,55.98,2026-08-23,15,6,3.182,2.946,1.0779999999999998,0.984,False,True,1,MEDIUM,False,0.12609061759229706,NORMAL
AST-0003,2026-08-23 20:51:38.403936,4.99,2.74,102.54,53.61,83.7,2026-08-23,20,6,3.838,2.888,1.1520000000000006,-0.1479999999999997,False,False,0,LOW,False,0.13081699056729396,NORMAL
AST-0003,2026-08-23 22:14:38.403936,5.99,3.15,100.69,65.5,72.34,2026-08-23,22,6,4.086,2.848,1.904,0.302,False,False,0,LOW,False,0.1629601461612895,NORMAL
AST-0003,2026-08-24 00:14:38.403936,4.36,3.56,98.73,51.03,54.5,2026-08-24,0,0,4.638,3.056,-0.2779999999999996,0.504,False,True,1,MEDIUM,False,0.09490696083036831,NORMAL
AST-0003,2026-08-24 00:56:38.403936,3.41,2.53,101.27,61.72,55.37,2026-08-24,0,0,4.602,3.182,-1.1920000000000002,-0.6520000000000001,False,True,1,MEDIUM,False,0.16351035921354223,NORMAL
AST-0003,2026-08-24 04:35:38.403936,4.08,2.55,102.33,49.37,55.48,2026-08-24,4,0,4.566000000000001,2.906,-0.4860000000000006,-0.3560000000000003,False,False,0,LOW,False,0.12989488798536458,NORMAL
AST-0003,2026-08-24 07:07:38.403936,4.28,2.83,100.31,74.23,72.31,2026-08-24,7,0,4.424000000000001,2.9240000000000004,-0.144000000000001,-0.0940000000000003,False,False,0,LOW,False,0.16023259726657246,NORMAL
AST-0003,2026-08-24 07:31:38.403936,2.38,2.41,99.49,57.64,87.25,2026-08-24,7,0,3.702,2.776,-1.3220000000000005,-0.3659999999999996,False,False,0,LOW,False,0.10468171042470015,NORMAL
AST-0003,2026-08-24 07:58:38.403936,5.16,2.82,103.77,54.29,77.24,2026-08-24,7,0,3.862000000000001,2.628,1.2979999999999996,0.1920000000000001,False,False,0,LOW,False,0.12488215290956456,NORMAL
AST-0003,2026-08-24 08:42:38.403936,1.98,2.49,103.25,70.85,66.02,2026-08-24,8,0,3.5760000000000005,2.62,-1.5960000000000003,-0.1299999999999999,False,False,0,LOW,False,0.13982361744160138,NORMAL
AST-0003,2026-08-24 12:58:38.403936,5.15,2.21,101.04,60.89,77.96,2026-08-24,12,0,3.79,2.5520000000000005,1.3600000000000003,-0.3420000000000005,False,False,0,LOW,False,0.15987717418671193,NORMAL
AST-0003,2026-08-24 13:17:38.403936,3.57,2.35,99.4,67.25,79.11,2026-08-24,13,0,3.648,2.456,-0.0779999999999998,-0.1059999999999998,False,False,0,LOW,False,0.15232111059929726,NORMAL
AST-0003,2026-08-24 13:52:38.403936,3.92,1.46,102.04,75.64,62.82,2026-08-24,13,0,3.956,2.2660000000000005,-0.0360000000000004,-0.8060000000000005,False,True,1,MEDIUM,False,0.13404965165617405,NORMAL
AST-0003,2026-08-24 18:41:38.403936,4.87,2.67,100.73,64.48,57.26,2026-08-24,18,0,3.898000000000001,2.236,0.9719999999999996,0.4340000000000001,False,False,0,LOW,False,0.17025383254668897,NORMAL
AST-0003,2026-08-24 19:52:38.403936,4.92,2.09,99.61,59.15,56.38,2026-08-24,19,0,4.486,2.156,0.4340000000000001,-0.0660000000000002,False,False,0,LOW,False,0.1527953540982281,NORMAL
AST-0003,2026-08-24 20:45:38.403936,3.81,2.97,101.74,63.33,64.78,2026-08-24,20,0,4.218,2.308,-0.4079999999999999,0.6620000000000004,False,True,1,MEDIUM,False,0.17102638532501224,NORMAL
AST-0003,2026-08-24 21:26:38.403936,5.72,2.6,100.85,78.89,76.47,2026-08-24,21,0,4.648000000000001,2.358,1.0719999999999992,0.2420000000000004,False,False,0,LOW,False,0.12981576108325737,NORMAL
AST-0003,2026-08-24 21:27:38.403936,-4.59,3.3,98.09,70.65,40.23,2026-08-24,21,0,2.946,2.726,-7.536,0.5739999999999998,True,True,2,HIGH,True,-0.0490541920352312,ANOMALOUS
AST-0003,2026-08-24 22:50:38.403936,6.36,2.76,104.38,74.11,55.58,2026-08-24,22,0,3.244,2.744,3.1160000000000005,0.0159999999999995,False,False,0,LOW,False,0.1187279825602211,NORMAL
AST-0003,2026-08-24 23:46:38.403936,3.06,1.42,98.13,69.13,61.15,2026-08-24,23,0,2.872,2.61,0.1880000000000001,-1.19,False,True,1,MEDIUM,False,0.10061505007073157,NORMAL
AST-0003,2026-08-25 01:51:38.403936,3.03,1.3,102.75,71.94,93.52,2026-08-25,1,1,2.716,2.276,0.314,-0.9760000000000002,False,True,1,MEDIUM,False,0.06465848823816006,NORMAL
AST-0003,2026-08-25 01:59:38.403936,5.48,1.59,100.9,64.93,75.78,2026-08-25,1,1,2.668,2.0740000000000003,2.8120000000000003,-0.4840000000000002,False,False,0,LOW,False,0.1534204420571303,NORMAL
AST-0003,2026-08-25 06:22:38.403936,3.9,3.49,102.06,55.32,59.41,2026-08-25,6,1,4.3660000000000005,2.112,-0.4660000000000006,1.378,False,True,1,MEDIUM,False,0.1485980990951462,NORMAL
AST-0003,2026-08-25 08:17:38.403936,5.36,2.59,102.08,66.37,86.41,2026-08-25,8,1,4.166,2.0780000000000003,1.194,0.5119999999999996,False,True,1,MEDIUM,False,0.15044262364999023,NORMAL
AST-0003,2026-08-25 09:39:38.403936,4.14,2.78,98.8,79.44,63.52,2026-08-25,9,1,4.382,2.35,-0.242,0.4299999999999997,False,False,0,LOW,False,0.11310907354228511,NORMAL
AST-0003,2026-08-25 11:20:38.403936,2.62,2.97,100.85,64.25,53.97,2026-08-25,11,1,4.3,2.684,-1.6799999999999995,0.286,False,False,0,LOW,False,0.15256649744491735,NORMAL
AST-0003,2026-08-25 14:16:38.403936,4.16,2.61,100.42,66.01,61.62,2026-08-25,14,1,4.036,2.888,0.1240000000000005,-0.278,False,False,0,LOW,False,0.1719212842197652,NORMAL
AST-0003,2026-08-25 16:18:38.403936,3.33,2.82,104.34,65.11,72.64,2026-08-25,16,1,3.922,2.754,-0.5919999999999996,0.0659999999999998,False,False,0,LOW,False,0.13265190409002603,NORMAL
AST-0003,2026-08-26 04:17:38.403936,6.12,2.14,103.86,65.68,80.35,2026-08-26,4,2,4.074,2.664,2.0460000000000003,-0.524,False,True,1,MEDIUM,False,0.1297208323950647,NORMAL
AST-0003,2026-08-26 08:50:38.403936,4.61,1.69,99.85,61.99,58.9,2026-08-26,8,2,4.168,2.446,0.4420000000000001,-0.7560000000000002,False,True,1,MEDIUM,False,0.1532707620715929,NORMAL
AST-0003,2026-08-26 13:13:38.403936,4.14,2.86,101.83,62.41,36.89,2026-08-26,13,2,4.472,2.424,-0.3319999999999998,0.4359999999999999,False,False,0,LOW,False,0.12772065681330325,NORMAL
AST-0003,2026-08-26 18:49:38.403936,4.84,3.58,100.1,72.09,67.92,2026-08-26,18,2,4.6080000000000005,2.618,0.2319999999999993,0.9620000000000002,False,True,1,MEDIUM,False,0.14133299109973058,NORMAL
AST-0003,2026-08-26 19:14:38.403936,5.25,0.51,99.37,81.29,54.53,2026-08-26,19,2,4.992,2.156,0.258,-1.6459999999999997,False,True,1,MEDIUM,False,0.05053739895494486,NORMAL
AST-0003,2026-08-26 21:51:38.403936,7.85,2.22,100.54,66.6,96.14,2026-08-26,21,2,5.337999999999999,2.172,2.5120000000000005,0.048,False,False,0,LOW,False,0.07198333838513932,NORMAL
AST-0003,2026-08-26 22:53:38.403936,5.38,1.76,100.34,65.48,88.39,2026-08-26,22,2,5.492,2.186,-0.1120000000000001,-0.4259999999999999,False,False,0,LOW,False,0.12996979137730091,NORMAL
AST-0003,2026-08-27 03:03:38.403936,4.39,3.31,102.68,65.51,60.31,2026-08-27,3,3,5.542,2.276,-1.152,1.0339999999999998,False,True,1,MEDIUM,False,0.16171892264963872,NORMAL
AST-0003,2026-08-27 06:26:38.403936,3.8,2.07,101.58,59.98,70.58,2026-08-27,6,3,5.334,1.974,-1.5339999999999998,0.0959999999999996,False,False,0,LOW,False,0.15847433974436947,NORMAL
AST-0003,2026-08-27 08:03:38.403936,5.24,2.96,101.69,64.01,72.85,2026-08-27,8,3,5.331999999999999,2.464,-0.0919999999999987,0.496,False,False,0,LOW,False,0.17150227780476518,NORMAL
AST-0003,2026-08-27 08:39:38.403936,3.93,8.93,104.1,52.91,54.81,2026-08-27,8,3,4.548,3.806,-0.6179999999999999,5.124,False,True,1,MEDIUM,True,-0.03423833395781506,ANOMALOUS
AST-0003,2026-08-27 11:50:38.403936,3.68,4.84,99.31,55.79,54.82,2026-08-27,11,3,4.208,4.422,-0.528,0.4180000000000001,False,False,0,LOW,False,0.08281394897670658,NORMAL
AST-0003,2026-08-27 15:03:38.403936,2.15,0.73,99.84,72.1,45.99,2026-08-27,15,3,3.76,3.906,-1.6100000000000003,-3.176,False,True,1,MEDIUM,False,0.06457801787233136,NORMAL
AST-0003,2026-08-27 19:16:38.403936,2.92,1.77,102.82,58.83,40.74,2026-08-27,19,3,3.5840000000000005,3.845999999999999,-0.6640000000000006,-2.075999999999999,False,True,1,MEDIUM,False,0.11095927571155911,NORMAL
AST-0003,2026-08-27 20:47:38.403936,2.43,3.33,101.75,60.48,100.0,2026-08-27,20,3,3.022,3.92,-0.5919999999999996,-0.5899999999999994,False,True,1,MEDIUM,False,0.06479001528797301,NORMAL
AST-0003,2026-08-27 23:20:38.403936,4.94,1.29,104.25,53.32,68.9,2026-08-27,23,3,3.224,2.3920000000000003,1.7160000000000002,-1.1020000000000003,False,True,1,MEDIUM,False,0.08576173366973922,NORMAL
AST-0003,2026-08-28 00:59:38.403936,4.6,3.07,102.15,63.38,66.0,2026-08-28,0,4,3.408,2.038,1.1919999999999995,1.032,False,True,1,MEDIUM,False,0.16993270755156664,NORMAL
AST-0003,2026-08-28 05:20:38.403936,5.48,2.46,98.58,70.76,73.97,2026-08-28,5,4,4.074,2.384,1.4060000000000006,0.076,False,False,0,LOW,False,0.13589659989750363,NORMAL
AST-0003,2026-08-28 08:02:38.403936,4.1,2.78,96.94,64.43,34.77,2026-08-28,8,4,4.31,2.586,-0.2099999999999999,0.1939999999999999,False,False,0,LOW,False,0.05052395547454375,NORMAL
AST-0003,2026-08-28 15:52:38.403936,3.38,2.4,102.08,39.12,65.3,2026-08-28,15,4,4.5,2.4,-1.12,0.0,False,False,0,LOW,False,0.07080829138958744,NORMAL
AST-0003,2026-08-28 16:56:38.403936,2.82,2.45,101.2,66.61,76.92,2026-08-28,16,4,4.0760000000000005,2.632,-1.256000000000001,-0.1819999999999999,False,False,0,LOW,False,0.15811883475610045,NORMAL
AST-0004,2026-07-29 18:58:38.403936,1.83,2.54,103.82,74.26,63.53,2026-07-29,18,2,1.83,2.54,0.0,0.0,False,False,0,LOW,False,0.11692501941480005,NORMAL
AST-0004,2026-07-29 23:47:38.403936,3.58,2.58,102.4,53.72,87.74,2026-07-29,23,2,2.705,2.56,0.875,0.02,False,False,0,LOW,False,0.12748803208841186,NORMAL
AST-0004,2026-07-30 00:26:38.403936,5.13,1.96,102.29,56.67,57.8,2026-07-30,0,3,3.513333333333333,2.36,1.6166666666666667,-0.3999999999999999,False,False,0,LOW,False,0.14899745504272682,NORMAL
AST-0004,2026-07-30 02:51:38.403936,4.17,3.38,102.95,73.14,88.5,2026-07-30,2,3,3.6775,2.615,0.4924999999999997,0.7649999999999997,False,True,1,MEDIUM,False,0.11751770550545465,NORMAL
AST-0004,2026-07-30 06:29:38.403936,4.96,1.48,100.47,55.05,74.89,2026-07-30,6,3,3.934,2.388,1.0259999999999998,-0.908,False,True,1,MEDIUM,False,0.13342101649860394,NORMAL
AST-0004,2026-07-30 11:57:38.403936,11.14,2.52,106.25,52.57,74.51,2026-07-30,11,3,5.796000000000001,2.3839999999999995,5.343999999999999,0.1360000000000005,True,False,1,MEDIUM,True,-0.003270268248552366,ANOMALOUS
AST-0004,2026-07-31 03:04:38.403936,4.14,1.39,98.89,70.81,68.5,2026-07-31,3,4,5.908,2.146,-1.7679999999999998,-0.756,False,True,1,MEDIUM,False,0.12043794177535655,NORMAL
AST-0004,2026-07-31 03:27:38.403936,7.1,2.69,101.43,55.93,72.85,2026-07-31,3,4,6.3020000000000005,2.2920000000000003,0.7979999999999992,0.3979999999999997,False,False,0,LOW,False,0.1441530468233368,NORMAL
AST-0004,2026-07-31 07:02:38.403936,6.7,1.79,101.44,58.49,59.12,2026-07-31,7,4,6.808,1.974,-0.1079999999999996,-0.1840000000000001,False,False,0,LOW,False,0.14695647906801507,NORMAL
AST-0004,2026-07-31 10:30:38.403936,5.77,3.22,106.09,69.82,78.03,2026-07-31,10,4,6.969999999999999,2.322,-1.1999999999999993,0.8980000000000001,False,True,1,MEDIUM,False,0.0712766006670511,NORMAL
AST-0004,2026-07-31 12:08:38.403936,7.25,2.83,104.14,74.99,48.62,2026-07-31,12,4,6.191999999999999,2.384,1.0580000000000007,0.4460000000000002,False,False,0,LOW,False,0.08989781519730727,NORMAL
AST-0004,2026-07-31 13:48:38.403936,4.2,2.06,101.14,52.4,71.43,2026-07-31,13,4,6.204,2.518,-2.004,-0.4579999999999997,False,False,0,LOW,False,0.14117958964196792,NORMAL
AST-0004,2026-07-31 15:02:38.403936,3.38,1.84,104.04,65.18,75.17,2026-07-31,15,4,5.459999999999999,2.348,-2.079999999999999,-0.5079999999999998,False,True,1,MEDIUM,False,0.1280381937543102,NORMAL
AST-0004,2026-07-31 17:35:38.403936,6.99,2.37,100.81,65.57,62.75,2026-07-31,17,4,5.518,2.464,1.4720000000000004,-0.0939999999999998,False,False,0,LOW,False,0.15821830494187838,NORMAL
AST-0004,2026-07-31 19:43:38.403936,5.24,3.4,101.14,60.43,67.8,2026-07-31,19,4,5.412000000000001,2.5,-0.1720000000000006,0.8999999999999999,False,True,1,MEDIUM,False,0.1591197119161672,NORMAL
AST-0004,2026-07-31 20:06:38.403936,4.0,3.72,97.03,72.6,49.89,2026-07-31,20,4,4.7620000000000005,2.678,-0.7620000000000005,1.0420000000000005,False,True,1,MEDIUM,False,0.05467635841716789,NORMAL
AST-0004,2026-08-01 09:33:38.403936,4.55,2.59,100.94,68.96,77.47,2026-08-01,9,5,4.832,2.7840000000000003,-0.282,-0.1940000000000004,False,False,0,LOW,False,0.16666890565716336,NORMAL
AST-0004,2026-08-01 13:38:38.403936,4.52,2.88,100.76,46.64,57.21,2026-08-01,13,5,5.0600000000000005,2.992,-0.5400000000000009,-0.1120000000000001,False,False,0,LOW,False,0.11560025887874198,NORMAL
AST-0004,2026-08-01 20:04:38.403936,4.24,2.31,103.63,62.43,42.78,2026-08-01,20,5,4.51,2.98,-0.2699999999999996,-0.6699999999999999,False,True,1,MEDIUM,False,0.12730987529646448,NORMAL
AST-0004,2026-08-01 20:23:38.403936,6.23,2.01,99.28,67.54,32.72,2026-08-01,20,5,4.708,2.702,1.5220000000000002,-0.6920000000000002,False,True,1,MEDIUM,False,0.0876922574633951,NORMAL
AST-0004,2026-08-01 22:42:38.403936,4.47,4.02,98.58,53.91,95.83,2026-08-01,22,5,4.802,2.762,-0.3319999999999998,1.258,False,True,1,MEDIUM,False,0.04004991718251566,NORMAL
AST-0004,2026-08-02 00:06:38.403936,4.98,3.53,103.89,70.44,80.22,2026-08-02,0,6,4.888,2.95,0.0920000000000005,0.5800000000000001,False,True,1,MEDIUM,False,0.12002485174205924,NORMAL
AST-0004,2026-08-02 00:07:38.403936,1.58,3.03,103.27,51.61,49.06,2026-08-02,0,6,4.3,2.9799999999999995,-2.72,0.0500000000000002,False,False,0,LOW,False,0.0873162296483706,NORMAL
AST-0004,2026-08-02 00:14:38.403936,3.52,3.5,100.3,59.55,60.1,2026-08-02,0,6,4.156000000000001,3.218,-0.6360000000000006,0.282,False,False,0,LOW,False,0.14922900145516688,NORMAL
AST-0004,2026-08-02 01:57:38.403936,5.15,2.32,97.94,69.78,39.09,2026-08-02,1,6,3.94,3.28,1.2100000000000004,-0.96,False,True,1,MEDIUM,False,0.08355529914075488,NORMAL
AST-0004,2026-08-02 05:36:38.403936,2.96,2.82,102.26,53.28,82.42,2026-08-02,5,6,3.638,3.04,-0.6780000000000004,-0.2200000000000002,False,False,0,LOW,False,0.12470323813842887,NORMAL
AST-0004,2026-08-02 06:14:38.403936,6.81,2.23,98.99,54.34,34.69,2026-08-02,6,6,4.004,2.78,2.806,-0.5500000000000003,False,True,1,MEDIUM,False,0.07020744002624985,NORMAL
AST-0004,2026-08-02 10:51:38.403936,5.76,3.56,100.65,62.5,62.09,2026-08-02,10,6,4.839999999999999,2.886,0.9200000000000008,0.6739999999999999,False,True,1,MEDIUM,False,0.15466354466045396,NORMAL
AST-0004,2026-08-03 06:05:38.403936,-5.12,4.24,97.34,69.36,51.47,2026-08-03,6,0,3.112,3.0340000000000003,-8.232,1.206,True,True,2,HIGH,True,-0.07056452977733108,ANOMALOUS
AST-0004,2026-08-03 07:45:38.403936,1.74,3.21,100.12,71.99,65.45,2026-08-03,7,0,2.43,3.2120000000000006,-0.6899999999999997,-0.0020000000000006,False,False,0,LOW,False,0.1296046838547949,NORMAL
AST-0004,2026-08-03 14:34:38.403936,4.53,2.23,103.09,54.42,72.04,2026-08-03,14,0,2.744,3.0940000000000003,1.7860000000000005,-0.8640000000000003,False,True,1,MEDIUM,False,0.14735998374277182,NORMAL
AST-0004,2026-08-03 15:08:38.403936,3.29,2.56,102.67,63.58,85.99,2026-08-03,15,0,2.04,3.16,1.25,-0.6000000000000001,False,True,1,MEDIUM,False,0.1421382755332793,NORMAL
AST-0004,2026-08-03 17:34:38.403936,5.15,2.78,103.1,59.21,56.76,2026-08-03,17,0,1.918,3.0040000000000004,3.232,-0.2240000000000006,False,False,0,LOW,False,0.1493495428311562,NORMAL
AST-0004,2026-08-04 00:49:38.403936,2.84,3.46,100.21,66.38,70.33,2026-08-04,0,1,3.51,2.848,-0.6700000000000004,0.6120000000000001,False,True,1,MEDIUM,False,0.14605179694087356,NORMAL
AST-0004,2026-08-04 01:27:38.403936,5.8,2.98,99.2,60.53,67.82,2026-08-04,1,1,4.322,2.802,1.4779999999999998,0.1779999999999999,False,False,0,LOW,False,0.14986280864010892,NORMAL
AST-0004,2026-08-04 08:08:38.403936,5.21,3.69,102.01,61.87,64.99,2026-08-04,8,1,4.458,3.094,0.7519999999999998,0.5960000000000001,False,True,1,MEDIUM,False,0.15256179369930595,NORMAL
AST-0004,2026-08-04 09:12:38.403936,3.53,3.82,101.06,55.78,52.12,2026-08-04,9,1,4.506,3.346,-0.9760000000000004,0.4739999999999997,False,False,0,LOW,False,0.1316355037685279,NORMAL
AST-0004,2026-08-04 16:03:38.403936,4.11,2.37,98.88,80.91,80.78,2026-08-04,16,1,4.298,3.264,-0.1879999999999997,-0.8940000000000001,False,True,1,MEDIUM,False,0.09298286035917513,NORMAL
AST-0004,2026-08-04 16:32:38.403936,5.7,1.36,105.12,58.59,60.23,2026-08-04,16,1,4.869999999999999,2.8440000000000003,0.830000000000001,-1.4840000000000002,False,True,1,MEDIUM,False,0.0811225624314913,NORMAL
AST-0004,2026-08-04 17:32:38.403936,4.21,2.81,100.76,73.11,100.0,2026-08-04,17,1,4.552,2.81,-0.3419999999999996,0.0,False,False,0,LOW,False,0.07628144155132371,NORMAL
AST-0004,2026-08-04 23:45:38.403936,5.15,2.22,99.55,81.86,100.0,2026-08-04,23,1,4.540000000000001,2.516,0.6099999999999994,-0.2959999999999998,False,False,0,LOW,False,0.03368119745212644,NORMAL
AST-0004,2026-08-05 00:25:38.403936,3.5,3.83,103.0,68.96,78.47,2026-08-05,0,2,4.534000000000001,2.518,-1.0340000000000007,1.3120000000000005,False,True,1,MEDIUM,False,0.12714444998508018,NORMAL
AST-0004,2026-08-05 00:34:38.403936,6.56,2.39,103.21,81.12,88.67,2026-08-05,0,2,5.024,2.522,1.5359999999999996,-0.1319999999999996,False,False,0,LOW,False,0.07799791374795023,NORMAL
AST-0004,2026-08-05 15:17:38.403936,2.12,2.02,100.18,53.01,78.49,2026-08-05,15,2,4.308,2.654,-2.188,-0.6339999999999999,False,True,1,MEDIUM,False,0.11029443104598557,NORMAL
AST-0004,2026-08-05 21:37:38.403936,6.19,3.04,101.69,80.18,72.56,2026-08-05,21,2,4.704,2.7,1.4860000000000009,0.3399999999999998,False,False,0,LOW,False,0.1290492277199528,NORMAL
AST-0004,2026-08-06 00:13:38.403936,3.63,3.1,98.84,64.01,52.65,2026-08-06,0,3,4.4,2.8760000000000003,-0.7700000000000005,0.2239999999999997,False,False,0,LOW,False,0.1329911843558892,NORMAL
AST-0004,2026-08-06 07:50:38.403936,6.72,2.0,104.37,77.99,76.05,2026-08-06,7,3,5.044,2.51,1.6760000000000002,-0.5100000000000002,False,True,1,MEDIUM,False,0.08325904381673815,NORMAL
AST-0004,2026-08-06 09:34:38.403936,5.44,2.94,102.27,65.93,83.46,2026-08-06,9,3,4.82,2.62,0.6200000000000001,0.3199999999999998,False,False,0,LOW,False,0.15258654774842306,NORMAL
AST-0004,2026-08-06 10:13:38.403936,4.52,1.78,102.56,61.3,49.85,2026-08-06,10,3,5.3,2.572,-0.7800000000000002,-0.792,False,True,1,MEDIUM,False,0.1472514505654064,NORMAL
AST-0004,2026-08-06 12:45:38.403936,6.11,1.82,103.23,72.04,98.34,2026-08-06,12,3,5.284000000000001,2.3280000000000003,0.8259999999999996,-0.5080000000000002,False,True,1,MEDIUM,False,0.06680372314916388,NORMAL
AST-0004,2026-08-06 21:48:38.403936,6.02,2.17,100.21,67.94,49.41,2026-08-06,21,3,5.762,2.1420000000000003,0.258,0.0279999999999995,False,False,0,LOW,False,0.1473744221003,NORMAL
AST-0004,2026-08-07 06:28:38.403936,5.61,4.56,96.8,71.09,54.97,2026-08-07,6,4,5.54,2.654,0.0700000000000002,1.906,False,True,1,MEDIUM,False,0.02587830442750838,NORMAL
AST-0004,2026-08-07 06:31:38.403936,4.78,3.31,98.79,66.85,81.88,2026-08-07,6,4,5.408,2.728,-0.6279999999999992,0.5819999999999999,False,True,1,MEDIUM,False,0.12977525953161478,NORMAL
AST-0004,2026-08-07 06:32:38.403936,3.86,2.14,97.71,61.7,78.19,2026-08-07,6,4,5.276000000000001,2.8,-1.4160000000000008,-0.6599999999999997,False,True,1,MEDIUM,False,0.11742324334553417,NORMAL
AST-0004,2026-08-07 12:11:38.403936,6.61,2.7,103.2,47.85,77.2,2026-08-07,12,4,5.376,2.976,1.2340000000000009,-0.2759999999999998,False,False,0,LOW,False,0.09612484561021828,NORMAL
AST-0004,2026-08-07 19:02:38.403936,6.35,2.58,104.76,69.14,69.36,2026-08-07,19,4,5.442,3.0580000000000003,0.9079999999999996,-0.4780000000000002,False,False,0,LOW,False,0.11943259700635062,NORMAL
AST-0004,2026-08-07 19:16:38.403936,4.88,3.24,100.2,47.32,75.52,2026-08-07,19,4,5.296,2.794,-0.4160000000000003,0.4460000000000002,False,False,0,LOW,False,0.11353538521184559,NORMAL
AST-0004,2026-08-07 23:43:38.403936,5.21,1.04,98.84,44.24,63.45,2026-08-07,23,4,5.382,2.34,-0.1719999999999997,-1.2999999999999998,False,True,1,MEDIUM,False,0.04213530051023634,NORMAL
AST-0004,2026-08-08 11:25:38.403936,4.86,3.22,100.43,57.87,65.12,2026-08-08,11,5,5.582,2.556,-0.7219999999999995,0.6640000000000001,False,True,1,MEDIUM,False,0.1556397818162869,NORMAL
AST-0004,2026-08-08 14:17:38.403936,4.78,10.31,101.12,85.79,43.84,2026-08-08,14,5,5.215999999999999,4.078,-0.435999999999999,6.232,False,True,1,MEDIUM,True,-0.0683228560746647,ANOMALOUS
AST-0004,2026-08-08 14:38:38.403936,5.59,0.74,99.83,57.74,86.37,2026-08-08,14,5,5.064,3.71,0.5259999999999998,-2.97,False,True,1,MEDIUM,False,0.07838079222073485,NORMAL
AST-0004,2026-08-08 14:56:38.403936,14.4,1.5,97.83,68.84,70.28,2026-08-08,14,5,6.968000000000001,3.362,7.431999999999999,-1.862,True,True,2,HIGH,True,-0.0071568788814789785,ANOMALOUS
AST-0004,2026-08-08 16:42:38.403936,4.0,1.73,102.03,53.95,74.64,2026-08-08,16,5,6.725999999999999,3.5,-2.725999999999999,-1.77,False,True,1,MEDIUM,False,0.13970474590217707,NORMAL
AST-0004,2026-08-08 17:36:38.403936,4.72,2.96,104.1,77.78,74.19,2026-08-08,17,5,6.698,3.4480000000000004,-1.9780000000000009,-0.4880000000000004,False,False,0,LOW,False,0.11591014158899243,NORMAL
AST-0004,2026-08-08 21:45:38.403936,6.92,3.58,102.6,69.73,76.1,2026-08-08,21,5,7.126,2.102,-0.2059999999999995,1.4780000000000002,False,True,1,MEDIUM,False,0.1232536551717025,NORMAL
AST-0004,2026-08-09 02:47:38.403936,5.05,4.42,101.18,67.01,83.91,2026-08-09,2,6,7.018000000000001,2.838,-1.9680000000000009,1.582,False,True,1,MEDIUM,False,0.10906039913319932,NORMAL
AST-0004,2026-08-09 05:36:38.403936,4.45,4.58,97.85,71.94,86.0,2026-08-09,5,6,5.0280000000000005,3.454,-0.5780000000000003,1.1260000000000003,False,True,1,MEDIUM,False,0.04218551427241629,NORMAL
AST-0004,2026-08-09 05:54:38.403936,3.62,2.0,99.48,81.85,80.16,2026-08-09,5,6,4.952,3.508,-1.332,-1.508,False,True,1,MEDIUM,False,0.09681657652626574,NORMAL
AST-0004,2026-08-09 06:30:38.403936,1.26,2.16,103.31,60.77,51.73,2026-08-09,6,6,4.26,3.3480000000000003,-3.0,-1.1880000000000002,False,True,1,MEDIUM,False,0.10447325428685444,NORMAL
AST-0004,2026-08-09 10:03:38.403936,4.36,2.44,101.4,54.39,52.09,2026-08-09,10,6,3.748,3.12,0.6120000000000005,-0.6800000000000002,False,True,1,MEDIUM,False,0.15187730145592082,NORMAL
AST-0004,2026-08-09 19:46:38.403936,5.11,7.54,100.96,60.41,72.84,2026-08-09,19,6,3.76,3.744,1.35,3.796,False,True,1,MEDIUM,False,0.03133046429872233,NORMAL
AST-0004,2026-08-09 22:19:38.403936,3.59,1.38,98.12,67.97,81.89,2026-08-09,22,6,3.588,3.104,0.0019999999999997,-1.7240000000000002,False,True,1,MEDIUM,False,0.09773998371465131,NORMAL
AST-0004,2026-08-09 22:20:38.403936,3.73,3.23,98.98,75.77,60.3,2026-08-09,22,6,3.61,3.35,0.1199999999999996,-0.1200000000000001,False,False,0,LOW,False,0.12456345719121437,NORMAL
AST-0004,2026-08-10 01:22:38.403936,3.15,2.89,98.66,83.31,86.23,2026-08-10,1,0,3.988,3.496,-0.8379999999999996,-0.6059999999999999,False,True,1,MEDIUM,False,0.05622825799826814,NORMAL
AST-0004,2026-08-10 02:00:38.403936,7.58,2.13,102.07,88.55,54.47,2026-08-10,2,0,4.632,3.434,2.9480000000000004,-1.3040000000000005,False,True,1,MEDIUM,False,0.03120698222219387,NORMAL
AST-0004,2026-08-10 03:07:38.403936,4.55,2.22,103.11,67.17,81.34,2026-08-10,3,0,4.5200000000000005,2.37,0.0299999999999993,-0.1499999999999999,False,False,0,LOW,False,0.1527205879460748,NORMAL
AST-0004,2026-08-10 08:50:38.403936,4.32,1.99,99.37,41.15,61.74,2026-08-10,8,0,4.666,2.492,-0.3459999999999992,-0.502,False,True,1,MEDIUM,False,0.07114103945211553,NORMAL
AST-0004,2026-08-10 11:42:38.403936,5.85,1.69,99.13,57.99,82.57,2026-08-10,11,0,5.09,2.184,0.7599999999999998,-0.4940000000000002,False,False,0,LOW,False,0.11634873352091918,NORMAL
AST-0004,2026-08-10 18:26:38.403936,2.49,4.37,104.75,66.41,35.34,2026-08-10,18,0,4.958,2.48,-2.468,1.89,False,True,1,MEDIUM,False,0.019141262815570825,NORMAL
AST-0004,2026-08-10 20:03:38.403936,3.94,2.31,97.52,60.45,46.28,2026-08-10,20,0,4.23,2.516,-0.2899999999999996,-0.2059999999999999,False,False,0,LOW,False,0.0881274967702157,NORMAL
AST-0004,2026-08-10 22:19:38.403936,2.96,2.28,99.37,70.06,51.89,2026-08-10,22,0,3.912,2.528,-0.9520000000000004,-0.2480000000000002,False,False,0,LOW,False,0.13554009496611263,NORMAL
AST-0004,2026-08-10 22:32:38.403936,3.95,2.48,104.23,66.47,85.47,2026-08-10,22,0,3.838,2.6260000000000003,0.1120000000000001,-0.1460000000000003,False,False,0,LOW,False,0.1206471860854808,NORMAL
AST-0004,2026-08-11 00:11:38.403936,5.97,1.56,99.77,87.79,61.14,2026-08-11,0,1,3.862000000000001,2.6,2.107999999999999,-1.04,False,True,1,MEDIUM,False,0.0495309386171483,NORMAL
AST-0004,2026-08-11 00:18:38.403936,2.2,1.15,100.1,70.23,53.24,2026-08-11,0,1,3.804,1.956,-1.6039999999999996,-0.806,False,True,1,MEDIUM,False,0.10145256570784056,NORMAL
AST-0004,2026-08-11 02:36:38.403936,3.22,4.49,101.83,77.75,62.27,2026-08-11,2,1,3.66,2.392,-0.4399999999999999,2.0980000000000003,False,True,1,MEDIUM,False,0.095411020427698,NORMAL
AST-0004,2026-08-11 13:29:38.403936,3.82,4.31,102.74,67.56,89.54,2026-08-11,13,1,3.832,2.798,-0.012,1.512,False,True,1,MEDIUM,False,0.08530493669594358,NORMAL
AST-0004,2026-08-11 14:32:38.403936,13.37,1.9,101.04,77.39,38.04,2026-08-11,14,1,5.715999999999999,2.6819999999999995,7.654,-0.7819999999999996,True,True,2,HIGH,True,-0.00772566405690267,ANOMALOUS
AST-0004,2026-08-11 17:57:38.403936,3.29,1.5,100.73,80.68,76.62,2026-08-11,17,1,5.180000000000001,2.6699999999999995,-1.8900000000000008,-1.1699999999999997,False,True,1,MEDIUM,False,0.09976775323367015,NORMAL
AST-0004,2026-08-11 23:36:38.403936,3.26,7.07,105.17,67.57,64.79,2026-08-11,23,1,5.392,3.854,-2.132,3.216,False,True,1,MEDIUM,True,-0.015605789915206225,ANOMALOUS
AST-0004,2026-08-12 01:42:38.403936,4.93,3.84,101.22,72.57,100.0,2026-08-12,1,2,5.734,3.7239999999999993,-0.8040000000000003,0.1160000000000005,False,False,0,LOW,False,0.05961509060464726,NORMAL
AST-0004,2026-08-12 01:55:38.403936,1.86,2.1,98.75,61.25,73.49,2026-08-12,1,2,5.342,3.282,-3.4819999999999998,-1.182,False,True,1,MEDIUM,False,0.1163356199558101,NORMAL
AST-0004,2026-08-12 04:28:38.403936,1.48,2.97,101.82,63.06,88.01,2026-08-12,4,2,2.964,3.496,-1.484,-0.5259999999999998,False,True,1,MEDIUM,False,0.11240385405577497,NORMAL
AST-0004,2026-08-12 11:36:38.403936,4.03,1.97,99.14,68.59,46.28,2026-08-12,11,2,3.112,3.59,0.918,-1.62,False,True,1,MEDIUM,False,0.13284224662875016,NORMAL
AST-0004,2026-08-12 11:42:38.403936,5.24,3.11,100.39,70.03,59.08,2026-08-12,11,2,3.508,2.798,1.7320000000000002,0.3119999999999998,False,False,0,LOW,False,0.16318683971204945,NORMAL
AST-0004,2026-08-12 13:28:38.403936,4.19,8.65,100.95,49.51,56.16,2026-08-12,13,2,3.3600000000000003,3.76,0.8300000000000001,4.890000000000001,False,True,1,MEDIUM,True,-0.019490543749876355,ANOMALOUS
AST-0004,2026-08-12 14:18:38.403936,4.02,1.86,102.44,78.91,73.46,2026-08-12,14,2,3.792,3.712,0.2279999999999993,-1.852,False,True,1,MEDIUM,False,0.12820985829947446,NORMAL
AST-0004,2026-08-12 15:52:38.403936,6.29,1.54,96.67,71.23,59.53,2026-08-12,15,2,4.754,3.426,1.5360000000000005,-1.886,False,True,1,MEDIUM,False,0.051548282231760556,NORMAL
AST-0004,2026-08-12 16:05:38.403936,15.92,2.6,103.1,58.95,55.32,2026-08-12,16,2,7.132000000000001,3.552,8.788,-0.9519999999999996,True,True,2,HIGH,False,0.01081365967425929,NORMAL
AST-0004,2026-08-12 19:01:38.403936,1.64,1.81,100.47,83.88,75.02,2026-08-12,19,2,6.412000000000001,3.2920000000000003,-4.772000000000001,-1.4820000000000002,False,True,1,MEDIUM,False,0.06632356555323843,NORMAL
AST-0004,2026-08-12 21:57:38.403936,4.35,2.02,99.37,64.32,71.55,2026-08-12,21,2,6.444,1.966,-2.0940000000000003,0.054,False,False,0,LOW,False,0.15640537883845973,NORMAL
AST-0004,2026-08-13 01:41:38.403936,3.8,2.36,97.81,63.18,77.39,2026-08-13,1,3,6.4,2.066,-2.6000000000000005,0.294,False,False,0,LOW,False,0.12283793324136916,NORMAL
AST-0004,2026-08-13 02:10:38.403936,4.28,3.16,102.47,70.72,89.98,2026-08-13,2,3,5.997999999999999,2.39,-1.717999999999999,0.77,False,True,1,MEDIUM,False,0.12922731580796537,NORMAL
AST-0004,2026-08-13 02:33:38.403936,8.9,3.98,101.41,66.6,47.37,2026-08-13,2,3,4.593999999999999,2.6660000000000004,4.306000000000001,1.3139999999999996,False,True,1,MEDIUM,False,0.07986761000494919,NORMAL
AST-0004,2026-08-13 04:58:38.403936,6.88,2.82,101.63,73.37,71.63,2026-08-13,4,3,5.642,2.868,1.2379999999999995,-0.048,False,False,0,LOW,False,0.14690327220930333,NORMAL
AST-0004,2026-08-13 06:39:38.403936,1.68,3.07,97.53,61.28,72.87,2026-08-13,6,3,5.1080000000000005,3.0780000000000003,-3.428000000000001,-0.0080000000000004,False,False,0,LOW,False,0.08433884695063015,NORMAL
AST-0004,2026-08-13 10:29:38.403936,5.34,3.99,97.02,58.0,61.23,2026-08-13,10,3,5.416,3.404,-0.0760000000000005,0.5860000000000003,False,True,1,MEDIUM,False,0.06488336413900542,NORMAL
AST-0004,2026-08-13 11:34:38.403936,6.51,2.43,101.91,60.62,68.28,2026-08-13,11,3,5.862,3.258,0.6479999999999997,-0.8279999999999998,False,True,1,MEDIUM,False,0.15734446614887293,NORMAL
AST-0004,2026-08-13 17:17:38.403936,16.34,3.78,101.02,68.02,89.76,2026-08-13,17,3,7.35,3.218,8.99,0.5619999999999998,True,True,2,HIGH,True,-0.030000678679930837,ANOMALOUS
AST-0004,2026-08-13 19:25:38.403936,0.13,6.27,98.86,44.83,14.02,2026-08-13,19,3,6.0,3.908,-5.87,2.362,True,True,2,HIGH,True,-0.12690814035201858,ANOMALOUS
AST-0004,2026-08-13 20:12:38.403936,2.53,2.26,102.44,69.89,73.49,2026-08-13,20,3,6.17,3.746,-3.64,-1.4860000000000002,False,True,1,MEDIUM,False,0.15273584732227324,NORMAL
AST-0004,2026-08-14 00:44:38.403936,14.41,2.22,100.03,57.21,76.59,2026-08-14,0,4,7.984,3.3920000000000003,6.426,-1.1720000000000002,True,True,2,HIGH,False,0.031976229780254495,NORMAL
AST-0004,2026-08-14 02:50:38.403936,3.56,2.88,99.59,67.64,69.34,2026-08-14,2,4,7.394000000000001,3.482,-3.834000000000001,-0.6020000000000003,False,True,1,MEDIUM,False,0.15709155201811748,NORMAL
AST-0004,2026-08-14 13:42:38.403936,7.01,2.34,102.12,56.39,58.58,2026-08-14,13,4,5.5280000000000005,3.194,1.481999999999999,-0.8540000000000001,False,True,1,MEDIUM,False,0.14156588727770814,NORMAL
AST-0004,2026-08-14 14:20:38.403936,3.11,2.41,101.01,63.35,65.57,2026-08-14,14,4,6.1240000000000006,2.422,-3.0140000000000007,-0.0119999999999995,False,False,0,LOW,False,0.16361470377490056,NORMAL
AST-0004,2026-08-14 21:29:38.403936,3.94,2.05,100.32,37.55,72.29,2026-08-14,21,4,6.406000000000001,2.38,-2.4660000000000006,-0.33,False,False,0,LOW,False,0.061498033392697715,NORMAL
AST-0004,2026-08-15 01:08:38.403936,3.9,2.68,101.33,65.98,51.09,2026-08-15,1,5,4.304,2.472,-0.4040000000000003,0.2080000000000001,False,False,0,LOW,False,0.1651474147655428,NORMAL
AST-0004,2026-08-15 02:41:38.403936,5.26,3.39,95.7,61.96,88.53,2026-08-15,2,5,4.644,2.574,0.6159999999999997,0.8160000000000003,False,True,1,MEDIUM,False,0.033455531065423094,NORMAL
AST-0004,2026-08-15 06:36:38.403936,12.94,2.67,102.28,65.55,64.99,2026-08-15,6,5,5.83,2.64,7.109999999999999,0.0300000000000002,True,False,1,MEDIUM,False,0.0636325574024948,NORMAL
AST-0004,2026-08-15 10:07:38.403936,3.69,1.44,102.17,71.49,71.1,2026-08-15,10,5,5.946,2.446,-2.256,-1.0060000000000002,False,True,1,MEDIUM,False,0.14147126030376184,NORMAL
AST-0004,2026-08-15 10:35:38.403936,5.03,2.95,102.07,81.26,69.25,2026-08-15,10,5,6.164,2.6260000000000003,-1.1339999999999997,0.3239999999999998,False,False,0,LOW,False,0.1255451292578903,NORMAL
AST-0004,2026-08-15 12:12:38.403936,8.38,1.56,103.26,76.83,73.87,2026-08-15,12,5,7.06,2.402,1.3200000000000012,-0.8420000000000001,False,True,1,MEDIUM,False,0.0738892063806077,NORMAL
AST-0004,2026-08-15 13:14:38.403936,6.37,0.84,100.61,61.29,39.66,2026-08-15,13,5,7.282000000000001,1.892,-0.9120000000000008,-1.052,False,True,1,MEDIUM,False,0.08733652881579373,NORMAL
AST-0004,2026-08-15 19:49:38.403936,2.96,3.51,99.57,74.69,72.69,2026-08-15,19,5,5.286,2.06,-2.326,1.4499999999999995,False,True,1,MEDIUM,False,0.12084143049264373,NORMAL
AST-0004,2026-08-15 20:39:38.403936,7.81,7.68,103.3,65.43,46.32,2026-08-15,20,5,6.11,3.308,1.6999999999999993,4.372,False,True,1,MEDIUM,True,-0.023103939589473987,ANOMALOUS
AST-0004,2026-08-15 21:19:38.403936,6.27,2.42,102.81,71.84,41.84,2026-08-15,21,5,6.3580000000000005,3.2019999999999995,-0.0880000000000009,-0.7819999999999996,False,True,1,MEDIUM,False,0.12098324887419382,NORMAL
AST-0004,2026-08-15 23:53:38.403936,4.46,0.59,99.1,58.73,86.74,2026-08-15,23,5,5.574,3.008,-1.114,-2.418,False,True,1,MEDIUM,False,0.07025339207929593,NORMAL
AST-0004,2026-08-16 04:00:38.403936,2.92,2.2,100.96,56.42,34.86,2026-08-16,4,6,4.884,3.28,-1.9639999999999995,-1.0799999999999996,False,True,1,MEDIUM,False,0.09870380678601809,NORMAL
AST-0004,2026-08-16 13:00:38.403936,3.17,2.61,102.31,71.71,22.59,2026-08-16,13,6,4.926,3.1,-1.7560000000000002,-0.4900000000000002,False,False,0,LOW,False,0.04734718974972246,NORMAL
AST-0004,2026-08-16 16:51:38.403936,3.89,4.13,105.28,63.69,54.6,2026-08-16,16,6,4.142,2.39,-0.2519999999999993,1.7400000000000002,False,True,1,MEDIUM,False,0.07766798831771238,NORMAL
AST-0004,2026-08-16 18:24:38.403936,4.34,2.91,104.98,61.09,22.92,2026-08-16,18,6,3.756,2.488,0.5839999999999996,0.4220000000000001,False,False,0,LOW,False,0.024086200617318698,NORMAL
AST-0004,2026-08-16 19:05:38.403936,5.12,3.29,102.48,71.23,74.64,2026-08-16,19,6,3.888,3.028,1.2319999999999998,0.262,False,False,0,LOW,False,0.15586620834180226,NORMAL
AST-0004,2026-08-16 19:14:38.403936,5.23,0.93,102.19,82.23,10.81,2026-08-16,19,6,4.3500000000000005,2.774,0.8799999999999999,-1.844,False,True,1,MEDIUM,True,-0.030555343303190763,ANOMALOUS
AST-0004,2026-08-16 23:59:38.403936,4.0,1.12,99.71,60.38,76.56,2026-08-16,23,6,4.516,2.476,-0.516,-1.356,False,True,1,MEDIUM,False,0.1284077528708421,NORMAL
AST-0004,2026-08-17 03:16:38.403936,16.49,3.32,101.98,60.97,66.58,2026-08-17,3,0,7.036,2.314,9.454,1.0059999999999998,True,True,2,HIGH,False,0.0026392992042493235,NORMAL
AST-0004,2026-08-17 08:16:38.403936,3.43,3.82,100.07,68.94,83.62,2026-08-17,8,0,6.854000000000001,2.496,-3.424000000000001,1.3239999999999998,False,True,1,MEDIUM,False,0.1203501651499585,NORMAL
AST-0004,2026-08-17 11:20:38.403936,3.66,2.99,100.46,77.72,75.59,2026-08-17,11,0,6.562,2.4360000000000004,-2.902,0.5539999999999998,False,True,1,MEDIUM,False,0.14297154721528144,NORMAL
AST-0004,2026-08-17 12:19:38.403936,6.64,3.4,101.76,61.77,69.84,2026-08-17,12,0,6.843999999999999,2.93,-0.2039999999999997,0.4700000000000002,False,False,0,LOW,False,0.15175661736001278,NORMAL
AST-0004,2026-08-17 12:43:38.403936,3.62,1.83,104.78,64.88,64.34,2026-08-17,12,0,6.767999999999999,3.072,-3.147999999999999,-1.242,False,True,1,MEDIUM,False,0.12046077778070075,NORMAL
AST-0004,2026-08-17 13:13:38.403936,5.9,2.9,105.91,54.84,79.81,2026-08-17,13,0,4.65,2.988,1.25,-0.088,False,False,0,LOW,False,0.06923240845841044,NORMAL
AST-0004,2026-08-17 20:46:38.403936,7.36,6.83,102.56,64.5,80.75,2026-08-17,20,0,5.436,3.59,1.9240000000000004,3.24,False,True,1,MEDIUM,False,0.010834764379028305,NORMAL
AST-0004,2026-08-17 22:36:38.403936,4.28,2.47,101.43,74.47,51.55,2026-08-17,22,0,5.5600000000000005,3.486,-1.2800000000000002,-1.0159999999999996,False,True,1,MEDIUM,False,0.15223894567934898,NORMAL
AST-0004,2026-08-17 22:58:38.403936,4.2,2.91,103.85,66.26,56.56,2026-08-17,22,0,5.072,3.3880000000000003,-0.8719999999999999,-0.4780000000000002,False,False,0,LOW,False,0.14802061129688376,NORMAL
AST-0004,2026-08-18 02:20:38.403936,3.85,1.8,103.86,61.27,51.95,2026-08-18,2,1,5.118,3.382,-1.2680000000000002,-1.582,False,True,1,MEDIUM,False,0.12655556454759087,NORMAL
AST-0004,2026-08-18 05:28:38.403936,5.22,2.94,102.4,62.45,62.74,2026-08-18,5,1,4.982000000000001,3.39,0.2379999999999986,-0.4499999999999997,False,False,0,LOW,False,0.16946877290133427,NORMAL
AST-0004,2026-08-18 10:51:38.403936,8.12,3.13,101.26,62.37,65.4,2026-08-18,10,1,5.134,2.65,2.985999999999999,0.48,False,False,0,LOW,False,0.1320656866059805,NORMAL
AST-0004,2026-08-18 13:19:38.403936,5.9,2.12,102.88,74.39,71.56,2026-08-18,13,1,5.458,2.58,0.4420000000000001,-0.4599999999999995,False,False,0,LOW,False,0.14991901014870368,NORMAL
AST-0004,2026-08-18 20:24:38.403936,5.87,1.26,104.48,70.74,90.19,2026-08-18,20,1,5.792,2.25,0.0780000000000002,-0.99,False,True,1,MEDIUM,False,0.057443735044036714,NORMAL
AST-0004,2026-08-18 20:34:38.403936,1.86,2.3,99.36,65.8,90.82,2026-08-18,20,1,5.394,2.35,-3.534,-0.0500000000000002,False,False,0,LOW,False,0.0927544259830489,NORMAL
AST-0004,2026-08-18 22:20:38.403936,5.04,2.95,103.47,75.54,40.2,2026-08-18,22,1,5.3580000000000005,2.3519999999999994,-0.3180000000000005,0.5980000000000008,False,True,1,MEDIUM,False,0.09827226155748947,NORMAL
AST-0004,2026-08-19 00:58:38.403936,3.91,1.38,100.52,76.1,67.34,2026-08-19,0,2,4.516,2.002,-0.6059999999999999,-0.6219999999999999,False,True,1,MEDIUM,False,0.1280295065247472,NORMAL
AST-0004,2026-08-19 02:07:38.403936,7.03,3.84,103.75,63.02,58.43,2026-08-19,2,2,4.742,2.346,2.2880000000000003,1.4939999999999998,False,True,1,MEDIUM,False,0.10505305941068926,NORMAL
AST-0004,2026-08-19 02:29:38.403936,2.46,2.4,103.61,65.69,81.9,2026-08-19,2,2,4.0600000000000005,2.574,-1.6000000000000003,-0.1739999999999999,False,False,0,LOW,False,0.1272281259072484,NORMAL
AST-0004,2026-08-19 03:23:38.403936,4.77,2.36,103.66,69.88,51.76,2026-08-19,3,2,4.642,2.586,0.1279999999999992,-0.2259999999999999,False,False,0,LOW,False,0.14230841461318083,NORMAL
AST-0004,2026-08-19 07:44:38.403936,3.08,2.26,104.25,57.78,66.2,2026-08-19,7,2,4.25,2.4479999999999995,-1.17,-0.1879999999999997,False,False,0,LOW,False,0.11633194282116971,NORMAL
AST-0004,2026-08-19 07:55:38.403936,5.38,2.17,101.81,62.59,65.14,2026-08-19,7,2,4.544,2.6060000000000003,0.8360000000000003,-0.4360000000000004,False,False,0,LOW,False,0.16928298546357162,NORMAL
AST-0004,2026-08-19 08:24:38.403936,2.14,1.51,101.8,68.39,47.17,2026-08-19,8,2,3.566,2.14,-1.4259999999999995,-0.6300000000000001,False,True,1,MEDIUM,False,0.11553920139251894,NORMAL
AST-0004,2026-08-19 10:13:38.403936,6.04,2.2,100.28,57.52,62.74,2026-08-19,10,2,4.281999999999999,2.1,1.758000000000001,0.1,False,False,0,LOW,False,0.15018909227509575,NORMAL
AST-0004,2026-08-19 10:17:38.403936,3.68,2.95,101.09,64.23,88.64,2026-08-19,10,2,4.064,2.218,-0.3839999999999999,0.7320000000000002,False,True,1,MEDIUM,False,0.1425909346056688,NORMAL
AST-0004,2026-08-19 13:37:38.403936,4.94,2.72,101.88,66.15,80.64,2026-08-19,13,2,4.436,2.31,0.5040000000000004,0.4100000000000006,False,False,0,LOW,False,0.16289233079796184,NORMAL
AST-0004,2026-08-19 14:53:38.403936,1.57,2.38,102.48,67.81,53.79,2026-08-19,14,2,3.674,2.352,-2.103999999999999,0.028,False,False,0,LOW,False,0.1272571232095449,NORMAL
AST-0004,2026-08-19 15:23:38.403936,2.31,3.19,102.29,66.08,73.47,2026-08-19,15,2,3.7080000000000006,2.688,-1.3980000000000006,0.5020000000000002,False,True,1,MEDIUM,False,0.1453609605683025,NORMAL
AST-0004,2026-08-19 17:50:38.403936,5.29,2.58,98.96,67.54,20.74,2026-08-19,17,2,3.558,2.764,1.7320000000000002,-0.1840000000000001,False,False,0,LOW,False,0.04521824642894323,NORMAL
AST-0004,2026-08-19 21:43:38.403936,1.79,1.2,101.4,67.6,48.72,2026-08-19,21,2,3.1800000000000006,2.414,-1.3900000000000006,-1.2140000000000002,False,True,1,MEDIUM,False,0.09829877438501733,NORMAL
AST-0004,2026-08-19 22:04:38.403936,5.02,2.73,99.43,70.8,38.18,2026-08-19,22,2,3.196,2.416,1.8239999999999996,0.314,False,False,0,LOW,False,0.11415802952670573,NORMAL
AST-0004,2026-08-20 00:11:38.403936,5.06,1.71,99.37,67.37,77.21,2026-08-20,0,3,3.894,2.282,1.166,-0.5720000000000001,False,True,1,MEDIUM,False,0.14251688617893704,NORMAL
AST-0004,2026-08-20 02:03:38.403936,6.77,2.79,101.1,66.49,43.01,2026-08-20,2,3,4.786,2.202,1.984,0.5880000000000001,False,True,1,MEDIUM,False,0.13294924290929677,NORMAL
AST-0004,2026-08-20 03:41:38.403936,6.18,2.77,102.21,70.7,73.06,2026-08-20,3,3,4.964,2.24,1.2159999999999993,0.5300000000000002,False,True,1,MEDIUM,False,0.15986423016032542,NORMAL
AST-0004,2026-08-20 10:04:38.403936,2.86,1.98,100.18,53.65,51.81,2026-08-20,10,3,5.177999999999999,2.396,-2.317999999999999,-0.4159999999999999,False,False,0,LOW,False,0.12933807369502215,NORMAL
AST-0004,2026-08-20 10:24:38.403936,6.53,3.21,100.98,53.77,95.02,2026-08-20,10,3,5.48,2.492,1.0500000000000007,0.718,False,True,1,MEDIUM,False,0.0811277523828206,NORMAL
AST-0004,2026-08-20 13:29:38.403936,4.95,3.54,104.42,65.32,51.44,2026-08-20,13,3,5.458,2.858,-0.508,0.6820000000000004,False,True,1,MEDIUM,False,0.11285934802600772,NORMAL
AST-0004,2026-08-20 13:50:38.403936,5.41,3.0,97.98,80.5,74.24,2026-08-20,13,3,5.186,2.9,0.2240000000000002,0.1,False,False,0,LOW,False,0.09009594454702197,NORMAL
AST-0004,2026-08-20 22:34:38.403936,0.1,3.57,102.01,72.17,57.57,2026-08-20,22,3,3.97,3.06,-3.87,0.5099999999999998,False,True,1,MEDIUM,False,0.08654927430197124,NORMAL
AST-0004,2026-08-21 01:55:38.403936,3.82,3.31,101.67,65.52,79.04,2026-08-21,1,4,4.162000000000001,3.326,-0.3420000000000009,-0.0159999999999995,False,False,0,LOW,False,0.15650888816679043,NORMAL
AST-0004,2026-08-21 05:10:38.403936,1.65,1.84,98.38,60.37,73.19,2026-08-21,5,4,3.186,3.052,-1.536,-1.212,False,True,1,MEDIUM,False,0.10433906928643616,NORMAL
AST-0004,2026-08-21 05:20:38.403936,2.34,3.53,102.61,60.2,94.33,2026-08-21,5,4,2.664,3.05,-0.3240000000000003,0.48,False,False,0,LOW,False,0.07233015748297772,NORMAL
AST-0004,2026-08-21 10:17:38.403936,4.18,2.81,101.29,73.14,50.26,2026-08-21,10,4,2.418,3.012,1.7619999999999996,-0.2019999999999999,False,False,0,LOW,False,0.1509915510176763,NORMAL
AST-0004,2026-08-21 13:05:38.403936,4.17,2.79,104.26,59.82,50.45,2026-08-21,13,4,3.232,2.856,0.9379999999999996,-0.0659999999999998,False,False,0,LOW,False,0.12353488152675779,NORMAL
AST-0004,2026-08-21 13:18:38.403936,7.12,3.25,100.83,76.36,45.09,2026-08-21,13,4,3.892,2.844,3.228,0.4060000000000001,False,False,0,LOW,False,0.09609538469973467,NORMAL
AST-0004,2026-08-21 18:30:38.403936,6.49,2.94,102.21,86.65,53.42,2026-08-21,18,4,4.86,3.064,1.63,-0.1240000000000001,False,False,0,LOW,False,0.05774723703657331,NORMAL
AST-0004,2026-08-21 18:47:38.403936,5.1,2.22,99.31,68.5,68.62,2026-08-21,18,4,5.412000000000001,2.802,-0.3120000000000011,-0.5819999999999999,False,True,1,MEDIUM,False,0.15714845542278028,NORMAL
AST-0004,2026-08-21 21:07:38.403936,1.93,4.67,101.17,56.23,39.67,2026-08-21,21,4,4.962000000000001,3.174,-3.032000000000001,1.496,False,True,1,MEDIUM,False,0.05195616112901358,NORMAL
AST-0004,2026-08-21 21:55:38.403936,4.28,3.87,103.63,63.47,77.88,2026-08-21,21,4,4.984,3.39,-0.7039999999999997,0.4800000000000004,False,False,0,LOW,False,0.12390120048467318,NORMAL
AST-0004,2026-08-21 22:21:38.403936,5.76,2.28,103.19,67.81,49.1,2026-08-21,22,4,4.712,3.196,1.048,-0.9160000000000004,False,True,1,MEDIUM,False,0.14489642224620247,NORMAL
AST-0004,2026-08-21 22:51:38.403936,3.42,2.13,103.41,68.44,33.27,2026-08-21,22,4,4.098,3.034,-0.6779999999999999,-0.904,False,True,1,MEDIUM,False,0.08454944241828338,NORMAL
AST-0004,2026-08-22 00:43:38.403936,5.41,2.84,95.23,68.0,35.2,2026-08-22,0,5,4.159999999999999,3.158,1.2500000000000009,-0.318,False,False,0,LOW,False,0.013329307358883713,NORMAL
AST-0004,2026-08-22 03:35:38.403936,4.51,1.02,97.21,59.21,84.01,2026-08-22,3,5,4.676,2.428,-0.1660000000000003,-1.408,False,True,1,MEDIUM,False,0.04558583873330091,NORMAL
AST-0004,2026-08-22 06:28:38.403936,5.67,3.04,100.46,64.3,55.79,2026-08-22,6,5,4.954,2.262,0.7160000000000002,0.7780000000000005,False,True,1,MEDIUM,False,0.16096420820847268,NORMAL
AST-0004,2026-08-22 08:21:38.403936,7.41,3.13,100.7,64.33,50.01,2026-08-22,8,5,5.284,2.432,2.1260000000000003,0.698,False,True,1,MEDIUM,False,0.13048310218365583,NORMAL
AST-0004,2026-08-22 09:18:38.403936,5.28,2.9,101.3,69.15,93.88,2026-08-22,9,5,5.656000000000001,2.586,-0.3760000000000003,0.314,False,False,0,LOW,False,0.11925891084669177,NORMAL
AST-0004,2026-08-22 10:01:38.403936,2.94,3.3,102.4,73.25,33.93,2026-08-22,10,5,5.162,2.678,-2.222,0.6219999999999999,False,True,1,MEDIUM,False,0.07210849791001345,NORMAL
AST-0004,2026-08-22 16:03:38.403936,9.64,2.59,98.68,59.14,76.26,2026-08-22,16,5,6.188,2.992,3.452000000000001,-0.4020000000000001,False,False,0,LOW,False,0.0838239208416886,NORMAL
AST-0004,2026-08-22 16:48:38.403936,8.01,3.17,100.97,61.83,61.24,2026-08-22,16,5,6.656000000000001,3.018,1.3539999999999992,0.1520000000000001,False,False,0,LOW,False,0.13351881124561654,NORMAL
AST-0004,2026-08-22 17:04:38.403936,3.68,2.49,104.11,84.08,69.67,2026-08-22,17,5,5.91,2.89,-2.23,-0.3999999999999999,False,False,0,LOW,False,0.07955077552784295,NORMAL
AST-0004,2026-08-22 21:51:38.403936,6.18,3.4,101.69,72.94,68.84,2026-08-22,21,5,6.09,2.99,0.0899999999999998,0.4100000000000001,False,False,0,LOW,False,0.14779259748720747,NORMAL
AST-0004,2026-08-22 23:30:38.403936,2.29,3.35,100.24,61.11,44.77,2026-08-22,23,5,5.959999999999999,3.0,-3.669999999999999,0.3500000000000001,False,False,0,LOW,False,0.11247392453942034,NORMAL
AST-0004,2026-08-23 05:50:38.403936,5.19,4.08,101.15,76.12,95.08,2026-08-23,5,6,5.069999999999999,3.2980000000000005,0.120000000000001,0.7819999999999996,False,True,1,MEDIUM,False,0.07015926702239894,NORMAL
AST-0004,2026-08-23 06:39:38.403936,14.96,2.68,97.86,75.47,65.84,2026-08-23,6,6,6.459999999999999,3.2,8.500000000000002,-0.52,True,True,2,HIGH,True,-0.024194657906411066,ANOMALOUS
AST-0004,2026-08-23 15:12:38.403936,2.39,1.12,98.7,53.19,89.93,2026-08-23,15,6,6.202,2.926,-3.812,-1.806,False,True,1,MEDIUM,False,0.03569930407803085,NORMAL
AST-0004,2026-08-23 15:22:38.403936,-2.39,2.93,103.72,47.2,84.16,2026-08-23,15,6,4.488,2.832,-6.878,0.0980000000000003,True,False,1,MEDIUM,True,-0.016210996335575323,ANOMALOUS
AST-0004,2026-08-23 20:08:38.403936,2.21,3.73,104.13,40.13,56.75,2026-08-23,20,6,4.472,2.9080000000000004,-2.262,0.8219999999999996,False,True,1,MEDIUM,False,0.015507608911365933,NORMAL
AST-0004,2026-08-23 21:31:38.403936,5.09,3.22,102.57,75.5,55.37,2026-08-23,21,6,4.452,2.736,0.6379999999999999,0.4840000000000004,False,False,0,LOW,False,0.1383651664410025,NORMAL
AST-0004,2026-08-24 00:03:38.403936,4.23,2.3,103.63,60.09,75.38,2026-08-24,0,0,2.306,2.66,1.9240000000000008,-0.3600000000000003,False,False,0,LOW,False,0.14453579951830509,NORMAL
AST-0004,2026-08-24 04:29:38.403936,3.39,3.19,101.6,67.98,50.91,2026-08-24,4,0,2.506,3.074,0.8840000000000008,0.1160000000000001,False,False,0,LOW,False,0.15207146732280602,NORMAL
AST-0004,2026-08-24 07:22:38.403936,5.61,2.26,104.08,61.44,92.17,2026-08-24,7,0,4.106,2.94,1.5040000000000004,-0.6800000000000002,False,True,1,MEDIUM,False,0.08976338095182662,NORMAL
AST-0004,2026-08-24 08:41:38.403936,5.79,1.84,100.74,58.63,92.77,2026-08-24,8,0,4.822,2.562,0.968,-0.7219999999999998,False,True,1,MEDIUM,False,0.09989066643034461,NORMAL
AST-0004,2026-08-24 16:10:38.403936,8.23,1.38,102.55,65.3,93.32,2026-08-24,16,0,5.45,2.194,2.78,-0.8140000000000001,False,True,1,MEDIUM,False,0.05635046372608332,NORMAL
AST-0004,2026-08-24 17:58:38.403936,3.33,3.18,101.79,64.9,80.82,2026-08-24,17,0,5.2700000000000005,2.37,-1.9400000000000004,0.81,False,True,1,MEDIUM,False,0.15272150466411905,NORMAL
AST-0004,2026-08-24 18:33:38.403936,0.84,2.03,99.89,70.57,62.15,2026-08-24,18,0,4.76,2.138,-3.92,-0.1080000000000001,False,False,0,LOW,False,0.10685709244040587,NORMAL
AST-0004,2026-08-24 18:50:38.403936,4.42,2.73,100.61,67.27,54.35,2026-08-24,18,0,4.522,2.232,-0.1020000000000003,0.4979999999999998,False,False,0,LOW,False,0.16451326823435602,NORMAL
AST-0004,2026-08-24 22:16:38.403936,-3.65,2.76,103.2,56.89,71.6,2026-08-24,22,0,2.634,2.416,-6.284,0.3439999999999998,True,False,1,MEDIUM,False,0.026524505511621888,NORMAL
AST-0004,2026-08-25 00:08:38.403936,4.32,3.76,99.34,57.5,49.75,2026-08-25,0,1,1.852,2.892,2.4680000000000004,0.8679999999999999,False,True,1,MEDIUM,False,0.11764413788471617,NORMAL
AST-0004,2026-08-25 00:49:38.403936,4.9,1.34,101.52,50.74,71.45,2026-08-25,0,1,2.166,2.524,2.7340000000000004,-1.184,False,True,1,MEDIUM,False,0.1107025243312672,NORMAL
AST-0004,2026-08-25 01:53:38.403936,4.72,3.14,101.59,54.02,74.9,2026-08-25,1,1,2.942,2.746,1.7779999999999996,0.3940000000000001,False,False,0,LOW,False,0.15446942002091352,NORMAL
AST-0004,2026-08-25 02:15:38.403936,2.98,1.43,102.16,58.19,82.42,2026-08-25,2,1,2.654,2.486,0.326,-1.0559999999999998,False,True,1,MEDIUM,False,0.11149221523901909,NORMAL
AST-0004,2026-08-25 02:29:38.403936,3.08,2.63,100.08,86.58,45.96,2026-08-25,2,1,4.0,2.46,-0.92,0.1699999999999999,False,False,0,LOW,False,0.05003165647506663,NORMAL
AST-0004,2026-08-25 08:11:38.403936,4.36,2.43,102.4,74.5,63.93,2026-08-25,8,1,4.008,2.194,0.3520000000000003,0.2360000000000002,False,False,0,LOW,False,0.1596530647497716,NORMAL
AST-0004,2026-08-25 10:54:38.403936,5.8,2.92,100.96,61.69,61.18,2026-08-25,10,1,4.188000000000001,2.51,1.6119999999999992,0.4099999999999997,False,False,0,LOW,False,0.16788948157261124,NORMAL
AST-0004,2026-08-25 11:59:38.403936,-0.35,6.79,99.3,60.88,38.81,2026-08-25,11,1,3.1740000000000004,3.24,-3.5240000000000005,3.5500000000000003,False,True,1,MEDIUM,True,-0.04197512493764555,ANOMALOUS
AST-0004,2026-08-25 13:20:38.403936,3.82,2.55,103.25,58.96,43.9,2026-08-25,13,1,3.342,3.464,0.4779999999999997,-0.914,False,True,1,MEDIUM,False,0.12783267108149698,NORMAL
AST-0004,2026-08-25 18:33:38.403936,5.14,2.35,102.38,58.07,24.6,2026-08-25,18,1,3.754,3.408,1.3859999999999997,-1.0579999999999998,False,True,1,MEDIUM,False,0.0767052390449166,NORMAL
AST-0004,2026-08-25 18:38:38.403936,2.55,6.92,100.74,59.63,90.42,2026-08-25,18,1,3.3920000000000003,4.306,-0.8420000000000005,2.614,False,True,1,MEDIUM,True,-0.0038025533932046773,ANOMALOUS
AST-0004,2026-08-25 20:24:38.403936,4.32,2.41,100.67,68.85,46.87,2026-08-25,20,1,3.096,4.204000000000001,1.2240000000000006,-1.7940000000000005,False,True,1,MEDIUM,False,0.15368266284403165,NORMAL
AST-0004,2026-08-25 21:07:38.403936,4.91,3.45,101.9,68.18,64.24,2026-08-25,21,1,4.148000000000001,3.536,0.7619999999999996,-0.0859999999999998,False,False,0,LOW,False,0.15860043531716228,NORMAL
AST-0004,2026-08-25 22:22:38.403936,5.66,2.85,99.83,67.29,31.56,2026-08-25,22,1,4.516,3.596,1.144,-0.746,False,True,1,MEDIUM,False,0.09205171658122546,NORMAL
AST-0004,2026-08-26 00:27:38.403936,4.43,2.86,100.12,69.87,95.19,2026-08-26,0,2,4.374,3.698,0.056,-0.8380000000000005,False,True,1,MEDIUM,False,0.10208475422799851,NORMAL
AST-0004,2026-08-26 00:51:38.403936,4.49,3.11,100.43,66.96,50.53,2026-08-26,0,2,4.7620000000000005,2.936,-0.2720000000000002,0.1739999999999999,False,False,0,LOW,False,0.15591777012319352,NORMAL
AST-0004,2026-08-26 01:27:38.403936,4.45,3.36,99.15,71.63,65.34,2026-08-26,1,2,4.788,3.126,-0.3380000000000001,0.2339999999999999,False,False,0,LOW,False,0.1423570411221705,NORMAL
AST-0004,2026-08-26 03:29:38.403936,3.55,2.96,102.74,70.36,83.45,2026-08-26,3,2,4.516,3.028,-0.9660000000000002,-0.068,False,False,0,LOW,False,0.1445622138499435,NORMAL
AST-0004,2026-08-26 05:16:38.403936,5.24,1.6,106.2,50.96,82.09,2026-08-26,5,2,4.432,2.778,0.8079999999999998,-1.1779999999999995,False,True,1,MEDIUM,False,0.03191482296067627,NORMAL
AST-0004,2026-08-26 08:25:38.403936,5.36,1.88,104.34,61.85,92.54,2026-08-26,8,2,4.618,2.582,0.742,-0.702,False,True,1,MEDIUM,False,0.08159405804527792,NORMAL
AST-0004,2026-08-26 08:48:38.403936,6.66,6.46,102.5,72.39,54.36,2026-08-26,8,2,5.0520000000000005,3.252,1.6079999999999997,3.208,False,True,1,MEDIUM,False,0.02561978481049021,NORMAL
AST-0004,2026-08-26 12:55:38.403936,3.75,2.09,105.55,37.26,61.77,2026-08-26,12,2,4.912000000000001,2.998,-1.1620000000000008,-0.9080000000000004,False,True,1,MEDIUM,False,0.0026432326575198672,NORMAL
AST-0004,2026-08-26 13:03:38.403936,2.9,3.3,100.1,63.98,48.42,2026-08-26,13,2,4.782,3.066,-1.882,0.2339999999999999,False,False,0,LOW,False,0.1366813692244518,NORMAL
AST-0004,2026-08-26 13:13:38.403936,4.53,1.72,100.08,45.21,100.0,2026-08-26,13,2,4.640000000000001,3.09,-0.1100000000000003,-1.37,False,True,1,MEDIUM,False,0.01249704664642004,NORMAL
AST-0004,2026-08-26 15:49:38.403936,5.0,2.2,101.93,70.84,88.11,2026-08-26,15,2,4.568,3.154,0.4320000000000004,-0.9539999999999996,False,True,1,MEDIUM,False,0.14273928367642108,NORMAL
AST-0004,2026-08-26 20:51:38.403936,4.99,2.05,105.45,84.05,64.88,2026-08-26,20,2,4.234,2.272,0.7560000000000002,-0.2219999999999999,False,False,0,LOW,False,0.04752486373586634,NORMAL
AST-0004,2026-08-26 21:59:38.403936,5.29,2.18,99.81,63.95,76.03,2026-08-26,21,2,4.542,2.29,0.7480000000000002,-0.1099999999999998,False,False,0,LOW,False,0.1598091361946165,NORMAL
AST-0004,2026-08-27 00:58:38.403936,3.64,2.06,101.23,59.57,52.17,2026-08-27,0,3,4.69,2.042,-1.0500000000000005,0.0180000000000002,False,False,0,LOW,False,0.15212789252408937,NORMAL
AST-0004,2026-08-27 02:51:38.403936,2.14,3.58,100.08,70.04,36.87,2026-08-27,2,3,4.212000000000001,2.414,-2.0720000000000005,1.166,False,True,1,MEDIUM,False,0.06917310534970239,NORMAL
AST-0004,2026-08-27 02:56:38.403936,4.81,1.71,101.29,72.84,61.61,2026-08-27,2,3,4.174,2.3160000000000003,0.6359999999999992,-0.6060000000000003,False,True,1,MEDIUM,False,0.1524180445381666,NORMAL
AST-0004,2026-08-27 03:03:38.403936,5.02,2.11,99.95,65.34,45.43,2026-08-27,3,3,4.18,2.3280000000000003,0.8399999999999999,-0.2180000000000004,False,False,0,LOW,False,0.14234789998372654,NORMAL
AST-0004,2026-08-27 07:38:38.403936,17.43,2.51,101.68,62.57,67.07,2026-08-27,7,3,6.608,2.394,10.822,0.1159999999999996,True,False,1,MEDIUM,False,0.0017318267982336932,NORMAL
AST-0004,2026-08-27 11:20:38.403936,6.27,2.8,101.85,59.69,51.09,2026-08-27,11,3,7.134,2.542,-0.8640000000000008,0.258,False,False,0,LOW,False,0.14832888754295626,NORMAL
AST-0004,2026-08-27 11:24:38.403936,6.16,2.4,96.95,73.47,55.36,2026-08-27,11,3,7.938,2.306,-1.7779999999999996,0.0939999999999998,False,False,0,LOW,False,0.07000272873553048,NORMAL
AST-0004,2026-08-27 11:32:38.403936,5.85,1.36,97.36,67.26,73.93,2026-08-27,11,3,8.145999999999999,2.236,-2.296,-0.8759999999999997,False,True,1,MEDIUM,False,0.08413329963049487,NORMAL
AST-0004,2026-08-27 14:55:38.403936,7.39,2.42,101.01,55.35,65.43,2026-08-27,14,3,8.620000000000001,2.298,-1.230000000000001,0.1220000000000003,False,False,0,LOW,False,0.13633970768128262,NORMAL
AST-0004,2026-08-27 17:42:38.403936,5.4,2.29,104.43,58.01,73.65,2026-08-27,17,3,6.214,2.254,-0.8140000000000001,0.036,False,False,0,LOW,False,0.11781400874017012,NORMAL
AST-0004,2026-08-27 22:28:38.403936,2.83,1.87,98.92,60.4,64.5,2026-08-27,22,3,5.526,2.068,-2.696,-0.1979999999999999,False,False,0,LOW,False,0.13097643813571902,NORMAL
AST-0004,2026-08-28 00:04:38.403936,4.07,2.27,102.14,80.26,78.82,2026-08-28,0,4,5.108,2.0420000000000003,-1.0379999999999994,0.2279999999999997,False,False,0,LOW,False,0.1253188827233334,NORMAL
AST-0004,2026-08-28 04:01:38.403936,5.21,1.94,100.82,69.66,74.37,2026-08-28,4,4,4.98,2.1580000000000004,0.2300000000000004,-0.2180000000000004,False,False,0,LOW,False,0.16242486598508504,NORMAL
AST-0004,2026-08-28 09:38:38.403936,19.31,2.1,99.86,72.83,77.75,2026-08-28,9,4,7.364,2.0940000000000003,11.945999999999998,0.0059999999999997,True,False,1,MEDIUM,True,-0.03490516162586488,ANOMALOUS
AST-0004,2026-08-28 10:08:38.403936,6.63,2.54,102.56,58.19,70.26,2026-08-28,10,4,7.609999999999999,2.144,-0.9799999999999996,0.3959999999999999,False,False,0,LOW,False,0.14734955900543945,NORMAL
AST-0004,2026-08-28 12:11:38.403936,6.29,3.32,103.14,60.4,45.56,2026-08-28,12,4,8.302,2.434,-2.012,0.8859999999999997,False,True,1,MEDIUM,False,0.1206642252964456,NORMAL
AST-0004,2026-08-28 17:21:38.403936,6.53,3.23,101.72,67.41,59.53,2026-08-28,17,4,8.794,2.626,-2.264,0.6040000000000001,False,True,1,MEDIUM,False,0.15864760023512225,NORMAL
AST-0005,2026-07-29 19:03:38.403936,3.78,1.5,101.04,59.39,12.27,2026-07-29,19,2,3.78,1.5,0.0,0.0,False,False,0,LOW,False,0.039827273524365825,NORMAL
AST-0005,2026-07-29 19:38:38.403936,5.18,7.2,102.18,81.76,78.07,2026-07-29,19,2,4.48,4.35,0.7000000000000002,2.8500000000000005,False,True,1,MEDIUM,True,-0.016304267271202155,ANOMALOUS
AST-0005,2026-07-29 21:24:38.403936,2.27,0.46,103.17,51.33,60.95,2026-07-29,21,2,3.7433333333333327,3.053333333333333,-1.4733333333333327,-2.5933333333333333,False,True,1,MEDIUM,False,0.05733796769958305,NORMAL
AST-0005,2026-07-29 23:50:38.403936,1.63,8.37,100.81,60.62,64.06,2026-07-29,23,2,3.215,4.3825,-1.585,3.987499999999999,False,True,1,MEDIUM,True,-0.0022264951898417484,ANOMALOUS
AST-0005,2026-07-30 03:51:38.403936,3.54,2.41,102.17,82.24,68.6,2026-07-30,3,3,3.28,3.988,0.2600000000000002,-1.5779999999999994,False,True,1,MEDIUM,False,0.11882459019930536,NORMAL
AST-0005,2026-07-30 09:48:38.403936,4.37,2.31,100.47,64.17,45.15,2026-07-30,9,3,3.398000000000001,4.15,0.9719999999999996,-1.8400000000000003,False,True,1,MEDIUM,False,0.14674290707433968,NORMAL
AST-0005,2026-07-30 12:15:38.403936,6.32,2.43,104.29,70.41,22.65,2026-07-30,12,3,3.626,3.196,2.694,-0.766,False,True,1,MEDIUM,False,0.031110140147896814,NORMAL
AST-0005,2026-07-30 15:12:38.403936,2.89,3.88,99.51,67.19,79.25,2026-07-30,15,3,3.75,3.88,-0.8599999999999999,0.0,False,False,0,LOW,False,0.1219956107036258,NORMAL
AST-0005,2026-07-30 16:19:38.403936,16.02,2.64,100.12,65.13,43.97,2026-07-30,16,3,6.628,2.734,9.392,-0.0939999999999998,True,False,1,MEDIUM,True,-0.0030069486937098766,ANOMALOUS
AST-0005,2026-07-30 17:38:38.403936,1.54,1.75,101.01,52.9,75.8,2026-07-30,17,3,6.228,2.602,-4.688,-0.8519999999999999,False,True,1,MEDIUM,False,0.10431131795642701,NORMAL
AST-0005,2026-07-30 18:12:38.403936,4.63,2.23,100.64,65.8,65.73,2026-07-30,18,3,6.279999999999999,2.586,-1.6499999999999997,-0.3559999999999998,False,False,0,LOW,False,0.17311683167908049,NORMAL
AST-0005,2026-07-31 00:26:38.403936,4.51,2.25,99.48,80.77,49.92,2026-07-31,0,4,5.917999999999999,2.55,-1.4079999999999997,-0.2999999999999998,False,False,0,LOW,False,0.10080200843485682,NORMAL
AST-0005,2026-07-31 00:54:38.403936,3.42,2.5,103.77,69.28,51.08,2026-07-31,0,4,6.023999999999999,2.274,-2.603999999999999,0.2259999999999999,False,False,0,LOW,False,0.13769996857718786,NORMAL
AST-0005,2026-07-31 01:43:38.403936,6.04,4.08,102.05,63.13,83.59,2026-07-31,1,4,4.0280000000000005,2.5620000000000003,2.012,1.5179999999999998,False,True,1,MEDIUM,False,0.12200991474027606,NORMAL
AST-0005,2026-07-31 10:26:38.403936,7.3,2.5,102.7,57.45,74.06,2026-07-31,10,4,5.18,2.712,2.12,-0.2120000000000002,False,False,0,LOW,False,0.1307207120299957,NORMAL
AST-0005,2026-07-31 13:19:38.403936,2.97,2.41,99.28,65.11,71.38,2026-07-31,13,4,4.848,2.748,-1.878,-0.3380000000000001,False,False,0,LOW,False,0.14773121018632995,NORMAL
AST-0005,2026-07-31 14:22:38.403936,2.42,1.22,98.87,66.59,48.93,2026-07-31,14,4,4.43,2.5420000000000003,-2.01,-1.3220000000000005,False,True,1,MEDIUM,False,0.08403829369343269,NORMAL
AST-0005,2026-07-31 16:52:38.403936,5.86,1.79,102.85,54.94,58.39,2026-07-31,16,4,4.917999999999999,2.4,0.9420000000000012,-0.6099999999999999,False,True,1,MEDIUM,False,0.13178154578063855,NORMAL
AST-0005,2026-07-31 17:01:38.403936,3.14,1.92,103.99,58.87,82.18,2026-07-31,17,4,4.337999999999999,1.968,-1.197999999999999,-0.048,False,False,0,LOW,False,0.10532016302786928,NORMAL
AST-0005,2026-07-31 17:26:38.403936,5.7,2.69,102.77,46.07,70.61,2026-07-31,17,4,4.018,2.006,1.6820000000000004,0.6839999999999997,False,True,1,MEDIUM,False,0.10790649672637886,NORMAL
AST-0005,2026-07-31 20:20:38.403936,17.75,2.23,101.58,60.79,61.06,2026-07-31,20,4,6.974000000000001,1.97,10.776,0.26,True,False,1,MEDIUM,False,0.010495650021056124,NORMAL
AST-0005,2026-07-31 20:57:38.403936,4.54,3.01,102.53,44.8,44.48,2026-07-31,20,4,7.398000000000001,2.328,-2.8580000000000005,0.6819999999999999,False,True,1,MEDIUM,False,0.08756625908968796,NORMAL
AST-0005,2026-07-31 21:10:38.403936,6.11,1.15,102.48,65.31,100.0,2026-07-31,21,4,7.448,2.2,-1.338,-1.0500000000000005,False,True,1,MEDIUM,False,0.04560777228604751,NORMAL
AST-0005,2026-07-31 22:27:38.403936,3.58,2.34,102.09,56.37,84.61,2026-07-31,22,4,7.536,2.284,-3.956,0.056,False,False,0,LOW,False,0.13518589967218397,NORMAL
AST-0005,2026-08-01 04:39:38.403936,5.7,2.63,102.11,65.65,88.91,2026-08-01,4,5,7.536,2.272,-1.8359999999999996,0.3580000000000001,False,False,0,LOW,False,0.14259356859310424,NORMAL
AST-0005,2026-08-01 10:12:38.403936,6.37,2.46,102.05,63.85,43.7,2026-08-01,10,5,5.26,2.318,1.1100000000000003,0.1419999999999999,False,False,0,LOW,False,0.13690962361644077,NORMAL
AST-0005,2026-08-01 17:15:38.403936,4.31,3.32,104.38,73.55,74.62,2026-08-01,17,5,5.214,2.38,-0.9040000000000008,0.94,False,True,1,MEDIUM,False,0.1220596211222989,NORMAL
AST-0005,2026-08-01 17:42:38.403936,3.69,3.84,99.5,54.87,33.32,2026-08-01,17,5,4.73,2.918,-1.0400000000000005,0.9219999999999996,False,True,1,MEDIUM,False,0.06571062793776211,NORMAL
AST-0005,2026-08-02 02:20:38.403936,4.19,2.11,100.12,73.5,71.43,2026-08-02,2,6,4.851999999999999,2.872,-0.661999999999999,-0.762,False,True,1,MEDIUM,False,0.15490766660560334,NORMAL
AST-0005,2026-08-02 02:36:38.403936,6.77,2.98,101.44,62.88,47.87,2026-08-02,2,6,5.066,2.942,1.7039999999999995,0.0379999999999998,False,False,0,LOW,False,0.14987564840945705,NORMAL
AST-0005,2026-08-02 04:03:38.403936,4.98,2.49,99.67,73.23,69.06,2026-08-02,4,6,4.787999999999999,2.948,0.192000000000001,-0.4579999999999997,False,False,0,LOW,False,0.15329762521903817,NORMAL
AST-0005,2026-08-02 05:43:38.403936,5.92,2.44,101.87,61.94,81.18,2026-08-02,5,6,5.11,2.772,0.8099999999999996,-0.3319999999999998,False,False,0,LOW,False,0.1535682329946298,NORMAL
AST-0005,2026-08-02 06:16:38.403936,8.91,3.08,106.04,78.95,69.35,2026-08-02,6,6,6.154,2.62,2.756,0.4599999999999999,False,False,0,LOW,False,0.013557468494117653,NORMAL
AST-0005,2026-08-02 06:31:38.403936,2.64,1.6,99.11,64.32,72.77,2026-08-02,6,6,5.843999999999999,2.518,-3.2039999999999997,-0.9179999999999996,False,True,1,MEDIUM,False,0.1314979596637918,NORMAL
AST-0005,2026-08-02 08:37:38.403936,6.22,1.72,103.31,68.36,60.91,2026-08-02,8,6,5.734,2.266,0.4859999999999997,-0.546,False,True,1,MEDIUM,False,0.1383252224932407,NORMAL
AST-0005,2026-08-02 11:49:38.403936,4.69,3.01,100.3,46.27,56.89,2026-08-02,11,6,5.676,2.37,-0.9859999999999998,0.6399999999999997,False,True,1,MEDIUM,False,0.10885644950071477,NORMAL
AST-0005,2026-08-02 11:51:38.403936,2.8,2.17,99.82,48.73,100.0,2026-08-02,11,6,5.052,2.316,-2.252,-0.1459999999999999,False,False,0,LOW,False,0.02802542232558569,NORMAL
AST-0005,2026-08-02 12:33:38.403936,4.47,2.41,101.08,63.84,80.72,2026-08-02,12,6,4.164,2.182,0.306,0.2280000000000002,False,False,0,LOW,False,0.16105537086310584,NORMAL
AST-0005,2026-08-02 15:10:38.403936,3.66,3.86,99.92,69.41,59.48,2026-08-02,15,6,4.368,2.634,-0.7080000000000002,1.226,False,True,1,MEDIUM,False,0.13672915552004983,NORMAL
AST-0005,2026-08-02 16:48:38.403936,3.62,1.54,106.15,59.72,76.22,2026-08-02,16,6,3.848,2.598,-0.2280000000000002,-1.0579999999999998,False,True,1,MEDIUM,False,0.05387052591807184,NORMAL
AST-0005,2026-08-02 20:14:38.403936,4.65,3.43,104.48,58.15,79.42,2026-08-02,20,6,3.84,2.682,0.8100000000000005,0.7480000000000002,False,True,1,MEDIUM,False,0.10175539292198688,NORMAL
AST-0005,2026-08-03 00:08:38.403936,3.17,2.41,100.22,69.99,55.61,2026-08-03,0,0,3.914,2.73,-0.7440000000000002,-0.3199999999999998,False,False,0,LOW,False,0.15215989230135873,NORMAL
AST-0005,2026-08-03 02:59:38.403936,2.48,2.52,100.5,98.77,77.18,2026-08-03,2,0,3.516,2.752,-1.0359999999999996,-0.2319999999999997,False,False,0,LOW,False,0.023741173266723203,NORMAL
AST-0005,2026-08-03 03:16:38.403936,5.78,2.35,101.7,66.64,65.99,2026-08-03,3,0,3.94,2.45,1.8400000000000003,-0.1,False,False,0,LOW,False,0.17123985238535178,NORMAL
AST-0005,2026-08-03 04:27:38.403936,2.61,2.01,100.11,74.42,74.51,2026-08-03,4,0,3.738,2.544,-1.1279999999999997,-0.5339999999999998,False,True,1,MEDIUM,False,0.1346754290542596,NORMAL
AST-0005,2026-08-03 05:27:38.403936,3.28,1.37,99.06,61.35,36.15,2026-08-03,5,0,3.464,2.132,-0.1840000000000001,-0.762,False,True,1,MEDIUM,False,0.0769116898526584,NORMAL
AST-0005,2026-08-03 07:13:38.403936,5.15,3.32,101.78,62.41,61.47,2026-08-03,7,0,3.86,2.314,1.29,1.0059999999999998,False,True,1,MEDIUM,False,0.16422433147535964,NORMAL
AST-0005,2026-08-03 07:25:38.403936,6.28,3.25,102.38,49.41,56.21,2026-08-03,7,0,4.62,2.46,1.66,0.79,False,True,1,MEDIUM,False,0.11859805532458029,NORMAL
AST-0005,2026-08-03 07:44:38.403936,17.79,3.66,100.12,63.13,100.0,2026-08-03,7,0,7.022,2.722,10.768,0.9380000000000002,True,True,2,HIGH,True,-0.06318166428939853,ANOMALOUS
AST-0005,2026-08-03 10:20:38.403936,5.56,3.15,101.89,49.97,46.2,2026-08-03,10,0,7.612,2.95,-2.0520000000000005,0.1999999999999997,False,False,0,LOW,False,0.11542922505439257,NORMAL
AST-0005,2026-08-03 11:47:38.403936,-2.55,1.97,102.31,69.77,40.1,2026-08-03,11,0,6.446,3.07,-8.995999999999999,-1.1,True,True,2,HIGH,False,0.022688232142822895,NORMAL
AST-0005,2026-08-03 12:53:38.403936,2.56,2.17,102.05,71.91,51.44,2026-08-03,12,0,5.928,2.84,-3.368,-0.6699999999999999,False,True,1,MEDIUM,False,0.13797322591445182,NORMAL
AST-0005,2026-08-03 14:13:38.403936,4.02,3.17,103.76,75.17,67.26,2026-08-03,14,0,5.476,2.824,-1.4560000000000004,0.3460000000000001,False,False,0,LOW,False,0.1350774958728609,NORMAL
AST-0005,2026-08-03 17:46:38.403936,3.81,3.32,100.54,60.95,85.39,2026-08-03,17,0,2.68,2.756,1.13,0.5640000000000001,False,True,1,MEDIUM,False,0.13445808439823537,NORMAL
AST-0005,2026-08-03 18:38:38.403936,4.5,2.74,101.09,51.06,74.24,2026-08-03,18,0,2.468,2.674,2.032,0.0660000000000002,False,False,0,LOW,False,0.1431038714560024,NORMAL
AST-0005,2026-08-03 20:09:38.403936,3.6,2.83,103.0,55.9,56.88,2026-08-03,20,0,3.698,2.846,-0.0980000000000003,-0.016,False,False,0,LOW,False,0.14510002560424484,NORMAL
AST-0005,2026-08-03 23:11:38.403936,4.3,2.73,104.01,64.89,81.85,2026-08-03,23,0,4.046,2.958,0.2539999999999995,-0.2279999999999997,False,False,0,LOW,False,0.13160295800187183,NORMAL
AST-0005,2026-08-04 00:56:38.403936,8.0,2.79,103.3,62.88,55.28,2026-08-04,0,1,4.8420000000000005,2.882,3.1579999999999995,-0.092,False,False,0,LOW,False,0.12330311162379698,NORMAL
AST-0005,2026-08-04 07:46:38.403936,5.32,2.49,103.54,79.36,43.71,2026-08-04,7,1,5.144,2.716,0.1760000000000001,-0.2259999999999999,False,False,0,LOW,False,0.08167067951802726,NORMAL
AST-0005,2026-08-04 08:23:38.403936,6.77,3.07,101.88,71.67,77.13,2026-08-04,8,1,5.598,2.782,1.1719999999999997,0.2879999999999998,False,False,0,LOW,False,0.14553509390785924,NORMAL
AST-0005,2026-08-04 09:10:38.403936,4.23,2.98,103.09,81.2,82.79,2026-08-04,9,1,5.724,2.812,-1.4939999999999998,0.1680000000000001,False,False,0,LOW,False,0.09761552269455825,NORMAL
AST-0005,2026-08-04 11:06:38.403936,7.96,1.91,100.66,64.48,52.63,2026-08-04,11,1,6.456,2.648,1.5039999999999996,-0.7379999999999998,False,True,1,MEDIUM,False,0.12634408395892943,NORMAL
AST-0005,2026-08-04 12:31:38.403936,4.77,2.15,98.8,51.73,43.81,2026-08-04,12,1,5.8100000000000005,2.52,-1.040000000000001,-0.3700000000000001,False,False,0,LOW,False,0.08937409452727746,NORMAL
AST-0005,2026-08-04 13:15:38.403936,18.29,1.43,100.66,66.44,31.99,2026-08-04,13,1,8.404,2.308,9.886,-0.8779999999999999,True,True,2,HIGH,True,-0.05595897453706089,ANOMALOUS
AST-0005,2026-08-04 18:41:38.403936,3.43,2.29,96.63,82.35,45.73,2026-08-04,18,1,7.7360000000000015,2.152,-4.306000000000001,0.1380000000000003,False,False,0,LOW,False,0.003953673239439182,NORMAL
AST-0005,2026-08-04 23:18:38.403936,5.73,2.61,99.05,65.81,49.71,2026-08-04,23,1,8.036,2.078,-2.305999999999999,0.532,False,True,1,MEDIUM,False,0.1379733162406026,NORMAL
AST-0005,2026-08-04 23:52:38.403936,4.6,2.38,100.72,82.11,72.67,2026-08-04,23,1,7.364,2.172,-2.764,0.2080000000000001,False,False,0,LOW,False,0.12083439191929074,NORMAL
AST-0005,2026-08-05 00:05:38.403936,6.27,2.0,101.39,65.51,55.97,2026-08-05,0,2,7.664,2.1420000000000003,-1.394,-0.1420000000000003,False,False,0,LOW,False,0.16159715956387194,NORMAL
AST-0005,2026-08-05 00:49:38.403936,5.26,1.97,101.65,56.52,65.31,2026-08-05,0,2,5.058,2.25,0.2019999999999999,-0.2799999999999996,False,False,0,LOW,False,0.1572193926018196,NORMAL
AST-0005,2026-08-05 02:36:38.403936,7.49,1.85,101.72,66.15,83.16,2026-08-05,2,2,5.87,2.162,1.62,-0.3119999999999998,False,False,0,LOW,False,0.12791443768979793,NORMAL
AST-0005,2026-08-05 08:53:38.403936,5.97,3.28,106.31,42.93,78.51,2026-08-05,8,2,5.918,2.2960000000000003,0.0519999999999996,0.9839999999999997,False,True,1,MEDIUM,False,0.0001233369194881817,NORMAL
AST-0005,2026-08-05 09:54:38.403936,4.74,3.44,98.09,64.24,51.32,2026-08-05,9,2,5.946,2.508,-1.2059999999999995,0.932,False,True,1,MEDIUM,False,0.10743582189743967,NORMAL
AST-0005,2026-08-05 11:37:38.403936,3.79,2.93,100.54,66.16,68.14,2026-08-05,11,2,5.45,2.694,-1.66,0.2360000000000002,False,False,0,LOW,False,0.17079693111234612,NORMAL
AST-0005,2026-08-05 11:51:38.403936,4.15,3.98,102.06,69.8,74.71,2026-08-05,11,2,5.228,3.096,-1.0779999999999994,0.8839999999999999,False,True,1,MEDIUM,False,0.1430671035834425,NORMAL
AST-0005,2026-08-05 14:33:38.403936,5.27,2.29,102.78,71.15,48.16,2026-08-05,14,2,4.784,3.184,0.4859999999999997,-0.8940000000000001,False,True,1,MEDIUM,False,0.1446862016879502,NORMAL
AST-0005,2026-08-05 14:54:38.403936,5.49,1.79,101.26,71.52,73.33,2026-08-05,14,2,4.688,2.886,0.8020000000000005,-1.096,False,True,1,MEDIUM,False,0.15262240664013194,NORMAL
AST-0005,2026-08-05 16:01:38.403936,5.37,2.87,104.38,77.55,52.66,2026-08-05,16,2,4.814,2.772,0.556,0.0979999999999998,False,False,0,LOW,False,0.09954463957644005,NORMAL
AST-0005,2026-08-05 18:37:38.403936,5.38,2.31,104.72,58.35,89.28,2026-08-05,18,2,5.132000000000001,2.648,0.2479999999999993,-0.3379999999999996,False,False,0,LOW,False,0.08554657966351564,NORMAL
AST-0005,2026-08-05 18:50:38.403936,1.89,1.86,100.19,61.18,78.32,2026-08-05,18,2,4.68,2.224,-2.79,-0.3640000000000001,False,False,0,LOW,False,0.1226770158846544,NORMAL
AST-0005,2026-08-05 19:00:38.403936,4.85,1.88,105.59,79.4,51.65,2026-08-05,19,2,4.596,2.142,0.2539999999999995,-0.262,False,False,0,LOW,False,0.04980337064760054,NORMAL
AST-0005,2026-08-05 19:18:38.403936,5.97,1.85,103.01,64.32,65.52,2026-08-05,19,2,4.692,2.1540000000000004,1.2779999999999996,-0.3040000000000002,False,False,0,LOW,False,0.1542214514887631,NORMAL
AST-0005,2026-08-06 06:41:38.403936,4.08,2.49,99.56,80.53,88.37,2026-08-06,6,3,4.434,2.0780000000000003,-0.3540000000000001,0.4119999999999999,False,False,0,LOW,False,0.08675617893696447,NORMAL
AST-0005,2026-08-06 08:54:38.403936,4.87,1.63,99.33,55.3,66.99,2026-08-06,8,3,4.331999999999999,1.942,0.5380000000000011,-0.3120000000000003,False,False,0,LOW,False,0.13500081524727442,NORMAL
AST-0005,2026-08-06 10:34:38.403936,4.46,2.29,100.5,49.39,76.9,2026-08-06,10,3,4.846,2.028,-0.3860000000000001,0.262,False,False,0,LOW,False,0.129678445812961,NORMAL
AST-0005,2026-08-06 14:38:38.403936,2.82,2.46,99.5,62.29,89.17,2026-08-06,14,3,4.44,2.144,-1.6199999999999997,0.3159999999999998,False,False,0,LOW,False,0.11871427029369463,NORMAL
AST-0005,2026-08-06 17:20:38.403936,3.92,2.65,99.23,69.36,51.29,2026-08-06,17,3,4.029999999999999,2.304,-0.1099999999999994,0.3460000000000001,False,False,0,LOW,False,0.14282763766828704,NORMAL
AST-0005,2026-08-06 19:47:38.403936,6.88,1.49,100.14,64.08,51.47,2026-08-06,19,3,4.590000000000001,2.104,2.289999999999999,-0.6140000000000001,False,True,1,MEDIUM,False,0.13040083495928395,NORMAL
AST-0005,2026-08-06 21:59:38.403936,6.12,2.4,99.6,57.41,47.38,2026-08-06,21,3,4.84,2.258,1.2800000000000002,0.1419999999999999,False,False,0,LOW,False,0.13354534489440362,NORMAL
AST-0005,2026-08-06 22:01:38.403936,4.97,2.71,101.68,57.65,74.89,2026-08-06,22,3,4.942,2.342,0.0279999999999995,0.3679999999999999,False,False,0,LOW,False,0.15972493450999892,NORMAL
AST-0005,2026-08-06 22:07:38.403936,3.14,1.75,99.96,67.92,61.63,2026-08-06,22,3,5.005999999999999,2.2,-1.8659999999999992,-0.4500000000000002,False,False,0,LOW,False,0.14676554838581057,NORMAL
AST-0005,2026-08-06 22:15:38.403936,1.59,2.98,97.73,62.72,83.2,2026-08-06,22,3,4.54,2.266,-2.95,0.714,False,True,1,MEDIUM,False,0.07805218708077272,NORMAL
AST-0005,2026-08-07 03:16:38.403936,0.93,2.65,102.03,64.61,53.22,2026-08-07,3,4,3.35,2.498,-2.42,0.1520000000000001,False,False,0,LOW,False,0.11900542514990242,NORMAL
AST-0005,2026-08-07 04:14:38.403936,5.78,1.56,100.96,76.66,81.36,2026-08-07,4,4,3.282,2.33,2.498,-0.77,False,True,1,MEDIUM,False,0.11984000053333571,NORMAL
AST-0005,2026-08-07 05:08:38.403936,3.73,3.57,100.83,53.03,77.84,2026-08-07,5,4,3.034,2.502,0.6960000000000002,1.068,False,True,1,MEDIUM,False,0.12818765262485776,NORMAL
AST-0005,2026-08-07 05:24:38.403936,2.83,2.0,99.42,59.52,61.15,2026-08-07,5,4,2.972,2.552,-0.1419999999999999,-0.552,False,True,1,MEDIUM,False,0.14231581068925203,NORMAL
AST-0005,2026-08-07 08:37:38.403936,5.21,2.27,97.32,74.36,84.71,2026-08-07,8,4,3.696,2.41,1.5139999999999998,-0.1399999999999996,False,False,0,LOW,False,0.0761282607288098,NORMAL
AST-0005,2026-08-07 09:09:38.403936,4.43,1.71,105.78,69.76,62.24,2026-08-07,9,4,4.396,2.222,0.0339999999999998,-0.512,False,True,1,MEDIUM,False,0.07879064888804121,NORMAL
AST-0005,2026-08-07 10:50:38.403936,6.22,2.59,99.61,72.02,68.56,2026-08-07,10,4,4.484,2.428,1.7359999999999998,0.1619999999999999,False,False,0,LOW,False,0.14873294632408912,NORMAL
AST-0005,2026-08-07 16:42:38.403936,3.63,3.63,100.36,81.63,49.33,2026-08-07,16,4,4.464,2.44,-0.8340000000000005,1.19,False,True,1,MEDIUM,False,0.08524055309229506,NORMAL
AST-0005,2026-08-07 17:17:38.403936,4.44,1.19,95.61,54.32,53.9,2026-08-07,17,4,4.786,2.278,-0.3459999999999992,-1.088,False,True,1,MEDIUM,False,0.03279309457754076,NORMAL
AST-0005,2026-08-07 18:05:38.403936,3.46,3.67,103.49,70.22,56.93,2026-08-07,18,4,4.436,2.558,-0.976,1.112,False,True,1,MEDIUM,False,0.13016910608316423,NORMAL
AST-0005,2026-08-07 19:05:38.403936,4.32,3.24,99.38,62.75,61.38,2026-08-07,19,4,4.414,2.864,-0.0939999999999994,0.3760000000000003,False,False,0,LOW,False,0.1537483986722618,NORMAL
AST-0005,2026-08-07 19:38:38.403936,2.74,2.46,98.0,62.67,57.06,2026-08-07,19,4,3.718000000000001,2.838,-0.9780000000000006,-0.3780000000000001,False,False,0,LOW,False,0.11740763384785524,NORMAL
AST-0005,2026-08-07 21:06:38.403936,4.92,2.14,99.98,74.7,82.12,2026-08-07,21,4,3.976,2.54,0.9439999999999996,-0.3999999999999999,False,False,0,LOW,False,0.1350880872334309,NORMAL
AST-0005,2026-08-07 22:57:38.403936,5.13,1.69,102.55,81.37,61.89,2026-08-07,22,4,4.114,2.64,1.016,-0.9500000000000002,False,True,1,MEDIUM,False,0.10944283257950638,NORMAL
AST-0005,2026-08-08 00:21:38.403936,4.01,6.14,99.56,49.79,71.91,2026-08-08,0,5,4.223999999999999,3.1340000000000003,-0.2139999999999995,3.006,False,True,1,MEDIUM,False,0.03559972134627526,NORMAL
AST-0005,2026-08-08 11:20:38.403936,2.88,3.63,99.88,68.36,42.11,2026-08-08,11,5,3.936,3.212,-1.056,0.4180000000000001,False,False,0,LOW,False,0.09653933668219844,NORMAL
AST-0005,2026-08-08 13:46:38.403936,6.39,2.07,99.03,71.94,38.93,2026-08-08,13,5,4.666,3.134,1.7240000000000002,-1.064,False,True,1,MEDIUM,False,0.0912668462362134,NORMAL
AST-0005,2026-08-08 14:51:38.403936,5.23,1.78,99.76,51.27,55.93,2026-08-08,14,5,4.728,3.062,0.5020000000000007,-1.2819999999999998,False,True,1,MEDIUM,False,0.12208842944164061,NORMAL
AST-0005,2026-08-08 16:50:38.403936,4.83,2.92,99.93,66.28,50.3,2026-08-08,16,5,4.668,3.308,0.1619999999999999,-0.3879999999999999,False,False,0,LOW,False,0.15248219660360718,NORMAL
AST-0005,2026-08-08 17:23:38.403936,6.01,3.16,104.41,68.85,64.2,2026-08-08,17,5,5.068,2.712,0.9420000000000002,0.4480000000000004,False,False,0,LOW,False,0.12191149823968145,NORMAL
AST-0005,2026-08-08 21:24:38.403936,4.47,3.6,103.74,68.02,59.67,2026-08-08,21,5,5.386,2.706,-0.9160000000000004,0.8940000000000001,False,True,1,MEDIUM,False,0.13357572509380394,NORMAL
AST-0005,2026-08-09 00:09:38.403936,1.72,2.89,99.09,66.02,55.2,2026-08-09,0,6,4.452,2.87,-2.732,0.02,False,False,0,LOW,False,0.11934374089392225,NORMAL
AST-0005,2026-08-09 11:30:38.403936,4.16,2.01,101.53,61.69,76.94,2026-08-09,11,6,4.238,2.916,-0.0780000000000002,-0.906,False,True,1,MEDIUM,False,0.1599993580560684,NORMAL
AST-0005,2026-08-09 12:02:38.403936,5.34,2.41,101.58,73.98,81.73,2026-08-09,12,6,4.34,2.814,1.0,-0.4039999999999999,False,False,0,LOW,False,0.14782626416499278,NORMAL
AST-0005,2026-08-09 12:54:38.403936,4.06,2.81,103.38,54.63,83.2,2026-08-09,12,6,3.95,2.744,0.1099999999999994,0.0659999999999998,False,False,0,LOW,False,0.12205953260221497,NORMAL
AST-0005,2026-08-09 17:31:38.403936,6.35,3.85,102.43,56.2,100.0,2026-08-09,17,6,4.326,2.794,2.024,1.056,False,True,1,MEDIUM,False,0.04904719147012376,NORMAL
AST-0005,2026-08-09 19:54:38.403936,4.31,2.88,95.86,66.66,44.3,2026-08-09,19,6,4.843999999999999,2.7920000000000003,-0.5339999999999998,0.0879999999999996,False,False,0,LOW,False,0.04459936259361569,NORMAL
AST-0005,2026-08-09 20:30:38.403936,1.85,1.72,103.44,63.45,66.66,2026-08-09,20,6,4.382,2.734,-2.532,-1.014,False,True,1,MEDIUM,False,0.12471043415935201,NORMAL
AST-0005,2026-08-09 23:21:38.403936,2.97,1.85,100.39,61.46,100.0,2026-08-09,23,6,3.908,2.622,-0.9379999999999996,-0.7719999999999998,False,True,1,MEDIUM,False,0.06509214409730468,NORMAL
AST-0005,2026-08-10 04:13:38.403936,5.99,3.61,100.98,60.04,66.51,2026-08-10,4,0,4.294,2.782,1.6960000000000006,0.8279999999999998,False,True,1,MEDIUM,False,0.15098182846965824,NORMAL
AST-0005,2026-08-10 07:56:38.403936,2.69,2.35,103.85,68.71,65.33,2026-08-10,7,0,3.562,2.482,-0.8719999999999999,-0.1320000000000001,False,False,0,LOW,False,0.13832037384672807,NORMAL
AST-0005,2026-08-10 09:14:38.403936,6.15,1.49,102.1,57.73,43.03,2026-08-10,9,0,3.9300000000000006,2.204,2.22,-0.7140000000000002,False,True,1,MEDIUM,False,0.1130186348122112,NORMAL
AST-0005,2026-08-10 12:13:38.403936,2.15,3.6,99.09,89.52,56.19,2026-08-10,12,0,3.99,2.58,-1.84,1.02,False,True,1,MEDIUM,False,0.000998382140963705,NORMAL
AST-0005,2026-08-10 14:44:38.403936,5.65,3.36,102.3,45.58,62.2,2026-08-10,14,0,4.526000000000001,2.882,1.1239999999999997,0.4779999999999997,False,False,0,LOW,False,0.1066952346264558,NORMAL
AST-0005,2026-08-10 14:49:38.403936,6.24,3.59,100.13,65.77,68.3,2026-08-10,14,0,4.5760000000000005,2.878,1.6639999999999997,0.7119999999999997,False,True,1,MEDIUM,False,0.14512336336519105,NORMAL
AST-0005,2026-08-10 15:45:38.403936,4.39,2.77,98.43,70.5,50.59,2026-08-10,15,0,4.916,2.962,-0.5260000000000007,-0.1919999999999997,False,False,0,LOW,False,0.12684466971224567,NORMAL
AST-0005,2026-08-10 17:22:38.403936,2.89,7.52,101.94,48.41,78.66,2026-08-10,17,0,4.264,4.168,-1.374,3.3519999999999994,False,True,1,MEDIUM,True,-0.02433989616523058,ANOMALOUS
AST-0005,2026-08-10 21:04:38.403936,5.46,1.42,100.7,54.96,67.28,2026-08-10,21,0,4.926,3.732,0.5339999999999998,-2.3120000000000003,False,True,1,MEDIUM,False,0.13519592375376588,NORMAL
AST-0005,2026-08-11 01:03:38.403936,3.33,2.59,100.59,73.38,62.17,2026-08-11,1,1,4.462000000000001,3.5780000000000003,-1.1320000000000006,-0.9880000000000004,False,True,1,MEDIUM,False,0.15728794951514846,NORMAL
AST-0005,2026-08-11 03:13:38.403936,1.58,2.43,103.52,59.48,37.88,2026-08-11,3,1,3.53,3.346,-1.95,-0.916,False,True,1,MEDIUM,False,0.07806005819718326,NORMAL
AST-0005,2026-08-11 06:45:38.403936,3.59,2.56,103.31,66.87,69.08,2026-08-11,6,1,3.37,3.304,0.2199999999999997,-0.7439999999999998,False,True,1,MEDIUM,False,0.1596217631004364,NORMAL
AST-0005,2026-08-11 08:14:38.403936,2.35,1.47,98.07,68.73,68.0,2026-08-11,8,1,3.2620000000000005,2.0940000000000003,-0.9120000000000004,-0.6240000000000003,False,True,1,MEDIUM,False,0.09281030033222709,NORMAL
AST-0005,2026-08-11 09:13:38.403936,3.65,1.85,101.46,73.62,67.5,2026-08-11,9,1,2.9,2.18,0.75,-0.33,False,False,0,LOW,False,0.15418487293100003,NORMAL
AST-0005,2026-08-11 10:29:38.403936,5.15,2.47,101.45,55.88,82.82,2026-08-11,10,1,3.264,2.156,1.886,0.3140000000000005,False,False,0,LOW,False,0.14457883390533027,NORMAL
AST-0005,2026-08-11 12:08:38.403936,6.98,2.92,104.02,73.74,64.79,2026-08-11,12,1,4.343999999999999,2.254,2.636000000000001,0.6659999999999999,False,True,1,MEDIUM,False,0.10727572100189392,NORMAL
AST-0005,2026-08-11 12:26:38.403936,3.85,3.88,99.77,58.96,56.94,2026-08-11,12,1,4.396,2.518,-0.5459999999999998,1.362,False,True,1,MEDIUM,False,0.135101560149624,NORMAL
AST-0005,2026-08-11 14:37:38.403936,3.78,3.84,98.38,76.91,77.15,2026-08-11,14,1,4.682,2.992,-0.9020000000000006,0.8479999999999999,False,True,1,MEDIUM,False,0.09049745564788086,NORMAL
AST-0005,2026-08-11 17:32:38.403936,3.7,2.35,103.4,58.89,79.33,2026-08-11,17,1,4.692,3.092,-0.992,-0.742,False,True,1,MEDIUM,False,0.13849122281225168,NORMAL
AST-0005,2026-08-11 17:50:38.403936,6.92,1.06,102.36,70.55,42.69,2026-08-11,17,1,5.046000000000001,2.81,1.8739999999999988,-1.75,False,True,1,MEDIUM,False,0.08866645355447833,NORMAL
AST-0005,2026-08-11 19:39:38.403936,3.49,3.61,100.8,67.89,69.69,2026-08-11,19,1,4.348,2.948,-0.8579999999999997,0.6619999999999999,False,True,1,MEDIUM,False,0.15074588800755584,NORMAL
AST-0005,2026-08-11 21:44:38.403936,3.12,1.74,102.34,59.94,61.77,2026-08-11,21,1,4.202,2.52,-1.082,-0.78,False,True,1,MEDIUM,False,0.14479037623140967,NORMAL
AST-0005,2026-08-11 23:42:38.403936,3.72,3.56,102.95,66.58,42.11,2026-08-11,23,1,4.19,2.464,-0.4699999999999993,1.096,False,True,1,MEDIUM,False,0.11189232751768052,NORMAL
AST-0005,2026-08-12 02:32:38.403936,4.98,1.71,102.75,65.86,34.12,2026-08-12,2,2,4.446,2.336,0.5340000000000007,-0.6259999999999999,False,True,1,MEDIUM,False,0.0979973913353484,NORMAL
AST-0005,2026-08-12 07:12:38.403936,4.72,1.8,99.88,76.87,90.85,2026-08-12,7,2,4.006,2.4840000000000004,0.7139999999999995,-0.6840000000000004,False,True,1,MEDIUM,False,0.09659697919598442,NORMAL
AST-0005,2026-08-12 10:03:38.403936,4.17,2.25,101.76,57.47,91.57,2026-08-12,10,2,4.142,2.212,0.0280000000000004,0.0380000000000002,False,False,0,LOW,False,0.11278035059812386,NORMAL
AST-0005,2026-08-12 12:17:38.403936,4.22,3.82,103.21,78.25,64.88,2026-08-12,12,2,4.362,2.628,-0.1420000000000003,1.1920000000000002,False,True,1,MEDIUM,False,0.10658593179062431,NORMAL
AST-0005,2026-08-12 13:32:38.403936,5.64,3.91,100.16,53.82,92.86,2026-08-12,13,2,4.746,2.6979999999999995,0.8940000000000001,1.2120000000000006,False,True,1,MEDIUM,False,0.07957244866567303,NORMAL
AST-0005,2026-08-12 13:53:38.403936,14.52,3.12,101.3,49.56,73.87,2026-08-12,13,2,6.653999999999999,2.98,7.866,0.1400000000000001,True,False,1,MEDIUM,False,0.02044969415824638,NORMAL
AST-0005,2026-08-12 19:49:38.403936,4.05,3.58,100.91,79.72,64.61,2026-08-12,19,2,6.519999999999999,3.336,-2.469999999999999,0.2440000000000002,False,False,0,LOW,False,0.11863470790980496,NORMAL
AST-0005,2026-08-12 22:13:38.403936,3.79,1.55,97.63,75.18,41.67,2026-08-12,22,2,6.444,3.196,-2.654,-1.6459999999999997,False,True,1,MEDIUM,False,0.050649967579277255,NORMAL
AST-0005,2026-08-12 23:32:38.403936,2.63,2.37,100.28,62.93,62.31,2026-08-12,23,2,6.126,2.906,-3.496,-0.536,False,True,1,MEDIUM,False,0.1577847293166078,NORMAL
AST-0005,2026-08-13 02:58:38.403936,4.78,3.79,99.23,73.81,65.85,2026-08-13,2,3,5.954,2.882,-1.1739999999999997,0.908,False,True,1,MEDIUM,False,0.12335184779720898,NORMAL
AST-0005,2026-08-13 07:31:38.403936,3.89,0.87,99.28,46.29,58.67,2026-08-13,7,3,3.828,2.432,0.0619999999999998,-1.5619999999999998,False,True,1,MEDIUM,False,0.060825673197130226,NORMAL
AST-0005,2026-08-13 08:00:38.403936,5.09,2.36,99.24,51.02,100.0,2026-08-13,8,3,4.036,2.188,1.0540000000000005,0.1720000000000001,False,False,0,LOW,False,0.04722382865434821,NORMAL
AST-0005,2026-08-13 11:29:38.403936,2.03,2.84,99.69,52.83,49.99,2026-08-13,11,3,3.684,2.446,-1.6540000000000004,0.3939999999999997,False,False,0,LOW,False,0.10203443636935422,NORMAL
AST-0005,2026-08-13 13:18:38.403936,6.6,1.54,102.85,66.18,61.59,2026-08-13,13,3,4.478,2.28,2.122,-0.7400000000000002,False,True,1,MEDIUM,False,0.13909585453234125,NORMAL
AST-0005,2026-08-13 15:03:38.403936,5.68,3.94,100.37,69.05,47.55,2026-08-13,15,3,4.658,2.31,1.0220000000000002,1.63,False,True,1,MEDIUM,False,0.1241094884062951,NORMAL
AST-0005,2026-08-13 15:05:38.403936,1.74,2.13,100.53,72.88,65.3,2026-08-13,15,3,4.228,2.5620000000000003,-2.4879999999999995,-0.4320000000000004,False,False,0,LOW,False,0.13607611322970536,NORMAL
AST-0005,2026-08-13 17:59:38.403936,4.48,3.43,102.09,57.53,59.95,2026-08-13,17,3,4.106,2.776,0.3740000000000005,0.6540000000000004,False,True,1,MEDIUM,False,0.15332732186385156,NORMAL
AST-0005,2026-08-13 18:57:38.403936,7.67,2.67,99.45,69.53,68.41,2026-08-13,18,3,5.234,2.742,2.436,-0.072,False,False,0,LOW,False,0.13136607998718802,NORMAL
AST-0005,2026-08-13 19:02:38.403936,4.87,2.82,106.28,62.25,59.28,2026-08-13,19,3,4.888,2.998,-0.0179999999999997,-0.1780000000000003,False,False,0,LOW,False,0.07483810595669893,NORMAL
AST-0005,2026-08-13 19:05:38.403936,3.95,2.39,102.95,60.63,36.08,2026-08-13,19,3,4.542,2.688,-0.5919999999999996,-0.298,False,False,0,LOW,False,0.11876123561892343,NORMAL
AST-0005,2026-08-13 22:05:38.403936,7.11,3.28,101.47,56.92,50.05,2026-08-13,22,3,5.6160000000000005,2.918,1.4939999999999998,0.3619999999999996,False,False,0,LOW,False,0.12827585594173319,NORMAL
AST-0005,2026-08-13 23:40:38.403936,4.99,2.04,102.87,59.31,90.36,2026-08-13,23,3,5.718000000000001,2.64,-0.7280000000000006,-0.5999999999999996,False,True,1,MEDIUM,False,0.11247486486915148,NORMAL
AST-0005,2026-08-14 00:03:38.403936,2.75,2.39,105.34,66.11,59.11,2026-08-14,0,4,4.734,2.584,-1.984,-0.1939999999999999,False,False,0,LOW,False,0.10718021741564998,NORMAL
AST-0005,2026-08-14 03:19:38.403936,5.38,2.42,101.19,69.11,60.84,2026-08-14,3,4,4.836,2.504,0.5439999999999996,-0.084,False,False,0,LOW,False,0.16757788438548377,NORMAL
AST-0005,2026-08-14 06:20:38.403936,5.61,2.31,103.15,49.29,35.38,2026-08-14,6,4,5.168,2.488,0.4420000000000001,-0.1779999999999999,False,False,0,LOW,False,0.0768697626480131,NORMAL
AST-0005,2026-08-14 15:55:38.403936,9.29,2.74,99.8,60.74,85.67,2026-08-14,15,4,5.604,2.38,3.685999999999999,0.3600000000000003,False,False,0,LOW,False,0.08487775460771624,NORMAL
AST-0005,2026-08-14 18:17:38.403936,6.75,3.99,101.09,52.61,100.0,2026-08-14,18,4,5.956,2.77,0.7940000000000005,1.2200000000000002,False,True,1,MEDIUM,False,0.029711642830415386,NORMAL
AST-0005,2026-08-15 03:50:38.403936,5.35,2.03,104.41,53.85,33.69,2026-08-15,3,5,6.475999999999999,2.698,-1.1259999999999994,-0.6680000000000001,False,True,1,MEDIUM,False,0.05672894229697051,NORMAL
AST-0005,2026-08-15 09:01:38.403936,-0.56,2.14,102.83,61.1,56.61,2026-08-15,9,5,5.287999999999999,2.6420000000000003,-5.847999999999999,-0.5020000000000002,True,True,2,HIGH,False,0.08573310642038995,NORMAL
AST-0005,2026-08-15 11:46:38.403936,5.15,1.4,100.17,75.21,100.0,2026-08-15,11,5,5.196,2.46,-0.0459999999999993,-1.06,False,True,1,MEDIUM,False,0.041055698316351086,NORMAL
AST-0005,2026-08-15 13:10:38.403936,6.18,1.56,101.0,47.68,57.92,2026-08-15,13,5,4.574,2.224,1.606,-0.6640000000000001,False,True,1,MEDIUM,False,0.09787639993501435,NORMAL
AST-0005,2026-08-15 15:02:38.403936,2.1,2.35,103.92,72.49,62.32,2026-08-15,15,5,3.644,1.896,-1.5439999999999996,0.4539999999999999,False,False,0,LOW,False,0.12017032701241848,NORMAL
AST-0005,2026-08-15 19:42:38.403936,6.46,3.31,100.82,67.74,87.34,2026-08-15,19,5,3.866,2.152,2.5940000000000003,1.158,False,True,1,MEDIUM,False,0.13441487470835284,NORMAL
AST-0005,2026-08-15 23:36:38.403936,5.39,0.34,100.04,60.12,76.4,2026-08-15,23,5,5.055999999999999,1.7920000000000005,0.3340000000000005,-1.4520000000000002,False,True,1,MEDIUM,False,0.09608808337056068,NORMAL
AST-0005,2026-08-16 00:53:38.403936,4.26,3.31,100.94,88.44,67.41,2026-08-16,0,6,4.878,2.174,-0.6180000000000003,1.136,False,True,1,MEDIUM,False,0.07224349772265798,NORMAL
AST-0005,2026-08-16 02:32:38.403936,3.87,0.98,104.19,52.72,54.36,2026-08-16,2,6,4.416,2.058,-0.5459999999999994,-1.0779999999999998,False,True,1,MEDIUM,False,0.07528182461454136,NORMAL
AST-0005,2026-08-16 03:12:38.403936,5.27,2.13,102.81,51.06,83.97,2026-08-16,3,6,5.05,2.014,0.2199999999999997,0.1159999999999996,False,False,0,LOW,False,0.11261288255962099,NORMAL
AST-0005,2026-08-16 04:50:38.403936,5.38,2.82,99.31,55.63,64.5,2026-08-16,4,6,4.834,1.916,0.5460000000000003,0.904,False,True,1,MEDIUM,False,0.14593166938647423,NORMAL
AST-0005,2026-08-16 05:46:38.403936,4.35,1.47,100.11,76.07,66.77,2026-08-16,5,6,4.626,2.142,-0.2759999999999998,-0.6719999999999999,False,True,1,MEDIUM,False,0.13121289276776837,NORMAL
AST-0005,2026-08-16 08:01:38.403936,4.43,2.88,101.45,52.17,82.93,2026-08-16,8,6,4.659999999999999,2.056,-0.2299999999999995,0.8239999999999998,False,True,1,MEDIUM,False,0.13237390196222543,NORMAL
AST-0005,2026-08-16 09:39:38.403936,6.71,1.36,103.13,49.83,75.82,2026-08-16,9,6,5.228,2.132,1.4820000000000002,-0.772,False,True,1,MEDIUM,False,0.08131460151044029,NORMAL
AST-0005,2026-08-16 11:19:38.403936,2.32,5.92,103.4,64.71,78.95,2026-08-16,11,6,4.638,2.89,-2.318,3.03,False,True,1,MEDIUM,False,0.04736650036699658,NORMAL
AST-0005,2026-08-16 12:14:38.403936,-0.77,2.11,102.91,61.72,66.99,2026-08-16,12,6,3.408,2.748,-4.178,-0.6380000000000003,False,True,1,MEDIUM,False,0.08718256129017549,NORMAL
AST-0005,2026-08-16 15:52:38.403936,2.69,3.49,102.75,65.66,94.97,2026-08-16,15,6,3.076,3.152,-0.3860000000000001,0.3380000000000001,False,False,0,LOW,False,0.08080978842756342,NORMAL
AST-0005,2026-08-16 16:27:38.403936,2.57,3.8,103.51,67.12,65.61,2026-08-16,16,6,2.704,3.336,-0.1339999999999999,0.4639999999999999,False,False,0,LOW,False,0.12280694560558403,NORMAL
AST-0005,2026-08-16 16:53:38.403936,3.58,3.13,100.01,73.47,65.34,2026-08-16,16,6,2.0780000000000003,3.69,1.5019999999999998,-0.56,False,True,1,MEDIUM,False,0.1478479290099653,NORMAL
AST-0005,2026-08-16 17:15:38.403936,3.42,2.64,100.21,62.28,95.12,2026-08-16,17,6,2.298,3.034,1.1220000000000003,-0.3939999999999997,False,False,0,LOW,False,0.10063246435138884,NORMAL
AST-0005,2026-08-16 19:35:38.403936,12.08,2.2,101.14,73.35,71.05,2026-08-16,19,6,4.868,3.052,7.212,-0.8519999999999999,True,True,2,HIGH,False,0.06310801500496166,NORMAL
AST-0005,2026-08-16 21:25:38.403936,0.56,1.31,101.62,77.28,40.48,2026-08-16,21,6,4.442,2.616,-3.882,-1.306,False,True,1,MEDIUM,False,0.03171587458369185,NORMAL
AST-0005,2026-08-16 22:07:38.403936,1.47,1.41,100.4,73.98,71.24,2026-08-16,22,6,4.222,2.1380000000000003,-2.7520000000000007,-0.7280000000000004,False,True,1,MEDIUM,False,0.10013677729209752,NORMAL
AST-0005,2026-08-16 22:34:38.403936,5.61,2.64,101.07,61.99,38.39,2026-08-16,22,6,4.628,2.04,0.9820000000000002,0.6000000000000001,False,True,1,MEDIUM,False,0.13172912078049231,NORMAL
AST-0005,2026-08-16 23:52:38.403936,4.02,3.0,101.14,67.05,35.78,2026-08-16,23,6,4.748,2.112,-0.7280000000000006,0.8879999999999999,False,True,1,MEDIUM,False,0.118546124217348,NORMAL
AST-0005,2026-08-17 00:21:38.403936,3.35,3.09,98.22,70.65,77.32,2026-08-17,0,0,3.002,2.29,0.3480000000000003,0.7999999999999998,False,True,1,MEDIUM,False,0.12360584218186638,NORMAL
AST-0005,2026-08-17 00:44:38.403936,5.19,3.13,100.8,59.02,90.6,2026-08-17,0,0,3.928,2.654,1.2620000000000005,0.476,False,False,0,LOW,False,0.11973281368311939,NORMAL
AST-0005,2026-08-17 05:16:38.403936,6.78,3.08,101.76,57.66,82.95,2026-08-17,5,0,4.99,2.9880000000000004,1.79,0.0919999999999996,False,False,0,LOW,False,0.1327617531470166,NORMAL
AST-0005,2026-08-17 06:01:38.403936,2.24,2.33,99.44,70.68,81.62,2026-08-17,6,0,4.316000000000001,2.926,-2.0760000000000005,-0.5959999999999996,False,True,1,MEDIUM,False,0.12079297133997668,NORMAL
AST-0005,2026-08-17 07:34:38.403936,4.56,8.91,105.26,70.75,74.55,2026-08-17,7,0,4.424000000000001,4.108,0.1359999999999983,4.8020000000000005,False,True,1,MEDIUM,True,-0.039195407579180275,ANOMALOUS
AST-0005,2026-08-17 07:45:38.403936,5.12,8.74,104.65,55.78,81.89,2026-08-17,7,0,4.7780000000000005,5.238,0.3419999999999996,3.5020000000000007,False,True,1,MEDIUM,True,-0.04628830289571817,ANOMALOUS
AST-0005,2026-08-17 10:55:38.403936,3.18,2.03,104.4,58.72,66.83,2026-08-17,10,0,4.376,5.018,-1.1959999999999993,-2.988,False,True,1,MEDIUM,False,0.11513376225106575,NORMAL
AST-0005,2026-08-17 11:09:38.403936,5.39,2.14,100.14,72.81,54.66,2026-08-17,11,0,4.098,4.83,1.2919999999999998,-2.69,False,True,1,MEDIUM,False,0.1467316628080163,NORMAL
AST-0005,2026-08-17 13:19:38.403936,3.0,3.8,105.28,68.93,93.63,2026-08-17,13,0,4.25,5.1240000000000006,-1.25,-1.3240000000000007,False,True,1,MEDIUM,False,0.035029437555674,NORMAL
AST-0005,2026-08-17 13:48:38.403936,5.19,2.61,102.14,65.93,53.13,2026-08-17,13,0,4.376,3.864,0.814000000000001,-1.254,False,True,1,MEDIUM,False,0.16591793285707834,NORMAL
AST-0005,2026-08-17 15:37:38.403936,2.63,3.65,97.58,58.15,63.3,2026-08-17,15,0,3.878,2.846,-1.2480000000000002,0.8039999999999998,False,True,1,MEDIUM,False,0.0890758729675209,NORMAL
AST-0005,2026-08-17 18:10:38.403936,5.07,4.47,102.86,56.36,85.44,2026-08-17,18,0,4.256,3.3340000000000005,0.8140000000000001,1.1359999999999992,False,True,1,MEDIUM,False,0.08534962222195669,NORMAL
AST-0005,2026-08-17 19:17:38.403936,2.36,2.6,102.38,74.85,39.83,2026-08-17,19,0,3.65,3.426,-1.29,-0.8259999999999996,False,True,1,MEDIUM,False,0.0955771379663421,NORMAL
AST-0005,2026-08-17 19:48:38.403936,0.48,2.27,103.1,58.88,100.0,2026-08-17,19,0,3.146,3.12,-2.666,-0.8499999999999996,False,True,1,MEDIUM,False,0.02015902289474658,NORMAL
AST-0005,2026-08-17 20:43:38.403936,2.61,2.78,102.96,64.05,87.29,2026-08-17,20,0,2.63,3.154,-0.02,-0.3740000000000001,False,False,0,LOW,False,0.12905895697781677,NORMAL
AST-0005,2026-08-17 22:15:38.403936,5.62,1.89,102.54,76.26,63.23,2026-08-17,22,0,3.228,2.802,2.392,-0.912,False,True,1,MEDIUM,False,0.13883560294608016,NORMAL
AST-0005,2026-08-18 02:40:38.403936,5.05,2.19,101.36,77.78,68.44,2026-08-18,2,1,3.224,2.346,1.826,-0.1560000000000001,False,False,0,LOW,False,0.1507582060965183,NORMAL
AST-0005,2026-08-18 04:27:38.403936,4.96,3.15,103.02,59.17,61.99,2026-08-18,4,1,3.744,2.456,1.2160000000000002,0.694,False,True,1,MEDIUM,False,0.15471843088848075,NORMAL
AST-0005,2026-08-18 08:03:38.403936,5.56,3.68,100.91,67.18,88.2,2026-08-18,8,1,4.76,2.7379999999999995,0.7999999999999998,0.9420000000000006,False,True,1,MEDIUM,False,0.12758192163912352,NORMAL
AST-0005,2026-08-18 10:02:38.403936,5.49,3.44,101.66,52.03,72.19,2026-08-18,10,1,5.336,2.87,0.1539999999999999,0.5699999999999998,False,True,1,MEDIUM,False,0.13746897210601233,NORMAL
AST-0005,2026-08-18 12:03:38.403936,3.72,1.43,102.56,72.99,65.11,2026-08-18,12,1,4.956,2.778,-1.2360000000000002,-1.348,False,True,1,MEDIUM,False,0.13527980571804638,NORMAL
AST-0005,2026-08-18 14:29:38.403936,5.94,2.53,103.11,61.14,60.74,2026-08-18,14,1,5.134,2.846,0.806,-0.3159999999999998,False,False,0,LOW,False,0.1545090781927908,NORMAL
AST-0005,2026-08-18 17:11:38.403936,5.76,2.24,98.13,76.4,49.93,2026-08-18,17,1,5.294,2.664,0.4660000000000002,-0.4239999999999999,False,False,0,LOW,False,0.09217901654417088,NORMAL
AST-0005,2026-08-18 17:30:38.403936,6.06,6.0,102.26,56.27,61.27,2026-08-18,17,1,5.394,3.128,0.6659999999999995,2.872,False,True,1,MEDIUM,False,0.061420268985528104,NORMAL
AST-0005,2026-08-18 20:56:38.403936,5.16,3.48,98.14,77.45,100.0,2026-08-18,20,1,5.328,3.136,-0.1680000000000001,0.3439999999999998,False,False,0,LOW,False,0.026192809553431062,NORMAL
AST-0005,2026-08-18 21:19:38.403936,4.87,2.63,100.16,66.3,52.29,2026-08-18,21,1,5.558,3.376,-0.6879999999999997,-0.746,False,True,1,MEDIUM,False,0.15825640067532032,NORMAL
AST-0005,2026-08-18 21:41:38.403936,3.25,4.09,99.7,56.18,74.89,2026-08-18,21,1,5.0200000000000005,3.688,-1.7700000000000005,0.4020000000000001,False,False,0,LOW,False,0.12119838435519414,NORMAL
AST-0005,2026-08-19 05:46:38.403936,2.54,1.65,100.47,51.64,30.1,2026-08-19,5,2,4.376,3.5699999999999994,-1.8359999999999996,-1.9199999999999997,False,True,1,MEDIUM,False,0.0553547514400578,NORMAL
AST-0005,2026-08-19 05:48:38.403936,3.68,2.37,101.38,54.98,78.33,2026-08-19,5,2,3.9,2.844,-0.2199999999999997,-0.4739999999999997,False,False,0,LOW,False,0.14949925692702715,NORMAL
AST-0005,2026-08-19 15:21:38.403936,5.48,3.03,102.85,61.32,56.35,2026-08-19,15,2,3.964,2.754,1.5160000000000005,0.2759999999999998,False,False,0,LOW,False,0.15458118712494784,NORMAL
AST-0005,2026-08-19 15:48:38.403936,6.45,3.02,102.7,72.23,62.23,2026-08-19,15,2,4.28,2.832,2.17,0.1880000000000001,False,False,0,LOW,False,0.14540658000629197,NORMAL
AST-0005,2026-08-19 18:20:38.403936,6.48,2.66,105.45,58.11,96.25,2026-08-19,18,2,4.926,2.5460000000000003,1.5540000000000005,0.1139999999999998,False,False,0,LOW,False,0.02857365383723065,NORMAL
AST-0005,2026-08-19 20:36:38.403936,2.85,2.54,102.56,53.49,84.89,2026-08-19,20,2,4.988,2.724,-2.1380000000000003,-0.1839999999999997,False,False,0,LOW,False,0.11884854917726734,NORMAL
AST-0005,2026-08-19 20:43:38.403936,3.33,2.11,101.9,54.36,61.79,2026-08-19,20,2,4.918000000000001,2.672,-1.588000000000001,-0.5619999999999998,False,True,1,MEDIUM,False,0.14852113594954308,NORMAL
AST-0005,2026-08-19 23:00:38.403936,5.82,1.82,98.86,67.75,61.71,2026-08-19,23,2,4.986,2.43,0.8340000000000005,-0.6099999999999997,False,True,1,MEDIUM,False,0.13929379524472524,NORMAL
AST-0005,2026-08-20 05:52:38.403936,4.3,1.52,100.48,83.12,75.42,2026-08-20,5,3,4.556,2.13,-0.2560000000000002,-0.6099999999999999,False,True,1,MEDIUM,False,0.09689284401467607,NORMAL
AST-0005,2026-08-20 05:56:38.403936,13.56,3.13,101.47,79.1,72.38,2026-08-20,5,3,5.972,2.224,7.588000000000001,0.906,True,True,2,HIGH,False,0.024913480399424648,NORMAL
AST-0005,2026-08-20 08:02:38.403936,0.72,2.84,102.08,65.2,81.05,2026-08-20,8,3,5.546,2.284,-4.8260000000000005,0.556,False,True,1,MEDIUM,False,0.10834038647925814,NORMAL
AST-0005,2026-08-20 08:44:38.403936,4.46,3.16,99.59,55.45,60.2,2026-08-20,8,3,5.772,2.494,-1.3120000000000005,0.6660000000000004,False,True,1,MEDIUM,False,0.1455709786763384,NORMAL
AST-0005,2026-08-20 12:24:38.403936,15.4,4.01,101.4,72.69,54.05,2026-08-20,12,3,7.688,2.932,7.712000000000001,1.0779999999999998,True,True,2,HIGH,True,-0.006020691520167598,ANOMALOUS
AST-0005,2026-08-20 13:29:38.403936,4.79,3.46,102.99,65.28,95.62,2026-08-20,13,3,7.786,3.3199999999999994,-2.996,0.1400000000000005,False,False,0,LOW,False,0.09848440682079529,NORMAL
AST-0005,2026-08-20 15:54:38.403936,5.82,2.97,100.29,67.95,48.57,2026-08-20,15,3,6.238,3.2880000000000003,-0.4180000000000001,-0.318,False,False,0,LOW,False,0.14918365709682352,NORMAL
AST-0005,2026-08-20 18:48:38.403936,3.17,3.24,101.54,62.66,56.43,2026-08-20,18,3,6.728,3.368,-3.558,-0.1279999999999996,False,False,0,LOW,False,0.1567051786277362,NORMAL
AST-0005,2026-08-20 20:17:38.403936,5.13,1.6,101.16,61.65,33.6,2026-08-20,20,3,6.862,3.056,-1.7320000000000002,-1.456,False,True,1,MEDIUM,False,0.1011208686367312,NORMAL
AST-0005,2026-08-20 21:23:38.403936,4.89,1.71,100.47,66.13,65.84,2026-08-20,21,3,4.76,2.596,0.1299999999999999,-0.8860000000000001,False,True,1,MEDIUM,False,0.16005631490749,NORMAL
AST-0005,2026-08-20 22:56:38.403936,4.73,6.6,103.64,64.47,72.69,2026-08-20,22,3,4.747999999999999,3.2239999999999998,-0.0179999999999989,3.3760000000000003,False,True,1,MEDIUM,False,0.03289617558394553,NORMAL
AST-0005,2026-08-21 03:44:38.403936,3.43,2.92,101.94,66.68,47.09,2026-08-21,3,4,4.27,3.214,-0.8399999999999994,-0.294,False,False,0,LOW,False,0.15327517088984577,NORMAL
AST-0005,2026-08-21 04:37:38.403936,6.9,3.21,100.99,46.87,64.65,2026-08-21,4,4,5.016,3.208,1.8840000000000003,0.0020000000000002,False,False,0,LOW,False,0.10540017663716061,NORMAL
AST-0005,2026-08-21 08:49:38.403936,5.78,3.4,100.49,69.99,73.87,2026-08-21,8,4,5.146000000000001,3.568,0.6339999999999995,-0.1680000000000001,False,False,0,LOW,False,0.15425259960258092,NORMAL
AST-0005,2026-08-21 14:26:38.403936,6.4,2.48,98.46,73.43,78.59,2026-08-21,14,4,5.448,3.722,0.952,-1.242,False,True,1,MEDIUM,False,0.12047123443490759,NORMAL
AST-0005,2026-08-21 14:37:38.403936,6.4,2.35,100.1,57.19,56.21,2026-08-21,14,4,5.782000000000001,2.872,0.6179999999999994,-0.5219999999999998,False,True,1,MEDIUM,False,0.1440273278803369,NORMAL
AST-0005,2026-08-21 16:05:38.403936,6.6,2.0,100.74,54.64,61.34,2026-08-21,16,4,6.416000000000001,2.688,0.1839999999999984,-0.6879999999999997,False,True,1,MEDIUM,False,0.14592321951134374,NORMAL
AST-0005,2026-08-21 18:47:38.403936,5.39,1.99,103.97,49.12,100.0,2026-08-21,18,4,6.114,2.444,-0.7240000000000002,-0.4539999999999999,False,False,0,LOW,False,0.017875251706575,NORMAL
AST-0005,2026-08-21 19:47:38.403936,3.44,2.51,99.86,65.71,58.15,2026-08-21,19,4,5.646,2.266,-2.206,0.2439999999999997,False,False,0,LOW,False,0.15701257623719267,NORMAL
AST-0005,2026-08-22 00:25:38.403936,5.49,2.04,99.45,44.2,50.69,2026-08-22,0,5,5.464,2.178,0.0259999999999998,-0.1379999999999999,False,False,0,LOW,False,0.08118740620405684,NORMAL
AST-0005,2026-08-22 06:19:38.403936,4.94,2.61,100.45,48.43,73.49,2026-08-22,6,5,5.172,2.23,-0.2319999999999993,0.3799999999999999,False,False,0,LOW,False,0.1231283237356488,NORMAL
AST-0005,2026-08-22 07:03:38.403936,2.71,2.24,98.44,93.24,35.23,2026-08-22,7,5,4.394,2.278,-1.6840000000000002,-0.0379999999999998,False,False,0,LOW,True,-0.035737846237866466,ANOMALOUS
AST-0005,2026-08-22 11:30:38.403936,0.77,1.97,102.21,55.18,66.06,2026-08-22,11,5,3.47,2.274,-2.7,-0.304,False,False,0,LOW,False,0.10367770385636771,NORMAL
AST-0005,2026-08-22 14:21:38.403936,2.84,2.52,101.79,68.96,69.01,2026-08-22,14,5,3.35,2.276,-0.5100000000000002,0.2440000000000002,False,False,0,LOW,False,0.15774621605826472,NORMAL
AST-0005,2026-08-22 14:44:38.403936,4.72,3.2,98.8,49.67,93.43,2026-08-22,14,5,3.196,2.508,1.5239999999999996,0.6920000000000002,False,True,1,MEDIUM,False,0.05343972747847481,NORMAL
AST-0005,2026-08-22 15:04:38.403936,4.15,4.22,98.21,45.18,38.01,2026-08-22,15,5,3.038,2.83,1.1120000000000003,1.39,False,True,1,MEDIUM,True,-0.00017637541994641737,ANOMALOUS
AST-0005,2026-08-22 15:10:38.403936,7.43,2.1,99.18,79.82,100.0,2026-08-22,15,5,3.982,2.802,3.4479999999999995,-0.702,False,True,1,MEDIUM,False,0.016999341161114234,NORMAL
AST-0005,2026-08-22 20:49:38.403936,4.33,2.66,101.43,77.46,70.6,2026-08-22,20,5,4.694,2.9400000000000004,-0.3639999999999999,-0.2800000000000002,False,False,0,LOW,False,0.15069525176044163,NORMAL
AST-0005,2026-08-23 03:01:38.403936,0.92,2.05,97.68,55.49,8.51,2026-08-23,3,6,4.3100000000000005,2.846,-3.390000000000001,-0.7959999999999998,False,True,1,MEDIUM,True,-0.043243118377896184,ANOMALOUS
AST-0005,2026-08-23 14:14:38.403936,11.0,2.49,100.72,68.23,50.11,2026-08-23,14,6,5.566,2.704,5.434,-0.2139999999999995,True,False,1,MEDIUM,False,0.08244623126322131,NORMAL
AST-0005,2026-08-23 15:29:38.403936,3.32,0.46,101.89,72.99,45.39,2026-08-23,15,6,5.4,1.9520000000000004,-2.0800000000000005,-1.4920000000000004,False,True,1,MEDIUM,False,0.07427739660578403,NORMAL
AST-0005,2026-08-23 19:11:38.403936,3.9,2.72,101.21,66.83,52.94,2026-08-23,19,6,4.694,2.076,-0.794,0.6440000000000006,False,True,1,MEDIUM,False,0.16651147118145643,NORMAL
AST-0005,2026-08-23 20:29:38.403936,3.73,2.32,99.31,39.38,61.56,2026-08-23,20,6,4.574,2.008,-0.8439999999999999,0.3119999999999998,False,False,0,LOW,False,0.06339535810929608,NORMAL
AST-0005,2026-08-24 04:48:38.403936,2.08,1.66,99.16,74.5,95.79,2026-08-24,4,0,4.806,1.93,-2.726,-0.2700000000000002,False,False,0,LOW,False,0.03810626585563115,NORMAL
AST-0005,2026-08-24 06:58:38.403936,-3.03,3.68,103.02,63.4,64.66,2026-08-24,6,0,2.0,2.168,-5.029999999999999,1.512,True,True,2,HIGH,False,0.035197133159264704,NORMAL
AST-0005,2026-08-24 12:55:38.403936,4.22,1.38,100.61,48.2,78.43,2026-08-24,12,0,2.18,2.352,2.04,-0.972,False,True,1,MEDIUM,False,0.09500983706465116,NORMAL
AST-0005,2026-08-24 14:16:38.403936,4.32,3.71,102.56,54.76,98.37,2026-08-24,14,0,2.264,2.55,2.056,1.16,False,True,1,MEDIUM,False,0.06514732273665996,NORMAL
AST-0005,2026-08-24 18:52:38.403936,2.18,3.7,103.69,62.19,70.52,2026-08-24,18,0,1.954,2.826,0.2260000000000002,0.8740000000000001,False,True,1,MEDIUM,False,0.10628500865024681,NORMAL
AST-0005,2026-08-24 22:31:38.403936,5.16,2.57,102.25,90.3,47.12,2026-08-24,22,0,2.57,3.008,2.5900000000000003,-0.4380000000000001,False,False,0,LOW,False,0.03159884883359898,NORMAL
AST-0005,2026-08-25 03:44:38.403936,5.83,3.02,98.15,79.77,89.84,2026-08-25,3,1,4.3420000000000005,2.876,1.4879999999999995,0.1440000000000001,False,False,0,LOW,False,0.05894033158312889,NORMAL
AST-0005,2026-08-25 04:57:38.403936,2.4,2.41,103.52,71.85,90.24,2026-08-25,4,1,3.978,3.082,-1.5780000000000003,-0.6719999999999997,False,True,1,MEDIUM,False,0.10050171491832016,NORMAL
AST-0005,2026-08-25 06:48:38.403936,16.97,2.21,102.76,55.69,65.77,2026-08-25,6,1,6.508,2.782,10.462,-0.5720000000000001,True,True,2,HIGH,False,0.0005794851183648086,NORMAL
AST-0005,2026-08-25 07:36:38.403936,6.09,3.14,101.23,59.13,70.98,2026-08-25,7,1,7.290000000000001,2.67,-1.200000000000001,0.4700000000000002,False,False,0,LOW,False,0.15401572886335796,NORMAL
AST-0005,2026-08-25 07:49:38.403936,14.79,4.02,107.03,55.98,100.0,2026-08-25,7,1,9.216,2.96,5.574,1.0599999999999996,True,True,2,HIGH,True,-0.123437351034837,ANOMALOUS
AST-0005,2026-08-25 17:16:38.403936,6.47,5.23,98.85,55.84,50.25,2026-08-25,17,1,9.344,3.402,-2.874,1.8280000000000007,False,True,1,MEDIUM,False,0.05291473688839493,NORMAL
AST-0005,2026-08-25 18:54:38.403936,2.44,1.93,100.72,57.16,96.23,2026-08-25,18,1,9.352,3.306,-6.912000000000001,-1.376,True,True,2,HIGH,False,0.07070874315302378,NORMAL
AST-0005,2026-08-26 01:42:38.403936,3.5,2.45,99.18,40.02,68.61,2026-08-26,1,2,6.658,3.354,-3.1579999999999995,-0.904,False,True,1,MEDIUM,False,0.06411397268052244,NORMAL
AST-0005,2026-08-26 03:29:38.403936,3.75,1.09,100.73,60.27,66.43,2026-08-26,3,2,6.19,2.944,-2.4399999999999995,-1.854,False,True,1,MEDIUM,False,0.13611916089729914,NORMAL
AST-0005,2026-08-26 12:36:38.403936,3.74,8.85,101.83,77.87,78.58,2026-08-26,12,2,3.98,3.91,-0.2399999999999993,4.94,False,True,1,MEDIUM,True,-0.021846805442085504,ANOMALOUS
AST-0005,2026-08-26 12:53:38.403936,4.25,2.56,97.04,69.58,47.37,2026-08-26,12,2,3.536,3.376,0.714,-0.8159999999999998,False,True,1,MEDIUM,False,0.08042493431243586,NORMAL
AST-0005,2026-08-26 14:04:38.403936,16.44,4.41,103.67,72.23,67.01,2026-08-26,14,2,6.336,3.872,10.104,0.5380000000000003,True,True,2,HIGH,True,-0.05195673145935653,ANOMALOUS
AST-0005,2026-08-26 21:51:38.403936,6.06,2.23,102.23,79.22,68.96,2026-08-26,21,2,6.848000000000001,3.828,-0.7880000000000011,-1.5980000000000003,False,True,1,MEDIUM,False,0.13462848954669548,NORMAL
AST-0005,2026-08-27 00:29:38.403936,4.69,2.16,101.54,70.43,65.88,2026-08-27,0,3,7.036000000000001,4.042,-2.346000000000001,-1.882,False,True,1,MEDIUM,False,0.16937413002602886,NORMAL
AST-0005,2026-08-27 01:36:38.403936,11.33,2.25,101.21,57.17,47.71,2026-08-27,1,3,8.554,2.7220000000000004,2.776,-0.4720000000000004,False,False,0,LOW,False,0.06567504722121609,NORMAL
AST-0005,2026-08-27 03:55:38.403936,4.04,2.01,102.7,73.49,63.84,2026-08-27,3,3,8.512,2.612,-4.472,-0.6020000000000003,False,True,1,MEDIUM,False,0.15562697589707158,NORMAL
AST-0005,2026-08-27 05:07:38.403936,5.61,1.59,101.47,67.33,52.07,2026-08-27,5,3,6.346,2.048,-0.7359999999999998,-0.4579999999999999,False,False,0,LOW,False,0.1455989291620461,NORMAL
AST-0005,2026-08-27 09:15:38.403936,5.59,2.35,99.22,65.07,45.51,2026-08-27,9,3,6.252000000000001,2.072,-0.6620000000000008,0.278,False,False,0,LOW,False,0.13729284512653428,NORMAL
AST-0005,2026-08-27 09:56:38.403936,2.72,2.18,102.37,65.91,49.67,2026-08-27,9,3,5.858,2.076,-3.1379999999999995,0.1040000000000005,False,False,0,LOW,False,0.1426162404911797,NORMAL
AST-0005,2026-08-27 11:21:38.403936,3.97,2.69,101.47,69.22,81.17,2026-08-27,11,3,4.386000000000001,2.164,-0.4160000000000008,0.5259999999999998,False,True,1,MEDIUM,False,0.15937994087193003,NORMAL
AST-0005,2026-08-27 11:23:38.403936,2.22,2.54,102.8,79.94,68.63,2026-08-27,11,3,4.022,2.27,-1.802,0.27,False,False,0,LOW,False,0.10788481817087209,NORMAL
AST-0005,2026-08-27 11:29:38.403936,1.94,7.49,101.97,59.57,52.46,2026-08-27,11,3,3.2880000000000003,3.45,-1.3480000000000003,4.04,False,True,1,MEDIUM,True,-0.005501565236390005,ANOMALOUS
AST-0005,2026-08-27 15:48:38.403936,4.28,3.61,100.41,74.66,50.49,2026-08-27,15,3,3.026,3.702,1.254,-0.0920000000000005,False,False,0,LOW,False,0.1275439115757651,NORMAL
AST-0005,2026-08-27 22:16:38.403936,4.35,1.83,102.8,71.54,82.5,2026-08-27,22,3,3.3519999999999994,3.632,0.9980000000000002,-1.802,False,True,1,MEDIUM,False,0.14041928023020805,NORMAL
AST-0005,2026-08-28 04:32:38.403936,4.8,1.68,101.39,54.26,66.46,2026-08-28,4,4,3.518,3.43,1.282,-1.7499999999999998,False,True,1,MEDIUM,False,0.14632558389837153,NORMAL
AST-0005,2026-08-28 07:16:38.403936,2.8,3.01,98.76,61.6,100.0,2026-08-28,7,4,3.634,3.524,-0.8340000000000005,-0.5140000000000002,False,True,1,MEDIUM,False,0.04701624396198323,NORMAL
AST-0005,2026-08-28 14:46:38.403936,4.58,2.64,97.53,61.27,52.74,2026-08-28,14,4,4.162,2.554,0.4180000000000001,0.0860000000000003,False,False,0,LOW,False,0.10665230070333515,NORMAL
AST-0005,2026-08-28 17:20:38.403936,4.27,3.34,103.21,79.1,70.13,2026-08-28,17,4,4.16,2.5,0.1099999999999994,0.8399999999999999,False,True,1,MEDIUM,False,0.11816372568248573,NORMAL
AST-0006,2026-07-29 22:43:38.403936,5.66,2.2,99.41,66.45,80.72,2026-07-29,22,2,5.66,2.2,0.0,0.0,False,False,0,LOW,False,0.14805862400825176,NORMAL
AST-0006,2026-07-29 23:58:38.403936,7.12,3.61,98.72,71.9,55.95,2026-07-29,23,2,6.390000000000001,2.905,0.7299999999999995,0.7049999999999996,False,True,1,MEDIUM,False,0.09606555353046603,NORMAL
AST-0006,2026-07-30 03:38:38.403936,4.28,2.57,100.51,59.45,31.69,2026-07-30,3,3,5.686666666666667,2.793333333333333,-1.4066666666666672,-0.2233333333333331,False,False,0,LOW,False,0.10383537334611914,NORMAL
AST-0006,2026-07-30 04:52:38.403936,5.48,1.19,102.26,54.45,79.81,2026-07-30,4,3,5.635,2.3925,-0.1549999999999993,-1.2025,False,True,1,MEDIUM,False,0.10971796507437198,NORMAL
AST-0006,2026-07-30 12:05:38.403936,2.32,1.76,103.73,70.33,53.89,2026-07-30,12,3,4.972,2.266,-2.652,-0.506,False,True,1,MEDIUM,False,0.11147781486942643,NORMAL
AST-0006,2026-07-30 14:09:38.403936,6.32,2.03,102.87,54.37,60.03,2026-07-30,14,3,5.104000000000001,2.232,1.2159999999999993,-0.2019999999999999,False,False,0,LOW,False,0.13651888867253414,NORMAL
AST-0006,2026-07-30 14:38:38.403936,1.54,0.74,100.86,67.47,44.75,2026-07-30,14,3,3.988,1.658,-2.4480000000000004,-0.918,False,True,1,MEDIUM,False,0.06733421780979248,NORMAL
AST-0006,2026-07-30 14:42:38.403936,3.77,2.61,99.15,68.37,56.76,2026-07-30,14,3,3.886,1.6659999999999997,-0.1160000000000001,0.9440000000000002,False,True,1,MEDIUM,False,0.14994177819206017,NORMAL
AST-0006,2026-07-30 18:59:38.403936,4.78,2.84,101.74,77.79,47.86,2026-07-30,18,3,3.746,1.996,1.0340000000000005,0.8439999999999999,False,True,1,MEDIUM,False,0.12614770810254744,NORMAL
AST-0006,2026-07-30 19:15:38.403936,3.02,2.52,103.94,66.56,37.87,2026-07-30,19,3,3.886,2.148,-0.8660000000000001,0.3719999999999999,False,False,0,LOW,False,0.09085878950974463,NORMAL
AST-0006,2026-07-30 19:59:38.403936,11.92,4.19,102.35,74.25,89.39,2026-07-30,19,3,5.006,2.58,6.914,1.6100000000000003,True,True,2,HIGH,True,-0.009516282978470514,ANOMALOUS
AST-0006,2026-07-31 05:18:38.403936,4.02,2.62,98.99,72.6,47.06,2026-07-31,5,4,5.502,2.9560000000000004,-1.4820000000000002,-0.3360000000000003,False,False,0,LOW,False,0.12254781027486106,NORMAL
AST-0006,2026-07-31 05:53:38.403936,4.28,2.53,103.35,63.1,54.67,2026-07-31,5,4,5.604,2.9400000000000004,-1.3239999999999998,-0.4100000000000006,False,False,0,LOW,False,0.15563989854838606,NORMAL
AST-0006,2026-07-31 18:33:38.403936,4.5,3.05,104.01,79.75,59.69,2026-07-31,18,4,5.548,2.982,-1.048,0.068,False,False,0,LOW,False,0.10390640534326284,NORMAL
AST-0006,2026-07-31 19:09:38.403936,2.11,2.86,97.87,60.33,58.45,2026-07-31,19,4,5.366,3.05,-3.256,-0.1899999999999999,False,False,0,LOW,False,0.09444655676140906,NORMAL
AST-0006,2026-07-31 23:24:38.403936,4.77,2.97,103.04,71.43,62.69,2026-07-31,23,4,3.936,2.806,0.8339999999999996,0.1640000000000001,False,False,0,LOW,False,0.16278743188874023,NORMAL
AST-0006,2026-08-01 04:26:38.403936,4.48,2.31,102.28,53.2,64.47,2026-08-01,4,5,4.0280000000000005,2.744,0.4519999999999999,-0.4340000000000001,False,False,0,LOW,False,0.15143583314413317,NORMAL
AST-0006,2026-08-01 07:50:38.403936,7.7,2.23,100.68,61.53,53.39,2026-08-01,7,5,4.712,2.684,2.9880000000000004,-0.4540000000000002,False,False,0,LOW,False,0.13236341659355622,NORMAL
AST-0006,2026-08-01 08:08:38.403936,5.38,2.34,101.47,57.72,96.47,2026-08-01,8,5,4.888,2.5420000000000003,0.492,-0.2020000000000004,False,False,0,LOW,False,0.09597507762276763,NORMAL
AST-0006,2026-08-01 08:26:38.403936,7.42,2.54,101.88,62.33,59.83,2026-08-01,8,5,5.95,2.478,1.4699999999999998,0.0619999999999998,False,False,0,LOW,False,0.1531932914142517,NORMAL
AST-0006,2026-08-01 19:51:38.403936,6.61,3.26,100.9,67.87,42.06,2026-08-01,19,5,6.318,2.536,0.2920000000000007,0.7239999999999998,False,True,1,MEDIUM,False,0.12066798214841623,NORMAL
AST-0006,2026-08-01 19:54:38.403936,4.14,2.17,103.32,61.31,60.03,2026-08-01,19,5,6.25,2.508,-2.1100000000000003,-0.3380000000000001,False,False,0,LOW,False,0.15596304654057813,NORMAL
AST-0006,2026-08-02 01:54:38.403936,3.84,3.67,103.62,67.08,24.74,2026-08-02,1,6,5.478,2.796,-1.638,0.8740000000000001,False,True,1,MEDIUM,False,0.031466576712200656,NORMAL
AST-0006,2026-08-02 02:53:38.403936,2.42,2.49,96.98,77.31,86.97,2026-08-02,2,6,4.886,2.826,-2.466,-0.3359999999999994,False,False,0,LOW,False,0.034432264523335365,NORMAL
AST-0006,2026-08-02 05:28:38.403936,6.71,2.5,98.84,62.91,46.46,2026-08-02,5,6,4.744,2.818,1.966,-0.318,False,False,0,LOW,False,0.1227465219133389,NORMAL
AST-0006,2026-08-02 06:05:38.403936,4.76,1.59,98.93,81.05,84.25,2026-08-02,6,6,4.3740000000000006,2.484,0.3859999999999992,-0.8939999999999999,False,True,1,MEDIUM,False,0.07590026418352241,NORMAL
AST-0006,2026-08-02 06:29:38.403936,13.34,2.36,103.19,69.46,54.07,2026-08-02,6,6,6.214,2.522,7.126,-0.1619999999999999,True,False,1,MEDIUM,False,0.04195930997290753,NORMAL
AST-0006,2026-08-02 07:43:38.403936,3.46,2.85,96.98,60.12,97.34,2026-08-02,7,6,6.138,2.358,-2.678,0.492,False,False,0,LOW,False,0.019409493317868676,NORMAL
AST-0006,2026-08-02 08:32:38.403936,5.6,2.08,99.6,52.38,65.6,2026-08-02,8,6,6.774000000000001,2.276,-1.1740000000000013,-0.1960000000000001,False,False,0,LOW,False,0.13388079561348387,NORMAL
AST-0006,2026-08-02 09:35:38.403936,7.05,1.51,97.85,46.91,27.57,2026-08-02,9,6,6.8420000000000005,2.0780000000000003,0.2079999999999993,-0.5680000000000003,False,True,1,MEDIUM,True,-0.01920220038716758,ANOMALOUS
AST-0006,2026-08-02 10:35:38.403936,5.09,1.73,100.12,60.41,80.42,2026-08-02,10,6,6.908,2.1060000000000003,-1.818,-0.3760000000000003,False,False,0,LOW,False,0.14216629285538135,NORMAL
AST-0006,2026-08-02 13:16:38.403936,4.59,2.99,101.49,44.93,33.54,2026-08-02,13,6,5.158,2.232,-0.5679999999999996,0.758,False,True,1,MEDIUM,False,0.06040511124610859,NORMAL
AST-0006,2026-08-02 20:12:38.403936,4.81,2.65,104.65,49.35,54.18,2026-08-02,20,6,5.427999999999999,2.192,-0.6179999999999994,0.4580000000000002,False,False,0,LOW,False,0.0937809553936767,NORMAL
AST-0006,2026-08-02 21:34:38.403936,6.18,2.95,101.85,69.34,69.59,2026-08-02,21,6,5.544,2.366,0.6360000000000001,0.5840000000000001,False,True,1,MEDIUM,False,0.16383805936975665,NORMAL
AST-0006,2026-08-02 22:15:38.403936,2.84,2.47,101.9,59.69,55.3,2026-08-02,22,6,4.702,2.558,-1.862,-0.0879999999999996,False,False,0,LOW,False,0.1466626429091235,NORMAL
AST-0006,2026-08-03 00:09:38.403936,2.6,1.71,99.93,56.54,60.18,2026-08-03,0,0,4.204,2.554,-1.6039999999999996,-0.8439999999999999,False,True,1,MEDIUM,False,0.13192734917971682,NORMAL
AST-0006,2026-08-03 00:11:38.403936,5.36,3.41,103.21,71.51,59.33,2026-08-03,0,0,4.358,2.6380000000000003,1.002000000000001,0.7719999999999998,False,True,1,MEDIUM,False,0.14574510269380414,NORMAL
AST-0006,2026-08-03 03:08:38.403936,3.45,2.43,102.22,74.08,71.01,2026-08-03,3,0,4.086,2.5940000000000003,-0.6360000000000001,-0.1640000000000001,False,False,0,LOW,False,0.15779352722673956,NORMAL
AST-0006,2026-08-03 06:25:38.403936,4.2,2.1,101.59,72.69,56.75,2026-08-03,6,0,3.69,2.4240000000000004,0.5099999999999998,-0.3240000000000003,False,False,0,LOW,False,0.15631553645023444,NORMAL
AST-0006,2026-08-03 08:40:38.403936,1.38,2.94,100.2,84.23,51.06,2026-08-03,8,0,3.398000000000001,2.518,-2.0180000000000007,0.4219999999999997,False,False,0,LOW,False,0.048219162784890024,NORMAL
AST-0006,2026-08-03 09:25:38.403936,4.45,3.16,99.49,47.21,55.41,2026-08-03,9,0,3.768,2.8080000000000003,0.6820000000000004,0.3519999999999998,False,False,0,LOW,False,0.10123937050524301,NORMAL
AST-0006,2026-08-03 13:31:38.403936,5.23,2.85,101.15,75.93,82.47,2026-08-03,13,0,3.742,2.696,1.4880000000000004,0.1539999999999999,False,False,0,LOW,False,0.14118453430903666,NORMAL
AST-0006,2026-08-03 18:41:38.403936,1.31,1.02,102.94,59.53,47.22,2026-08-03,18,0,3.314,2.414,-2.004,-1.394,False,True,1,MEDIUM,False,0.07396781915926781,NORMAL
AST-0006,2026-08-03 19:40:38.403936,3.25,1.96,99.71,66.92,62.11,2026-08-03,19,0,3.124,2.386,0.1259999999999999,-0.4260000000000001,False,False,0,LOW,False,0.15417626201610463,NORMAL
AST-0006,2026-08-03 20:00:38.403936,5.82,2.95,100.27,54.58,41.22,2026-08-03,20,0,4.0120000000000005,2.388,1.808,0.5620000000000003,False,True,1,MEDIUM,False,0.11947240552197325,NORMAL
AST-0006,2026-08-03 21:33:38.403936,4.77,3.03,98.4,62.96,77.89,2026-08-03,21,0,4.0760000000000005,2.362,0.6939999999999991,0.6680000000000001,False,True,1,MEDIUM,False,0.1384153470216421,NORMAL
AST-0006,2026-08-03 21:37:38.403936,1.34,2.61,97.53,65.53,80.58,2026-08-03,21,0,3.2980000000000005,2.314,-1.9580000000000004,0.2959999999999998,False,False,0,LOW,False,0.06901614847009524,NORMAL
AST-0006,2026-08-04 04:46:38.403936,-5.56,2.78,97.34,65.47,99.16,2026-08-04,4,1,1.924,2.666,-7.484,0.1139999999999998,True,False,1,MEDIUM,True,-0.0900060921717023,ANOMALOUS
AST-0006,2026-08-04 08:08:38.403936,3.71,2.89,103.89,53.93,58.42,2026-08-04,8,1,2.016,2.852,1.694,0.0380000000000002,False,False,0,LOW,False,0.12864640877978956,NORMAL
AST-0006,2026-08-04 10:39:38.403936,3.03,2.42,102.45,69.9,64.85,2026-08-04,10,1,1.4579999999999995,2.746,1.572,-0.326,False,False,0,LOW,False,0.16123790681706401,NORMAL
AST-0006,2026-08-04 16:01:38.403936,6.03,2.59,104.57,54.59,45.47,2026-08-04,16,1,1.7100000000000002,2.658,4.32,-0.068,False,False,0,LOW,False,0.09571029803976283,NORMAL
AST-0006,2026-08-04 17:27:38.403936,4.57,3.86,100.05,66.95,51.64,2026-08-04,17,1,2.3560000000000003,2.908,2.214,0.952,False,True,1,MEDIUM,False,0.13581430254260007,NORMAL
AST-0006,2026-08-04 19:03:38.403936,3.01,1.34,102.63,70.78,75.39,2026-08-04,19,1,4.07,2.62,-1.0600000000000005,-1.28,False,True,1,MEDIUM,False,0.12154150577162948,NORMAL
AST-0006,2026-08-04 19:34:38.403936,7.21,2.33,99.6,58.48,45.39,2026-08-04,19,1,4.77,2.508,2.4400000000000004,-0.1779999999999999,False,False,0,LOW,False,0.11543969887500893,NORMAL
AST-0006,2026-08-05 01:00:38.403936,5.37,3.7,98.22,74.75,67.36,2026-08-05,1,2,5.238,2.764,0.1319999999999996,0.936,False,True,1,MEDIUM,False,0.09988424430604625,NORMAL
AST-0006,2026-08-05 03:30:38.403936,1.72,2.87,101.08,76.35,52.91,2026-08-05,3,2,4.376,2.82,-2.656,0.0500000000000002,False,False,0,LOW,False,0.11797469196800414,NORMAL
AST-0006,2026-08-05 11:22:38.403936,3.76,3.38,98.17,34.92,75.28,2026-08-05,11,2,4.214,2.724,-0.4540000000000006,0.6559999999999997,False,True,1,MEDIUM,False,0.036022878085753496,NORMAL
AST-0006,2026-08-05 11:32:38.403936,5.66,4.01,101.32,69.26,47.35,2026-08-05,11,2,4.744000000000001,3.258,0.9159999999999996,0.7519999999999998,False,True,1,MEDIUM,False,0.12893889067039405,NORMAL
AST-0006,2026-08-05 16:17:38.403936,6.49,2.1,100.08,47.35,96.34,2026-08-05,16,2,4.6,3.212,1.8900000000000008,-1.1119999999999997,False,True,1,MEDIUM,False,0.03176924818136284,NORMAL
AST-0006,2026-08-05 18:14:38.403936,4.32,1.97,95.55,57.71,77.89,2026-08-05,18,2,4.39,2.866,-0.0699999999999994,-0.8960000000000001,False,True,1,MEDIUM,False,0.058126371972284485,NORMAL
AST-0006,2026-08-05 18:50:38.403936,3.75,2.73,100.41,67.92,60.82,2026-08-05,18,2,4.796,2.838,-1.0460000000000005,-0.1080000000000001,False,False,0,LOW,False,0.16738603212233405,NORMAL
AST-0006,2026-08-05 19:09:38.403936,4.62,2.72,99.62,64.29,28.0,2026-08-05,19,2,4.968,2.706,-0.3479999999999998,0.0140000000000002,False,False,0,LOW,False,0.08581192008026656,NORMAL
AST-0006,2026-08-05 22:16:38.403936,4.0,2.12,99.99,82.65,72.29,2026-08-05,22,2,4.636,2.328,-0.6360000000000001,-0.2079999999999997,False,False,0,LOW,False,0.10537674609499104,NORMAL
AST-0006,2026-08-06 03:06:38.403936,0.13,3.01,101.36,51.89,80.84,2026-08-06,3,3,3.364,2.51,-3.234,0.5,False,False,0,LOW,False,0.07553654878694666,NORMAL
AST-0006,2026-08-06 03:48:38.403936,5.72,2.28,100.74,72.9,71.12,2026-08-06,3,3,3.644,2.572,2.076,-0.2920000000000002,False,False,0,LOW,False,0.15853956919732193,NORMAL
AST-0006,2026-08-06 07:27:38.403936,4.19,2.25,103.02,70.54,60.37,2026-08-06,7,3,3.732,2.476,0.4580000000000002,-0.2259999999999999,False,False,0,LOW,False,0.1614697898917909,NORMAL
AST-0006,2026-08-06 08:27:38.403936,0.37,2.7,100.47,62.79,48.67,2026-08-06,8,3,2.882,2.472,-2.512,0.2280000000000002,False,False,0,LOW,False,0.0993990323771608,NORMAL
AST-0006,2026-08-06 12:15:38.403936,3.2,1.89,100.26,47.14,46.94,2026-08-06,12,3,2.722,2.426,0.4780000000000002,-0.5360000000000003,False,True,1,MEDIUM,False,0.08837039590848705,NORMAL
AST-0006,2026-08-06 12:20:38.403936,3.52,2.68,101.44,62.48,73.6,2026-08-06,12,3,3.4,2.3600000000000003,0.1200000000000001,0.3199999999999998,False,False,0,LOW,False,0.16786254176435095,NORMAL
AST-0006,2026-08-06 12:38:38.403936,4.2,3.4,104.07,58.2,68.27,2026-08-06,12,3,3.096,2.584,1.104,0.8159999999999998,False,True,1,MEDIUM,False,0.123712122370085,NORMAL
AST-0006,2026-08-06 12:49:38.403936,4.69,3.38,100.6,76.85,84.11,2026-08-06,12,3,3.196,2.81,1.4940000000000002,0.5699999999999998,False,True,1,MEDIUM,False,0.12373480563739697,NORMAL
AST-0006,2026-08-06 16:16:38.403936,4.19,4.29,97.64,55.99,62.55,2026-08-06,16,3,3.96,3.128,0.2300000000000004,1.162,False,True,1,MEDIUM,False,0.07684552347805912,NORMAL
AST-0006,2026-08-06 17:37:38.403936,3.4,2.06,105.6,83.06,78.43,2026-08-06,17,3,4.0,3.162,-0.6000000000000001,-1.102,False,True,1,MEDIUM,False,0.04052786318221124,NORMAL
AST-0006,2026-08-06 20:37:38.403936,4.83,3.49,101.96,52.52,56.79,2026-08-06,20,3,4.2620000000000005,3.3240000000000003,0.5679999999999996,0.1659999999999999,False,False,0,LOW,False,0.1356588054323104,NORMAL
AST-0006,2026-08-07 00:34:38.403936,2.73,2.44,102.98,63.99,47.97,2026-08-07,0,4,3.968,3.132,-1.238,-0.6920000000000002,False,True,1,MEDIUM,False,0.1416916769541769,NORMAL
AST-0006,2026-08-07 00:41:38.403936,4.09,3.92,104.16,59.21,45.0,2026-08-07,0,4,3.848,3.2400000000000007,0.2419999999999995,0.6799999999999993,False,True,1,MEDIUM,False,0.0864160551946015,NORMAL
AST-0006,2026-08-07 03:09:38.403936,8.09,4.25,99.93,81.24,71.9,2026-08-07,3,4,4.628,3.232,3.462,1.0179999999999998,False,True,1,MEDIUM,False,0.035987815891869335,NORMAL
AST-0006,2026-08-07 08:36:38.403936,6.26,1.0,100.64,64.58,65.29,2026-08-07,8,4,5.2,3.02,1.0599999999999996,-2.02,False,True,1,MEDIUM,False,0.12946132835279223,NORMAL
AST-0006,2026-08-07 10:04:38.403936,3.83,3.19,101.73,52.54,68.12,2026-08-07,10,4,5.0,2.96,-1.17,0.2299999999999999,False,False,0,LOW,False,0.14434892337500999,NORMAL
AST-0006,2026-08-07 14:53:38.403936,3.17,1.1,97.37,50.3,89.51,2026-08-07,14,4,5.087999999999999,2.692,-1.9179999999999997,-1.592,False,True,1,MEDIUM,False,0.014011900680022005,NORMAL
AST-0006,2026-08-07 18:20:38.403936,7.29,2.53,98.11,65.3,43.15,2026-08-07,18,4,5.728,2.414,1.5620000000000005,0.1159999999999996,False,False,0,LOW,False,0.08670272633892057,NORMAL
AST-0006,2026-08-08 08:59:38.403936,3.64,3.18,98.84,79.52,65.25,2026-08-08,8,5,4.838,2.2,-1.198,0.98,False,True,1,MEDIUM,False,0.10758981645851906,NORMAL
AST-0006,2026-08-08 11:44:38.403936,2.37,1.98,99.14,81.87,80.87,2026-08-08,11,5,4.06,2.396,-1.6899999999999995,-0.4159999999999999,False,False,0,LOW,False,0.07209917618792244,NORMAL
AST-0006,2026-08-09 00:09:38.403936,0.35,4.67,104.3,62.39,65.17,2026-08-09,0,6,3.364,2.692,-3.014,1.978,False,True,1,MEDIUM,False,0.017253201217337977,NORMAL
AST-0006,2026-08-09 12:23:38.403936,4.67,1.35,103.14,58.32,98.72,2026-08-09,12,6,3.664,2.742,1.0059999999999998,-1.392,False,True,1,MEDIUM,False,0.04793810865512549,NORMAL
AST-0006,2026-08-09 18:34:38.403936,5.52,1.58,102.81,66.99,73.51,2026-08-09,18,6,3.31,2.552,2.2099999999999995,-0.972,False,True,1,MEDIUM,False,0.1458961703367192,NORMAL
AST-0006,2026-08-09 18:40:38.403936,3.73,2.85,101.38,64.18,99.87,2026-08-09,18,6,3.3280000000000003,2.486,0.4019999999999997,0.3640000000000003,False,False,0,LOW,False,0.08900508961577536,NORMAL
AST-0006,2026-08-09 19:37:38.403936,8.09,1.47,100.13,74.67,67.57,2026-08-09,19,6,4.472,2.384,3.618,-0.914,False,True,1,MEDIUM,False,0.09659293033231448,NORMAL
AST-0006,2026-08-10 01:55:38.403936,4.86,1.84,100.37,71.04,35.94,2026-08-10,1,0,5.3740000000000006,1.818,-0.5140000000000002,0.022,False,False,0,LOW,False,0.11018180969135899,NORMAL
AST-0006,2026-08-10 04:53:38.403936,4.94,3.07,103.12,55.38,72.82,2026-08-10,4,0,5.428,2.162,-0.4879999999999995,0.908,False,True,1,MEDIUM,False,0.14672192061541856,NORMAL
AST-0006,2026-08-10 05:55:38.403936,2.78,5.75,100.44,58.03,70.13,2026-08-10,5,0,4.880000000000001,2.996,-2.100000000000001,2.754,False,True,1,MEDIUM,False,0.07642420343590178,NORMAL
AST-0006,2026-08-10 08:04:38.403936,4.47,2.47,100.25,54.76,59.86,2026-08-10,8,0,5.0280000000000005,2.92,-0.5580000000000007,-0.4499999999999997,False,False,0,LOW,False,0.15534153161203018,NORMAL
AST-0006,2026-08-10 15:30:38.403936,5.66,3.04,99.45,64.98,76.49,2026-08-10,15,0,4.542,3.2340000000000004,1.1180000000000003,-0.1940000000000004,False,False,0,LOW,False,0.15537073840377175,NORMAL
AST-0006,2026-08-10 15:33:38.403936,4.29,3.21,101.6,77.17,37.6,2026-08-10,15,0,4.428,3.508,-0.1379999999999999,-0.298,False,False,0,LOW,False,0.0912018364494776,NORMAL
AST-0006,2026-08-10 16:03:38.403936,3.92,2.23,100.95,79.47,77.12,2026-08-10,16,0,4.224,3.34,-0.3040000000000002,-1.11,False,True,1,MEDIUM,False,0.13255236951112875,NORMAL
AST-0006,2026-08-10 17:35:38.403936,5.21,1.45,104.82,69.4,50.18,2026-08-10,17,0,4.709999999999999,2.48,0.5000000000000009,-1.03,False,True,1,MEDIUM,False,0.0831403537168201,NORMAL
AST-0006,2026-08-10 18:24:38.403936,3.03,1.14,99.83,63.06,76.99,2026-08-10,18,0,4.422,2.214,-1.392,-1.074,False,True,1,MEDIUM,False,0.12213647072000033,NORMAL
AST-0006,2026-08-10 18:48:38.403936,7.73,2.25,99.42,67.46,50.56,2026-08-10,18,0,4.836,2.056,2.894,0.1939999999999999,False,False,0,LOW,False,0.1169441180527388,NORMAL
AST-0006,2026-08-10 19:22:38.403936,7.19,2.09,101.75,64.84,86.39,2026-08-10,19,0,5.416,1.832,1.774,0.2579999999999998,False,False,0,LOW,False,0.1297929356724446,NORMAL
AST-0006,2026-08-10 20:04:38.403936,6.13,2.38,100.26,55.65,86.53,2026-08-10,20,0,5.858,1.862,0.2720000000000002,0.5180000000000002,False,True,1,MEDIUM,False,0.1202523430447276,NORMAL
AST-0006,2026-08-10 20:27:38.403936,4.57,1.41,102.79,71.45,100.0,2026-08-10,20,0,5.73,1.854,-1.1599999999999993,-0.4439999999999999,False,False,0,LOW,False,0.04885923024475919,NORMAL
AST-0006,2026-08-11 07:40:38.403936,3.67,3.17,104.15,45.6,54.78,2026-08-11,7,1,5.858,2.26,-2.188,0.91,False,True,1,MEDIUM,False,0.0789167850134776,NORMAL
AST-0006,2026-08-11 16:56:38.403936,6.52,1.91,99.82,86.21,82.6,2026-08-11,16,1,5.616,2.192,0.904,-0.2820000000000002,False,False,0,LOW,False,0.05561895572747788,NORMAL
AST-0006,2026-08-11 17:53:38.403936,7.05,3.94,100.83,61.29,76.02,2026-08-11,17,1,5.587999999999999,2.5620000000000003,1.4620000000000006,1.3779999999999997,False,True,1,MEDIUM,False,0.12032992210507604,NORMAL
AST-0006,2026-08-11 18:33:38.403936,3.81,4.05,97.81,65.58,61.07,2026-08-11,18,1,5.1240000000000006,2.896,-1.3140000000000005,1.154,False,True,1,MEDIUM,False,0.10182167627487387,NORMAL
AST-0006,2026-08-11 19:13:38.403936,1.56,1.97,101.69,51.52,65.28,2026-08-11,19,1,4.522,3.008,-2.962,-1.038,False,True,1,MEDIUM,False,0.11146444726793525,NORMAL
AST-0006,2026-08-11 20:43:38.403936,5.01,3.72,100.77,69.87,79.27,2026-08-11,20,1,4.789999999999999,3.118,0.2200000000000006,0.6020000000000003,False,True,1,MEDIUM,False,0.13678604787909776,NORMAL
AST-0006,2026-08-11 21:09:38.403936,4.56,2.5,100.26,59.2,45.59,2026-08-11,21,1,4.398000000000001,3.236,0.161999999999999,-0.7359999999999998,False,True,1,MEDIUM,False,0.14202788860476134,NORMAL
AST-0006,2026-08-11 22:17:38.403936,6.63,2.65,100.65,76.18,44.66,2026-08-11,22,1,4.314,2.978,2.316,-0.3280000000000003,False,False,0,LOW,False,0.11278643095410379,NORMAL
AST-0006,2026-08-11 22:28:38.403936,5.05,9.22,99.69,79.93,60.12,2026-08-11,22,1,4.561999999999999,4.0120000000000005,0.4880000000000004,5.208,False,True,1,MEDIUM,True,-0.01623882603838278,ANOMALOUS
AST-0006,2026-08-12 00:50:38.403936,3.57,2.78,105.09,79.3,75.49,2026-08-12,0,2,4.964,4.174,-1.3940000000000006,-1.3940000000000006,False,True,1,MEDIUM,False,0.07546037853625587,NORMAL
AST-0006,2026-08-12 01:21:38.403936,-5.27,2.86,105.47,54.85,58.49,2026-08-12,1,2,2.9080000000000004,4.002,-8.178,-1.142,True,True,2,HIGH,True,-0.03605292483755074,ANOMALOUS
AST-0006,2026-08-12 03:36:38.403936,4.94,2.8,100.77,77.81,30.99,2026-08-12,3,2,2.9840000000000004,4.061999999999999,1.956,-1.2619999999999996,False,True,1,MEDIUM,False,0.07347426639255539,NORMAL
AST-0006,2026-08-12 07:12:38.403936,2.68,3.38,98.96,46.81,98.63,2026-08-12,7,2,2.194,4.208,0.4860000000000002,-0.8280000000000003,False,True,1,MEDIUM,True,-0.0026204589843807913,ANOMALOUS
AST-0006,2026-08-12 08:11:38.403936,5.58,9.98,101.17,67.08,82.75,2026-08-12,8,2,2.3,4.359999999999999,3.28,5.620000000000001,False,True,1,MEDIUM,True,-0.011174152806803894,ANOMALOUS
AST-0006,2026-08-12 10:14:38.403936,2.58,1.6,99.64,70.92,58.14,2026-08-12,10,2,2.1020000000000003,4.124,0.4779999999999997,-2.524,False,True,1,MEDIUM,False,0.12412819386635993,NORMAL
AST-0006,2026-08-12 13:45:38.403936,4.7,4.11,98.92,76.91,84.28,2026-08-12,13,2,4.096,4.374,0.6040000000000001,-0.2639999999999993,False,False,0,LOW,False,0.0805220325607851,NORMAL
AST-0006,2026-08-12 17:05:38.403936,5.7,3.1,103.68,72.08,71.33,2026-08-12,17,2,4.247999999999999,4.434,1.4520000000000008,-1.334,False,True,1,MEDIUM,False,0.1411635157257619,NORMAL
AST-0006,2026-08-12 22:44:38.403936,5.5,2.35,102.39,62.07,77.08,2026-08-12,22,2,4.811999999999999,4.228,0.6880000000000006,-1.878,False,True,1,MEDIUM,False,0.15977011889962545,NORMAL
AST-0006,2026-08-13 00:18:38.403936,3.57,1.94,99.3,68.77,74.26,2026-08-13,0,3,4.409999999999999,2.62,-0.8399999999999994,-0.6800000000000002,False,True,1,MEDIUM,False,0.15035955863553402,NORMAL
AST-0006,2026-08-13 00:23:38.403936,4.14,2.54,99.49,76.73,76.98,2026-08-13,0,3,4.722,2.808,-0.5819999999999999,-0.2679999999999998,False,False,0,LOW,False,0.1411552583838811,NORMAL
AST-0006,2026-08-13 00:38:38.403936,7.02,5.95,103.45,43.3,43.5,2026-08-13,0,3,5.186,3.176,1.834,2.7740000000000005,False,True,1,MEDIUM,True,-0.03552637511401269,ANOMALOUS
AST-0006,2026-08-13 02:58:38.403936,6.08,2.47,102.66,65.28,65.54,2026-08-13,2,3,5.261999999999999,3.05,0.8180000000000014,-0.5799999999999996,False,True,1,MEDIUM,False,0.1673473929922939,NORMAL
AST-0006,2026-08-13 08:38:38.403936,3.33,1.8,101.66,62.88,33.17,2026-08-13,8,3,4.827999999999999,2.9399999999999995,-1.497999999999999,-1.1399999999999997,False,True,1,MEDIUM,False,0.10121628915886438,NORMAL
AST-0006,2026-08-13 11:57:38.403936,2.29,2.86,102.58,57.4,46.57,2026-08-13,11,3,4.572,3.124,-2.282,-0.2639999999999998,False,False,0,LOW,False,0.12548959064825577,NORMAL
AST-0006,2026-08-13 15:52:38.403936,5.12,3.62,97.15,72.97,37.3,2026-08-13,15,3,4.768,3.34,0.3520000000000003,0.2800000000000002,False,False,0,LOW,False,0.016679623570517443,NORMAL
AST-0006,2026-08-13 16:19:38.403936,5.51,2.04,105.14,65.18,36.9,2026-08-13,16,3,4.465999999999999,2.558,1.0440000000000005,-0.5179999999999998,False,True,1,MEDIUM,False,0.06383056642749457,NORMAL
AST-0006,2026-08-14 00:56:38.403936,4.2,2.44,102.4,80.09,85.13,2026-08-14,0,4,4.090000000000001,2.552,0.1099999999999994,-0.1119999999999996,False,False,0,LOW,False,0.10926120207711443,NORMAL
AST-0006,2026-08-14 02:09:38.403936,2.53,2.17,101.32,67.34,59.99,2026-08-14,2,4,3.93,2.626,-1.4,-0.4559999999999999,False,False,0,LOW,False,0.15611550791688766,NORMAL
AST-0006,2026-08-14 04:45:38.403936,2.52,2.52,99.04,64.33,45.66,2026-08-14,4,4,3.976,2.558,-1.4560000000000004,-0.0379999999999998,False,False,0,LOW,False,0.11148299596173644,NORMAL
AST-0006,2026-08-14 05:07:38.403936,6.26,3.92,101.65,57.11,100.0,2026-08-14,5,4,4.204,2.6179999999999994,2.056,1.3020000000000005,False,True,1,MEDIUM,False,0.05081642356598254,NORMAL
AST-0006,2026-08-14 08:33:38.403936,4.59,2.43,98.71,66.6,54.49,2026-08-14,8,4,4.0200000000000005,2.6959999999999997,0.5699999999999994,-0.2659999999999991,False,False,0,LOW,False,0.1398376213942401,NORMAL
AST-0006,2026-08-14 09:35:38.403936,3.67,2.84,104.75,81.39,30.39,2026-08-14,9,4,3.914,2.776,-0.2440000000000002,0.0640000000000005,False,False,0,LOW,True,-0.002720486146053802,ANOMALOUS
AST-0006,2026-08-14 09:53:38.403936,4.2,2.35,98.42,74.46,82.16,2026-08-14,9,4,4.247999999999999,2.812,-0.0479999999999991,-0.4619999999999997,False,False,0,LOW,False,0.1213461593635638,NORMAL
AST-0006,2026-08-14 14:20:38.403936,5.4,2.74,102.58,75.58,71.62,2026-08-14,14,4,4.824,2.8559999999999994,0.5760000000000005,-0.1159999999999992,False,False,0,LOW,False,0.15206189568320377,NORMAL
AST-0006,2026-08-14 15:21:38.403936,7.07,2.57,100.64,72.54,62.15,2026-08-14,15,4,4.986,2.5859999999999994,2.0840000000000005,-0.0159999999999995,False,False,0,LOW,False,0.14549658340275046,NORMAL
AST-0006,2026-08-14 17:30:38.403936,7.43,2.08,101.66,69.0,67.36,2026-08-14,17,4,5.554,2.516,1.8759999999999997,-0.4359999999999995,False,False,0,LOW,False,0.14860454729876943,NORMAL
AST-0006,2026-08-14 19:16:38.403936,3.38,1.78,101.73,54.33,45.29,2026-08-14,19,4,5.496,2.304,-2.1160000000000005,-0.5239999999999998,False,True,1,MEDIUM,False,0.12451423937010953,NORMAL
AST-0006,2026-08-14 20:28:38.403936,3.07,2.23,99.29,65.48,54.84,2026-08-14,20,4,5.2700000000000005,2.28,-2.2000000000000006,-0.0499999999999998,False,False,0,LOW,False,0.14289741348382123,NORMAL
AST-0006,2026-08-14 21:51:38.403936,5.51,3.72,103.08,72.61,66.08,2026-08-14,21,4,5.292,2.476,0.2179999999999999,1.2440000000000002,False,True,1,MEDIUM,False,0.13128671911380124,NORMAL
AST-0006,2026-08-14 22:35:38.403936,4.53,2.53,98.89,55.1,50.15,2026-08-14,22,4,4.784,2.468,-0.2539999999999995,0.0619999999999998,False,False,0,LOW,False,0.12311647492776268,NORMAL
AST-0006,2026-08-15 00:03:38.403936,3.2,2.48,101.34,69.73,40.4,2026-08-15,0,5,3.938,2.548,-0.7379999999999995,-0.0679999999999996,False,False,0,LOW,False,0.12811599133866758,NORMAL
AST-0006,2026-08-15 00:31:38.403936,2.2,1.11,102.64,45.69,47.42,2026-08-15,0,5,3.702,2.414,-1.5020000000000002,-1.3039999999999996,False,True,1,MEDIUM,False,0.04870586321492254,NORMAL
AST-0006,2026-08-15 00:37:38.403936,5.01,1.98,102.16,69.31,47.24,2026-08-15,0,5,4.09,2.364,0.92,-0.3839999999999999,False,False,0,LOW,False,0.14923320711429328,NORMAL
AST-0006,2026-08-15 01:04:38.403936,7.54,2.99,98.44,58.86,61.96,2026-08-15,1,5,4.496,2.218,3.044,0.7720000000000002,False,True,1,MEDIUM,False,0.1114134668826604,NORMAL
AST-0006,2026-08-15 02:12:38.403936,5.05,1.86,104.79,75.27,79.55,2026-08-15,2,5,4.6,2.084,0.4500000000000002,-0.2239999999999995,False,False,0,LOW,False,0.10061727014949362,NORMAL
AST-0006,2026-08-15 03:26:38.403936,4.03,6.61,102.64,63.88,30.56,2026-08-15,3,5,4.766,2.91,-0.7359999999999998,3.7,False,True,1,MEDIUM,False,0.00232868490119853,NORMAL
AST-0006,2026-08-15 03:40:38.403936,4.23,1.68,98.94,85.97,70.45,2026-08-15,3,5,5.172,3.024,-0.9419999999999992,-1.344,False,True,1,MEDIUM,False,0.06572836305663532,NORMAL
AST-0006,2026-08-15 10:44:38.403936,5.24,2.12,100.07,45.9,75.77,2026-08-15,10,5,5.218,3.052,0.0220000000000002,-0.932,False,True,1,MEDIUM,False,0.10607207118302725,NORMAL
AST-0006,2026-08-15 12:48:38.403936,3.58,1.14,95.54,56.25,89.77,2026-08-15,12,5,4.426,2.682,-0.8460000000000001,-1.542,False,True,1,MEDIUM,False,0.0009100145715179586,NORMAL
AST-0006,2026-08-16 04:50:38.403936,5.65,3.88,100.36,52.14,55.9,2026-08-16,4,6,4.546,3.0859999999999994,1.104,0.7940000000000005,False,True,1,MEDIUM,False,0.12180311015593032,NORMAL
AST-0006,2026-08-16 06:52:38.403936,7.51,2.42,101.02,39.33,56.95,2026-08-16,6,6,5.242,2.2479999999999998,2.268,0.1720000000000006,False,False,0,LOW,False,0.05065803705722666,NORMAL
AST-0006,2026-08-16 07:51:38.403936,4.81,3.67,102.2,74.62,60.73,2026-08-16,7,6,5.358,2.6459999999999995,-0.548,1.0240000000000005,False,True,1,MEDIUM,False,0.14244092554296262,NORMAL
AST-0006,2026-08-16 11:16:38.403936,5.64,2.94,103.98,70.19,65.51,2026-08-16,11,6,5.438,2.81,0.2019999999999999,0.1300000000000003,False,False,0,LOW,False,0.13476459994557027,NORMAL
AST-0006,2026-08-16 17:53:38.403936,4.48,2.61,107.14,63.16,44.66,2026-08-16,17,6,5.618,3.103999999999999,-1.138,-0.4939999999999993,False,False,0,LOW,False,0.04415164216035966,NORMAL
AST-0006,2026-08-16 22:35:38.403936,6.15,2.47,101.88,68.29,24.1,2026-08-16,22,6,5.718,2.822,0.4320000000000004,-0.3519999999999994,False,False,0,LOW,False,0.06821207505866045,NORMAL
AST-0006,2026-08-17 00:02:38.403936,3.89,1.45,97.91,56.53,68.49,2026-08-17,0,0,4.994,2.628,-1.1039999999999996,-1.1779999999999995,False,True,1,MEDIUM,False,0.10080416688705712,NORMAL
AST-0006,2026-08-17 00:39:38.403936,5.78,2.12,99.67,58.9,38.98,2026-08-17,0,0,5.188,2.318,0.5920000000000005,-0.1979999999999995,False,False,0,LOW,False,0.1162264706792619,NORMAL
AST-0006,2026-08-17 02:17:38.403936,4.2,2.53,100.83,68.36,56.42,2026-08-17,2,0,4.9,2.236,-0.7000000000000002,0.294,False,False,0,LOW,False,0.167497781835249,NORMAL
AST-0006,2026-08-17 06:21:38.403936,4.49,3.25,104.82,56.6,57.94,2026-08-17,6,0,4.902,2.3639999999999994,-0.4119999999999999,0.8860000000000006,False,True,1,MEDIUM,False,0.10592070544518045,NORMAL
AST-0006,2026-08-17 10:09:38.403936,6.33,3.08,98.05,77.63,73.09,2026-08-17,10,0,4.938000000000001,2.486,1.3919999999999997,0.5940000000000003,False,True,1,MEDIUM,False,0.10305067435432302,NORMAL
AST-0006,2026-08-17 16:17:38.403936,5.01,1.75,101.73,54.74,84.81,2026-08-17,16,0,5.162,2.546,-0.1520000000000001,-0.7959999999999994,False,True,1,MEDIUM,False,0.12880328770646965,NORMAL
AST-0006,2026-08-17 17:37:38.403936,4.24,3.01,99.25,71.1,73.55,2026-08-17,17,0,4.854000000000001,2.7239999999999998,-0.6140000000000008,0.2860000000000005,False,False,0,LOW,False,0.1508405798682691,NORMAL
AST-0006,2026-08-17 19:01:38.403936,4.9,2.15,101.17,86.0,60.55,2026-08-17,19,0,4.994,2.648,-0.0939999999999994,-0.4979999999999998,False,False,0,LOW,False,0.09038393652937199,NORMAL
AST-0006,2026-08-17 20:50:38.403936,4.17,1.42,104.84,68.2,39.68,2026-08-17,20,0,4.930000000000001,2.282,-0.7600000000000007,-0.8619999999999997,False,True,1,MEDIUM,False,0.06432836630481314,NORMAL
AST-0006,2026-08-17 22:10:38.403936,8.25,2.11,102.7,48.92,59.97,2026-08-17,22,0,5.314,2.088,2.936,0.0220000000000002,False,False,0,LOW,False,0.08452291896665454,NORMAL
AST-0006,2026-08-17 23:39:38.403936,3.93,2.02,100.33,74.44,77.72,2026-08-17,23,0,5.098000000000001,2.1419999999999995,-1.1680000000000006,-0.1219999999999994,False,False,0,LOW,False,0.1494605823556695,NORMAL
AST-0006,2026-08-18 03:04:38.403936,4.1,1.94,102.87,57.23,56.78,2026-08-18,3,1,5.07,1.928,-0.9700000000000006,0.0120000000000002,False,False,0,LOW,False,0.1435331428937508,NORMAL
AST-0006,2026-08-18 07:00:38.403936,5.91,2.0,98.63,97.84,79.1,2026-08-18,7,1,5.272,1.898,0.6379999999999999,0.1020000000000003,False,False,0,LOW,False,0.0011411865536643528,NORMAL
AST-0006,2026-08-18 09:58:38.403936,3.46,2.89,103.22,68.0,96.34,2026-08-18,9,1,5.13,2.1919999999999997,-1.67,0.6980000000000008,False,True,1,MEDIUM,False,0.08908929933885623,NORMAL
AST-0006,2026-08-18 19:42:38.403936,4.35,3.12,100.11,60.77,41.38,2026-08-18,19,1,4.35,2.394,0.0,0.7260000000000004,False,True,1,MEDIUM,False,0.12807079384422032,NORMAL
AST-0006,2026-08-19 05:02:38.403936,2.33,2.25,100.82,56.71,65.39,2026-08-19,5,2,4.029999999999999,2.44,-1.6999999999999993,-0.1899999999999999,False,False,0,LOW,False,0.1461750621059441,NORMAL
AST-0006,2026-08-19 09:13:38.403936,5.82,2.15,96.86,64.69,45.34,2026-08-19,9,2,4.374,2.482,1.4460000000000006,-0.3319999999999998,False,False,0,LOW,False,0.06572681309664757,NORMAL
AST-0006,2026-08-19 09:31:38.403936,5.6,1.71,100.73,76.95,81.1,2026-08-19,9,2,4.311999999999999,2.4239999999999995,1.2880000000000005,-0.7139999999999995,False,True,1,MEDIUM,False,0.12316733744137653,NORMAL
AST-0006,2026-08-19 09:53:38.403936,4.48,4.08,99.71,66.46,57.29,2026-08-19,9,2,4.516,2.6619999999999995,-0.0359999999999995,1.4180000000000006,False,True,1,MEDIUM,False,0.13677569237154003,NORMAL
AST-0006,2026-08-19 10:57:38.403936,6.11,3.64,104.17,67.85,29.66,2026-08-19,10,2,4.868,2.766,1.242,0.8740000000000006,False,True,1,MEDIUM,False,0.028017069930107552,NORMAL
AST-0006,2026-08-19 13:31:38.403936,5.3,2.35,103.66,67.16,78.24,2026-08-19,13,2,5.462,2.786,-0.1619999999999999,-0.4359999999999995,False,False,0,LOW,False,0.14710013975859604,NORMAL
AST-0006,2026-08-19 14:06:38.403936,2.11,2.84,100.14,73.81,65.02,2026-08-19,14,2,4.72,2.9239999999999995,-2.61,-0.0839999999999996,False,False,0,LOW,False,0.13195432018804054,NORMAL
AST-0006,2026-08-19 14:19:38.403936,4.22,2.51,103.07,81.09,34.66,2026-08-19,14,2,4.444,3.084,-0.2240000000000002,-0.5739999999999998,False,True,1,MEDIUM,False,0.058349671969690486,NORMAL
AST-0006,2026-08-19 14:47:38.403936,6.41,1.74,98.25,66.33,71.03,2026-08-19,14,2,4.83,2.616,1.58,-0.8759999999999997,False,True,1,MEDIUM,False,0.12124931874123501,NORMAL
AST-0006,2026-08-19 17:39:38.403936,1.94,1.76,104.43,62.26,60.62,2026-08-19,17,2,3.996,2.2399999999999998,-2.056,-0.4799999999999993,False,False,0,LOW,False,0.1020435906867343,NORMAL
AST-0006,2026-08-19 17:53:38.403936,4.86,3.69,97.21,62.79,41.01,2026-08-19,17,2,3.908,2.508,0.9520000000000004,1.1820000000000004,False,True,1,MEDIUM,False,0.041862772520669944,NORMAL
AST-0006,2026-08-19 20:02:38.403936,5.38,3.08,100.0,63.66,49.29,2026-08-19,20,2,4.562,2.556,0.8179999999999996,0.5240000000000005,False,True,1,MEDIUM,False,0.14673200907961903,NORMAL
AST-0006,2026-08-19 21:02:38.403936,3.34,2.84,101.27,63.45,86.39,2026-08-19,21,2,4.386000000000001,2.6219999999999994,-1.0460000000000012,0.2180000000000004,False,False,0,LOW,False,0.1442469200971015,NORMAL
AST-0006,2026-08-20 04:24:38.403936,5.02,2.45,103.38,67.33,67.19,2026-08-20,4,3,4.108,2.764,0.912,-0.3139999999999996,False,False,0,LOW,False,0.16178337208179172,NORMAL
AST-0006,2026-08-20 08:41:38.403936,3.53,1.17,102.31,44.37,59.29,2026-08-20,8,3,4.426,2.646,-0.8960000000000004,-1.476,False,True,1,MEDIUM,False,0.06989909375331604,NORMAL
AST-0006,2026-08-20 08:52:38.403936,4.59,2.3,102.46,56.29,67.51,2026-08-20,8,3,4.372,2.3679999999999994,0.2179999999999999,-0.0679999999999996,False,False,0,LOW,False,0.156794723019531,NORMAL
AST-0006,2026-08-20 11:59:38.403936,3.03,4.44,104.03,66.89,93.47,2026-08-20,11,3,3.902,2.64,-0.8720000000000003,1.8000000000000007,False,True,1,MEDIUM,False,0.03150612216752979,NORMAL
AST-0006,2026-08-20 17:48:38.403936,9.12,3.59,98.81,67.33,54.06,2026-08-20,17,3,5.058,2.79,4.061999999999999,0.7999999999999998,False,True,1,MEDIUM,False,0.07124575348747575,NORMAL
AST-0006,2026-08-20 19:41:38.403936,5.07,3.3,103.66,64.34,58.55,2026-08-20,19,3,5.068,2.9599999999999995,0.0020000000000006,0.3400000000000003,False,False,0,LOW,False,0.14352812798025866,NORMAL
AST-0006,2026-08-20 21:25:38.403936,4.0,3.61,100.67,55.34,96.43,2026-08-20,21,3,5.162,3.4479999999999995,-1.162,0.1620000000000003,False,False,0,LOW,False,0.07509617490229303,NORMAL
AST-0006,2026-08-20 21:53:38.403936,6.53,3.44,101.57,65.8,74.97,2026-08-20,21,3,5.55,3.676,0.9800000000000004,-0.2359999999999997,False,False,0,LOW,False,0.15155435083804653,NORMAL
AST-0006,2026-08-20 22:48:38.403936,4.95,2.03,101.69,63.56,63.3,2026-08-20,22,3,5.933999999999999,3.1939999999999995,-0.9839999999999992,-1.1639999999999997,False,True,1,MEDIUM,False,0.1708756120821548,NORMAL
AST-0006,2026-08-21 01:01:38.403936,7.51,2.42,100.7,58.08,63.77,2026-08-21,1,4,5.612,2.9599999999999995,1.898,-0.5399999999999996,False,True,1,MEDIUM,False,0.13614808582316473,NORMAL
AST-0006,2026-08-21 06:17:38.403936,3.45,2.24,100.59,57.82,65.25,2026-08-21,6,4,5.288,2.7479999999999998,-1.838,-0.5079999999999991,False,True,1,MEDIUM,False,0.15649710157940833,NORMAL
AST-0006,2026-08-21 07:22:38.403936,6.28,2.24,99.03,60.38,65.98,2026-08-21,7,4,5.744,2.4739999999999998,0.5360000000000005,-0.2339999999999991,False,False,0,LOW,False,0.1438854209733874,NORMAL
AST-0006,2026-08-21 07:44:38.403936,5.38,2.21,102.88,60.87,85.1,2026-08-21,7,4,5.514,2.228,-0.1340000000000003,-0.0179999999999997,False,False,0,LOW,False,0.1372567283833055,NORMAL
AST-0006,2026-08-21 14:29:38.403936,3.44,3.15,103.65,52.28,77.83,2026-08-21,14,4,5.212,2.4519999999999995,-1.7719999999999998,0.6980000000000004,False,True,1,MEDIUM,False,0.11255434239183704,NORMAL
AST-0006,2026-08-21 18:31:38.403936,2.6,3.04,102.64,68.84,47.1,2026-08-21,18,4,4.23,2.576,-1.6299999999999994,0.4640000000000004,False,False,0,LOW,False,0.1361567701303672,NORMAL
AST-0006,2026-08-22 01:11:38.403936,5.04,2.56,102.41,62.73,57.25,2026-08-22,1,5,4.548,2.64,0.492,-0.0799999999999996,False,False,0,LOW,False,0.16695390302373736,NORMAL
AST-0006,2026-08-22 03:09:38.403936,3.01,2.84,99.59,65.98,42.24,2026-08-22,3,5,3.894000000000001,2.76,-0.8840000000000008,0.08,False,False,0,LOW,False,0.12030121264173127,NORMAL
AST-0006,2026-08-22 05:14:38.403936,6.93,1.88,103.59,66.85,69.54,2026-08-22,5,5,4.204,2.6939999999999995,2.726,-0.8139999999999996,False,True,1,MEDIUM,False,0.12977546170984483,NORMAL
AST-0006,2026-08-22 08:41:38.403936,3.89,3.98,98.97,66.03,69.46,2026-08-22,8,5,4.2940000000000005,2.8599999999999994,-0.4040000000000003,1.1200000000000006,False,True,1,MEDIUM,False,0.13103545917999165,NORMAL
AST-0006,2026-08-22 08:49:38.403936,1.21,2.88,103.28,69.46,53.48,2026-08-22,8,5,4.016,2.8279999999999994,-2.806,0.0520000000000004,False,False,0,LOW,False,0.10852560012856666,NORMAL
AST-0006,2026-08-22 09:09:38.403936,2.89,1.28,99.92,64.54,69.38,2026-08-22,9,5,3.586,2.572,-0.6959999999999997,-1.2919999999999996,False,True,1,MEDIUM,False,0.129576635882455,NORMAL
AST-0006,2026-08-22 10:46:38.403936,4.97,7.3,98.6,73.62,62.99,2026-08-22,10,5,3.978,3.4639999999999995,0.9919999999999995,3.836,False,True,1,MEDIUM,False,0.010009435409009226,NORMAL
AST-0006,2026-08-22 21:49:38.403936,18.68,2.46,103.31,68.64,71.23,2026-08-22,21,5,6.328,3.58,12.352,-1.1199999999999997,True,True,2,HIGH,True,-0.019674809948404093,ANOMALOUS
AST-0006,2026-08-22 22:08:38.403936,4.31,2.54,101.01,74.64,100.0,2026-08-22,22,5,6.412000000000001,3.292,-2.102000000000001,-0.7519999999999993,False,True,1,MEDIUM,False,0.07879663235096124,NORMAL
AST-0006,2026-08-22 22:29:38.403936,5.95,3.45,98.84,70.97,77.62,2026-08-22,22,5,7.360000000000001,3.406,-1.410000000000001,0.044,False,False,0,LOW,False,0.12160134127459793,NORMAL
AST-0006,2026-08-23 02:42:38.403936,2.91,0.76,101.53,72.95,63.05,2026-08-23,2,6,7.364,3.302,-4.454,-2.542,False,True,1,MEDIUM,False,0.10215190313226064,NORMAL
AST-0006,2026-08-23 10:30:38.403936,5.95,3.49,101.48,66.97,53.88,2026-08-23,10,6,7.56,2.54,-1.6100000000000003,0.9500000000000006,False,True,1,MEDIUM,False,0.14985220786735742,NORMAL
AST-0006,2026-08-23 19:51:38.403936,-2.17,3.38,102.43,52.51,65.49,2026-08-23,19,6,3.390000000000001,2.7239999999999998,-5.5600000000000005,0.6560000000000006,True,True,2,HIGH,False,0.037230550930425765,NORMAL
AST-0006,2026-08-23 20:38:38.403936,6.47,2.04,102.11,64.3,72.69,2026-08-23,20,6,3.8220000000000014,2.624,2.6479999999999984,-0.5839999999999996,False,True,1,MEDIUM,False,0.15790027860530376,NORMAL
AST-0006,2026-08-23 21:18:38.403936,5.33,1.7,103.47,78.23,49.18,2026-08-23,21,6,3.698,2.274,1.6319999999999997,-0.5739999999999996,False,True,1,MEDIUM,False,0.09290146422420431,NORMAL
AST-0006,2026-08-23 23:32:38.403936,3.3,2.78,100.92,54.83,81.22,2026-08-23,23,6,3.7760000000000007,2.6779999999999995,-0.4760000000000008,0.1020000000000003,False,False,0,LOW,False,0.13606788968353356,NORMAL
AST-0006,2026-08-23 23:59:38.403936,6.47,2.34,97.18,69.3,87.94,2026-08-23,23,6,3.880000000000001,2.4479999999999995,2.5899999999999985,-0.1079999999999996,False,False,0,LOW,False,0.06666420134498485,NORMAL
AST-0006,2026-08-24 00:25:38.403936,3.21,2.52,97.0,73.76,36.89,2026-08-24,0,0,4.956,2.276,-1.7460000000000004,0.2440000000000002,False,False,0,LOW,False,0.027035369703170553,NORMAL
AST-0006,2026-08-24 06:51:38.403936,-3.79,3.63,102.4,59.7,57.36,2026-08-24,6,0,2.904000000000001,2.5939999999999994,-6.694000000000001,1.0360000000000005,True,True,2,HIGH,False,0.015593875837585758,NORMAL
AST-0006,2026-08-24 06:53:38.403936,4.79,1.92,103.79,46.53,60.92,2026-08-24,6,0,2.7960000000000007,2.6379999999999995,1.9939999999999996,-0.7179999999999995,False,True,1,MEDIUM,False,0.08500243910560062,NORMAL
AST-0006,2026-08-24 07:36:38.403936,3.97,1.44,99.39,52.35,41.93,2026-08-24,7,0,2.9300000000000006,2.37,1.0399999999999996,-0.9299999999999996,False,True,1,MEDIUM,False,0.08911476662342549,NORMAL
AST-0006,2026-08-24 12:13:38.403936,3.13,3.06,102.99,71.04,92.28,2026-08-24,12,0,2.262000000000001,2.514,0.867999999999999,0.5460000000000007,False,True,1,MEDIUM,False,0.1095620012456941,NORMAL
AST-0006,2026-08-24 13:57:38.403936,5.94,2.91,99.79,65.76,67.25,2026-08-24,13,0,2.8080000000000007,2.592,3.132,0.3180000000000005,False,False,0,LOW,False,0.1584782580624482,NORMAL
AST-0006,2026-08-24 14:48:38.403936,4.9,1.54,103.33,77.31,66.87,2026-08-24,14,0,4.546000000000001,2.174,0.3539999999999992,-0.6339999999999999,False,True,1,MEDIUM,False,0.12087614359309357,NORMAL
AST-0006,2026-08-24 19:45:38.403936,3.62,2.1,103.23,54.5,69.85,2026-08-24,19,0,4.312,2.21,-0.6920000000000002,-0.1099999999999998,False,False,0,LOW,False,0.13947893283234258,NORMAL
AST-0006,2026-08-24 21:51:38.403936,3.88,3.7,104.12,72.85,59.12,2026-08-24,21,0,4.294000000000001,2.662,-0.4140000000000015,1.0380000000000005,False,True,1,MEDIUM,False,0.11491559455979838,NORMAL
AST-0006,2026-08-25 03:37:38.403936,1.86,2.75,95.59,62.11,81.55,2026-08-25,3,1,4.040000000000001,2.6,-2.1800000000000006,0.1499999999999999,False,False,0,LOW,False,0.03316465964273807,NORMAL
AST-0006,2026-08-25 07:40:38.403936,5.13,2.32,100.32,79.2,92.24,2026-08-25,7,1,3.878000000000001,2.482,1.251999999999999,-0.1619999999999999,False,False,0,LOW,False,0.08236558584223552,NORMAL
AST-0006,2026-08-25 11:23:38.403936,3.6,1.97,99.9,58.47,58.04,2026-08-25,11,1,3.6180000000000008,2.568,-0.0180000000000006,-0.5979999999999996,False,True,1,MEDIUM,False,0.14799755684284338,NORMAL
AST-0006,2026-08-25 13:21:38.403936,5.31,2.24,98.96,67.02,36.97,2026-08-25,13,1,3.956,2.596,1.3539999999999992,-0.3559999999999994,False,False,0,LOW,False,0.09908095539217526,NORMAL
AST-0006,2026-08-25 21:46:38.403936,4.18,1.8,103.06,72.21,48.51,2026-08-25,21,1,4.016000000000001,2.216,0.1639999999999988,-0.4159999999999997,False,False,0,LOW,False,0.13128669780297436,NORMAL
AST-0006,2026-08-26 00:21:38.403936,6.38,1.91,99.52,62.24,45.4,2026-08-26,0,2,4.920000000000001,2.048,1.459999999999999,-0.1379999999999996,False,False,0,LOW,False,0.12768393135841427,NORMAL
AST-0006,2026-08-26 02:35:38.403936,5.48,3.27,101.26,57.29,33.07,2026-08-26,2,2,4.990000000000001,2.238,0.4899999999999993,1.032,False,True,1,MEDIUM,False,0.09327504012538751,NORMAL
AST-0006,2026-08-26 02:43:38.403936,4.71,3.06,100.56,68.96,65.27,2026-08-26,2,2,5.212000000000001,2.4559999999999995,-0.5020000000000007,0.6040000000000005,False,True,1,MEDIUM,False,0.16875023450420773,NORMAL
AST-0006,2026-08-26 04:10:38.403936,1.21,1.36,102.66,65.14,75.9,2026-08-26,4,2,4.392,2.28,-3.1820000000000004,-0.9199999999999996,False,True,1,MEDIUM,False,0.097941046225478,NORMAL
AST-0006,2026-08-26 10:59:38.403936,3.96,3.22,101.48,63.94,56.43,2026-08-26,10,2,4.348000000000001,2.563999999999999,-0.3880000000000008,0.656000000000001,False,True,1,MEDIUM,False,0.16483117742379416,NORMAL
AST-0006,2026-08-26 15:46:38.403936,4.94,1.3,103.86,58.35,77.99,2026-08-26,15,2,4.0600000000000005,2.4419999999999997,0.8799999999999999,-1.1419999999999992,False,True,1,MEDIUM,False,0.09559077141635286,NORMAL
AST-0006,2026-08-26 16:48:38.403936,4.79,1.68,100.17,58.82,80.22,2026-08-26,16,2,3.9220000000000006,2.124,0.8679999999999994,-0.4439999999999997,False,False,0,LOW,False,0.1397963461006091,NORMAL
AST-0006,2026-08-26 16:59:38.403936,3.04,2.83,100.95,71.39,63.86,2026-08-26,16,2,3.588000000000001,2.078,-0.5480000000000009,0.7520000000000002,False,True,1,MEDIUM,False,0.15937718425719366,NORMAL
AST-0006,2026-08-26 17:51:38.403936,3.94,2.29,104.5,70.61,59.68,2026-08-26,17,2,4.134,2.264,-0.1940000000000004,0.0260000000000002,False,False,0,LOW,False,0.13141243775742972,NORMAL
AST-0006,2026-08-26 17:51:38.403936,6.03,3.58,101.3,65.61,51.18,2026-08-26,17,2,4.548,2.3359999999999994,1.4820000000000002,1.2440000000000009,False,True,1,MEDIUM,False,0.14457590313791996,NORMAL
AST-0006,2026-08-26 19:01:38.403936,5.81,3.29,102.19,46.99,58.86,2026-08-26,19,2,4.722,2.7339999999999995,1.0879999999999992,0.5560000000000005,False,True,1,MEDIUM,False,0.10655610894376766,NORMAL
AST-0006,2026-08-26 22:11:38.403936,3.78,2.5,101.56,43.99,76.75,2026-08-26,22,2,4.5200000000000005,2.898,-0.7400000000000007,-0.3979999999999997,False,False,0,LOW,False,0.10095550547984872,NORMAL
AST-0006,2026-08-27 01:33:38.403936,3.86,2.2,102.92,51.55,26.43,2026-08-27,1,3,4.684,2.772,-0.8240000000000003,-0.5719999999999992,False,True,1,MEDIUM,False,0.05581925824081613,NORMAL
AST-0006,2026-08-27 03:41:38.403936,4.77,2.11,100.05,47.32,65.35,2026-08-27,3,3,4.8500000000000005,2.736,-0.0800000000000009,-0.6259999999999999,False,True,1,MEDIUM,False,0.11482163000943924,NORMAL
AST-0006,2026-08-27 06:36:38.403936,4.39,0.48,101.0,75.6,48.91,2026-08-27,6,3,4.522,2.116,-0.1320000000000005,-1.6359999999999997,False,True,1,MEDIUM,False,0.08099952969374263,NORMAL
AST-0006,2026-08-27 09:52:38.403936,3.14,3.49,103.92,56.16,62.23,2026-08-27,9,3,3.988000000000001,2.156,-0.8480000000000008,1.3340000000000003,False,True,1,MEDIUM,False,0.11245027273987274,NORMAL
AST-0006,2026-08-27 14:10:38.403936,4.31,1.24,105.31,77.63,68.39,2026-08-27,14,3,4.094,1.9039999999999997,0.2159999999999993,-0.6639999999999995,False,True,1,MEDIUM,False,0.06072139594862397,NORMAL
AST-0006,2026-08-27 14:32:38.403936,6.16,3.45,102.58,53.57,94.4,2026-08-27,14,3,4.554,2.154,1.606,1.2960000000000005,False,True,1,MEDIUM,False,0.07458428898074027,NORMAL
AST-0006,2026-08-27 20:46:38.403936,4.59,2.94,100.38,73.83,43.12,2026-08-27,20,3,4.518000000000001,2.32,0.0719999999999991,0.6200000000000001,False,True,1,MEDIUM,False,0.13051877873563839,NORMAL
AST-0006,2026-08-27 22:25:38.403936,5.04,3.73,101.23,80.65,17.84,2026-08-27,22,3,4.648000000000001,2.97,0.3919999999999994,0.7600000000000002,False,True,1,MEDIUM,False,0.001481355637917181,NORMAL
AST-0006,2026-08-27 23:17:38.403936,3.43,3.0,96.66,60.5,67.77,2026-08-27,23,3,4.706,2.872,-1.2760000000000002,0.1280000000000001,False,False,0,LOW,False,0.0763329519590451,NORMAL
AST-0006,2026-08-28 03:20:38.403936,6.64,2.96,99.04,59.0,71.71,2026-08-28,3,4,5.172000000000001,3.216,1.467999999999999,-0.2559999999999998,False,False,0,LOW,False,0.13556378344165398,NORMAL
AST-0006,2026-08-28 03:29:38.403936,1.64,1.87,104.42,73.31,55.17,2026-08-28,3,4,4.268000000000001,2.9,-2.628000000000001,-1.0299999999999998,False,True,1,MEDIUM,False,0.09043304609758002,NORMAL
AST-0006,2026-08-28 05:37:38.403936,4.77,2.99,101.23,61.32,57.66,2026-08-28,5,4,4.304,2.9099999999999997,0.4659999999999993,0.0800000000000009,False,False,0,LOW,False,0.16804877138168517,NORMAL
AST-0006,2026-08-28 06:31:38.403936,5.59,4.11,100.54,56.44,44.0,2026-08-28,6,4,4.414000000000001,2.986,1.1759999999999993,1.1240000000000006,False,True,1,MEDIUM,False,0.09705643399060576,NORMAL
AST-0006,2026-08-28 07:38:38.403936,4.08,1.56,101.05,56.68,75.7,2026-08-28,7,4,4.5440000000000005,2.698,-0.4640000000000004,-1.138,False,True,1,MEDIUM,False,0.14331395344881204,NORMAL
AST-0006,2026-08-28 11:14:38.403936,7.58,2.12,102.61,72.69,62.49,2026-08-28,11,4,4.732000000000001,2.53,2.847999999999999,-0.4099999999999997,False,False,0,LOW,False,0.1265307965338347,NORMAL
AST-0006,2026-08-28 13:34:38.403936,7.24,1.77,100.25,57.7,66.45,2026-08-28,13,4,5.852,2.51,1.388,-0.7399999999999993,False,True,1,MEDIUM,False,0.12921177683699586,NORMAL
AST-0006,2026-08-28 16:50:38.403936,5.9,1.37,97.78,49.74,87.73,2026-08-28,16,4,6.078000000000001,2.186,-0.1780000000000008,-0.8159999999999998,False,True,1,MEDIUM,False,0.035951758976738024,NORMAL
AST-0007,2026-07-29 18:54:38.403936,3.66,1.36,101.73,75.73,80.65,2026-07-29,18,2,3.66,1.36,0.0,0.0,False,False,0,LOW,False,0.11659069714069231,NORMAL
AST-0007,2026-07-29 20:09:38.403936,5.5,2.79,99.42,59.86,45.93,2026-07-29,20,2,4.58,2.075,0.92,0.7149999999999999,False,True,1,MEDIUM,False,0.13551368874153863,NORMAL
AST-0007,2026-07-29 20:45:38.403936,1.76,1.91,100.05,90.08,97.52,2026-07-29,20,2,3.64,2.02,-1.88,-0.1100000000000001,False,False,0,LOW,True,-0.031998853366609015,ANOMALOUS
AST-0007,2026-07-29 22:30:38.403936,3.72,2.65,98.28,57.58,78.61,2026-07-29,22,2,3.66,2.1775,0.06,0.4724999999999997,False,False,0,LOW,False,0.12361989286876562,NORMAL
AST-0007,2026-07-29 23:24:38.403936,4.84,4.07,101.97,61.37,37.51,2026-07-29,23,2,3.896,2.556,0.944,1.5140000000000002,False,True,1,MEDIUM,False,0.09662183657197942,NORMAL
AST-0007,2026-07-30 00:17:38.403936,4.24,2.22,101.3,55.95,83.1,2026-07-30,0,3,4.0120000000000005,2.728,0.2279999999999997,-0.508,False,True,1,MEDIUM,False,0.13915496888042422,NORMAL
AST-0007,2026-07-30 17:44:38.403936,2.79,8.01,97.73,55.77,66.69,2026-07-30,17,3,3.47,3.772,-0.6800000000000002,4.238,False,True,1,MEDIUM,True,-0.02902968936557293,ANOMALOUS
AST-0007,2026-07-30 18:05:38.403936,4.22,2.02,96.89,73.97,87.95,2026-07-30,18,3,3.9620000000000006,3.794,0.2579999999999991,-1.7739999999999996,False,True,1,MEDIUM,False,0.05478080002525604,NORMAL
AST-0007,2026-07-30 18:52:38.403936,4.05,3.12,100.25,64.95,72.18,2026-07-30,18,3,4.0280000000000005,3.888,0.0219999999999993,-0.7680000000000002,False,True,1,MEDIUM,False,0.165036944542991,NORMAL
AST-0007,2026-07-30 20:47:38.403936,3.79,2.52,97.21,51.82,75.98,2026-07-30,20,3,3.818,3.5780000000000003,-0.028,-1.0580000000000005,False,True,1,MEDIUM,False,0.08655638744423966,NORMAL
AST-0007,2026-07-31 01:56:38.403936,4.57,1.1,102.29,68.83,57.63,2026-07-31,1,4,3.884,3.354,0.6859999999999999,-2.254,False,True,1,MEDIUM,False,0.1303075054762758,NORMAL
AST-0007,2026-07-31 03:39:38.403936,5.35,2.74,102.32,65.62,63.9,2026-07-31,3,4,4.396,2.3,0.9539999999999996,0.4400000000000004,False,False,0,LOW,False,0.16940275046142939,NORMAL
AST-0007,2026-07-31 05:57:38.403936,6.54,1.41,104.32,68.82,67.89,2026-07-31,5,4,4.859999999999999,2.178,1.6800000000000006,-0.768,False,True,1,MEDIUM,False,0.10022020763220468,NORMAL
AST-0007,2026-07-31 18:23:38.403936,5.28,2.47,99.31,57.76,70.21,2026-07-31,18,4,5.106,2.048,0.1740000000000003,0.4220000000000001,False,False,0,LOW,False,0.14884128107565175,NORMAL
AST-0007,2026-07-31 18:23:38.403936,3.98,2.44,95.96,54.14,50.36,2026-07-31,18,4,5.144,2.032,-1.164,0.4079999999999999,False,False,0,LOW,False,0.04953827844356229,NORMAL
AST-0007,2026-07-31 20:00:38.403936,5.11,3.03,98.6,60.45,40.75,2026-07-31,20,4,5.252,2.418,-0.1419999999999994,0.6119999999999997,False,True,1,MEDIUM,False,0.09626205494642082,NORMAL
AST-0007,2026-08-01 00:14:38.403936,3.45,3.15,101.71,57.45,63.98,2026-08-01,0,5,4.872,2.5,-1.4219999999999997,0.6499999999999999,False,True,1,MEDIUM,False,0.1559489491123457,NORMAL
AST-0007,2026-08-01 05:57:38.403936,6.08,1.62,100.05,70.03,86.82,2026-08-01,5,5,4.78,2.5420000000000003,1.2999999999999998,-0.9220000000000002,False,True,1,MEDIUM,False,0.11848110139928891,NORMAL
AST-0007,2026-08-01 06:01:38.403936,5.41,2.7,98.46,61.68,53.97,2026-08-01,6,5,4.806,2.588,0.6040000000000001,0.1120000000000001,False,False,0,LOW,False,0.1339002049035672,NORMAL
AST-0007,2026-08-01 10:33:38.403936,3.12,2.28,101.15,48.38,80.49,2026-08-01,10,5,4.634,2.556,-1.5140000000000002,-0.2760000000000002,False,False,0,LOW,False,0.11062705640924725,NORMAL
AST-0007,2026-08-01 16:59:38.403936,3.35,2.44,100.03,72.41,59.81,2026-08-01,16,5,4.282,2.438,-0.932,0.0020000000000002,False,False,0,LOW,False,0.14904603935928046,NORMAL
AST-0007,2026-08-01 17:39:38.403936,4.84,9.08,103.89,69.05,49.9,2026-08-01,17,5,4.5600000000000005,3.624,0.2799999999999993,5.456,False,True,1,MEDIUM,True,-0.024177877791598745,ANOMALOUS
AST-0007,2026-08-01 18:05:38.403936,6.01,3.78,98.91,71.22,58.3,2026-08-01,18,5,4.545999999999999,4.056,1.4640000000000004,-0.2760000000000002,False,False,0,LOW,False,0.1144624754741218,NORMAL
AST-0007,2026-08-01 19:13:38.403936,3.84,2.99,101.38,63.48,100.0,2026-08-01,19,5,4.231999999999999,4.114,-0.3919999999999994,-1.1239999999999997,False,True,1,MEDIUM,False,0.08741479433396465,NORMAL
AST-0007,2026-08-01 23:11:38.403936,2.04,2.51,98.91,62.34,89.66,2026-08-01,23,5,4.016,4.16,-1.976,-1.6500000000000004,False,True,1,MEDIUM,False,0.08914933564543287,NORMAL
AST-0007,2026-08-02 02:40:38.403936,5.17,3.9,104.67,61.58,100.0,2026-08-02,2,6,4.38,4.452,0.79,-0.552,False,True,1,MEDIUM,False,0.024547010415034154,NORMAL
AST-0007,2026-08-02 06:56:38.403936,3.97,2.79,101.41,72.63,37.67,2026-08-02,6,6,4.206,3.194,-0.2360000000000002,-0.4039999999999999,False,False,0,LOW,False,0.11888561183475987,NORMAL
AST-0007,2026-08-02 07:31:38.403936,5.29,4.24,102.23,76.5,66.19,2026-08-02,7,6,4.062,3.286,1.2279999999999998,0.9540000000000002,False,True,1,MEDIUM,False,0.11601503260991713,NORMAL
AST-0007,2026-08-02 12:15:38.403936,6.13,1.76,98.91,92.07,84.13,2026-08-02,12,6,4.5200000000000005,3.04,1.6099999999999994,-1.28,False,True,1,MEDIUM,True,-0.002624679373559591,ANOMALOUS
AST-0007,2026-08-02 16:15:38.403936,1.42,1.92,100.18,63.25,67.37,2026-08-02,16,6,4.396,2.922,-2.976,-1.0020000000000002,False,True,1,MEDIUM,False,0.1299395428889848,NORMAL
AST-0007,2026-08-02 18:07:38.403936,4.95,2.64,97.61,56.1,63.85,2026-08-02,18,6,4.351999999999999,2.6700000000000004,0.5980000000000008,-0.0300000000000002,False,False,0,LOW,False,0.1032484113721927,NORMAL
AST-0007,2026-08-02 23:19:38.403936,4.85,0.91,100.77,69.4,55.62,2026-08-02,23,6,4.5280000000000005,2.294,0.3219999999999992,-1.384,False,True,1,MEDIUM,False,0.1190442521998285,NORMAL
AST-0007,2026-08-03 00:39:38.403936,2.57,2.26,100.47,68.18,68.01,2026-08-03,0,0,3.984,1.898,-1.4140000000000006,0.3619999999999996,False,False,0,LOW,False,0.1551073096515882,NORMAL
AST-0007,2026-08-03 02:41:38.403936,3.31,2.27,99.41,59.95,62.05,2026-08-03,2,0,3.4199999999999995,2.0,-0.1099999999999994,0.27,False,False,0,LOW,False,0.1483045449450831,NORMAL
AST-0007,2026-08-03 04:31:38.403936,5.78,3.53,101.86,59.17,84.7,2026-08-03,4,0,4.292,2.322,1.4880000000000004,1.2079999999999995,False,True,1,MEDIUM,False,0.12815615980283684,NORMAL
AST-0007,2026-08-03 04:39:38.403936,4.39,1.93,99.29,55.51,52.76,2026-08-03,4,0,4.18,2.18,0.2099999999999999,-0.2500000000000002,False,False,0,LOW,False,0.13429424276504098,NORMAL
AST-0007,2026-08-03 06:42:38.403936,4.23,1.86,98.54,57.69,64.4,2026-08-03,6,0,4.056,2.37,0.1740000000000003,-0.51,False,True,1,MEDIUM,False,0.13273680822976852,NORMAL
AST-0007,2026-08-03 07:35:38.403936,7.18,2.51,100.85,55.71,100.0,2026-08-03,7,0,4.978,2.42,2.202,0.0899999999999998,False,False,0,LOW,False,0.05880831070304621,NORMAL
AST-0007,2026-08-03 10:28:38.403936,15.46,3.99,99.96,65.89,59.94,2026-08-03,10,0,7.408000000000001,2.764,8.052,1.226,True,True,2,HIGH,True,-0.013279801100998023,ANOMALOUS
AST-0007,2026-08-03 15:56:38.403936,5.67,2.45,99.55,55.8,38.41,2026-08-03,15,0,7.386,2.548,-1.7160000000000002,-0.0979999999999994,False,False,0,LOW,False,0.10716293672158622,NORMAL
AST-0007,2026-08-03 19:31:38.403936,2.46,2.82,102.14,62.83,98.61,2026-08-03,19,0,7.0,2.726,-4.54,0.0939999999999998,False,False,0,LOW,False,0.08160832660011441,NORMAL
AST-0007,2026-08-03 19:58:38.403936,6.49,1.72,97.41,88.6,100.0,2026-08-03,19,0,7.452,2.698,-0.9619999999999996,-0.978,False,True,1,MEDIUM,True,-0.06297013313886557,ANOMALOUS
AST-0007,2026-08-03 20:33:38.403936,5.51,2.3,97.45,82.87,57.19,2026-08-03,20,0,7.118,2.656,-1.6080000000000003,-0.3560000000000003,False,False,0,LOW,False,0.048916812425156164,NORMAL
AST-0007,2026-08-04 05:46:38.403936,4.34,3.33,98.68,42.17,61.16,2026-08-04,5,1,4.894,2.524,-0.5540000000000003,0.806,False,True,1,MEDIUM,False,0.06266050346867891,NORMAL
AST-0007,2026-08-04 06:29:38.403936,-4.24,1.86,104.96,86.72,58.63,2026-08-04,6,1,2.912,2.406,-7.152,-0.546,True,True,2,HIGH,True,-0.07094965967113676,ANOMALOUS
AST-0007,2026-08-04 09:31:38.403936,4.18,3.41,101.6,72.12,83.56,2026-08-04,9,1,3.256,2.524,0.9239999999999996,0.8860000000000001,False,True,1,MEDIUM,False,0.13776418254734762,NORMAL
AST-0007,2026-08-04 11:27:38.403936,4.08,0.98,100.33,65.44,87.01,2026-08-04,11,1,2.774,2.3760000000000003,1.3060000000000005,-1.3960000000000004,False,True,1,MEDIUM,False,0.10588026700081887,NORMAL
AST-0007,2026-08-04 19:12:38.403936,4.08,1.26,107.05,67.66,67.01,2026-08-04,19,1,2.4880000000000004,2.168,1.5919999999999996,-0.908,False,True,1,MEDIUM,False,0.03752726779113613,NORMAL
AST-0007,2026-08-04 23:00:38.403936,2.6,3.86,101.7,81.32,51.81,2026-08-04,23,1,2.14,2.274,0.4599999999999999,1.586,False,True,1,MEDIUM,False,0.07871521157422035,NORMAL
AST-0007,2026-08-04 23:34:38.403936,3.35,2.76,98.67,74.95,55.39,2026-08-04,23,1,3.658,2.454,-0.3079999999999998,0.306,False,False,0,LOW,False,0.11545420383134025,NORMAL
AST-0007,2026-08-05 00:19:38.403936,6.16,2.19,101.17,69.83,84.5,2026-08-05,0,2,4.054,2.21,2.106,-0.02,False,False,0,LOW,False,0.14595848256556093,NORMAL
AST-0007,2026-08-05 05:48:38.403936,6.68,2.12,99.86,66.39,79.97,2026-08-05,5,2,4.574,2.438,2.106,-0.3179999999999996,False,False,0,LOW,False,0.1446492874817154,NORMAL
AST-0007,2026-08-05 06:43:38.403936,5.33,2.34,98.8,68.06,74.93,2026-08-05,6,2,4.824,2.654,0.5060000000000002,-0.314,False,False,0,LOW,False,0.1421265445295099,NORMAL
AST-0007,2026-08-05 08:51:38.403936,2.88,3.08,102.6,53.86,74.73,2026-08-05,8,2,4.88,2.498,-2.0,0.5819999999999999,False,True,1,MEDIUM,False,0.13827544640674916,NORMAL
AST-0007,2026-08-05 10:43:38.403936,6.04,4.09,103.21,86.72,48.4,2026-08-05,10,2,5.417999999999999,2.764,0.6220000000000008,1.3259999999999996,False,True,1,MEDIUM,False,0.01968008308713176,NORMAL
AST-0007,2026-08-05 12:24:38.403936,4.27,2.05,102.83,64.55,41.25,2026-08-05,12,2,5.040000000000001,2.736,-0.7700000000000014,-0.6859999999999999,False,True,1,MEDIUM,False,0.13229269310687986,NORMAL
AST-0007,2026-08-05 14:34:38.403936,17.94,3.11,98.72,71.63,71.77,2026-08-05,14,2,7.292,2.934,10.648,0.1759999999999997,True,False,1,MEDIUM,True,-0.032584752747135126,ANOMALOUS
AST-0007,2026-08-05 15:04:38.403936,4.54,1.8,99.65,69.75,93.46,2026-08-05,15,2,7.134,2.826,-2.5940000000000003,-1.0259999999999996,False,True,1,MEDIUM,False,0.10218733476939873,NORMAL
AST-0007,2026-08-05 19:36:38.403936,4.92,2.86,101.86,72.3,61.77,2026-08-05,19,2,7.541999999999999,2.782,-2.621999999999999,0.0779999999999998,False,False,0,LOW,False,0.1621181443356094,NORMAL
AST-0007,2026-08-05 20:33:38.403936,1.79,2.39,102.52,68.42,52.09,2026-08-05,20,2,6.691999999999998,2.442,-4.901999999999998,-0.0519999999999996,False,False,0,LOW,False,0.13374446764051295,NORMAL
AST-0007,2026-08-05 21:54:38.403936,4.86,2.26,104.01,63.0,69.17,2026-08-05,21,2,6.8100000000000005,2.484,-1.95,-0.2240000000000002,False,False,0,LOW,False,0.14085260367326619,NORMAL
AST-0007,2026-08-05 22:58:38.403936,6.8,1.36,100.77,60.71,75.59,2026-08-05,22,2,4.581999999999999,2.134,2.218000000000001,-0.7739999999999998,False,True,1,MEDIUM,False,0.12996337298736077,NORMAL
AST-0007,2026-08-06 00:07:38.403936,4.83,2.76,101.02,73.48,69.27,2026-08-06,0,3,4.639999999999999,2.326,0.1900000000000012,0.4340000000000001,False,False,0,LOW,False,0.16315263297875504,NORMAL
AST-0007,2026-08-06 02:36:38.403936,3.08,3.92,101.36,46.64,61.77,2026-08-06,2,3,4.271999999999999,2.5380000000000003,-1.1919999999999993,1.3819999999999997,False,True,1,MEDIUM,False,0.09362950213544924,NORMAL
AST-0007,2026-08-06 02:43:38.403936,2.93,2.75,103.69,68.81,87.34,2026-08-06,2,3,4.499999999999999,2.6100000000000003,-1.569999999999999,0.1399999999999996,False,False,0,LOW,False,0.11699245000318237,NORMAL
AST-0007,2026-08-06 12:50:38.403936,5.15,2.69,102.83,70.38,77.92,2026-08-06,12,3,4.558,2.696,0.5920000000000005,-0.0060000000000002,False,False,0,LOW,False,0.15810749467657298,NORMAL
AST-0007,2026-08-06 16:35:38.403936,3.03,2.05,104.17,53.63,73.43,2026-08-06,16,3,3.804,2.834,-0.7739999999999996,-0.7839999999999998,False,True,1,MEDIUM,False,0.11149601123877656,NORMAL
AST-0007,2026-08-06 18:59:38.403936,5.07,2.35,104.96,69.93,47.57,2026-08-06,18,3,3.852,2.752,1.2180000000000009,-0.4020000000000001,False,False,0,LOW,False,0.10539175425272335,NORMAL
AST-0007,2026-08-06 19:13:38.403936,2.2,1.6,103.24,73.73,71.53,2026-08-06,19,3,3.676,2.288,-1.4759999999999995,-0.6879999999999997,False,True,1,MEDIUM,False,0.11831552095343267,NORMAL
AST-0007,2026-08-06 20:48:38.403936,4.59,2.58,100.02,64.42,85.3,2026-08-06,20,3,4.007999999999999,2.2540000000000004,0.5820000000000007,0.3259999999999996,False,False,0,LOW,False,0.1427031213759814,NORMAL
AST-0007,2026-08-06 21:41:38.403936,2.76,2.17,101.36,79.62,59.77,2026-08-06,21,3,3.529999999999999,2.15,-0.7699999999999991,0.02,False,False,0,LOW,False,0.12253177035440188,NORMAL
AST-0007,2026-08-07 00:48:38.403936,1.96,3.72,100.98,60.73,46.78,2026-08-07,0,4,3.316,2.4840000000000004,-1.356,1.2359999999999998,False,True,1,MEDIUM,False,0.11252686681231605,NORMAL
AST-0007,2026-08-07 12:32:38.403936,4.11,2.1,101.41,69.41,80.35,2026-08-07,12,4,3.124,2.434,0.9860000000000008,-0.3340000000000001,False,False,0,LOW,False,0.15975022406563583,NORMAL
AST-0007,2026-08-07 14:59:38.403936,4.29,3.91,102.6,51.31,42.05,2026-08-07,14,4,3.542,2.896,0.7480000000000007,1.0140000000000002,False,True,1,MEDIUM,False,0.09060281113333973,NORMAL
AST-0007,2026-08-07 19:22:38.403936,4.09,1.83,103.49,73.67,56.05,2026-08-07,19,4,3.4419999999999997,2.746,0.6480000000000006,-0.916,False,True,1,MEDIUM,False,0.13351680375149755,NORMAL
AST-0007,2026-08-07 20:29:38.403936,3.82,3.88,99.53,72.72,71.41,2026-08-07,20,4,3.653999999999999,3.088,0.1660000000000008,0.7919999999999998,False,True,1,MEDIUM,False,0.12818938572790717,NORMAL
AST-0007,2026-08-08 01:45:38.403936,3.19,2.2,98.57,65.06,69.27,2026-08-08,1,5,3.899999999999999,2.784,-0.7099999999999986,-0.5839999999999996,False,True,1,MEDIUM,False,0.13624117397419094,NORMAL
AST-0007,2026-08-08 04:20:38.403936,8.37,2.93,97.68,58.1,64.04,2026-08-08,4,5,4.751999999999999,2.95,3.618,-0.02,False,False,0,LOW,False,0.07642710135482889,NORMAL
AST-0007,2026-08-08 09:39:38.403936,7.79,1.71,100.17,66.0,55.94,2026-08-08,9,5,5.451999999999999,2.51,2.338000000000001,-0.8000000000000003,False,True,1,MEDIUM,False,0.12515450525327776,NORMAL
AST-0007,2026-08-08 10:48:38.403936,2.85,3.08,103.06,65.26,42.9,2026-08-08,10,5,5.203999999999999,2.76,-2.3539999999999988,0.3199999999999998,False,False,0,LOW,False,0.11807190028878833,NORMAL
AST-0007,2026-08-08 12:24:38.403936,1.45,2.54,100.8,48.27,72.28,2026-08-08,12,5,4.729999999999999,2.492,-3.2799999999999985,0.048,False,False,0,LOW,False,0.09268318906814887,NORMAL
AST-0007,2026-08-08 13:13:38.403936,6.06,3.36,101.88,56.93,64.17,2026-08-08,13,5,5.303999999999999,2.724,0.7560000000000011,0.6360000000000001,False,True,1,MEDIUM,False,0.15076586965865457,NORMAL
AST-0007,2026-08-08 13:23:38.403936,3.54,2.47,100.28,61.98,80.15,2026-08-08,13,5,4.337999999999999,2.632,-0.7979999999999992,-0.1619999999999999,False,False,0,LOW,False,0.15477207089626682,NORMAL
AST-0007,2026-08-08 16:17:38.403936,3.72,3.87,100.92,64.14,25.12,2026-08-08,16,5,3.524,3.064,0.1960000000000006,0.806,False,True,1,MEDIUM,False,0.057839111876556326,NORMAL
AST-0007,2026-08-08 20:19:38.403936,3.34,2.22,103.37,57.86,74.81,2026-08-08,20,5,3.621999999999999,2.8920000000000003,-0.2819999999999991,-0.6720000000000002,False,True,1,MEDIUM,False,0.1358283968528502,NORMAL
AST-0007,2026-08-09 00:57:38.403936,4.29,2.91,99.67,66.52,45.03,2026-08-09,0,6,4.19,2.966,0.1000000000000005,-0.056,False,False,0,LOW,False,0.13934761853452943,NORMAL
AST-0007,2026-08-09 01:07:38.403936,8.15,1.43,101.13,84.42,84.88,2026-08-09,1,6,4.608,2.58,3.5420000000000007,-1.15,False,True,1,MEDIUM,False,0.03477684765594791,NORMAL
AST-0007,2026-08-09 05:40:38.403936,5.16,2.48,102.4,67.24,89.55,2026-08-09,5,6,4.932,2.582,0.2280000000000006,-0.1019999999999998,False,False,0,LOW,False,0.13995493406801557,NORMAL
AST-0007,2026-08-09 06:54:38.403936,4.53,3.84,101.95,62.81,79.93,2026-08-09,6,6,5.093999999999999,2.576,-0.5639999999999992,1.2640000000000002,False,True,1,MEDIUM,False,0.1451306122272238,NORMAL
AST-0007,2026-08-09 11:52:38.403936,2.55,2.86,100.59,65.29,77.56,2026-08-09,11,6,4.935999999999999,2.704,-2.3859999999999992,0.1560000000000001,False,False,0,LOW,False,0.1507514607451979,NORMAL
AST-0007,2026-08-09 16:09:38.403936,2.35,4.25,98.94,67.2,33.67,2026-08-09,16,6,4.548,2.972,-2.198,1.278,False,True,1,MEDIUM,False,0.025217205345777982,NORMAL
AST-0007,2026-08-09 18:27:38.403936,5.72,1.99,102.22,81.46,45.2,2026-08-09,18,6,4.061999999999999,3.084,1.6580000000000004,-1.094,False,True,1,MEDIUM,False,0.08207923291122621,NORMAL
AST-0007,2026-08-09 20:28:38.403936,1.48,1.11,100.3,67.87,88.85,2026-08-09,20,6,3.325999999999999,2.81,-1.8459999999999992,-1.6999999999999995,False,True,1,MEDIUM,False,0.07033097222756485,NORMAL
AST-0007,2026-08-09 22:18:38.403936,5.84,3.59,100.24,69.17,68.55,2026-08-09,22,6,3.588,2.76,2.252,0.8300000000000001,False,True,1,MEDIUM,False,0.1472461585504396,NORMAL
AST-0007,2026-08-10 00:39:38.403936,2.74,1.78,102.49,55.52,73.34,2026-08-10,0,0,3.625999999999999,2.544,-0.8859999999999988,-0.764,False,True,1,MEDIUM,False,0.13303677398629843,NORMAL
AST-0007,2026-08-10 15:56:38.403936,3.05,2.88,100.09,66.64,72.39,2026-08-10,15,0,3.766,2.27,-0.7159999999999997,0.6099999999999999,False,True,1,MEDIUM,False,0.15744587470248872,NORMAL
AST-0007,2026-08-10 16:22:38.403936,2.62,2.13,100.82,56.06,44.14,2026-08-10,16,0,3.1459999999999995,2.298,-0.5259999999999994,-0.1679999999999997,False,False,0,LOW,False,0.12241197424354322,NORMAL
AST-0007,2026-08-10 19:24:38.403936,4.1,1.88,100.09,65.02,45.93,2026-08-10,19,0,3.669999999999999,2.452,0.4300000000000006,-0.5720000000000001,False,True,1,MEDIUM,False,0.14521835940236077,NORMAL
AST-0007,2026-08-10 22:15:38.403936,13.58,0.67,98.66,77.92,60.97,2026-08-10,22,0,5.217999999999999,1.868,8.362000000000002,-1.198,True,True,2,HIGH,True,-0.03320153386916114,ANOMALOUS
AST-0007,2026-08-11 01:04:38.403936,2.15,2.87,100.51,57.38,51.31,2026-08-11,1,1,5.099999999999999,2.086,-2.949999999999999,0.7840000000000003,False,True,1,MEDIUM,False,0.13041389764449368,NORMAL
AST-0007,2026-08-11 08:04:38.403936,8.45,2.89,101.67,56.42,77.61,2026-08-11,8,1,6.18,2.088,2.27,0.802,False,True,1,MEDIUM,False,0.11435243499313813,NORMAL
AST-0007,2026-08-11 09:20:38.403936,3.18,2.2,103.58,78.57,63.61,2026-08-11,9,1,6.292,2.102,-3.112,0.0980000000000003,False,False,0,LOW,False,0.11169053729436756,NORMAL
AST-0007,2026-08-11 10:32:38.403936,4.42,1.77,98.18,83.55,85.36,2026-08-11,10,1,6.356,2.08,-1.936,-0.31,False,False,0,LOW,False,0.052304162019411404,NORMAL
AST-0007,2026-08-11 13:03:38.403936,3.97,1.51,102.46,74.29,57.11,2026-08-11,13,1,4.433999999999999,2.248,-0.4639999999999991,-0.7380000000000002,False,True,1,MEDIUM,False,0.13679343498229407,NORMAL
AST-0007,2026-08-11 22:41:38.403936,5.64,2.4,100.6,63.19,52.14,2026-08-11,22,1,5.132,2.1540000000000004,0.508,0.2459999999999995,False,False,0,LOW,False,0.15801059349383512,NORMAL
AST-0007,2026-08-11 23:08:38.403936,4.03,3.56,100.97,55.29,100.0,2026-08-11,23,1,4.247999999999999,2.2880000000000003,-0.217999999999999,1.2719999999999998,False,True,1,MEDIUM,False,0.062450164788234175,NORMAL
AST-0007,2026-08-12 00:15:38.403936,6.55,2.72,102.92,75.95,87.26,2026-08-12,0,2,4.921999999999999,2.3920000000000003,1.628000000000001,0.3279999999999998,False,False,0,LOW,False,0.11349841678676165,NORMAL
AST-0007,2026-08-12 12:53:38.403936,1.61,3.69,102.52,57.34,48.2,2026-08-12,12,2,4.359999999999999,2.776,-2.749999999999999,0.9139999999999996,False,True,1,MEDIUM,False,0.09628403867139063,NORMAL
AST-0007,2026-08-12 17:13:38.403936,5.14,2.67,101.84,52.23,45.54,2026-08-12,17,2,4.593999999999999,3.008,0.5460000000000003,-0.3380000000000001,False,False,0,LOW,False,0.13215372911796286,NORMAL
AST-0007,2026-08-12 18:29:38.403936,2.64,3.3,105.02,64.4,46.8,2026-08-12,18,2,3.993999999999999,3.188,-1.3539999999999988,0.1120000000000001,False,False,0,LOW,False,0.09008752305326917,NORMAL
AST-0007,2026-08-13 01:32:38.403936,3.06,3.04,101.96,77.84,65.84,2026-08-13,1,3,3.8,3.084,-0.7399999999999993,-0.044,False,False,0,LOW,False,0.13575078801526025,NORMAL
AST-0007,2026-08-13 02:44:38.403936,4.78,3.33,99.53,62.37,65.81,2026-08-13,2,3,3.4459999999999997,3.2059999999999995,1.334000000000001,0.1240000000000005,False,False,0,LOW,False,0.1574139321713498,NORMAL
AST-0007,2026-08-13 05:59:38.403936,5.68,2.27,101.55,58.87,40.2,2026-08-13,5,3,4.26,2.922,1.42,-0.6519999999999997,False,True,1,MEDIUM,False,0.12697894003195287,NORMAL
AST-0007,2026-08-13 10:33:38.403936,6.1,2.22,96.79,63.11,62.19,2026-08-13,10,3,4.452,2.832,1.6479999999999997,-0.6119999999999997,False,True,1,MEDIUM,False,0.07860835954930312,NORMAL
AST-0007,2026-08-13 11:36:38.403936,4.71,2.56,103.24,74.67,73.89,2026-08-13,11,3,4.865999999999999,2.684,-0.1559999999999988,-0.1240000000000001,False,False,0,LOW,False,0.15420937748990093,NORMAL
AST-0007,2026-08-13 12:11:38.403936,5.52,1.59,100.68,76.56,52.07,2026-08-13,12,3,5.357999999999999,2.394,0.1620000000000008,-0.804,False,True,1,MEDIUM,False,0.1223325794303971,NORMAL
AST-0007,2026-08-13 14:03:38.403936,7.25,1.32,99.08,54.96,48.01,2026-08-13,14,3,5.851999999999999,1.992,1.3980000000000017,-0.6720000000000002,False,True,1,MEDIUM,False,0.08034964484781493,NORMAL
AST-0007,2026-08-13 15:57:38.403936,3.96,1.98,102.79,63.19,53.31,2026-08-13,15,3,5.507999999999999,1.934,-1.5479999999999992,0.046,False,False,0,LOW,False,0.15306703127311178,NORMAL
AST-0007,2026-08-13 20:05:38.403936,2.98,2.0,98.83,69.29,38.79,2026-08-13,20,3,4.884,1.89,-1.9039999999999997,0.1100000000000001,False,False,0,LOW,False,0.08508084401990829,NORMAL
AST-0007,2026-08-14 04:55:38.403936,5.57,2.88,101.15,56.53,37.73,2026-08-14,4,4,5.055999999999999,1.954,0.5140000000000011,0.926,False,True,1,MEDIUM,False,0.11766502693817477,NORMAL
AST-0007,2026-08-14 05:36:38.403936,4.07,2.27,102.95,62.35,58.08,2026-08-14,5,4,4.766,2.09,-0.6959999999999997,0.1800000000000001,False,False,0,LOW,False,0.16000707323333535,NORMAL
AST-0007,2026-08-14 07:53:38.403936,4.5,2.05,101.84,75.88,52.34,2026-08-14,7,4,4.215999999999999,2.236,0.2840000000000007,-0.1859999999999999,False,False,0,LOW,False,0.13929235388627953,NORMAL
AST-0007,2026-08-14 08:39:38.403936,6.0,2.33,100.64,73.93,63.4,2026-08-14,8,4,4.624,2.306,1.3760000000000003,0.024,False,False,0,LOW,False,0.1574269596052309,NORMAL
AST-0007,2026-08-14 08:40:38.403936,6.59,3.17,103.05,55.34,63.57,2026-08-14,8,4,5.345999999999999,2.54,1.2440000000000009,0.6299999999999999,False,True,1,MEDIUM,False,0.13808851942606576,NORMAL
AST-0007,2026-08-14 18:15:38.403936,7.15,4.73,101.48,72.88,32.95,2026-08-14,18,4,5.661999999999999,2.91,1.488000000000001,1.8200000000000005,False,True,1,MEDIUM,False,0.0298474697958635,NORMAL
AST-0007,2026-08-14 19:03:38.403936,5.43,2.67,98.87,45.52,98.87,2026-08-14,19,4,5.933999999999999,2.99,-0.5039999999999996,-0.3200000000000003,False,False,0,LOW,False,0.008032939694081476,NORMAL
AST-0007,2026-08-14 19:14:38.403936,6.1,1.57,101.87,49.71,72.85,2026-08-14,19,4,6.254,2.894,-0.1539999999999999,-1.324,False,True,1,MEDIUM,False,0.10635258135938325,NORMAL
AST-0007,2026-08-15 04:52:38.403936,4.7,2.06,104.06,76.88,86.27,2026-08-15,4,5,5.993999999999999,2.84,-1.2939999999999987,-0.7799999999999998,False,True,1,MEDIUM,False,0.09708362341107085,NORMAL
AST-0007,2026-08-15 05:09:38.403936,5.27,1.69,99.78,55.21,62.51,2026-08-15,5,5,5.729999999999999,2.544,-0.4599999999999991,-0.8540000000000001,False,True,1,MEDIUM,False,0.13835620946305122,NORMAL
AST-0007,2026-08-15 05:31:38.403936,12.86,3.28,102.3,66.9,83.02,2026-08-15,5,5,6.871999999999998,2.254,5.988000000000001,1.0259999999999998,True,True,2,HIGH,False,0.04226852970516015,NORMAL
AST-0007,2026-08-15 15:37:38.403936,7.13,3.76,100.37,63.49,63.67,2026-08-15,15,5,7.211999999999999,2.472,-0.0819999999999989,1.2879999999999998,False,True,1,MEDIUM,False,0.13327216797609875,NORMAL
AST-0007,2026-08-15 16:11:38.403936,6.12,1.03,103.1,61.32,77.65,2026-08-15,16,5,7.215999999999999,2.364,-1.0959999999999992,-1.334,False,True,1,MEDIUM,False,0.10830440338370678,NORMAL
AST-0007,2026-08-15 21:14:38.403936,4.99,2.32,98.72,54.29,48.17,2026-08-15,21,5,7.273999999999999,2.4159999999999995,-2.283999999999999,-0.0959999999999996,False,False,0,LOW,False,0.11479438354144811,NORMAL
AST-0007,2026-08-16 02:38:38.403936,2.6,3.16,101.94,68.99,58.34,2026-08-16,2,6,6.739999999999999,2.71,-4.139999999999999,0.4500000000000002,False,False,0,LOW,False,0.14940633090367617,NORMAL
AST-0007,2026-08-16 03:53:38.403936,6.36,2.23,101.61,67.07,59.88,2026-08-16,3,6,5.44,2.5,0.9200000000000008,-0.27,False,False,0,LOW,False,0.1660804014033545,NORMAL
AST-0007,2026-08-16 04:12:38.403936,5.56,3.27,101.1,64.19,73.36,2026-08-16,4,6,5.126,2.402,0.4340000000000001,0.8679999999999999,False,True,1,MEDIUM,False,0.1633879379972601,NORMAL
AST-0007,2026-08-16 04:25:38.403936,4.74,2.72,104.28,52.3,85.78,2026-08-16,4,6,4.85,2.74,-0.1099999999999994,-0.02,False,False,0,LOW,False,0.0898446306686842,NORMAL
AST-0007,2026-08-16 12:16:38.403936,4.33,4.02,101.07,75.85,65.69,2026-08-16,12,6,4.718,3.08,-0.3879999999999999,0.9399999999999996,False,True,1,MEDIUM,False,0.1335603272340523,NORMAL
AST-0007,2026-08-16 15:27:38.403936,5.3,0.76,100.24,59.38,73.63,2026-08-16,15,6,5.258,2.6,0.0419999999999998,-1.84,False,True,1,MEDIUM,False,0.10980033127904482,NORMAL
AST-0007,2026-08-16 18:02:38.403936,5.2,1.7,101.9,72.66,87.08,2026-08-16,18,6,5.026,2.494,0.1740000000000003,-0.7939999999999998,False,True,1,MEDIUM,False,0.12957693021375105,NORMAL
AST-0007,2026-08-16 20:29:38.403936,0.76,3.47,103.48,61.41,77.91,2026-08-16,20,6,4.065999999999999,2.534,-3.305999999999999,0.9360000000000004,False,True,1,MEDIUM,False,0.08069644424340178,NORMAL
AST-0007,2026-08-17 00:36:38.403936,6.39,4.45,104.68,53.03,57.65,2026-08-17,0,0,4.395999999999999,2.88,1.9940000000000009,1.5700000000000005,False,True,1,MEDIUM,False,0.047479066487685406,NORMAL
AST-0007,2026-08-17 01:39:38.403936,3.22,2.54,99.9,49.58,80.94,2026-08-17,1,0,4.173999999999999,2.5840000000000005,-0.9539999999999984,-0.0440000000000004,False,False,0,LOW,False,0.11272776044072075,NORMAL
AST-0007,2026-08-17 02:47:38.403936,1.52,2.72,99.75,75.97,38.98,2026-08-17,2,0,3.4179999999999997,2.976,-1.8979999999999992,-0.2559999999999998,False,False,0,LOW,False,0.07006805342246547,NORMAL
AST-0007,2026-08-17 06:20:38.403936,3.67,2.75,99.53,66.81,88.46,2026-08-17,6,0,3.111999999999999,3.186,0.5580000000000007,-0.4359999999999999,False,False,0,LOW,False,0.12958702790477938,NORMAL
AST-0007,2026-08-18 01:31:38.403936,5.83,2.67,100.46,61.5,65.46,2026-08-18,1,1,4.126,3.026,1.7040000000000006,-0.3560000000000003,False,False,0,LOW,False,0.1622265618992888,NORMAL
AST-0007,2026-08-18 04:11:38.403936,2.97,5.02,100.46,74.99,86.57,2026-08-18,4,1,3.4419999999999997,3.14,-0.4719999999999991,1.88,False,True,1,MEDIUM,False,0.04553555715933366,NORMAL
AST-0007,2026-08-18 04:37:38.403936,6.47,3.86,102.12,54.62,59.09,2026-08-18,4,1,4.091999999999999,3.404,2.378000000000001,0.4559999999999999,False,False,0,LOW,False,0.1287552809405657,NORMAL
AST-0007,2026-08-18 08:00:38.403936,6.16,3.64,101.03,51.14,55.57,2026-08-18,8,1,5.019999999999999,3.588,1.1400000000000017,0.0520000000000004,False,False,0,LOW,False,0.12021716356940698,NORMAL
AST-0007,2026-08-18 09:56:38.403936,4.94,2.63,100.56,80.91,71.45,2026-08-18,9,1,5.273999999999999,3.564,-0.3339999999999987,-0.9340000000000002,False,True,1,MEDIUM,False,0.12786487621784948,NORMAL
AST-0007,2026-08-18 12:42:38.403936,6.29,3.21,102.41,71.13,53.92,2026-08-18,12,1,5.366,3.672,0.9240000000000004,-0.4619999999999997,False,False,0,LOW,False,0.14264094281917522,NORMAL
AST-0007,2026-08-18 17:09:38.403936,4.9,2.76,102.55,69.57,65.52,2026-08-18,17,1,5.752,3.22,-0.8519999999999994,-0.4600000000000004,False,False,0,LOW,False,0.16668759737201372,NORMAL
AST-0007,2026-08-19 04:00:38.403936,4.22,7.77,100.88,65.33,65.38,2026-08-19,4,2,5.302,4.002,-1.082,3.768,False,True,1,MEDIUM,False,0.035483776453577975,NORMAL
AST-0007,2026-08-19 05:32:38.403936,4.02,3.47,104.34,74.98,57.23,2026-08-19,5,2,4.873999999999999,3.968,-0.8539999999999992,-0.4979999999999998,False,False,0,LOW,False,0.10875928129646578,NORMAL
AST-0007,2026-08-19 11:45:38.403936,4.91,2.46,100.82,55.92,54.62,2026-08-19,11,2,4.867999999999999,3.934,0.0420000000000007,-1.4740000000000002,False,True,1,MEDIUM,False,0.1523902297303128,NORMAL
AST-0007,2026-08-19 14:13:38.403936,-3.04,2.19,101.84,61.57,76.19,2026-08-19,14,2,3.002,3.73,-6.042,-1.5399999999999996,True,True,2,HIGH,False,0.04715441500955342,NORMAL
AST-0007,2026-08-19 14:24:38.403936,4.44,3.46,100.39,62.48,65.4,2026-08-19,14,2,2.9099999999999997,3.87,1.5300000000000011,-0.4100000000000001,False,False,0,LOW,False,0.1608532763144721,NORMAL
AST-0007,2026-08-19 16:21:38.403936,4.9,3.55,101.27,56.32,61.16,2026-08-19,16,2,3.046,3.026,1.854000000000001,0.524,False,True,1,MEDIUM,False,0.14750033338209545,NORMAL
AST-0007,2026-08-20 04:58:38.403936,-3.91,3.28,99.1,58.81,37.88,2026-08-20,4,3,1.4599999999999995,2.988,-5.369999999999999,0.2919999999999998,True,False,1,MEDIUM,True,-0.029771483533640675,ANOMALOUS
AST-0007,2026-08-20 13:25:38.403936,4.07,2.3,100.82,64.38,73.63,2026-08-20,13,3,1.2919999999999994,2.956,2.778000000000001,-0.6560000000000001,False,True,1,MEDIUM,False,0.17219669658477743,NORMAL
AST-0007,2026-08-20 16:58:38.403936,1.69,2.92,100.21,63.07,40.89,2026-08-20,16,3,2.237999999999999,3.102,-0.5479999999999992,-0.1819999999999999,False,False,0,LOW,False,0.10345553739158247,NORMAL
AST-0007,2026-08-20 21:42:38.403936,2.87,2.52,100.02,79.84,51.77,2026-08-20,21,3,1.9239999999999997,2.914,0.9460000000000006,-0.3940000000000001,False,False,0,LOW,False,0.0997381516521813,NORMAL
AST-0007,2026-08-21 04:25:38.403936,4.41,4.06,103.13,67.85,60.2,2026-08-21,4,4,1.8259999999999996,3.016,2.5840000000000005,1.044,False,True,1,MEDIUM,False,0.13861431452357648,NORMAL
AST-0007,2026-08-21 06:03:38.403936,7.02,2.81,99.12,63.76,44.87,2026-08-21,6,4,4.011999999999999,2.922,3.008000000000001,-0.1119999999999996,False,False,0,LOW,False,0.11378656042282553,NORMAL
AST-0007,2026-08-21 06:09:38.403936,6.21,1.41,102.1,58.19,58.36,2026-08-21,6,4,4.44,2.744,1.7700000000000005,-1.3340000000000003,False,True,1,MEDIUM,False,0.13405924102975203,NORMAL
AST-0007,2026-08-21 06:13:38.403936,3.41,2.65,99.79,58.88,39.68,2026-08-21,6,4,4.783999999999999,2.69,-1.3739999999999988,-0.04,False,False,0,LOW,False,0.11691633136269908,NORMAL
AST-0007,2026-08-21 07:51:38.403936,4.55,3.95,98.96,49.27,44.84,2026-08-21,7,4,5.119999999999999,2.976,-0.5699999999999994,0.9740000000000002,False,True,1,MEDIUM,False,0.060601372302410916,NORMAL
AST-0007,2026-08-21 10:48:38.403936,2.76,3.7,103.05,62.79,65.48,2026-08-21,10,4,4.789999999999999,2.904,-2.03,0.7960000000000003,False,True,1,MEDIUM,False,0.1342905726083527,NORMAL
AST-0007,2026-08-21 16:42:38.403936,2.6,1.57,99.36,62.66,84.37,2026-08-21,16,4,3.905999999999999,2.656,-1.3059999999999987,-1.0859999999999996,False,True,1,MEDIUM,False,0.10824717153757446,NORMAL
AST-0007,2026-08-21 20:41:38.403936,4.24,3.65,101.63,65.13,94.47,2026-08-21,20,4,3.511999999999999,3.104,0.7280000000000011,0.5459999999999998,False,True,1,MEDIUM,False,0.10170132936606907,NORMAL
AST-0007,2026-08-21 22:26:38.403936,1.19,1.64,100.85,71.73,11.09,2026-08-21,22,4,3.067999999999999,2.902,-1.8779999999999992,-1.2620000000000002,False,True,1,MEDIUM,True,-0.004889981632575591,ANOMALOUS
AST-0007,2026-08-21 23:54:38.403936,4.06,1.25,103.07,64.22,61.75,2026-08-21,23,4,2.9699999999999998,2.362,1.0900000000000003,-1.112,False,True,1,MEDIUM,False,0.13680846628552745,NORMAL
AST-0007,2026-08-22 03:54:38.403936,3.43,3.99,102.25,53.09,76.82,2026-08-22,3,5,3.103999999999999,2.4199999999999995,0.3260000000000009,1.5700000000000007,False,True,1,MEDIUM,False,0.11418166734588481,NORMAL
AST-0007,2026-08-22 04:28:38.403936,5.64,3.16,99.39,57.23,52.58,2026-08-22,4,5,3.711999999999999,2.7380000000000004,1.9280000000000008,0.4219999999999997,False,False,0,LOW,False,0.13480570775439316,NORMAL
AST-0007,2026-08-22 05:33:38.403936,5.04,2.53,100.88,61.31,100.0,2026-08-22,5,5,3.871999999999999,2.514,1.168000000000001,0.0159999999999995,False,False,0,LOW,False,0.08860116335561868,NORMAL
AST-0007,2026-08-22 09:37:38.403936,6.37,1.58,96.5,50.92,6.49,2026-08-22,9,5,4.908,2.502,1.4620000000000006,-0.9219999999999996,False,True,1,MEDIUM,True,-0.05936109610480034,ANOMALOUS
AST-0007,2026-08-22 11:22:38.403936,6.42,3.73,99.59,66.11,77.14,2026-08-22,11,5,5.38,2.998,1.04,0.7320000000000002,False,True,1,MEDIUM,False,0.13021613107091795,NORMAL
AST-0007,2026-08-22 14:12:38.403936,2.48,2.8,100.08,67.28,80.26,2026-08-22,14,5,5.19,2.76,-2.7099999999999995,0.0399999999999995,False,False,0,LOW,False,0.14028500660396614,NORMAL
AST-0007,2026-08-22 15:21:38.403936,4.04,2.68,100.34,77.56,48.9,2026-08-22,15,5,4.869999999999999,2.664,-0.8299999999999992,0.016,False,False,0,LOW,False,0.1304291925174792,NORMAL
AST-0007,2026-08-22 17:59:38.403936,3.6,1.3,101.28,63.27,57.16,2026-08-22,17,5,4.581999999999999,2.418,-0.9819999999999988,-1.118,False,True,1,MEDIUM,False,0.14342529918279934,NORMAL
AST-0007,2026-08-22 18:26:38.403936,2.12,2.71,102.32,49.19,81.11,2026-08-22,18,5,3.7319999999999993,2.644,-1.6119999999999992,0.0660000000000002,False,False,0,LOW,False,0.10127446157153464,NORMAL
AST-0007,2026-08-23 00:43:38.403936,-4.02,3.21,99.06,57.33,66.23,2026-08-23,0,6,1.6439999999999997,2.54,-5.663999999999999,0.6699999999999999,True,True,2,HIGH,False,0.0030166139263962943,NORMAL
AST-0007,2026-08-23 04:02:38.403936,3.02,2.22,99.19,64.6,54.34,2026-08-23,4,6,1.7519999999999991,2.4240000000000004,1.268000000000001,-0.2040000000000001,False,False,0,LOW,False,0.13972428415788507,NORMAL
AST-0007,2026-08-23 09:02:38.403936,5.64,2.5,102.0,65.07,76.55,2026-08-23,9,6,2.072,2.3880000000000003,3.568,0.1119999999999996,False,False,0,LOW,False,0.1655388736348944,NORMAL
AST-0007,2026-08-23 10:17:38.403936,5.22,2.93,99.58,78.54,59.82,2026-08-23,10,6,2.3959999999999995,2.714,2.8240000000000003,0.2160000000000002,False,False,0,LOW,False,0.1273879501388402,NORMAL
AST-0007,2026-08-23 10:22:38.403936,4.59,1.62,101.0,67.65,66.75,2026-08-23,10,6,2.8899999999999992,2.496,1.7000000000000006,-0.8759999999999999,False,True,1,MEDIUM,False,0.16045336338637395,NORMAL
AST-0007,2026-08-23 11:27:38.403936,1.84,3.51,99.49,58.46,54.28,2026-08-23,11,6,4.061999999999999,2.556,-2.2219999999999995,0.9539999999999996,False,True,1,MEDIUM,False,0.10935625420024564,NORMAL
AST-0007,2026-08-23 11:53:38.403936,3.49,2.48,103.65,70.44,58.33,2026-08-23,11,6,4.156,2.608,-0.6659999999999995,-0.1279999999999996,False,False,0,LOW,False,0.1431945785339962,NORMAL
AST-0007,2026-08-23 14:47:38.403936,4.59,3.64,101.84,48.93,74.1,2026-08-23,14,6,3.9459999999999993,2.836,0.6440000000000006,0.8040000000000003,False,True,1,MEDIUM,False,0.11788875447603525,NORMAL
AST-0007,2026-08-23 17:29:38.403936,5.33,2.96,94.63,58.54,39.57,2026-08-23,17,6,3.967999999999999,2.842,1.362000000000001,0.1179999999999998,False,False,0,LOW,False,0.020119019212562317,NORMAL
AST-0007,2026-08-23 21:23:38.403936,2.44,3.6,101.53,68.9,25.03,2026-08-23,21,6,3.538,3.2379999999999995,-1.0979999999999994,0.3620000000000005,False,False,0,LOW,False,0.037890979342750375,NORMAL
AST-0007,2026-08-24 04:21:38.403936,4.47,2.2,99.13,63.47,72.51,2026-08-24,4,0,4.063999999999998,2.976,0.4060000000000014,-0.7759999999999998,False,True,1,MEDIUM,False,0.1570434591301214,NORMAL
AST-0007,2026-08-24 04:55:38.403936,4.33,2.62,99.78,67.1,92.55,2026-08-24,4,0,4.231999999999999,3.0040000000000004,0.0980000000000007,-0.3840000000000003,False,False,0,LOW,False,0.11613133521575303,NORMAL
AST-0007,2026-08-24 13:00:38.403936,3.31,3.05,100.73,76.9,83.4,2026-08-24,13,0,3.975999999999999,2.886,-0.665999999999999,0.1639999999999997,False,False,0,LOW,False,0.12968592281082947,NORMAL
AST-0007,2026-08-24 15:55:38.403936,5.25,2.11,101.28,65.63,51.89,2026-08-24,15,0,3.96,2.716,1.2900000000000005,-0.6059999999999999,False,True,1,MEDIUM,False,0.16419116154636193,NORMAL
AST-0007,2026-08-24 20:54:38.403936,2.96,1.98,98.65,61.05,52.16,2026-08-24,20,0,4.063999999999999,2.392,-1.1039999999999992,-0.4119999999999999,False,False,0,LOW,False,0.11902119935867733,NORMAL
AST-0007,2026-08-24 20:56:38.403936,4.68,2.34,102.02,78.97,79.71,2026-08-24,20,0,4.106,2.42,0.5739999999999998,-0.08,False,False,0,LOW,False,0.13157624455182138,NORMAL
AST-0007,2026-08-24 21:08:38.403936,4.8,3.12,99.2,61.6,60.94,2026-08-24,21,0,4.199999999999998,2.52,0.6000000000000014,0.6000000000000001,False,True,1,MEDIUM,False,0.15224301238716542,NORMAL
AST-0007,2026-08-24 21:11:38.403936,4.59,3.13,101.38,47.93,85.38,2026-08-24,21,0,4.455999999999999,2.536,0.1340000000000012,0.5939999999999999,False,True,1,MEDIUM,False,0.10375742693367601,NORMAL
AST-0007,2026-08-24 23:42:38.403936,5.55,2.21,101.6,65.1,64.77,2026-08-24,23,0,4.515999999999999,2.556,1.0340000000000007,-0.3460000000000001,False,False,0,LOW,False,0.17266856539033726,NORMAL
AST-0007,2026-08-25 00:03:38.403936,1.64,1.86,102.26,51.8,62.63,2026-08-25,0,1,4.251999999999999,2.532,-2.611999999999999,-0.6719999999999999,False,True,1,MEDIUM,False,0.11028930886089239,NORMAL
AST-0007,2026-08-25 00:13:38.403936,5.05,1.22,101.15,56.19,70.06,2026-08-25,0,1,4.325999999999999,2.3080000000000003,0.7240000000000011,-1.0880000000000003,False,True,1,MEDIUM,False,0.129151882087626,NORMAL
AST-0007,2026-08-25 01:47:38.403936,2.24,2.05,102.16,72.7,100.0,2026-08-25,1,1,3.813999999999999,2.094,-1.573999999999999,-0.044,False,False,0,LOW,False,0.05802584383174603,NORMAL
AST-0007,2026-08-25 02:53:38.403936,4.32,1.99,104.78,61.79,97.99,2026-08-25,2,1,3.7599999999999993,1.866,0.5600000000000009,0.1239999999999998,False,False,0,LOW,False,0.05520734522150472,NORMAL
AST-0007,2026-08-25 05:53:38.403936,6.44,4.57,98.9,71.99,57.62,2026-08-25,5,1,3.938,2.338,2.5020000000000007,2.232,False,True,1,MEDIUM,False,0.07549836899973128,NORMAL
AST-0007,2026-08-25 12:59:38.403936,1.35,3.05,101.07,70.67,53.17,2026-08-25,12,1,3.879999999999999,2.576,-2.529999999999999,0.4740000000000002,False,False,0,LOW,False,0.12018542560427731,NORMAL
AST-0007,2026-08-25 23:00:38.403936,4.09,2.24,101.4,69.63,72.02,2026-08-25,23,1,3.688,2.78,0.4020000000000001,-0.5399999999999996,False,True,1,MEDIUM,False,0.1690101265880644,NORMAL
AST-0007,2026-08-26 03:22:38.403936,4.23,2.56,102.69,71.37,68.05,2026-08-26,3,2,4.085999999999999,2.882,0.144000000000001,-0.322,False,False,0,LOW,False,0.16352733144186,NORMAL
AST-0007,2026-08-26 07:13:38.403936,2.18,0.69,101.69,78.13,71.19,2026-08-26,7,2,3.657999999999999,2.622,-1.4779999999999989,-1.932,False,True,1,MEDIUM,False,0.06405097915114677,NORMAL
AST-0007,2026-08-26 07:37:38.403936,6.28,2.99,101.44,35.09,72.64,2026-08-26,7,2,3.625999999999999,2.306,2.654000000000001,0.6840000000000002,False,True,1,MEDIUM,False,0.057293580871990324,NORMAL
AST-0007,2026-08-26 11:06:38.403936,4.54,2.65,102.31,68.86,63.01,2026-08-26,11,2,4.263999999999999,2.226,0.2760000000000007,0.4239999999999999,False,False,0,LOW,False,0.1724358117847553,NORMAL
AST-0007,2026-08-26 11:39:38.403936,4.19,2.39,99.63,76.74,46.68,2026-08-26,11,2,4.283999999999999,2.256,-0.0939999999999985,0.1339999999999999,False,False,0,LOW,False,0.12320417236577264,NORMAL
AST-0007,2026-08-26 15:24:38.403936,3.42,2.04,99.78,56.33,77.48,2026-08-26,15,2,4.122,2.152,-0.702,-0.1120000000000001,False,False,0,LOW,False,0.13901485151165932,NORMAL
AST-0007,2026-08-26 18:07:38.403936,5.57,7.07,99.89,63.3,43.9,2026-08-26,18,2,4.799999999999999,3.428,0.7700000000000014,3.642,False,True,1,MEDIUM,False,0.018478873264297535,NORMAL
AST-0007,2026-08-26 19:29:38.403936,5.95,2.82,103.4,68.25,67.57,2026-08-26,19,2,4.734,3.394000000000001,1.2160000000000002,-0.5740000000000007,False,True,1,MEDIUM,False,0.15425826062941128,NORMAL
AST-0007,2026-08-26 22:02:38.403936,3.51,1.86,100.25,70.72,87.11,2026-08-26,22,2,4.528,3.236,-1.0179999999999998,-1.3759999999999997,False,True,1,MEDIUM,False,0.12768445802175654,NORMAL
AST-0007,2026-08-27 00:02:38.403936,3.82,2.62,102.2,53.63,87.24,2026-08-27,0,3,4.453999999999999,3.282,-0.633999999999999,-0.6619999999999999,False,True,1,MEDIUM,False,0.12859529503997774,NORMAL
AST-0007,2026-08-27 05:02:38.403936,5.47,2.37,101.59,77.07,50.3,2026-08-27,5,3,4.863999999999999,3.3480000000000003,0.6060000000000008,-0.9780000000000002,False,True,1,MEDIUM,False,0.13256155369451034,NORMAL
AST-0007,2026-08-27 06:01:38.403936,5.35,2.1,101.39,59.44,67.68,2026-08-27,6,3,4.819999999999999,2.354,0.5300000000000011,-0.254,False,False,0,LOW,False,0.1639485551947263,NORMAL
AST-0007,2026-08-27 07:23:38.403936,3.64,1.03,104.05,52.0,74.76,2026-08-27,7,3,4.357999999999999,1.996,-0.7179999999999986,-0.966,False,True,1,MEDIUM,False,0.06971239878281271,NORMAL
AST-0007,2026-08-27 18:40:38.403936,5.26,2.45,98.51,57.92,60.27,2026-08-27,18,3,4.707999999999999,2.114,0.5520000000000005,0.3360000000000003,False,False,0,LOW,False,0.13559319092419514,NORMAL
AST-0007,2026-08-27 19:03:38.403936,3.83,2.43,100.49,56.83,78.03,2026-08-27,19,3,4.709999999999999,2.076,-0.879999999999999,0.3540000000000001,False,False,0,LOW,False,0.1485973636935362,NORMAL
AST-0007,2026-08-28 08:13:38.403936,2.88,3.6,105.6,70.21,27.48,2026-08-28,8,4,4.191999999999999,2.322,-1.3119999999999994,1.278,False,True,1,MEDIUM,True,-0.009665103245611206,ANOMALOUS
AST-0007,2026-08-28 13:26:38.403936,5.89,2.55,101.84,80.28,74.14,2026-08-28,13,4,4.299999999999999,2.412,1.5900000000000007,0.1379999999999999,False,False,0,LOW,False,0.1272297477652496,NORMAL
AST-0007,2026-08-28 13:36:38.403936,5.93,1.54,99.51,53.96,38.18,2026-08-28,13,4,4.757999999999999,2.514,1.1720000000000006,-0.9740000000000002,False,True,1,MEDIUM,False,0.08981559769838415,NORMAL
AST-0007,2026-08-28 17:20:38.403936,5.17,2.37,99.46,65.92,36.84,2026-08-28,17,4,4.739999999999999,2.498,0.4300000000000006,-0.1280000000000001,False,False,0,LOW,False,0.1160244485274804,NORMAL
AST-0008,2026-07-30 05:05:38.403936,4.52,2.77,100.55,60.2,54.33,2026-07-30,5,3,4.52,2.77,0.0,0.0,False,False,0,LOW,False,0.15859272360676124,NORMAL
AST-0008,2026-07-30 09:57:38.403936,5.78,3.75,99.64,69.62,83.84,2026-07-30,9,3,5.15,3.26,0.6299999999999999,0.4900000000000002,False,False,0,LOW,False,0.12089729410549893,NORMAL
AST-0008,2026-07-30 19:53:38.403936,19.51,1.32,102.77,59.25,58.96,2026-07-30,19,3,9.936666666666667,2.6133333333333333,9.573333333333334,-1.2933333333333332,True,True,2,HIGH,True,-0.027080194169926908,ANOMALOUS
AST-0008,2026-07-30 20:46:38.403936,3.28,1.82,100.86,56.96,93.82,2026-07-30,20,3,8.2725,2.415,-4.9925000000000015,-0.595,False,True,1,MEDIUM,False,0.08441617981651156,NORMAL
AST-0008,2026-07-30 23:36:38.403936,6.74,3.52,99.3,75.33,53.27,2026-07-30,23,3,7.965999999999999,2.636,-1.225999999999999,0.8839999999999999,False,True,1,MEDIUM,False,0.1011916821741915,NORMAL
AST-0008,2026-07-31 00:24:38.403936,9.21,3.65,103.15,51.88,43.65,2026-07-31,0,4,8.904000000000002,2.8120000000000003,0.3059999999999991,0.8379999999999996,False,True,1,MEDIUM,False,0.0433864021282207,NORMAL
AST-0008,2026-07-31 02:30:38.403936,4.92,2.23,101.22,65.2,50.56,2026-07-31,2,4,8.732000000000001,2.508,-3.812000000000001,-0.278,False,False,0,LOW,False,0.16473365192250927,NORMAL
AST-0008,2026-07-31 03:17:38.403936,3.85,2.2,101.16,65.52,67.29,2026-07-31,3,4,5.6,2.684,-1.7499999999999996,-0.484,False,False,0,LOW,False,0.17370068475649086,NORMAL
AST-0008,2026-07-31 06:23:38.403936,-4.64,2.42,101.53,57.12,59.74,2026-07-31,6,4,4.016,2.804,-8.655999999999999,-0.3839999999999999,True,False,1,MEDIUM,False,0.014403372908600165,NORMAL
AST-0008,2026-07-31 15:58:38.403936,4.95,2.3,101.03,61.78,73.48,2026-07-31,15,4,3.658,2.56,1.2919999999999998,-0.2600000000000002,False,False,0,LOW,False,0.16865484742541076,NORMAL
AST-0008,2026-07-31 18:02:38.403936,2.39,2.43,98.29,72.6,66.48,2026-07-31,18,4,2.294,2.316,0.096,0.1140000000000003,False,False,0,LOW,False,0.10716643261264397,NORMAL
AST-0008,2026-07-31 23:18:38.403936,2.85,2.03,99.63,58.92,55.3,2026-07-31,23,4,1.8800000000000003,2.276,0.9699999999999998,-0.246,False,False,0,LOW,False,0.1384950914672025,NORMAL
AST-0008,2026-08-01 05:46:38.403936,1.84,3.01,99.96,54.04,45.12,2026-08-01,5,5,1.4780000000000002,2.438,0.3619999999999999,0.5720000000000001,False,True,1,MEDIUM,False,0.09345993973231509,NORMAL
AST-0008,2026-08-01 09:14:38.403936,5.36,1.82,102.43,56.61,60.28,2026-08-01,9,5,3.478,2.318,1.882,-0.498,False,False,0,LOW,False,0.14779708237559946,NORMAL
AST-0008,2026-08-01 09:20:38.403936,4.9,1.29,99.92,58.23,58.26,2026-08-01,9,5,3.468,2.116,1.4320000000000004,-0.8260000000000001,False,True,1,MEDIUM,False,0.12926029281225737,NORMAL
AST-0008,2026-08-01 15:51:38.403936,5.55,3.01,100.35,59.67,76.52,2026-08-01,15,5,4.1,2.232,1.4500000000000002,0.7779999999999996,False,True,1,MEDIUM,False,0.1531395251159693,NORMAL
AST-0008,2026-08-01 21:09:38.403936,2.61,3.23,105.54,75.32,37.65,2026-08-01,21,5,4.052,2.472,-1.4419999999999995,0.758,False,True,1,MEDIUM,False,0.0236076070565997,NORMAL
AST-0008,2026-08-02 01:55:38.403936,2.65,3.5,102.76,70.38,77.88,2026-08-02,1,6,4.214,2.57,-1.5640000000000005,0.9300000000000002,False,True,1,MEDIUM,False,0.12975974747754643,NORMAL
AST-0008,2026-08-02 12:36:38.403936,6.09,2.93,102.02,82.61,64.99,2026-08-02,12,6,4.359999999999999,2.7920000000000003,1.7300000000000004,0.1379999999999999,False,False,0,LOW,False,0.11441559304879378,NORMAL
AST-0008,2026-08-02 13:04:38.403936,19.18,2.82,102.55,76.64,47.64,2026-08-02,13,6,7.215999999999999,3.098,11.964,-0.278,True,False,1,MEDIUM,True,-0.035496055700024454,ANOMALOUS
AST-0008,2026-08-02 13:38:38.403936,5.98,2.6,101.73,56.77,38.66,2026-08-02,13,6,7.302,3.0160000000000005,-1.3219999999999992,-0.4160000000000003,False,False,0,LOW,False,0.12192846940203872,NORMAL
AST-0008,2026-08-02 14:25:38.403936,5.38,2.12,103.04,51.54,67.27,2026-08-02,14,6,7.856,2.794,-2.476,-0.6739999999999999,False,True,1,MEDIUM,False,0.13470286005884952,NORMAL
AST-0008,2026-08-02 15:55:38.403936,3.06,2.4,101.49,53.7,100.0,2026-08-02,15,6,7.938,2.5740000000000003,-4.878,-0.1740000000000003,False,False,0,LOW,False,0.06756302805936748,NORMAL
AST-0008,2026-08-02 20:56:38.403936,4.81,3.36,101.36,76.11,90.33,2026-08-02,20,6,7.681999999999999,2.66,-2.872,0.6999999999999997,False,True,1,MEDIUM,False,0.11100234695097805,NORMAL
AST-0008,2026-08-02 21:06:38.403936,2.49,1.73,98.94,59.62,61.71,2026-08-02,21,6,4.343999999999999,2.442,-1.8539999999999992,-0.7120000000000002,False,True,1,MEDIUM,False,0.12327327209563,NORMAL
AST-0008,2026-08-02 21:31:38.403936,5.61,2.35,100.39,76.05,55.45,2026-08-02,21,6,4.27,2.392,1.3400000000000007,-0.0419999999999998,False,False,0,LOW,False,0.13939008218291765,NORMAL
AST-0008,2026-08-02 23:49:38.403936,5.53,4.19,100.44,87.76,79.94,2026-08-02,23,6,4.3,2.806,1.2300000000000004,1.3840000000000003,False,True,1,MEDIUM,False,0.03509706621129294,NORMAL
AST-0008,2026-08-03 02:39:38.403936,3.47,1.37,98.7,50.38,83.17,2026-08-03,2,0,4.382,2.6,-0.9119999999999996,-1.23,False,True,1,MEDIUM,False,0.06569938152392385,NORMAL
AST-0008,2026-08-03 05:02:38.403936,7.44,2.86,101.47,65.37,22.08,2026-08-03,5,0,4.908,2.5,2.532000000000001,0.3599999999999999,False,False,0,LOW,False,0.04389116122321374,NORMAL
AST-0008,2026-08-03 10:00:38.403936,4.99,2.12,99.24,70.02,34.28,2026-08-03,10,0,5.408,2.5780000000000003,-0.4179999999999992,-0.4580000000000002,False,False,0,LOW,False,0.09770003769511998,NORMAL
AST-0008,2026-08-03 10:23:38.403936,3.3,0.97,100.9,50.43,62.09,2026-08-03,10,0,4.946,2.302,-1.646,-1.332,False,True,1,MEDIUM,False,0.09496359992068543,NORMAL
AST-0008,2026-08-03 14:38:38.403936,3.22,2.38,101.15,70.15,71.99,2026-08-03,14,0,4.483999999999999,1.94,-1.263999999999999,0.4399999999999999,False,False,0,LOW,False,0.16322587787844078,NORMAL
AST-0008,2026-08-03 16:19:38.403936,3.37,0.77,102.22,53.95,82.79,2026-08-03,16,0,4.464,1.82,-1.0939999999999994,-1.0499999999999998,False,True,1,MEDIUM,False,0.08114061845807491,NORMAL
AST-0008,2026-08-03 18:08:38.403936,4.95,2.86,101.09,82.75,38.37,2026-08-03,18,0,3.966,1.82,0.9840000000000004,1.04,False,True,1,MEDIUM,False,0.068518120241293,NORMAL
AST-0008,2026-08-03 21:05:38.403936,6.84,3.13,102.34,77.36,28.64,2026-08-03,21,0,4.335999999999999,2.022,2.5040000000000004,1.108,False,True,1,MEDIUM,False,0.045438509647240555,NORMAL
AST-0008,2026-08-03 23:01:38.403936,3.87,1.62,100.58,79.36,32.09,2026-08-03,23,0,4.449999999999999,2.152,-0.5799999999999992,-0.532,False,True,1,MEDIUM,False,0.056061417158150106,NORMAL
AST-0008,2026-08-04 01:18:38.403936,3.29,3.31,101.21,78.78,52.91,2026-08-04,1,1,4.464,2.338,-1.1739999999999997,0.972,False,True,1,MEDIUM,False,0.11902312615254446,NORMAL
AST-0008,2026-08-04 05:17:38.403936,2.3,2.62,99.63,49.22,50.93,2026-08-04,5,1,4.249999999999999,2.708,-1.9499999999999995,-0.0879999999999996,False,False,0,LOW,False,0.09557608754355151,NORMAL
AST-0008,2026-08-04 06:52:38.403936,4.5,2.98,98.41,42.04,55.09,2026-08-04,6,1,4.159999999999999,2.732,0.3400000000000007,0.2479999999999997,False,False,0,LOW,False,0.05824181910467213,NORMAL
AST-0008,2026-08-04 08:47:38.403936,3.39,2.2,101.67,70.87,73.02,2026-08-04,8,1,3.47,2.5460000000000003,-0.0799999999999996,-0.3460000000000001,False,False,0,LOW,False,0.16078988189399324,NORMAL
AST-0008,2026-08-04 10:22:38.403936,4.45,1.98,101.5,62.97,43.4,2026-08-04,10,1,3.5859999999999994,2.618,0.8640000000000008,-0.6379999999999999,False,True,1,MEDIUM,False,0.14243115152428515,NORMAL
AST-0008,2026-08-04 12:04:38.403936,3.46,2.92,104.01,60.0,74.58,2026-08-04,12,1,3.62,2.54,-0.1599999999999997,0.3799999999999999,False,False,0,LOW,False,0.12814981626094052,NORMAL
AST-0008,2026-08-04 19:33:38.403936,4.89,3.13,100.16,58.59,94.86,2026-08-04,19,1,4.138,2.6420000000000003,0.7519999999999998,0.4879999999999995,False,False,0,LOW,False,0.0991532487535925,NORMAL
AST-0008,2026-08-04 22:00:38.403936,4.39,1.43,98.27,55.41,97.78,2026-08-04,22,1,4.115999999999999,2.332,0.2740000000000009,-0.902,False,True,1,MEDIUM,False,0.022775776898984246,NORMAL
AST-0008,2026-08-05 01:07:38.403936,8.25,1.66,100.59,52.68,82.14,2026-08-05,1,2,5.087999999999999,2.224,3.162000000000001,-0.5640000000000003,False,True,1,MEDIUM,False,0.07634756361538386,NORMAL
AST-0008,2026-08-05 01:29:38.403936,4.22,3.47,98.82,71.08,84.82,2026-08-05,1,2,5.041999999999999,2.522,-0.8219999999999992,0.9480000000000004,False,True,1,MEDIUM,False,0.10822153526427875,NORMAL
AST-0008,2026-08-05 03:12:38.403936,3.82,1.72,101.22,70.7,59.16,2026-08-05,3,2,5.113999999999999,2.282,-1.2939999999999992,-0.562,False,True,1,MEDIUM,False,0.15633728435540706,NORMAL
AST-0008,2026-08-05 03:52:38.403936,4.66,1.3,99.28,85.54,73.27,2026-08-05,3,2,5.067999999999999,1.916,-0.4079999999999986,-0.6159999999999999,False,True,1,MEDIUM,False,0.06414014778461724,NORMAL
AST-0008,2026-08-05 09:35:38.403936,5.26,1.85,104.3,78.53,56.6,2026-08-05,9,2,5.241999999999999,2.0,0.0180000000000006,-0.1499999999999999,False,False,0,LOW,False,0.08756091752213035,NORMAL
AST-0008,2026-08-05 20:38:38.403936,5.38,2.82,102.46,65.46,46.14,2026-08-05,20,2,4.667999999999999,2.232,0.7120000000000006,0.5879999999999996,False,True,1,MEDIUM,False,0.14995032103111916,NORMAL
AST-0008,2026-08-06 01:21:38.403936,3.09,2.79,99.51,67.71,51.75,2026-08-06,1,3,4.441999999999999,2.096,-1.3519999999999994,0.694,False,True,1,MEDIUM,False,0.13938702080885068,NORMAL
AST-0008,2026-08-06 02:26:38.403936,3.45,2.63,101.51,66.49,39.6,2026-08-06,2,3,4.367999999999999,2.278,-0.9179999999999992,0.3520000000000003,False,False,0,LOW,False,0.13145554711227253,NORMAL
AST-0008,2026-08-06 04:30:38.403936,4.86,1.4,104.49,64.88,70.11,2026-08-06,4,3,4.408,2.298,0.4520000000000008,-0.8980000000000001,False,True,1,MEDIUM,False,0.10672312057171524,NORMAL
AST-0008,2026-08-06 06:30:38.403936,4.84,2.68,101.62,70.72,60.28,2026-08-06,6,3,4.323999999999999,2.464,0.5160000000000009,0.2160000000000002,False,False,0,LOW,False,0.16850744823234848,NORMAL
AST-0008,2026-08-06 19:45:38.403936,4.69,1.54,101.08,45.5,76.12,2026-08-06,19,3,4.185999999999999,2.208,0.5040000000000013,-0.6680000000000001,False,True,1,MEDIUM,False,0.09214408091887177,NORMAL
AST-0008,2026-08-06 21:44:38.403936,5.98,3.72,104.37,74.88,82.42,2026-08-06,21,3,4.763999999999999,2.394,1.216000000000001,1.3260000000000003,False,True,1,MEDIUM,False,0.07488364512848683,NORMAL
AST-0008,2026-08-07 01:51:38.403936,4.86,2.0,101.89,68.27,55.76,2026-08-07,1,4,5.045999999999999,2.268,-0.185999999999999,-0.2679999999999998,False,False,0,LOW,False,0.16055406847220527,NORMAL
AST-0008,2026-08-07 03:10:38.403936,3.55,2.67,102.02,55.89,87.88,2026-08-07,3,4,4.784,2.522,-1.234,0.1480000000000001,False,False,0,LOW,False,0.13227000957951063,NORMAL
AST-0008,2026-08-07 04:08:38.403936,4.99,2.57,96.86,62.7,49.67,2026-08-07,4,4,4.814,2.5,0.1760000000000001,0.0699999999999998,False,False,0,LOW,False,0.08050463539191266,NORMAL
AST-0008,2026-08-07 04:10:38.403936,4.9,1.36,103.87,66.21,61.35,2026-08-07,4,4,4.856,2.464,0.0440000000000004,-1.104,False,True,1,MEDIUM,False,0.12198960966314282,NORMAL
AST-0008,2026-08-07 07:52:38.403936,6.44,2.71,100.51,67.78,85.02,2026-08-07,7,4,4.948,2.262,1.4920000000000009,0.4479999999999999,False,False,0,LOW,False,0.14133014924671589,NORMAL
AST-0008,2026-08-07 10:01:38.403936,2.26,3.5,100.3,52.32,61.97,2026-08-07,10,4,4.427999999999999,2.562,-2.1679999999999997,0.9380000000000002,False,True,1,MEDIUM,False,0.11888049965437908,NORMAL
AST-0008,2026-08-07 10:15:38.403936,4.07,4.05,98.92,56.33,61.35,2026-08-07,10,4,4.531999999999999,2.838,-0.4619999999999988,1.2119999999999995,False,True,1,MEDIUM,False,0.12156679150672534,NORMAL
AST-0008,2026-08-07 15:46:38.403936,5.99,3.86,98.02,47.14,53.8,2026-08-07,15,4,4.731999999999999,3.096,1.258000000000001,0.7639999999999998,False,True,1,MEDIUM,False,0.03785312083368114,NORMAL
AST-0008,2026-08-08 04:10:38.403936,3.44,4.08,100.0,48.32,80.48,2026-08-08,4,5,4.44,3.64,-0.9999999999999996,0.4400000000000004,False,False,0,LOW,False,0.0869483359290188,NORMAL
AST-0008,2026-08-08 04:35:38.403936,3.99,2.01,100.7,61.12,68.07,2026-08-08,4,5,3.9499999999999993,3.5,0.0400000000000009,-1.4900000000000002,False,True,1,MEDIUM,False,0.16422101818940182,NORMAL
AST-0008,2026-08-08 12:33:38.403936,1.84,3.53,100.41,80.55,68.53,2026-08-08,12,5,3.866,3.506,-2.026,0.0239999999999995,False,False,0,LOW,False,0.08631131757237204,NORMAL
AST-0008,2026-08-08 15:06:38.403936,3.35,2.86,101.91,80.86,64.25,2026-08-08,15,5,3.722,3.268,-0.3719999999999999,-0.4079999999999999,False,False,0,LOW,False,0.12365602373624207,NORMAL
AST-0008,2026-08-08 19:16:38.403936,1.69,2.58,101.97,43.08,99.99,2026-08-08,19,5,2.861999999999999,3.012,-1.1719999999999993,-0.4319999999999995,False,False,0,LOW,True,-0.009697076690555972,ANOMALOUS
AST-0008,2026-08-08 20:51:38.403936,3.89,2.49,104.83,71.05,84.67,2026-08-08,20,5,2.951999999999999,2.694,0.938000000000001,-0.2039999999999997,False,False,0,LOW,False,0.10641280606785297,NORMAL
AST-0008,2026-08-08 23:19:38.403936,4.02,1.68,101.05,68.09,53.2,2026-08-08,23,5,2.9579999999999997,2.628,1.0620000000000005,-0.9480000000000002,False,True,1,MEDIUM,False,0.15318645226386668,NORMAL
AST-0008,2026-08-09 04:21:38.403936,3.59,2.4,101.95,55.65,61.62,2026-08-09,4,6,3.307999999999999,2.402,0.2820000000000009,-0.0020000000000002,False,False,0,LOW,False,0.15291008782144289,NORMAL
AST-0008,2026-08-09 14:27:38.403936,5.18,2.18,102.79,79.83,18.1,2026-08-09,14,6,3.674,2.2660000000000005,1.5060000000000002,-0.0860000000000003,False,False,0,LOW,False,0.0163519104195351,NORMAL
AST-0008,2026-08-09 17:47:38.403936,5.21,2.61,101.6,57.31,57.21,2026-08-09,17,6,4.377999999999998,2.272,0.8320000000000016,0.3380000000000001,False,False,0,LOW,False,0.1581955687919634,NORMAL
AST-0008,2026-08-09 18:55:38.403936,4.82,1.24,100.69,68.9,66.35,2026-08-09,18,6,4.563999999999998,2.022,0.256000000000002,-0.7820000000000003,False,True,1,MEDIUM,False,0.14469481789121996,NORMAL
AST-0008,2026-08-09 21:37:38.403936,5.52,2.26,100.64,72.32,71.03,2026-08-09,21,6,4.863999999999999,2.138,0.6560000000000006,0.1219999999999998,False,False,0,LOW,False,0.15863316015780932,NORMAL
AST-0008,2026-08-10 02:03:38.403936,2.28,1.75,101.51,57.88,5.0,2026-08-10,2,0,4.601999999999999,2.008,-2.322,-0.258,False,False,0,LOW,False,0.013330111301802838,NORMAL
AST-0008,2026-08-10 03:01:38.403936,2.13,1.86,101.15,64.24,100.0,2026-08-10,3,0,3.992,1.944,-1.862,-0.0839999999999996,False,False,0,LOW,False,0.06512596545829086,NORMAL
AST-0008,2026-08-10 15:04:38.403936,4.7,1.78,100.78,61.55,57.3,2026-08-10,15,0,3.8899999999999992,1.778,0.8100000000000009,0.002,False,False,0,LOW,False,0.15860899916607296,NORMAL
AST-0008,2026-08-10 20:12:38.403936,4.6,1.1,101.96,54.53,95.8,2026-08-10,20,0,3.845999999999999,1.75,0.7540000000000004,-0.6499999999999999,False,True,1,MEDIUM,False,0.05717410772075704,NORMAL
AST-0008,2026-08-10 20:19:38.403936,4.9,2.13,100.62,59.24,99.51,2026-08-10,20,0,3.722,1.7240000000000002,1.1780000000000004,0.4059999999999997,False,False,0,LOW,False,0.0792006612419972,NORMAL
AST-0008,2026-08-10 21:41:38.403936,4.09,1.99,103.89,65.13,42.15,2026-08-10,21,0,4.083999999999999,1.7719999999999998,0.0060000000000011,0.2180000000000002,False,False,0,LOW,False,0.11095974350763205,NORMAL
AST-0008,2026-08-11 02:51:38.403936,3.86,3.27,103.9,74.6,32.7,2026-08-11,2,1,4.43,2.054,-0.5699999999999998,1.2160000000000002,False,True,1,MEDIUM,False,0.05814652646325663,NORMAL
AST-0008,2026-08-11 05:21:38.403936,-3.38,2.76,101.75,54.1,94.04,2026-08-11,5,1,2.813999999999999,2.25,-6.193999999999999,0.5099999999999998,True,True,2,HIGH,True,-0.009953497190129168,ANOMALOUS
AST-0008,2026-08-11 05:45:38.403936,3.32,1.79,102.85,54.17,59.26,2026-08-11,5,1,2.557999999999999,2.3879999999999995,0.7620000000000009,-0.5979999999999994,False,True,1,MEDIUM,False,0.13707510689359614,NORMAL
AST-0008,2026-08-11 14:39:38.403936,6.41,1.37,99.21,56.97,74.07,2026-08-11,14,1,2.8599999999999994,2.236,3.5500000000000007,-0.8659999999999997,False,True,1,MEDIUM,False,0.11575552382254739,NORMAL
AST-0008,2026-08-11 14:59:38.403936,2.94,2.57,99.72,69.42,68.06,2026-08-11,14,1,2.6299999999999994,2.352,0.3100000000000005,0.2179999999999999,False,False,0,LOW,False,0.1531022338371028,NORMAL
AST-0008,2026-08-11 16:23:38.403936,5.81,1.26,102.89,65.95,79.06,2026-08-11,16,1,3.019999999999999,1.95,2.7900000000000005,-0.69,False,True,1,MEDIUM,False,0.12429538614460306,NORMAL
AST-0008,2026-08-11 22:42:38.403936,7.63,1.21,101.67,85.24,65.12,2026-08-11,22,1,5.222,1.64,2.4080000000000004,-0.4299999999999999,False,False,0,LOW,False,0.04887199192669034,NORMAL
AST-0008,2026-08-12 02:45:38.403936,4.98,2.84,104.53,69.54,60.61,2026-08-12,2,2,5.553999999999999,1.85,-0.573999999999999,0.9899999999999998,False,True,1,MEDIUM,False,0.12899817237132993,NORMAL
AST-0008,2026-08-12 04:32:38.403936,5.62,1.97,98.12,70.09,89.16,2026-08-12,4,2,5.395999999999999,1.97,0.2240000000000011,0.0,False,False,0,LOW,False,0.095846996423477,NORMAL
AST-0008,2026-08-12 09:54:38.403936,7.67,2.0,104.18,68.52,53.1,2026-08-12,9,2,6.341999999999999,1.856,1.3280000000000012,0.1440000000000001,False,False,0,LOW,False,0.097345080293118,NORMAL
AST-0008,2026-08-12 10:58:38.403936,1.48,1.81,101.24,69.87,78.81,2026-08-12,10,2,5.475999999999999,1.966,-3.995999999999999,-0.1559999999999999,False,False,0,LOW,False,0.11603014927504368,NORMAL
AST-0008,2026-08-12 11:35:38.403936,15.47,2.5,104.35,55.26,29.87,2026-08-12,11,2,7.044,2.224,8.426000000000002,0.2759999999999998,True,False,1,MEDIUM,True,-0.0640046005653192,ANOMALOUS
AST-0008,2026-08-12 13:11:38.403936,5.49,1.77,98.67,71.74,37.68,2026-08-12,13,2,7.145999999999999,2.01,-1.6559999999999988,-0.2400000000000002,False,False,0,LOW,False,0.08005222957804703,NORMAL
AST-0008,2026-08-12 13:58:38.403936,4.08,3.13,99.45,51.7,69.12,2026-08-12,13,2,6.837999999999999,2.242,-2.757999999999999,0.8879999999999999,False,True,1,MEDIUM,False,0.13570172726045698,NORMAL
AST-0008,2026-08-12 14:16:38.403936,3.68,3.51,101.83,57.16,56.53,2026-08-12,14,2,6.039999999999999,2.544,-2.359999999999999,0.9660000000000002,False,True,1,MEDIUM,False,0.14353457392425678,NORMAL
AST-0008,2026-08-12 14:45:38.403936,4.7,2.38,102.72,74.57,50.85,2026-08-12,14,2,6.684,2.658,-1.984,-0.278,False,False,0,LOW,False,0.1470633232886141,NORMAL
AST-0008,2026-08-12 18:10:38.403936,4.64,2.26,104.14,72.61,65.33,2026-08-12,18,2,4.517999999999999,2.61,0.1220000000000007,-0.3500000000000001,False,False,0,LOW,False,0.13525537844075164,NORMAL
AST-0008,2026-08-12 19:39:38.403936,5.96,2.61,99.65,61.08,95.21,2026-08-12,19,2,4.611999999999999,2.778,1.3480000000000008,-0.1679999999999997,False,False,0,LOW,False,0.0958741461936728,NORMAL
AST-0008,2026-08-12 20:22:38.403936,6.66,3.75,101.02,67.38,66.47,2026-08-12,20,2,5.127999999999999,2.902,1.532000000000001,0.8480000000000003,False,True,1,MEDIUM,False,0.1404287556684935,NORMAL
AST-0008,2026-08-12 20:39:38.403936,6.39,1.93,100.55,60.35,41.0,2026-08-12,20,2,5.67,2.586,0.7199999999999998,-0.6559999999999999,False,True,1,MEDIUM,False,0.12680674034974088,NORMAL
AST-0008,2026-08-12 21:06:38.403936,3.31,1.88,103.46,51.5,57.53,2026-08-12,21,2,5.392,2.486,-2.0819999999999994,-0.6059999999999999,False,True,1,MEDIUM,False,0.10961859938568286,NORMAL
AST-0008,2026-08-13 00:59:38.403936,3.51,2.67,101.57,48.97,32.33,2026-08-13,0,3,5.166,2.568,-1.6559999999999997,0.1019999999999998,False,False,0,LOW,False,0.07245438847307906,NORMAL
AST-0008,2026-08-13 04:00:38.403936,3.94,3.75,99.72,71.57,90.81,2026-08-13,4,3,4.761999999999999,2.7960000000000003,-0.8219999999999987,0.9539999999999996,False,True,1,MEDIUM,False,0.0960611068299077,NORMAL
AST-0008,2026-08-13 09:39:38.403936,2.81,2.09,102.33,68.61,74.38,2026-08-13,9,3,3.992,2.464,-1.1819999999999995,-0.3740000000000001,False,False,0,LOW,False,0.15193375324615,NORMAL
AST-0008,2026-08-13 11:50:38.403936,3.16,2.54,104.93,78.48,81.36,2026-08-13,11,3,3.345999999999999,2.586,-0.185999999999999,-0.0459999999999998,False,False,0,LOW,False,0.06729021170550314,NORMAL
AST-0008,2026-08-13 14:56:38.403936,5.12,2.54,102.61,68.14,84.09,2026-08-13,14,3,3.708,2.718,1.4120000000000004,-0.1779999999999999,False,False,0,LOW,False,0.15133961570817323,NORMAL
AST-0008,2026-08-13 15:35:38.403936,4.65,3.06,96.46,66.11,46.19,2026-08-13,15,3,3.936,2.7960000000000003,0.7140000000000004,0.2639999999999998,False,False,0,LOW,False,0.06370238371188397,NORMAL
AST-0008,2026-08-13 18:37:38.403936,5.72,2.89,102.04,68.94,30.3,2026-08-13,18,3,4.292,2.624,1.428,0.266,False,False,0,LOW,False,0.09230060953911984,NORMAL
AST-0008,2026-08-13 19:41:38.403936,5.26,2.73,100.29,59.86,43.42,2026-08-13,19,3,4.781999999999999,2.752,0.4780000000000006,-0.0219999999999997,False,False,0,LOW,False,0.13541901021110325,NORMAL
AST-0008,2026-08-13 22:53:38.403936,6.16,2.61,102.17,47.75,21.36,2026-08-13,22,3,5.382,2.766,0.7780000000000005,-0.1559999999999997,False,False,0,LOW,False,0.01996743895510167,NORMAL
AST-0008,2026-08-14 00:25:38.403936,5.31,1.67,100.92,56.24,40.11,2026-08-14,0,4,5.419999999999999,2.592,-0.1099999999999994,-0.9220000000000002,False,True,1,MEDIUM,False,0.1177680155135371,NORMAL
AST-0008,2026-08-14 07:34:38.403936,0.45,3.04,99.99,46.69,74.2,2026-08-14,7,4,4.58,2.588,-4.13,0.4519999999999999,False,False,0,LOW,False,0.05406373825375438,NORMAL
AST-0008,2026-08-14 20:40:38.403936,4.71,1.89,104.25,50.53,58.97,2026-08-14,20,4,4.377999999999998,2.3880000000000003,0.3320000000000016,-0.4980000000000004,False,False,0,LOW,False,0.1016957879562484,NORMAL
AST-0008,2026-08-15 10:35:38.403936,2.91,3.07,103.61,31.92,62.28,2026-08-15,10,5,3.908,2.4560000000000004,-0.9979999999999998,0.6139999999999994,False,True,1,MEDIUM,False,0.025761802203679074,NORMAL
AST-0008,2026-08-15 11:07:38.403936,8.64,2.81,100.28,64.74,33.16,2026-08-15,11,5,4.403999999999999,2.496,4.2360000000000015,0.314,False,False,0,LOW,False,0.06284519883722889,NORMAL
AST-0008,2026-08-15 11:47:38.403936,6.29,2.01,101.03,65.15,50.87,2026-08-15,11,5,4.6,2.564,1.6900000000000004,-0.5539999999999998,False,True,1,MEDIUM,False,0.15460111893407585,NORMAL
AST-0008,2026-08-15 16:36:38.403936,5.04,2.19,99.6,66.59,48.04,2026-08-15,16,5,5.517999999999999,2.394,-0.4779999999999988,-0.2039999999999997,False,False,0,LOW,False,0.14841030646634618,NORMAL
AST-0008,2026-08-15 18:43:38.403936,4.14,2.03,103.9,41.95,87.26,2026-08-15,18,5,5.403999999999999,2.422,-1.2639999999999991,-0.3919999999999999,False,False,0,LOW,False,0.029823916643873627,NORMAL
AST-0008,2026-08-15 19:06:38.403936,2.47,3.05,100.78,60.64,64.41,2026-08-15,19,5,5.316,2.418,-2.846,0.6320000000000001,False,True,1,MEDIUM,False,0.15389128878178376,NORMAL
AST-0008,2026-08-15 22:27:38.403936,5.14,2.77,101.04,64.32,60.26,2026-08-15,22,5,4.616,2.41,0.524,0.3599999999999999,False,False,0,LOW,False,0.17374014287336398,NORMAL
AST-0008,2026-08-15 23:35:38.403936,4.69,3.18,103.75,68.38,54.34,2026-08-15,23,5,4.295999999999999,2.644,0.394000000000001,0.536,False,True,1,MEDIUM,False,0.1416662428869626,NORMAL
AST-0008,2026-08-16 01:45:38.403936,4.38,2.01,97.63,60.59,44.55,2026-08-16,1,6,4.164,2.608,0.2160000000000002,-0.5980000000000003,False,True,1,MEDIUM,False,0.08562604597031409,NORMAL
AST-0008,2026-08-16 03:06:38.403936,4.6,3.19,97.91,73.2,79.71,2026-08-16,3,6,4.255999999999999,2.84,0.3440000000000012,0.3500000000000001,False,False,0,LOW,False,0.11432367925630399,NORMAL
AST-0008,2026-08-16 04:09:38.403936,3.8,1.13,104.01,63.85,87.28,2026-08-16,4,6,4.521999999999999,2.4560000000000004,-0.7219999999999995,-1.3260000000000003,False,True,1,MEDIUM,False,0.08382745870376151,NORMAL
AST-0008,2026-08-16 07:12:38.403936,4.01,1.36,102.09,73.29,53.63,2026-08-16,7,6,4.295999999999999,2.1740000000000004,-0.2859999999999996,-0.8140000000000003,False,True,1,MEDIUM,False,0.1285552873523108,NORMAL
AST-0008,2026-08-16 08:36:38.403936,1.65,3.1,100.88,69.31,38.44,2026-08-16,8,6,3.687999999999999,2.158,-2.037999999999999,0.9420000000000002,False,True,1,MEDIUM,False,0.09452198286192148,NORMAL
AST-0008,2026-08-16 13:08:38.403936,3.41,2.39,104.06,61.34,67.24,2026-08-16,13,6,3.493999999999999,2.234,-0.0839999999999987,0.1560000000000001,False,False,0,LOW,False,0.13734022383104838,NORMAL
AST-0008,2026-08-16 13:33:38.403936,3.86,2.49,99.03,75.29,32.71,2026-08-16,13,6,3.345999999999999,2.0940000000000003,0.5140000000000007,0.3959999999999999,False,False,0,LOW,False,0.0698134475170934,NORMAL
AST-0008,2026-08-16 19:27:38.403936,4.78,2.47,101.33,65.62,67.34,2026-08-16,19,6,3.541999999999999,2.362,1.238000000000001,0.1080000000000005,False,False,0,LOW,False,0.17639737614352768,NORMAL
AST-0008,2026-08-16 21:41:38.403936,4.91,1.57,103.45,66.22,47.81,2026-08-16,21,6,3.722,2.404,1.1880000000000002,-0.8339999999999999,False,True,1,MEDIUM,False,0.12532767946893236,NORMAL
AST-0008,2026-08-17 01:03:38.403936,4.76,1.73,98.54,72.7,92.11,2026-08-17,1,0,4.343999999999999,2.13,0.4160000000000003,-0.3999999999999999,False,False,0,LOW,False,0.07900998560738554,NORMAL
AST-0008,2026-08-17 01:21:38.403936,6.67,3.52,98.78,68.33,54.28,2026-08-17,1,0,4.996,2.3560000000000003,1.6740000000000004,1.1639999999999997,False,True,1,MEDIUM,False,0.11195756931656575,NORMAL
AST-0008,2026-08-17 03:20:38.403936,3.77,3.51,99.88,69.44,78.94,2026-08-17,3,0,4.978,2.56,-1.2079999999999995,0.9499999999999996,False,True,1,MEDIUM,False,0.13704381373426233,NORMAL
AST-0008,2026-08-17 03:20:38.403936,3.12,9.64,98.16,77.32,65.7,2026-08-17,3,0,4.645999999999999,3.9940000000000007,-1.525999999999999,5.646,False,True,1,MEDIUM,True,-0.037577898434106416,ANOMALOUS
AST-0008,2026-08-17 11:49:38.403936,5.02,1.92,98.41,72.85,54.79,2026-08-17,11,0,4.667999999999999,4.064,0.3520000000000003,-2.144,False,True,1,MEDIUM,False,0.11634533666241087,NORMAL
AST-0008,2026-08-17 12:15:38.403936,4.77,2.22,105.6,64.06,85.93,2026-08-17,12,0,4.669999999999999,4.162000000000001,0.1000000000000005,-1.9420000000000008,False,True,1,MEDIUM,False,0.08462114857838887,NORMAL
AST-0008,2026-08-17 16:08:38.403936,5.28,2.04,101.25,86.42,96.1,2026-08-17,16,0,4.391999999999999,3.866000000000001,0.8880000000000017,-1.8260000000000003,False,True,1,MEDIUM,False,0.03258916792120936,NORMAL
AST-0008,2026-08-17 17:57:38.403936,2.51,2.95,102.56,71.82,82.04,2026-08-17,17,0,4.139999999999999,3.754,-1.629999999999999,-0.8039999999999998,False,True,1,MEDIUM,False,0.1358014918891911,NORMAL
AST-0008,2026-08-17 20:17:38.403936,4.72,1.75,102.98,66.8,82.15,2026-08-17,20,0,4.459999999999999,2.176,0.2600000000000007,-0.4260000000000001,False,False,0,LOW,False,0.14306382249482197,NORMAL
AST-0008,2026-08-18 02:30:38.403936,6.12,2.02,99.41,61.92,47.58,2026-08-18,2,1,4.679999999999999,2.196,1.4400000000000013,-0.1760000000000001,False,False,0,LOW,False,0.13799124051108264,NORMAL
AST-0008,2026-08-18 04:11:38.403936,4.68,3.08,99.58,81.96,28.15,2026-08-18,4,1,4.661999999999999,2.368,0.0180000000000006,0.7120000000000002,False,True,1,MEDIUM,False,0.027537752464212417,NORMAL
AST-0008,2026-08-18 06:08:38.403936,7.6,1.38,103.71,66.8,80.08,2026-08-18,6,1,5.126,2.236,2.474,-0.8559999999999999,False,True,1,MEDIUM,False,0.08089356135502024,NORMAL
AST-0008,2026-08-18 09:15:38.403936,5.22,2.63,99.84,68.97,79.15,2026-08-18,9,1,5.667999999999999,2.172,-0.4479999999999995,0.4580000000000002,False,False,0,LOW,False,0.15382263659720402,NORMAL
AST-0008,2026-08-18 09:25:38.403936,4.01,1.81,100.31,61.93,65.09,2026-08-18,9,1,5.525999999999999,2.184,-1.5159999999999991,-0.3740000000000001,False,False,0,LOW,False,0.16194129750279046,NORMAL
AST-0008,2026-08-18 10:13:38.403936,5.04,2.49,100.14,45.37,54.64,2026-08-18,10,1,5.309999999999999,2.278,-0.2699999999999987,0.2120000000000002,False,False,0,LOW,False,0.10228396808853268,NORMAL
AST-0008,2026-08-18 12:31:38.403936,7.83,2.55,102.87,59.1,65.35,2026-08-18,12,1,5.94,2.172,1.8900000000000008,0.3780000000000001,False,False,0,LOW,False,0.12720958470349314,NORMAL
AST-0008,2026-08-18 16:33:38.403936,1.13,2.31,103.69,64.14,92.53,2026-08-18,16,1,4.645999999999999,2.358,-3.515999999999999,-0.048,False,False,0,LOW,False,0.0698372100987722,NORMAL
AST-0008,2026-08-18 16:50:38.403936,6.82,1.87,100.66,73.14,42.84,2026-08-18,16,1,4.965999999999999,2.2060000000000004,1.854000000000001,-0.3360000000000003,False,False,0,LOW,False,0.11252210353297853,NORMAL
AST-0008,2026-08-18 17:53:38.403936,6.94,2.27,104.48,71.79,62.53,2026-08-18,17,1,5.552,2.298,1.3880000000000008,-0.028,False,False,0,LOW,False,0.1071008015914296,NORMAL
AST-0008,2026-08-19 03:01:38.403936,3.43,2.34,100.15,85.78,55.36,2026-08-19,3,2,5.23,2.268,-1.7999999999999994,0.072,False,False,0,LOW,False,0.07803853825256923,NORMAL
AST-0008,2026-08-19 03:50:38.403936,5.56,2.05,102.56,74.73,76.19,2026-08-19,3,2,4.775999999999999,2.168,0.7840000000000007,-0.1180000000000003,False,False,0,LOW,False,0.1483734791989837,NORMAL
AST-0008,2026-08-19 05:39:38.403936,5.59,2.41,97.25,74.54,54.34,2026-08-19,5,2,5.667999999999999,2.188,-0.0779999999999994,0.2220000000000004,False,False,0,LOW,False,0.07718314015094191,NORMAL
AST-0008,2026-08-19 08:36:38.403936,4.26,2.35,99.61,64.86,63.87,2026-08-19,8,2,5.155999999999999,2.2840000000000003,-0.895999999999999,0.0659999999999998,False,False,0,LOW,False,0.16584701169813265,NORMAL
AST-0008,2026-08-19 09:19:38.403936,3.12,2.45,101.37,67.72,70.21,2026-08-19,9,2,4.391999999999999,2.32,-1.2719999999999985,0.1300000000000003,False,False,0,LOW,False,0.16314823972540615,NORMAL
AST-0008,2026-08-19 14:50:38.403936,4.93,1.82,104.23,47.04,42.87,2026-08-19,14,2,4.691999999999998,2.216,0.2380000000000013,-0.3960000000000001,False,False,0,LOW,False,0.053978995269202745,NORMAL
AST-0008,2026-08-19 15:39:38.403936,4.71,0.8,102.84,67.15,74.15,2026-08-19,15,2,4.521999999999999,1.9660000000000004,0.1880000000000006,-1.1660000000000004,False,True,1,MEDIUM,False,0.11733548697195328,NORMAL
AST-0008,2026-08-19 16:41:38.403936,1.73,2.25,102.34,69.04,97.37,2026-08-19,16,2,3.749999999999999,1.9340000000000004,-2.019999999999999,0.3159999999999996,False,False,0,LOW,False,0.0701496205726384,NORMAL
AST-0008,2026-08-19 17:08:38.403936,3.96,0.98,107.58,63.5,83.7,2026-08-19,17,2,3.689999999999999,1.66,0.2700000000000009,-0.6800000000000002,False,True,1,MEDIUM,False,0.009753723135554448,NORMAL
AST-0008,2026-08-19 19:46:38.403936,6.25,2.45,100.86,66.91,44.31,2026-08-19,19,2,4.315999999999999,1.66,1.934000000000001,0.79,False,True,1,MEDIUM,False,0.13953632536551525,NORMAL
AST-0008,2026-08-20 02:51:38.403936,3.1,2.56,104.09,69.45,65.56,2026-08-20,2,3,3.9499999999999993,1.808,-0.8499999999999992,0.7520000000000002,False,True,1,MEDIUM,False,0.1346786122556986,NORMAL
AST-0008,2026-08-20 05:00:38.403936,2.88,2.63,104.29,51.87,72.09,2026-08-20,5,3,3.5839999999999987,2.174,-0.7039999999999988,0.4559999999999999,False,False,0,LOW,False,0.10200868816816622,NORMAL
AST-0008,2026-08-20 05:12:38.403936,4.02,2.51,103.1,74.15,60.84,2026-08-20,5,3,4.041999999999999,2.226,-0.0219999999999993,0.2839999999999998,False,False,0,LOW,False,0.1527744989628596,NORMAL
AST-0008,2026-08-20 07:31:38.403936,4.77,2.33,101.8,71.8,44.16,2026-08-20,7,3,4.203999999999999,2.496,0.5660000000000007,-0.1659999999999999,False,False,0,LOW,False,0.13741434065703256,NORMAL
AST-0008,2026-08-20 10:47:38.403936,4.09,1.12,99.34,60.7,89.63,2026-08-20,10,3,3.772,2.2299999999999995,0.3180000000000005,-1.1099999999999994,False,True,1,MEDIUM,False,0.09282044462318112,NORMAL
AST-0008,2026-08-20 11:03:38.403936,8.16,1.83,103.66,73.56,64.75,2026-08-20,11,3,4.783999999999999,2.0840000000000005,3.376000000000001,-0.2540000000000004,False,False,0,LOW,False,0.08962883413964373,NORMAL
AST-0008,2026-08-20 11:52:38.403936,4.25,3.8,101.47,66.16,62.48,2026-08-20,11,3,5.058,2.318,-0.8079999999999998,1.4819999999999998,False,True,1,MEDIUM,False,0.1570250327335494,NORMAL
AST-0008,2026-08-20 11:58:38.403936,7.35,2.77,100.58,62.52,65.72,2026-08-20,11,3,5.723999999999998,2.37,1.6260000000000012,0.3999999999999999,False,False,0,LOW,False,0.14774872435537556,NORMAL
AST-0008,2026-08-20 13:10:38.403936,7.2,0.88,102.39,73.59,74.77,2026-08-20,13,3,6.209999999999999,2.08,0.9900000000000012,-1.2000000000000002,False,True,1,MEDIUM,False,0.08970859127448327,NORMAL
AST-0008,2026-08-20 20:05:38.403936,6.02,2.22,97.05,70.82,62.75,2026-08-20,20,3,6.595999999999999,2.3,-0.5759999999999996,-0.0799999999999996,False,False,0,LOW,False,0.0859491925067683,NORMAL
AST-0008,2026-08-20 21:50:38.403936,4.46,3.92,104.62,60.43,54.16,2026-08-20,21,3,5.856,2.718,-1.396,1.202,False,True,1,MEDIUM,False,0.0963235555396586,NORMAL
AST-0008,2026-08-21 00:08:38.403936,1.8,2.63,103.02,48.82,73.09,2026-08-21,0,4,5.365999999999999,2.484,-3.565999999999999,0.1459999999999999,False,False,0,LOW,False,0.10039844038927637,NORMAL
AST-0008,2026-08-21 02:12:38.403936,4.72,0.89,97.21,86.7,76.12,2026-08-21,2,4,4.839999999999999,2.108,-0.1199999999999992,-1.218,False,True,1,MEDIUM,True,-0.008033349533202228,ANOMALOUS
AST-0008,2026-08-21 03:21:38.403936,6.34,1.99,98.86,71.95,71.56,2026-08-21,3,4,4.667999999999999,2.33,1.6720000000000006,-0.3399999999999996,False,False,0,LOW,False,0.13158189935849735,NORMAL
AST-0008,2026-08-21 04:15:38.403936,7.04,2.62,100.71,58.82,81.17,2026-08-21,4,4,4.871999999999999,2.41,2.168000000000001,0.2099999999999999,False,False,0,LOW,False,0.13304043803733923,NORMAL
AST-0008,2026-08-21 08:00:38.403936,8.87,5.37,99.13,67.34,100.0,2026-08-21,8,4,5.754,2.7,3.116,2.67,False,True,1,MEDIUM,True,-0.028703633482399682,ANOMALOUS
AST-0008,2026-08-21 14:40:38.403936,5.3,3.17,103.74,75.57,80.7,2026-08-21,14,4,6.453999999999999,2.808,-1.153999999999999,0.3620000000000001,False,False,0,LOW,False,0.121386204704522,NORMAL
AST-0008,2026-08-21 21:35:38.403936,5.08,3.03,99.73,68.85,89.29,2026-08-21,21,4,6.525999999999999,3.236,-1.4459999999999988,-0.2059999999999999,False,False,0,LOW,False,0.13076951001352505,NORMAL
AST-0008,2026-08-22 06:39:38.403936,5.42,2.8,101.64,76.62,55.29,2026-08-22,6,5,6.342,3.398000000000001,-0.9219999999999996,-0.5980000000000008,False,True,1,MEDIUM,False,0.14183375782211705,NORMAL
AST-0008,2026-08-22 07:17:38.403936,5.88,3.18,98.67,60.34,79.81,2026-08-22,7,5,6.109999999999999,3.51,-0.2299999999999995,-0.33,False,False,0,LOW,False,0.12891746815851207,NORMAL
AST-0008,2026-08-22 10:20:38.403936,7.79,4.55,100.02,41.82,75.72,2026-08-22,10,5,5.893999999999999,3.345999999999999,1.8960000000000008,1.2040000000000006,False,True,1,MEDIUM,False,0.0003385401705767732,NORMAL
AST-0008,2026-08-22 12:46:38.403936,5.79,1.71,99.93,68.85,79.37,2026-08-22,12,5,5.991999999999999,3.054,-0.201999999999999,-1.344,False,True,1,MEDIUM,False,0.14172781287248426,NORMAL
AST-0008,2026-08-22 18:47:38.403936,2.84,2.33,100.68,72.8,88.59,2026-08-22,18,5,5.544,2.914,-2.704,-0.5840000000000001,False,True,1,MEDIUM,False,0.11640929950010692,NORMAL
AST-0008,2026-08-22 19:23:38.403936,3.27,3.24,101.3,64.39,86.18,2026-08-22,19,5,5.113999999999999,3.002,-1.843999999999999,0.238,False,False,0,LOW,False,0.14071346907017673,NORMAL
AST-0008,2026-08-23 00:13:38.403936,3.92,0.95,101.0,41.33,71.37,2026-08-23,0,6,4.722,2.556,-0.8019999999999996,-1.606,False,True,1,MEDIUM,False,0.04343453887077947,NORMAL
AST-0008,2026-08-23 02:15:38.403936,1.18,1.93,101.89,59.68,82.44,2026-08-23,2,6,3.3999999999999995,2.032,-2.22,-0.102,False,False,0,LOW,False,0.10078324209082018,NORMAL
AST-0008,2026-08-23 04:09:38.403936,3.62,2.68,99.03,68.5,48.88,2026-08-23,4,6,2.9659999999999997,2.226,0.6540000000000008,0.4540000000000002,False,False,0,LOW,False,0.13083728014333212,NORMAL
AST-0008,2026-08-23 04:29:38.403936,3.88,0.92,100.57,48.74,72.48,2026-08-23,4,6,3.1739999999999995,1.944,0.7060000000000004,-1.024,False,True,1,MEDIUM,False,0.08485778302377495,NORMAL
AST-0008,2026-08-23 04:44:38.403936,6.87,1.97,102.93,63.01,46.95,2026-08-23,4,6,3.894,1.69,2.9760000000000004,0.28,False,False,0,LOW,False,0.13222797073429204,NORMAL
AST-0008,2026-08-23 05:08:38.403936,3.32,2.2,98.49,65.16,81.24,2026-08-23,5,6,3.774,1.94,-0.4539999999999997,0.2600000000000002,False,False,0,LOW,False,0.12328270095979449,NORMAL
AST-0008,2026-08-23 05:25:38.403936,2.98,2.57,99.45,67.55,48.88,2026-08-23,5,6,4.134,2.068,-1.1539999999999997,0.5019999999999998,False,True,1,MEDIUM,False,0.13297156160465634,NORMAL
AST-0008,2026-08-23 06:12:38.403936,5.05,2.92,104.1,58.72,38.21,2026-08-23,6,6,4.419999999999999,2.116,0.6300000000000008,0.8039999999999998,False,True,1,MEDIUM,False,0.09600627781702992,NORMAL
AST-0008,2026-08-23 12:55:38.403936,0.51,2.74,103.17,67.25,78.08,2026-08-23,12,6,3.746,2.48,-3.236,0.2600000000000002,False,False,0,LOW,False,0.09596147287558426,NORMAL
AST-0008,2026-08-23 12:59:38.403936,5.78,1.63,103.08,66.72,74.96,2026-08-23,12,6,3.528,2.412,2.2520000000000007,-0.782,False,True,1,MEDIUM,False,0.1459341901553462,NORMAL
AST-0008,2026-08-23 14:25:38.403936,3.96,1.29,101.8,65.49,48.2,2026-08-23,14,6,3.655999999999999,2.2299999999999995,0.3040000000000011,-0.9399999999999996,False,True,1,MEDIUM,False,0.13382841281282393,NORMAL
AST-0008,2026-08-23 16:18:38.403936,5.94,2.54,98.5,44.2,37.47,2026-08-23,16,6,4.247999999999999,2.224,1.692000000000001,0.3159999999999998,False,False,0,LOW,False,0.028330949962372953,NORMAL
AST-0008,2026-08-23 20:54:38.403936,3.48,3.05,103.38,70.52,99.14,2026-08-23,20,6,3.934,2.25,-0.4539999999999997,0.7999999999999998,False,True,1,MEDIUM,False,0.07170176785367632,NORMAL
AST-0008,2026-08-23 22:22:38.403936,2.41,2.67,103.03,40.75,76.6,2026-08-23,22,6,4.313999999999999,2.236,-1.903999999999999,0.4340000000000001,False,False,0,LOW,False,0.05944752959140065,NORMAL
AST-0008,2026-08-24 01:22:38.403936,7.58,1.8,102.09,65.45,77.04,2026-08-24,1,0,4.674,2.27,2.9060000000000006,-0.47,False,False,0,LOW,False,0.1315632446249405,NORMAL
AST-0008,2026-08-24 13:55:38.403936,6.09,3.65,103.1,63.36,83.8,2026-08-24,13,0,5.099999999999999,2.742,0.9900000000000012,0.908,False,True,1,MEDIUM,False,0.12072947555954783,NORMAL
AST-0008,2026-08-24 14:46:38.403936,4.45,1.86,99.46,80.86,82.21,2026-08-24,14,0,4.802,2.606,-0.3519999999999994,-0.7459999999999998,False,True,1,MEDIUM,False,0.09421988829538436,NORMAL
AST-0008,2026-08-24 19:08:38.403936,2.8,2.78,99.61,66.02,56.31,2026-08-24,19,0,4.666,2.552,-1.866,0.2279999999999997,False,False,0,LOW,False,0.14641970476337152,NORMAL
AST-0008,2026-08-24 22:51:38.403936,6.31,2.76,101.54,59.46,86.39,2026-08-24,22,0,5.446,2.57,0.8639999999999999,0.1899999999999999,False,False,0,LOW,False,0.13494303518988793,NORMAL
AST-0008,2026-08-24 23:03:38.403936,3.14,3.25,99.91,55.59,74.58,2026-08-24,23,0,4.558,2.86,-1.4179999999999997,0.3900000000000001,False,False,0,LOW,False,0.13716409073698743,NORMAL
AST-0008,2026-08-25 06:08:38.403936,4.14,2.27,102.35,75.42,44.33,2026-08-25,6,1,4.167999999999999,2.584,-0.0279999999999995,-0.3139999999999996,False,False,0,LOW,False,0.12471034589340557,NORMAL
AST-0008,2026-08-25 06:42:38.403936,4.68,3.22,100.36,77.16,51.55,2026-08-25,6,1,4.213999999999999,2.856,0.4660000000000011,0.3640000000000003,False,False,0,LOW,False,0.1303691627510803,NORMAL
AST-0008,2026-08-25 10:44:38.403936,1.72,2.06,101.03,77.54,63.19,2026-08-25,10,1,3.998,2.712,-2.278,-0.6520000000000001,False,True,1,MEDIUM,False,0.12033086005388882,NORMAL
AST-0008,2026-08-25 10:46:38.403936,7.23,3.24,103.21,77.03,74.61,2026-08-25,10,1,4.182,2.8080000000000003,3.048000000000001,0.4319999999999999,False,False,0,LOW,False,0.10961951840894163,NORMAL
AST-0008,2026-08-25 10:51:38.403936,15.56,2.22,100.32,58.42,100.0,2026-08-25,10,1,6.666,2.6020000000000003,8.894000000000002,-0.3820000000000001,True,False,1,MEDIUM,True,-0.037569718731204294,ANOMALOUS
AST-0008,2026-08-25 10:54:38.403936,4.25,2.81,99.32,65.32,62.82,2026-08-25,10,1,6.688,2.71,-2.438,0.1,False,False,0,LOW,False,0.15898697980700155,NORMAL
AST-0008,2026-08-25 13:01:38.403936,4.76,3.59,99.53,70.04,66.53,2026-08-25,13,1,6.703999999999999,2.784,-1.943999999999999,0.806,False,True,1,MEDIUM,False,0.14233066620974638,NORMAL
AST-0008,2026-08-25 14:37:38.403936,6.21,2.24,103.17,64.59,100.0,2026-08-25,14,1,7.601999999999999,2.82,-1.3919999999999997,-0.5799999999999996,False,True,1,MEDIUM,False,0.07772151736447963,NORMAL
AST-0008,2026-08-25 18:55:38.403936,5.16,3.26,99.26,69.73,60.18,2026-08-25,18,1,7.188,2.824,-2.028,0.4359999999999999,False,False,0,LOW,False,0.14486210798737148,NORMAL
AST-0008,2026-08-25 20:10:38.403936,4.73,2.63,101.69,64.76,74.19,2026-08-25,20,1,5.021999999999999,2.906,-0.2919999999999989,-0.2759999999999998,False,False,0,LOW,False,0.17101098038845136,NORMAL
AST-0008,2026-08-25 21:32:38.403936,4.0,2.25,98.2,67.64,64.27,2026-08-25,21,1,4.972,2.794,-0.9719999999999996,-0.544,False,True,1,MEDIUM,False,0.1348417706749438,NORMAL
AST-0008,2026-08-26 00:48:38.403936,5.99,3.92,100.46,60.01,70.76,2026-08-26,0,2,5.217999999999999,2.8600000000000003,0.7720000000000011,1.0599999999999996,False,True,1,MEDIUM,False,0.13512815990649724,NORMAL
AST-0008,2026-08-26 04:52:38.403936,2.49,2.27,102.84,79.13,60.42,2026-08-26,4,2,4.473999999999999,2.866,-1.983999999999999,-0.5960000000000001,False,True,1,MEDIUM,False,0.11322876335589899,NORMAL
AST-0008,2026-08-26 07:47:38.403936,1.95,1.85,101.68,57.13,68.66,2026-08-26,7,2,3.832,2.584,-1.8819999999999997,-0.734,False,True,1,MEDIUM,False,0.134245141904549,NORMAL
AST-0008,2026-08-26 08:20:38.403936,4.18,3.15,101.85,63.86,39.79,2026-08-26,8,2,3.722,2.688,0.4579999999999997,0.4620000000000002,False,False,0,LOW,False,0.13146575679877281,NORMAL
AST-0008,2026-08-26 08:46:38.403936,4.19,3.11,95.37,78.28,62.17,2026-08-26,8,2,3.7599999999999993,2.86,0.430000000000001,0.25,False,False,0,LOW,False,0.036735125100497756,NORMAL
AST-0008,2026-08-26 08:51:38.403936,4.73,1.4,97.3,70.32,70.78,2026-08-26,8,2,3.507999999999999,2.356,1.2220000000000013,-0.956,False,True,1,MEDIUM,False,0.0834289433362812,NORMAL
AST-0008,2026-08-26 09:48:38.403936,4.31,2.7,103.03,65.29,46.55,2026-08-26,9,2,3.872,2.442,0.4379999999999997,0.258,False,False,0,LOW,False,0.15104339868521116,NORMAL
AST-0008,2026-08-26 16:20:38.403936,4.93,2.72,103.52,58.9,77.39,2026-08-26,16,2,4.467999999999999,2.616,0.4620000000000006,0.104,False,False,0,LOW,False,0.14175749269967164,NORMAL
AST-0008,2026-08-27 00:11:38.403936,7.44,1.87,98.91,68.2,63.01,2026-08-27,0,3,5.119999999999999,2.3600000000000003,2.320000000000001,-0.4900000000000002,False,False,0,LOW,False,0.12063788734195491,NORMAL
AST-0008,2026-08-27 00:14:38.403936,3.35,3.2,101.67,86.9,50.45,2026-08-27,0,3,4.952,2.378,-1.602,0.8220000000000001,False,True,1,MEDIUM,False,0.0640248664025796,NORMAL
AST-0008,2026-08-27 05:00:38.403936,3.43,2.35,99.67,65.58,66.54,2026-08-27,5,3,4.691999999999999,2.568,-1.2619999999999991,-0.2179999999999999,False,False,0,LOW,False,0.1588182400085148,NORMAL
AST-0008,2026-08-27 07:08:38.403936,5.97,2.09,100.43,70.67,81.83,2026-08-27,7,3,5.023999999999999,2.446,0.9460000000000006,-0.3560000000000003,False,False,0,LOW,False,0.14561483249672702,NORMAL
AST-0008,2026-08-27 14:38:38.403936,15.36,2.12,102.92,49.98,84.9,2026-08-27,14,3,7.109999999999999,2.326,8.25,-0.2059999999999999,True,False,1,MEDIUM,True,-0.01843203510457314,ANOMALOUS
AST-0008,2026-08-27 16:42:38.403936,3.49,1.93,104.15,83.64,48.28,2026-08-27,16,3,6.319999999999999,2.338,-2.8299999999999983,-0.4080000000000001,False,False,0,LOW,False,0.05408960657436668,NORMAL
AST-0008,2026-08-27 17:39:38.403936,1.19,2.29,103.66,53.76,77.6,2026-08-27,17,3,5.887999999999999,2.156,-4.697999999999999,0.1339999999999999,False,False,0,LOW,False,0.09078122010510137,NORMAL
AST-0008,2026-08-27 18:51:38.403936,4.03,2.99,103.71,63.61,56.9,2026-08-27,18,3,6.007999999999999,2.284,-1.9779999999999989,0.7060000000000004,False,True,1,MEDIUM,False,0.14763015349081238,NORMAL
AST-0008,2026-08-27 20:21:38.403936,2.12,1.56,101.61,63.84,75.7,2026-08-27,20,3,5.238,2.178,-3.1179999999999994,-0.6179999999999999,False,True,1,MEDIUM,False,0.12983005240779338,NORMAL
AST-0008,2026-08-27 23:52:38.403936,15.47,1.68,101.08,75.32,38.96,2026-08-27,23,3,5.26,2.09,10.21,-0.4099999999999999,True,False,1,MEDIUM,True,-0.026702560694365385,ANOMALOUS
AST-0008,2026-08-28 03:58:38.403936,4.99,1.6,104.06,85.37,67.65,2026-08-28,3,4,5.56,2.024,-0.5699999999999994,-0.4239999999999999,False,False,0,LOW,False,0.06121430241729897,NORMAL
AST-0008,2026-08-28 16:21:38.403936,7.18,2.01,101.4,62.98,68.99,2026-08-28,16,4,6.758,1.968,0.4219999999999997,0.0419999999999998,False,False,0,LOW,False,0.15143085193882921,NORMAL
AST-0008,2026-08-28 17:02:38.403936,2.57,6.99,100.83,75.79,26.13,2026-08-28,17,4,6.465999999999999,2.768,-3.896,4.222,False,True,1,MEDIUM,True,-0.049087170715339634,ANOMALOUS
AST-0009,2026-07-29 22:11:38.403936,3.27,2.69,101.79,59.93,56.52,2026-07-29,22,2,3.27,2.69,0.0,0.0,False,False,0,LOW,False,0.15282070605000403,NORMAL
AST-0009,2026-07-30 01:46:38.403936,4.76,4.89,102.03,61.86,81.59,2026-07-30,1,3,4.015,3.79,0.7450000000000001,1.0999999999999996,False,True,1,MEDIUM,False,0.09759854002127022,NORMAL
AST-0009,2026-07-30 03:52:38.403936,4.05,1.83,100.6,48.35,89.17,2026-07-30,3,3,4.026666666666666,3.1366666666666667,0.0233333333333334,-1.3066666666666666,False,True,1,MEDIUM,False,0.0815325431235236,NORMAL
AST-0009,2026-07-30 05:11:38.403936,4.47,2.43,101.44,89.08,45.52,2026-07-30,5,3,4.137499999999999,2.96,0.3325000000000004,-0.5299999999999998,False,True,1,MEDIUM,False,0.037542968736469506,NORMAL
AST-0009,2026-07-30 06:39:38.403936,3.15,2.94,99.83,61.99,35.71,2026-07-30,6,3,3.94,2.956,-0.79,-0.016,False,False,0,LOW,False,0.10721799356031853,NORMAL
AST-0009,2026-07-30 10:19:38.403936,1.17,1.88,99.02,71.85,60.61,2026-07-30,10,3,3.52,2.794,-2.35,-0.9139999999999996,False,True,1,MEDIUM,False,0.09677082440999324,NORMAL
AST-0009,2026-07-30 12:12:38.403936,4.43,2.77,99.41,86.63,55.26,2026-07-30,12,3,3.454,2.37,0.976,0.3999999999999999,False,False,0,LOW,False,0.06616697624557705,NORMAL
AST-0009,2026-07-30 16:54:38.403936,4.52,1.63,101.27,61.87,100.0,2026-07-30,16,3,3.548,2.33,0.972,-0.6999999999999997,False,True,1,MEDIUM,False,0.07158203965311988,NORMAL
AST-0009,2026-07-30 18:01:38.403936,5.52,1.76,99.03,61.53,54.46,2026-07-30,18,3,3.758,2.196,1.7619999999999996,-0.4359999999999997,False,False,0,LOW,False,0.13484477769867942,NORMAL
AST-0009,2026-07-30 18:16:38.403936,2.36,2.63,100.4,70.07,51.68,2026-07-30,18,3,3.6,2.134,-1.2400000000000002,0.496,False,False,0,LOW,False,0.1407343886087663,NORMAL
AST-0009,2026-07-30 22:07:38.403936,5.41,2.71,97.4,61.49,25.07,2026-07-30,22,3,4.448,2.3,0.9619999999999996,0.4100000000000001,False,False,0,LOW,False,0.018643859876162572,NORMAL
AST-0009,2026-07-30 22:20:38.403936,7.37,1.63,98.88,58.36,52.36,2026-07-30,22,3,5.036,2.072,2.3340000000000005,-0.4420000000000001,False,False,0,LOW,False,0.10019803437713043,NORMAL
AST-0009,2026-07-30 22:21:38.403936,6.67,1.16,102.07,65.01,79.88,2026-07-30,22,3,5.465999999999999,1.978,1.2040000000000006,-0.8179999999999998,False,True,1,MEDIUM,False,0.11777297462361647,NORMAL
AST-0009,2026-07-30 22:55:38.403936,2.57,2.55,103.13,69.22,63.93,2026-07-30,22,3,4.876,2.136,-2.3060000000000005,0.4139999999999997,False,False,0,LOW,False,0.1502694563750206,NORMAL
AST-0009,2026-07-31 04:44:38.403936,2.44,2.56,101.92,62.37,91.53,2026-07-31,4,4,4.892,2.122,-2.4519999999999995,0.4380000000000001,False,False,0,LOW,False,0.11667779515119853,NORMAL
AST-0009,2026-07-31 09:45:38.403936,4.19,2.6,101.84,68.08,51.35,2026-07-31,9,4,4.648,2.1,-0.4579999999999993,0.5,False,False,0,LOW,False,0.1639160344432249,NORMAL
AST-0009,2026-07-31 20:21:38.403936,4.01,2.69,101.51,65.24,51.49,2026-07-31,20,4,3.976,2.3120000000000003,0.0339999999999993,0.3779999999999996,False,False,0,LOW,False,0.1635252119645939,NORMAL
AST-0009,2026-08-01 02:20:38.403936,4.16,2.85,103.29,82.23,75.42,2026-08-01,2,5,3.4739999999999998,2.65,0.6860000000000008,0.2000000000000001,False,False,0,LOW,False,0.10200978741417432,NORMAL
AST-0009,2026-08-01 03:07:38.403936,9.11,0.76,104.04,61.06,35.89,2026-08-01,3,5,4.782,2.292,4.327999999999999,-1.5319999999999998,False,True,1,MEDIUM,True,-0.0039603795704455935,ANOMALOUS
AST-0009,2026-08-01 11:06:38.403936,3.42,2.06,99.88,75.92,56.14,2026-08-01,11,5,4.978,2.192,-1.5579999999999998,-0.1319999999999996,False,False,0,LOW,False,0.12661224186098136,NORMAL
AST-0009,2026-08-01 17:40:38.403936,5.47,1.57,99.93,61.39,77.14,2026-08-01,17,5,5.234,1.986,0.2359999999999997,-0.4159999999999999,False,False,0,LOW,False,0.14361860437247115,NORMAL
AST-0009,2026-08-01 17:45:38.403936,3.98,2.33,98.6,56.62,72.39,2026-08-01,17,5,5.228,1.914,-1.2479999999999998,0.4159999999999999,False,False,0,LOW,False,0.1311866042839851,NORMAL
AST-0009,2026-08-01 18:28:38.403936,2.25,2.07,99.7,75.28,67.76,2026-08-01,18,5,4.846,1.7579999999999998,-2.596,0.312,False,False,0,LOW,False,0.12311529076030325,NORMAL
AST-0009,2026-08-01 18:57:38.403936,4.6,2.69,100.11,53.05,76.24,2026-08-01,18,5,3.944,2.144,0.6559999999999997,0.5460000000000003,False,True,1,MEDIUM,False,0.14615887297416036,NORMAL
AST-0009,2026-08-01 19:25:38.403936,4.23,2.59,103.84,74.37,86.96,2026-08-01,19,5,4.106,2.25,0.1240000000000005,0.3399999999999998,False,False,0,LOW,False,0.11532894011769579,NORMAL
AST-0009,2026-08-01 23:15:38.403936,2.43,2.15,100.78,64.3,77.4,2026-08-01,23,5,3.498,2.366,-1.0679999999999996,-0.2159999999999997,False,False,0,LOW,False,0.14898822941858897,NORMAL
AST-0009,2026-08-02 02:08:38.403936,1.5,2.17,103.71,61.43,52.51,2026-08-02,2,6,3.002,2.334,-1.5019999999999998,-0.1639999999999997,False,False,0,LOW,False,0.1065333406086858,NORMAL
AST-0009,2026-08-02 03:31:38.403936,3.46,1.57,100.74,56.36,65.23,2026-08-02,3,6,3.244,2.2339999999999995,0.2160000000000002,-0.6639999999999995,False,True,1,MEDIUM,False,0.14336967192562244,NORMAL
AST-0009,2026-08-02 09:29:38.403936,4.86,2.76,103.66,72.91,59.87,2026-08-02,9,6,3.2960000000000003,2.248,1.564,0.512,False,True,1,MEDIUM,False,0.14607128796678176,NORMAL
AST-0009,2026-08-02 13:35:38.403936,3.87,3.45,98.68,69.66,78.11,2026-08-02,13,6,3.224,2.4199999999999995,0.6459999999999999,1.0300000000000007,False,True,1,MEDIUM,False,0.12506308755301765,NORMAL
AST-0009,2026-08-02 19:10:38.403936,4.52,2.96,104.27,72.78,84.69,2026-08-02,19,6,3.642,2.582,0.8779999999999992,0.3780000000000001,False,False,0,LOW,False,0.11443738356980976,NORMAL
AST-0009,2026-08-02 20:01:38.403936,2.67,2.3,98.89,80.91,53.11,2026-08-02,20,6,3.876,2.608,-1.206,-0.3079999999999998,False,False,0,LOW,False,0.0761267515789425,NORMAL
AST-0009,2026-08-03 06:25:38.403936,4.94,2.31,100.48,83.19,86.19,2026-08-03,6,0,4.172,2.756,0.7680000000000007,-0.4459999999999993,False,False,0,LOW,False,0.08688549172937082,NORMAL
AST-0009,2026-08-03 08:21:38.403936,5.05,2.19,101.7,64.82,47.42,2026-08-03,8,0,4.21,2.6420000000000003,0.8399999999999999,-0.4520000000000004,False,False,0,LOW,False,0.15613598983171634,NORMAL
AST-0009,2026-08-03 11:08:38.403936,-0.88,4.42,101.73,60.35,43.81,2026-08-03,11,0,3.26,2.836,-4.14,1.584,False,True,1,MEDIUM,False,0.028431006059782882,NORMAL
AST-0009,2026-08-03 14:34:38.403936,4.89,1.34,99.37,56.88,53.06,2026-08-03,14,0,3.334,2.512,1.556,-1.1719999999999997,False,True,1,MEDIUM,False,0.12044269376457628,NORMAL
AST-0009,2026-08-03 18:16:38.403936,6.22,3.06,105.79,74.59,67.76,2026-08-03,18,0,4.044,2.664,2.176,0.3959999999999999,False,False,0,LOW,False,0.08218251191493237,NORMAL
AST-0009,2026-08-03 20:01:38.403936,5.07,1.93,100.1,63.52,44.66,2026-08-03,20,0,4.07,2.588,1.0,-0.6580000000000001,False,True,1,MEDIUM,False,0.14078142877321353,NORMAL
AST-0009,2026-08-03 23:26:38.403936,6.53,2.44,103.31,68.62,53.39,2026-08-03,23,0,4.366,2.638,2.1640000000000006,-0.1979999999999999,False,False,0,LOW,False,0.14362220897367978,NORMAL
AST-0009,2026-08-04 03:15:38.403936,4.9,8.46,102.04,63.76,73.24,2026-08-04,3,1,5.522,3.446,-0.6219999999999999,5.014000000000001,False,True,1,MEDIUM,False,0.00922520740265198,NORMAL
AST-0009,2026-08-04 03:36:38.403936,2.46,2.33,99.38,64.48,77.38,2026-08-04,3,1,5.036,3.644,-2.576,-1.3139999999999996,False,True,1,MEDIUM,False,0.1381553952617433,NORMAL
AST-0009,2026-08-04 10:29:38.403936,4.3,2.56,100.85,58.5,68.04,2026-08-04,10,1,4.652,3.544,-0.3520000000000003,-0.9839999999999997,False,True,1,MEDIUM,False,0.16476928816948422,NORMAL
AST-0009,2026-08-04 11:34:38.403936,-3.72,1.58,100.76,67.43,84.89,2026-08-04,11,1,2.894,3.474,-6.614,-1.894,True,True,2,HIGH,False,0.014104100917989193,NORMAL
AST-0009,2026-08-04 22:04:38.403936,1.99,1.71,100.58,80.44,45.69,2026-08-04,22,1,1.986,3.3280000000000003,0.004,-1.6180000000000003,False,True,1,MEDIUM,False,0.06284723273757559,NORMAL
AST-0009,2026-08-05 05:30:38.403936,1.92,2.69,103.11,62.74,90.86,2026-08-05,5,2,1.39,2.1739999999999995,0.53,0.5160000000000005,False,True,1,MEDIUM,False,0.10457839816099956,NORMAL
AST-0009,2026-08-05 05:54:38.403936,3.55,2.47,102.41,59.09,31.76,2026-08-05,5,2,1.608,2.2019999999999995,1.942,0.2680000000000007,False,False,0,LOW,False,0.09636820611803171,NORMAL
AST-0009,2026-08-05 13:05:38.403936,3.42,2.41,100.08,64.47,77.57,2026-08-05,13,2,1.432,2.172,1.988,0.2380000000000004,False,False,0,LOW,False,0.1563622516354365,NORMAL
AST-0009,2026-08-05 17:25:38.403936,6.15,2.59,101.6,61.36,63.97,2026-08-05,17,2,3.406,2.374,2.744,0.2160000000000002,False,False,0,LOW,False,0.16755285572069856,NORMAL
AST-0009,2026-08-06 00:55:38.403936,4.7,2.89,101.73,72.04,80.81,2026-08-06,0,3,3.948,2.61,0.7520000000000007,0.2800000000000002,False,False,0,LOW,False,0.15448923679187004,NORMAL
AST-0009,2026-08-06 08:41:38.403936,5.39,1.99,100.83,72.44,72.59,2026-08-06,8,3,4.642,2.47,0.7479999999999993,-0.4799999999999997,False,False,0,LOW,False,0.15874334945442437,NORMAL
AST-0009,2026-08-06 21:31:38.403936,3.58,3.39,101.33,63.21,63.02,2026-08-06,21,3,4.648000000000001,2.654,-1.0680000000000005,0.7360000000000002,False,True,1,MEDIUM,False,0.16688633588029317,NORMAL
AST-0009,2026-08-06 22:49:38.403936,1.6,5.08,106.09,72.23,68.4,2026-08-06,22,3,4.284,3.188,-2.684,1.8920000000000003,False,True,1,MEDIUM,True,-0.005575620439690843,ANOMALOUS
AST-0009,2026-08-06 23:38:38.403936,4.35,2.53,102.1,57.12,73.21,2026-08-06,23,3,3.924,3.176,0.4260000000000001,-0.6459999999999999,False,True,1,MEDIUM,False,0.156700401652896,NORMAL
AST-0009,2026-08-07 00:09:38.403936,2.46,2.68,102.4,71.8,30.14,2026-08-07,0,4,3.476,3.1339999999999995,-1.016,-0.4539999999999993,False,False,0,LOW,False,0.06823876577187099,NORMAL
AST-0009,2026-08-07 04:04:38.403936,3.34,2.09,99.89,74.47,61.76,2026-08-07,4,4,3.066,3.1539999999999995,0.274,-1.0639999999999996,False,True,1,MEDIUM,False,0.1423858044605682,NORMAL
AST-0009,2026-08-07 04:07:38.403936,3.21,2.24,100.57,60.79,76.18,2026-08-07,4,4,2.992,2.924,0.2179999999999999,-0.6839999999999997,False,True,1,MEDIUM,False,0.15201984582926342,NORMAL
AST-0009,2026-08-07 04:08:38.403936,5.08,5.31,98.59,66.49,61.92,2026-08-07,4,4,3.688,2.97,1.3920000000000003,2.34,False,True,1,MEDIUM,False,0.077935940285073,NORMAL
AST-0009,2026-08-07 06:06:38.403936,4.59,2.29,102.87,63.57,43.51,2026-08-07,6,4,3.736,2.922,0.8540000000000001,-0.6319999999999997,False,True,1,MEDIUM,False,0.1423222779213782,NORMAL
AST-0009,2026-08-07 22:56:38.403936,5.5,2.66,102.12,79.15,49.26,2026-08-07,22,4,4.343999999999999,2.918,1.1560000000000006,-0.2579999999999995,False,False,0,LOW,False,0.11462045535211018,NORMAL
AST-0009,2026-08-08 00:01:38.403936,3.06,2.5,101.11,50.88,67.98,2026-08-08,0,5,4.287999999999999,3.0,-1.227999999999999,-0.4999999999999995,False,False,0,LOW,False,0.13515579646973114,NORMAL
AST-0009,2026-08-08 00:15:38.403936,4.76,2.09,99.24,61.61,77.57,2026-08-08,0,5,4.598,2.97,0.1619999999999999,-0.8799999999999999,False,True,1,MEDIUM,False,0.1509491055803726,NORMAL
AST-0009,2026-08-08 01:25:38.403936,6.66,1.35,103.63,65.1,47.33,2026-08-08,1,5,4.914,2.178,1.7460000000000004,-0.8279999999999998,False,True,1,MEDIUM,False,0.0984944376144109,NORMAL
AST-0009,2026-08-08 02:05:38.403936,2.07,2.91,101.79,58.54,83.47,2026-08-08,2,5,4.41,2.302,-2.3400000000000003,0.6080000000000005,False,True,1,MEDIUM,False,0.12561554816321718,NORMAL
AST-0009,2026-08-08 06:41:38.403936,14.89,1.87,102.68,62.65,93.6,2026-08-08,6,5,6.288,2.144,8.602,-0.2739999999999996,True,False,1,MEDIUM,True,-0.0173302229808856,ANOMALOUS
AST-0009,2026-08-08 10:42:38.403936,3.73,3.2,103.44,64.11,77.32,2026-08-08,10,5,6.422,2.284,-2.692,0.9160000000000004,False,True,1,MEDIUM,False,0.14749640321047325,NORMAL
AST-0009,2026-08-08 11:55:38.403936,1.79,1.48,103.05,63.57,55.88,2026-08-08,11,5,5.828,2.162,-4.038,-0.6819999999999999,False,True,1,MEDIUM,False,0.11366709460132723,NORMAL
AST-0009,2026-08-08 16:26:38.403936,6.4,2.1,101.89,66.63,91.31,2026-08-08,16,5,5.776000000000001,2.312,0.6239999999999997,-0.2119999999999997,False,False,0,LOW,False,0.12708753113861004,NORMAL
AST-0009,2026-08-08 23:53:38.403936,4.56,1.78,100.34,40.7,69.24,2026-08-08,23,5,6.274,2.086,-1.7140000000000004,-0.3059999999999998,False,False,0,LOW,False,0.07122169776034482,NORMAL
AST-0009,2026-08-09 01:23:38.403936,4.78,3.35,101.87,65.59,85.32,2026-08-09,1,6,4.252,2.382,0.5280000000000005,0.9680000000000004,False,True,1,MEDIUM,False,0.14728588883773808,NORMAL
AST-0009,2026-08-09 06:26:38.403936,3.98,1.04,102.82,52.52,63.78,2026-08-09,6,6,4.302,1.95,-0.3219999999999996,-0.91,False,True,1,MEDIUM,False,0.10637025850724802,NORMAL
AST-0009,2026-08-09 14:30:38.403936,3.76,4.24,100.5,74.07,58.23,2026-08-09,14,6,4.696,2.502,-0.936,1.7380000000000004,False,True,1,MEDIUM,False,0.11995632136730094,NORMAL
AST-0009,2026-08-09 14:31:38.403936,3.9,7.87,99.73,77.08,69.41,2026-08-09,14,6,4.196,3.656,-0.2959999999999998,4.214,False,True,1,MEDIUM,False,0.002027294857321893,NORMAL
AST-0009,2026-08-09 14:55:38.403936,7.05,9.18,102.6,73.58,69.52,2026-08-09,14,6,4.694,5.136,2.356,4.044,False,True,1,MEDIUM,True,-0.033540283784825764,ANOMALOUS
AST-0009,2026-08-09 15:58:38.403936,1.61,2.39,98.61,71.59,36.9,2026-08-09,15,6,4.06,4.943999999999999,-2.4499999999999997,-2.553999999999999,False,True,1,MEDIUM,False,0.05489631664639033,NORMAL
AST-0009,2026-08-09 17:01:38.403936,3.16,2.11,104.78,55.25,40.86,2026-08-09,17,6,3.896,5.158,-0.7359999999999998,-3.048,False,True,1,MEDIUM,False,0.0750421438606223,NORMAL
AST-0009,2026-08-09 22:10:38.403936,3.29,3.59,100.89,76.88,62.31,2026-08-09,22,6,3.802,5.0280000000000005,-0.5119999999999996,-1.4380000000000006,False,True,1,MEDIUM,False,0.13102618705877234,NORMAL
AST-0009,2026-08-10 00:15:38.403936,6.09,2.88,103.31,48.99,66.04,2026-08-10,0,0,4.24,4.029999999999999,1.85,-1.1499999999999997,False,True,1,MEDIUM,False,0.11521097651595774,NORMAL
AST-0009,2026-08-10 02:25:38.403936,5.68,2.21,100.85,67.54,69.85,2026-08-10,2,0,3.966,2.636,1.714,-0.4259999999999997,False,False,0,LOW,False,0.16727381893297671,NORMAL
AST-0009,2026-08-10 03:24:38.403936,5.47,1.69,102.38,51.31,96.77,2026-08-10,3,0,4.738,2.496,0.7319999999999993,-0.8059999999999996,False,True,1,MEDIUM,False,0.056008766536396914,NORMAL
AST-0009,2026-08-10 03:29:38.403936,6.28,3.9,99.74,60.39,43.96,2026-08-10,3,0,5.362,2.854,0.918,1.0460000000000005,False,True,1,MEDIUM,False,0.09888562835740866,NORMAL
AST-0009,2026-08-10 04:46:38.403936,7.31,3.71,102.62,65.9,53.12,2026-08-10,4,0,6.166,2.8779999999999992,1.1439999999999992,0.8320000000000007,False,True,1,MEDIUM,False,0.11865362717415745,NORMAL
AST-0009,2026-08-10 07:29:38.403936,3.51,6.65,100.05,57.7,57.65,2026-08-10,7,0,5.65,3.632,-2.140000000000001,3.018,False,True,1,MEDIUM,False,0.03903802175207083,NORMAL
AST-0009,2026-08-10 08:10:38.403936,6.04,1.68,99.75,84.74,35.12,2026-08-10,8,0,5.722,3.526,0.3180000000000005,-1.846,False,True,1,MEDIUM,False,0.021952574900816257,NORMAL
AST-0009,2026-08-10 14:03:38.403936,6.15,3.65,101.74,56.58,21.16,2026-08-10,14,0,5.858,3.918,0.2920000000000007,-0.2680000000000002,False,False,0,LOW,False,0.030787577101938024,NORMAL
AST-0009,2026-08-10 15:56:38.403936,1.97,1.89,101.79,62.51,62.2,2026-08-10,15,0,4.996,3.516,-3.026,-1.6259999999999997,False,True,1,MEDIUM,False,0.1439700359222817,NORMAL
AST-0009,2026-08-10 16:02:38.403936,4.98,2.24,101.18,66.9,78.76,2026-08-10,16,0,4.529999999999999,3.222,0.450000000000001,-0.9819999999999998,False,True,1,MEDIUM,False,0.16362963642321904,NORMAL
AST-0009,2026-08-10 17:22:38.403936,5.95,2.76,103.51,62.03,47.05,2026-08-10,17,0,5.018000000000001,2.444,0.9319999999999996,0.3159999999999998,False,False,0,LOW,False,0.1354753241810056,NORMAL
AST-0009,2026-08-10 18:53:38.403936,3.21,2.43,103.27,60.59,81.08,2026-08-10,18,0,4.452,2.5939999999999994,-1.242,-0.1639999999999992,False,False,0,LOW,False,0.13524566975545993,NORMAL
AST-0009,2026-08-10 19:10:38.403936,5.0,3.17,97.31,68.74,87.1,2026-08-10,19,0,4.222,2.4979999999999998,0.7780000000000005,0.6720000000000006,False,True,1,MEDIUM,False,0.08845161576516808,NORMAL
AST-0009,2026-08-10 21:03:38.403936,5.68,1.49,105.07,49.55,85.74,2026-08-10,21,0,4.964,2.418,0.7159999999999993,-0.9279999999999996,False,True,1,MEDIUM,False,0.03716476734378921,NORMAL
AST-0009,2026-08-10 21:33:38.403936,4.99,3.19,101.48,74.85,76.05,2026-08-10,21,0,4.966,2.608,0.024,0.5820000000000003,False,True,1,MEDIUM,False,0.15162258228385772,NORMAL
AST-0009,2026-08-11 00:04:38.403936,5.16,2.29,103.89,62.09,83.99,2026-08-11,0,1,4.808000000000001,2.514,0.3519999999999994,-0.2239999999999997,False,False,0,LOW,False,0.1262467784040654,NORMAL
AST-0009,2026-08-11 02:25:38.403936,5.58,2.64,102.26,57.41,50.22,2026-08-11,2,1,5.282,2.556,0.298,0.084,False,False,0,LOW,False,0.1468620008150901,NORMAL
AST-0009,2026-08-11 03:31:38.403936,5.22,3.68,100.17,71.29,37.58,2026-08-11,3,1,5.3260000000000005,2.658,-0.1060000000000007,1.0220000000000002,False,True,1,MEDIUM,False,0.09079709809829628,NORMAL
AST-0009,2026-08-11 04:46:38.403936,6.64,3.44,101.52,52.21,42.93,2026-08-11,4,1,5.518,3.048,1.122,0.3920000000000003,False,False,0,LOW,False,0.09527505757660554,NORMAL
AST-0009,2026-08-11 05:49:38.403936,16.58,1.82,99.96,100.0,83.34,2026-08-11,5,1,7.8359999999999985,2.774,8.744,-0.9539999999999996,True,True,2,HIGH,True,-0.10727733355244262,ANOMALOUS
AST-0009,2026-08-11 05:51:38.403936,6.6,2.68,102.91,72.46,25.07,2026-08-11,5,1,8.123999999999999,2.8519999999999994,-1.5239999999999991,-0.1719999999999992,False,False,0,LOW,False,0.05715413989427409,NORMAL
AST-0009,2026-08-11 08:18:38.403936,2.46,1.78,99.37,75.8,81.97,2026-08-11,8,1,7.499999999999998,2.68,-5.039999999999998,-0.8999999999999997,True,True,2,HIGH,False,0.10060293999996928,NORMAL
AST-0009,2026-08-11 08:58:38.403936,3.61,1.58,97.65,68.64,76.78,2026-08-11,8,1,7.177999999999999,2.26,-3.567999999999999,-0.6799999999999997,False,True,1,MEDIUM,False,0.10411308260557095,NORMAL
AST-0009,2026-08-11 10:14:38.403936,4.0,3.84,100.78,49.97,60.58,2026-08-11,10,1,6.65,2.34,-2.6500000000000004,1.5,False,True,1,MEDIUM,False,0.11990884726580386,NORMAL
AST-0009,2026-08-11 17:15:38.403936,3.54,3.82,102.55,67.4,73.75,2026-08-11,17,1,4.042,2.74,-0.5019999999999998,1.08,False,True,1,MEDIUM,False,0.138263280949165,NORMAL
AST-0009,2026-08-12 11:32:38.403936,4.35,2.34,99.54,56.73,60.92,2026-08-12,11,2,3.592,2.672,0.7579999999999996,-0.3319999999999998,False,False,0,LOW,False,0.15188383286041335,NORMAL
AST-0009,2026-08-12 13:39:38.403936,4.18,1.56,104.24,58.78,31.88,2026-08-12,13,2,3.936,2.6279999999999992,0.2439999999999997,-1.0679999999999992,False,True,1,MEDIUM,False,0.053417143920612975,NORMAL
AST-0009,2026-08-12 13:43:38.403936,5.57,2.75,101.57,58.88,56.06,2026-08-12,13,2,4.328,2.862,1.242,-0.1119999999999996,False,False,0,LOW,False,0.15741810943507073,NORMAL
AST-0009,2026-08-12 16:55:38.403936,4.02,2.73,99.47,75.39,70.23,2026-08-12,16,2,4.332,2.64,-0.3120000000000003,0.0900000000000003,False,False,0,LOW,False,0.14791088739077507,NORMAL
AST-0009,2026-08-12 22:28:38.403936,5.23,1.29,98.58,61.3,97.92,2026-08-12,22,2,4.67,2.1339999999999995,0.5600000000000005,-0.8439999999999994,False,True,1,MEDIUM,False,0.04224535328842133,NORMAL
AST-0009,2026-08-13 01:23:38.403936,3.42,2.8,101.43,51.68,72.17,2026-08-13,1,3,4.484,2.2259999999999995,-1.064,0.5740000000000003,False,True,1,MEDIUM,False,0.13814176911516063,NORMAL
AST-0009,2026-08-13 04:35:38.403936,3.82,5.67,100.0,55.32,76.11,2026-08-13,4,3,4.412000000000001,3.047999999999999,-0.592000000000001,2.6220000000000008,False,True,1,MEDIUM,False,0.07474115543956794,NORMAL
AST-0009,2026-08-13 04:36:38.403936,1.73,1.76,98.31,58.5,63.5,2026-08-13,4,3,3.644000000000001,2.85,-1.9140000000000008,-1.0899999999999996,False,True,1,MEDIUM,False,0.10029074049029424,NORMAL
AST-0009,2026-08-13 06:01:38.403936,4.09,1.58,99.5,63.16,89.28,2026-08-13,6,3,3.658,2.62,0.4319999999999999,-1.0399999999999996,False,True,1,MEDIUM,False,0.11624576021806132,NORMAL
AST-0009,2026-08-13 06:36:38.403936,4.02,9.8,98.49,70.86,51.74,2026-08-13,6,3,3.4159999999999995,4.322,0.6040000000000001,5.478000000000001,False,True,1,MEDIUM,True,-0.023256283976433756,ANOMALOUS
AST-0009,2026-08-13 06:54:38.403936,5.67,3.79,104.01,78.47,90.99,2026-08-13,6,3,3.866,4.52,1.8040000000000005,-0.7299999999999995,False,True,1,MEDIUM,False,0.037455848876585374,NORMAL
AST-0009,2026-08-13 10:08:38.403936,4.78,1.42,99.36,77.0,53.18,2026-08-13,10,3,4.058,3.67,0.7220000000000004,-2.25,False,True,1,MEDIUM,False,0.1016766406546124,NORMAL
AST-0009,2026-08-13 11:07:38.403936,3.48,2.26,100.11,66.1,86.55,2026-08-13,11,3,4.408,3.77,-0.9279999999999996,-1.5099999999999998,False,True,1,MEDIUM,False,0.1386482014419958,NORMAL
AST-0009,2026-08-13 16:41:38.403936,2.76,2.86,102.62,71.68,60.12,2026-08-13,16,3,4.142,4.026,-1.3820000000000006,-1.166,False,True,1,MEDIUM,False,0.15174060268863004,NORMAL
AST-0009,2026-08-13 16:51:38.403936,5.57,1.6,98.23,77.78,70.98,2026-08-13,16,3,4.452,2.386,1.1180000000000003,-0.7859999999999996,False,True,1,MEDIUM,False,0.09458706653515608,NORMAL
AST-0009,2026-08-13 20:01:38.403936,7.59,3.9,100.8,74.72,76.62,2026-08-13,20,3,4.836,2.4079999999999995,2.754,1.4920000000000004,False,True,1,MEDIUM,False,0.08727141472976757,NORMAL
AST-0009,2026-08-13 22:03:38.403936,2.74,2.47,100.49,71.88,76.97,2026-08-13,22,3,4.428,2.6179999999999994,-1.6879999999999995,-0.1479999999999992,False,False,0,LOW,False,0.14851357213949817,NORMAL
AST-0009,2026-08-13 23:07:38.403936,5.82,1.36,98.56,84.64,85.01,2026-08-13,23,3,4.896,2.438,0.9240000000000004,-1.0779999999999996,False,True,1,MEDIUM,False,0.03197197429039211,NORMAL
AST-0009,2026-08-14 02:59:38.403936,5.02,5.13,102.69,92.36,75.24,2026-08-14,2,4,5.348000000000001,2.8919999999999995,-0.3280000000000012,2.2380000000000004,False,True,1,MEDIUM,True,-0.017290925002775848,ANOMALOUS
AST-0009,2026-08-14 05:22:38.403936,2.76,4.23,103.93,74.84,39.97,2026-08-14,5,4,4.786,3.418,-2.026,0.8120000000000003,False,True,1,MEDIUM,False,0.03881050892898741,NORMAL
AST-0009,2026-08-15 03:14:38.403936,1.89,6.46,100.75,66.13,73.26,2026-08-15,3,5,3.646,3.93,-1.7559999999999996,2.53,False,True,1,MEDIUM,False,0.04314909334716843,NORMAL
AST-0009,2026-08-15 05:21:38.403936,7.52,2.98,101.2,63.35,45.07,2026-08-15,5,5,4.601999999999999,4.032,2.918,-1.052,False,True,1,MEDIUM,False,0.1237822332678073,NORMAL
AST-0009,2026-08-15 09:13:38.403936,3.85,3.24,101.81,73.57,28.71,2026-08-15,9,5,4.208,4.408,-0.3580000000000001,-1.1679999999999993,False,True,1,MEDIUM,False,0.06173730935791327,NORMAL
AST-0009,2026-08-15 19:59:38.403936,3.96,3.09,101.12,54.18,57.74,2026-08-15,19,5,3.996,3.999999999999999,-0.036,-0.9099999999999993,False,True,1,MEDIUM,False,0.1520005956486553,NORMAL
AST-0009,2026-08-15 21:21:38.403936,5.23,1.57,98.9,66.23,46.04,2026-08-15,21,5,4.489999999999999,3.467999999999999,0.7400000000000011,-1.897999999999999,False,True,1,MEDIUM,False,0.11916151917964674,NORMAL
AST-0009,2026-08-15 22:19:38.403936,2.59,3.34,102.28,57.66,62.45,2026-08-15,22,5,4.63,2.844,-2.04,0.496,False,False,0,LOW,False,0.14538368829185183,NORMAL
AST-0009,2026-08-15 23:06:38.403936,5.65,3.13,101.36,56.2,50.59,2026-08-15,23,5,4.256,2.874,1.394,0.2560000000000002,False,False,0,LOW,False,0.14628058282302614,NORMAL
AST-0009,2026-08-16 00:13:38.403936,17.38,2.85,100.15,49.9,100.0,2026-08-16,0,6,6.962000000000001,2.796,10.418,0.0540000000000007,True,False,1,MEDIUM,True,-0.0602806364502213,ANOMALOUS
AST-0009,2026-08-16 01:23:38.403936,5.49,2.39,101.47,39.8,65.3,2026-08-16,1,6,7.267999999999999,2.656,-1.7779999999999987,-0.2659999999999995,False,False,0,LOW,False,0.07701103076645671,NORMAL
AST-0009,2026-08-16 04:26:38.403936,3.56,3.48,102.22,67.51,79.55,2026-08-16,4,6,6.934,3.038,-3.374,0.4420000000000006,False,False,0,LOW,False,0.1469323690491512,NORMAL
AST-0009,2026-08-16 08:18:38.403936,6.29,1.08,101.94,59.96,63.53,2026-08-16,8,6,7.673999999999999,2.5859999999999994,-1.3839999999999997,-1.5059999999999991,False,True,1,MEDIUM,False,0.1231680680936279,NORMAL
AST-0009,2026-08-16 08:49:38.403936,3.03,1.49,101.62,80.08,57.64,2026-08-16,8,6,7.15,2.258,-4.120000000000001,-0.768,False,True,1,MEDIUM,False,0.09878087042572337,NORMAL
AST-0009,2026-08-16 09:59:38.403936,7.39,2.5,103.2,61.54,63.96,2026-08-16,9,6,5.151999999999999,2.188,2.2380000000000004,0.3120000000000003,False,False,0,LOW,False,0.14014438737429002,NORMAL
AST-0009,2026-08-16 10:37:38.403936,11.28,1.58,102.29,71.35,72.2,2026-08-16,10,6,6.31,2.026,4.97,-0.4459999999999997,False,False,0,LOW,False,0.06312298250205783,NORMAL
AST-0009,2026-08-16 13:25:38.403936,4.62,3.45,101.81,58.38,72.18,2026-08-16,13,6,6.522,2.02,-1.902,1.4300000000000006,False,True,1,MEDIUM,False,0.15133387686273475,NORMAL
AST-0009,2026-08-16 14:23:38.403936,3.28,3.02,97.89,59.16,100.0,2026-08-16,14,6,5.92,2.4079999999999995,-2.64,0.6120000000000005,False,True,1,MEDIUM,False,0.0292771380463277,NORMAL
AST-0009,2026-08-16 15:15:38.403936,2.42,2.9,104.28,87.71,57.72,2026-08-16,15,6,5.798,2.6899999999999995,-3.378,0.2100000000000004,False,False,0,LOW,False,0.034975604683575245,NORMAL
AST-0009,2026-08-16 15:39:38.403936,-2.34,2.49,100.7,72.26,99.05,2026-08-16,15,6,3.852,2.688,-6.192,-0.1979999999999995,True,False,1,MEDIUM,True,-0.0038105979891017716,ANOMALOUS
AST-0009,2026-08-16 20:15:38.403936,3.9,2.55,99.56,62.69,66.11,2026-08-16,20,6,2.376,2.882,1.524,-0.3320000000000003,False,False,0,LOW,False,0.16385776012253317,NORMAL
AST-0009,2026-08-16 21:46:38.403936,4.47,2.34,104.21,53.76,53.82,2026-08-16,21,6,2.346,2.6599999999999997,2.124,-0.3199999999999994,False,False,0,LOW,False,0.12078732388977081,NORMAL
AST-0009,2026-08-17 00:43:38.403936,6.25,3.04,101.72,67.06,74.69,2026-08-17,0,0,2.94,2.664,3.31,0.3760000000000003,False,False,0,LOW,False,0.16292037775069268,NORMAL
AST-0009,2026-08-17 17:32:38.403936,3.58,2.66,102.39,43.28,64.85,2026-08-17,17,0,3.172,2.616,0.4080000000000003,0.0440000000000004,False,False,0,LOW,False,0.09254129272417255,NORMAL
AST-0009,2026-08-17 20:45:38.403936,4.5,2.08,99.4,59.47,51.1,2026-08-17,20,0,4.54,2.534,-0.04,-0.4539999999999997,False,False,0,LOW,False,0.14348007331627788,NORMAL
AST-0009,2026-08-17 21:07:38.403936,4.6,1.85,99.19,57.8,100.0,2026-08-17,21,0,4.68,2.3939999999999992,-0.08,-0.5439999999999992,False,True,1,MEDIUM,False,0.059555963547092916,NORMAL
AST-0009,2026-08-17 21:35:38.403936,4.93,1.57,98.63,49.48,76.92,2026-08-17,21,0,4.772,2.24,0.1579999999999994,-0.6699999999999997,False,True,1,MEDIUM,False,0.08993982154116081,NORMAL
AST-0009,2026-08-17 23:45:38.403936,5.45,2.6,102.31,60.99,88.39,2026-08-17,23,0,4.612,2.152,0.8380000000000001,0.4480000000000004,False,False,0,LOW,False,0.13652088679317365,NORMAL
AST-0009,2026-08-17 23:52:38.403936,4.3,2.08,99.81,49.93,82.85,2026-08-17,23,0,4.756,2.036,-0.4560000000000004,0.044,False,False,0,LOW,False,0.10578836903130123,NORMAL
AST-0009,2026-08-18 00:31:38.403936,6.2,3.38,101.39,57.84,68.44,2026-08-18,0,1,5.096,2.296,1.104,1.084,False,True,1,MEDIUM,False,0.15032042189313877,NORMAL
AST-0009,2026-08-18 02:30:38.403936,2.73,1.02,102.94,54.16,35.04,2026-08-18,2,1,4.722,2.13,-1.9919999999999995,-1.11,False,True,1,MEDIUM,False,0.057631719764487166,NORMAL
AST-0009,2026-08-18 04:47:38.403936,2.17,3.7,104.45,65.19,88.81,2026-08-18,4,1,4.17,2.556,-2.0,1.144,False,True,1,MEDIUM,False,0.06627635433526274,NORMAL
AST-0009,2026-08-18 06:26:38.403936,3.97,2.39,101.28,56.16,61.04,2026-08-18,6,1,3.874,2.514,0.096,-0.1240000000000001,False,False,0,LOW,False,0.1586117173700642,NORMAL
AST-0009,2026-08-18 10:41:38.403936,5.12,3.31,98.37,65.09,93.97,2026-08-18,10,1,4.037999999999999,2.76,1.0820000000000007,0.5500000000000007,False,True,1,MEDIUM,False,0.08315023407530198,NORMAL
AST-0009,2026-08-18 11:46:38.403936,4.94,2.76,101.61,69.95,44.65,2026-08-18,11,1,3.786,2.636,1.1540000000000004,0.1240000000000001,False,False,0,LOW,False,0.143735198040209,NORMAL
AST-0009,2026-08-18 15:11:38.403936,3.5,3.41,102.37,71.76,81.14,2026-08-18,15,1,3.94,3.114,-0.4399999999999999,0.2960000000000002,False,False,0,LOW,False,0.1408188606188056,NORMAL
AST-0009,2026-08-18 18:12:38.403936,3.64,2.28,103.41,57.64,38.32,2026-08-18,18,1,4.234,2.83,-0.5939999999999999,-0.5499999999999998,False,True,1,MEDIUM,False,0.10310979327989078,NORMAL
AST-0009,2026-08-18 23:45:38.403936,7.84,2.37,101.97,74.44,81.64,2026-08-18,23,1,5.008,2.826,2.832,-0.4559999999999995,False,False,0,LOW,False,0.10920401116738548,NORMAL
AST-0009,2026-08-19 02:09:38.403936,3.34,2.93,102.66,88.8,85.26,2026-08-19,2,2,4.652,2.75,-1.3120000000000005,0.1800000000000006,False,False,0,LOW,False,0.046992471787010326,NORMAL
AST-0009,2026-08-19 02:09:38.403936,4.87,2.5,100.82,73.43,77.74,2026-08-19,2,2,4.638,2.6979999999999995,0.2320000000000002,-0.1979999999999995,False,False,0,LOW,False,0.15548090810400916,NORMAL
AST-0009,2026-08-19 04:11:38.403936,4.8,2.18,100.13,78.38,28.21,2026-08-19,4,2,4.898000000000001,2.4519999999999995,-0.0980000000000007,-0.2719999999999993,False,False,0,LOW,False,0.05515062997262343,NORMAL
AST-0009,2026-08-19 04:40:38.403936,3.71,2.72,103.37,82.22,90.59,2026-08-19,4,2,4.912,2.54,-1.202,0.1800000000000006,False,False,0,LOW,False,0.0633574970008367,NORMAL
AST-0009,2026-08-19 05:54:38.403936,4.63,2.38,103.64,67.54,71.08,2026-08-19,5,2,4.2700000000000005,2.542,0.3599999999999994,-0.1619999999999999,False,False,0,LOW,False,0.1571897788565672,NORMAL
AST-0009,2026-08-19 07:27:38.403936,6.09,2.57,97.76,61.99,73.34,2026-08-19,7,2,4.82,2.47,1.2699999999999996,0.1,False,False,0,LOW,False,0.11889793820769978,NORMAL
AST-0009,2026-08-19 09:54:38.403936,17.73,2.57,100.7,65.92,29.22,2026-08-19,9,2,7.391999999999999,2.4839999999999995,10.338,0.0860000000000003,True,False,1,MEDIUM,True,-0.04606630882073759,ANOMALOUS
AST-0009,2026-08-19 10:14:38.403936,5.73,2.91,103.43,76.69,89.88,2026-08-19,10,2,7.578,2.63,-1.848,0.2800000000000002,False,False,0,LOW,False,0.09972900437813736,NORMAL
AST-0009,2026-08-19 11:46:38.403936,4.89,3.12,102.98,70.74,56.05,2026-08-19,11,2,7.814,2.71,-2.9240000000000004,0.4100000000000001,False,False,0,LOW,False,0.1517020946555262,NORMAL
AST-0009,2026-08-19 12:55:38.403936,6.88,2.19,99.13,83.13,74.48,2026-08-19,12,2,8.264,2.672,-1.3839999999999997,-0.4819999999999997,False,False,0,LOW,False,0.08615351103301966,NORMAL
AST-0009,2026-08-19 17:00:38.403936,5.86,1.7,99.19,60.89,64.52,2026-08-19,17,2,8.218,2.498,-2.358,-0.7979999999999998,False,True,1,MEDIUM,False,0.14339854832215082,NORMAL
AST-0009,2026-08-19 22:04:38.403936,4.22,2.51,102.0,59.6,50.99,2026-08-19,22,2,5.516,2.486,-1.2960000000000005,0.024,False,False,0,LOW,False,0.15346762564882271,NORMAL
AST-0009,2026-08-20 02:42:38.403936,4.3,6.47,102.89,47.51,88.48,2026-08-20,2,3,5.229999999999999,3.1979999999999995,-0.9299999999999988,3.272,False,True,1,MEDIUM,True,-0.01921098976157376,ANOMALOUS
AST-0009,2026-08-20 03:50:38.403936,2.05,2.16,102.3,56.09,39.32,2026-08-20,3,3,4.661999999999999,3.006,-2.611999999999999,-0.8459999999999992,False,True,1,MEDIUM,False,0.09820670012540555,NORMAL
AST-0009,2026-08-20 06:52:38.403936,0.85,3.37,102.34,62.21,75.13,2026-08-20,6,3,3.4559999999999995,3.2419999999999995,-2.6059999999999994,0.1280000000000005,False,False,0,LOW,False,0.10871164916787518,NORMAL
AST-0009,2026-08-20 07:48:38.403936,1.8,3.9,100.24,60.97,69.6,2026-08-20,7,3,2.6439999999999992,3.682,-0.8439999999999992,0.2179999999999999,False,False,0,LOW,False,0.11561634334545312,NORMAL
AST-0009,2026-08-20 09:41:38.403936,4.88,2.41,101.73,80.78,82.74,2026-08-20,9,3,2.775999999999999,3.662,2.104000000000001,-1.2519999999999998,False,True,1,MEDIUM,False,0.11851868406777832,NORMAL
AST-0009,2026-08-20 10:24:38.403936,5.26,2.43,103.82,69.06,60.77,2026-08-20,10,3,2.967999999999999,2.854,2.2920000000000007,-0.4239999999999999,False,False,0,LOW,False,0.14549951082560003,NORMAL
AST-0009,2026-08-21 02:15:38.403936,5.8,0.77,103.14,72.06,69.61,2026-08-21,2,4,3.717999999999999,2.576,2.0820000000000007,-1.806,False,True,1,MEDIUM,False,0.10135029870230428,NORMAL
AST-0009,2026-08-21 04:29:38.403936,4.24,2.23,98.76,41.49,48.1,2026-08-21,4,4,4.395999999999999,2.348,-0.1559999999999988,-0.1179999999999998,False,False,0,LOW,False,0.04759742151408114,NORMAL
AST-0009,2026-08-21 08:31:38.403936,3.08,1.83,102.83,49.57,53.61,2026-08-21,8,4,4.651999999999999,1.934,-1.5719999999999992,-0.1039999999999996,False,False,0,LOW,False,0.10814682394900649,NORMAL
AST-0009,2026-08-21 10:40:38.403936,4.8,1.98,100.33,61.8,72.63,2026-08-21,10,4,4.635999999999998,1.848,0.1640000000000014,0.1320000000000003,False,False,0,LOW,False,0.16333164201566697,NORMAL
AST-0009,2026-08-21 11:41:38.403936,2.76,2.27,100.7,52.91,72.0,2026-08-21,11,4,4.135999999999999,1.816,-1.3759999999999994,0.4540000000000004,False,False,0,LOW,False,0.13969078360995552,NORMAL
AST-0009,2026-08-21 13:30:38.403936,3.55,3.39,105.44,66.35,81.91,2026-08-21,13,4,3.685999999999999,2.34,-0.1359999999999992,1.0500000000000005,False,True,1,MEDIUM,False,0.08476160025132057,NORMAL
AST-0009,2026-08-21 14:22:38.403936,4.71,1.28,101.03,56.4,77.5,2026-08-21,14,4,3.78,2.1499999999999995,0.9300000000000002,-0.8699999999999994,False,True,1,MEDIUM,False,0.1275097241279834,NORMAL
AST-0009,2026-08-21 16:13:38.403936,3.08,3.28,102.31,67.73,40.97,2026-08-21,16,4,3.779999999999999,2.44,-0.6999999999999988,0.8399999999999999,False,True,1,MEDIUM,False,0.11439013479441179,NORMAL
AST-0009,2026-08-22 00:13:38.403936,2.6,2.7,101.25,66.69,70.9,2026-08-22,0,5,3.339999999999999,2.584,-0.7399999999999989,0.1160000000000005,False,False,0,LOW,False,0.15833130271534634,NORMAL
AST-0009,2026-08-22 01:14:38.403936,6.92,1.39,101.23,48.83,60.87,2026-08-22,1,5,4.171999999999999,2.408,2.748000000000001,-1.018,False,True,1,MEDIUM,False,0.09165573248376269,NORMAL
AST-0009,2026-08-22 01:48:38.403936,3.13,2.83,98.93,60.07,84.85,2026-08-22,1,5,4.087999999999999,2.296,-0.9579999999999992,0.5340000000000007,False,True,1,MEDIUM,False,0.10964410595723029,NORMAL
AST-0009,2026-08-22 06:28:38.403936,2.35,3.06,102.73,47.7,89.01,2026-08-22,6,5,3.615999999999999,2.652,-1.265999999999999,0.4080000000000003,False,False,0,LOW,False,0.06873589228861132,NORMAL
AST-0009,2026-08-22 06:35:38.403936,5.96,2.5,102.67,43.46,73.05,2026-08-22,6,5,4.191999999999998,2.496,1.7680000000000016,0.0040000000000004,False,False,0,LOW,False,0.08737276711370218,NORMAL
AST-0009,2026-08-22 20:07:38.403936,5.47,8.91,99.23,63.05,40.47,2026-08-22,20,5,4.765999999999999,3.738,0.7040000000000006,5.172000000000001,False,True,1,MEDIUM,True,-0.01819062061802401,ANOMALOUS
AST-0009,2026-08-23 00:38:38.403936,4.27,2.06,101.62,70.02,85.11,2026-08-23,0,6,4.235999999999999,3.871999999999999,0.0340000000000006,-1.811999999999999,False,True,1,MEDIUM,False,0.14797315670260153,NORMAL
AST-0009,2026-08-23 03:40:38.403936,4.47,1.93,100.21,69.27,40.06,2026-08-23,3,6,4.504,3.6919999999999993,-0.0339999999999998,-1.7619999999999991,False,True,1,MEDIUM,False,0.12509898221987326,NORMAL
AST-0009,2026-08-23 07:09:38.403936,2.65,1.48,101.58,64.94,42.75,2026-08-23,7,6,4.563999999999998,3.376,-1.9139999999999984,-1.896,False,True,1,MEDIUM,False,0.11558118835907183,NORMAL
AST-0009,2026-08-23 08:37:38.403936,0.49,2.07,98.81,65.72,59.14,2026-08-23,8,6,3.469999999999999,3.29,-2.979999999999998,-1.2200000000000002,False,True,1,MEDIUM,False,0.08609169816058065,NORMAL
AST-0009,2026-08-23 10:05:38.403936,3.81,3.36,99.08,68.23,37.14,2026-08-23,10,6,3.137999999999999,2.18,0.672000000000001,1.1800000000000002,False,True,1,MEDIUM,False,0.08636009717829007,NORMAL
AST-0009,2026-08-23 16:49:38.403936,6.01,1.4,104.03,61.92,50.99,2026-08-23,16,6,3.4859999999999998,2.048,2.5240000000000005,-0.6479999999999997,False,True,1,MEDIUM,False,0.10083305358517358,NORMAL
AST-0009,2026-08-23 18:45:38.403936,4.79,1.78,98.2,67.58,84.87,2026-08-23,18,6,3.5499999999999994,2.018,1.2400000000000009,-0.2379999999999997,False,False,0,LOW,False,0.104169850001603,NORMAL
AST-0009,2026-08-23 19:29:38.403936,6.12,3.17,102.22,64.3,35.1,2026-08-23,19,6,4.243999999999999,2.3559999999999994,1.8760000000000008,0.8140000000000005,False,True,1,MEDIUM,False,0.1064265838658659,NORMAL
AST-0009,2026-08-23 23:15:38.403936,3.13,1.75,100.29,80.62,62.16,2026-08-23,23,6,4.772,2.292,-1.6420000000000003,-0.5419999999999994,False,True,1,MEDIUM,False,0.10639036053376211,NORMAL
AST-0009,2026-08-24 03:01:38.403936,5.12,2.87,101.39,70.58,19.47,2026-08-24,3,0,5.033999999999999,2.194,0.0860000000000011,0.6760000000000002,False,True,1,MEDIUM,False,0.0547751563893929,NORMAL
AST-0009,2026-08-24 03:17:38.403936,4.84,2.36,99.42,70.06,83.56,2026-08-24,3,0,4.799999999999999,2.386,0.0400000000000009,-0.0260000000000002,False,False,0,LOW,False,0.13723303788060692,NORMAL
AST-0009,2026-08-24 06:31:38.403936,3.9,3.19,103.05,56.34,82.96,2026-08-24,6,0,4.621999999999999,2.668,-0.7219999999999991,0.5220000000000002,False,True,1,MEDIUM,False,0.12915500459485835,NORMAL
AST-0009,2026-08-24 08:42:38.403936,5.45,1.51,96.76,55.23,60.63,2026-08-24,8,0,4.488,2.3359999999999994,0.9620000000000006,-0.8259999999999994,False,True,1,MEDIUM,False,0.05650107116791275,NORMAL
AST-0009,2026-08-24 09:10:38.403936,4.5,2.74,97.1,50.37,66.55,2026-08-24,9,0,4.761999999999999,2.534,-0.2619999999999987,0.2060000000000004,False,False,0,LOW,False,0.0714930212232972,NORMAL
AST-0009,2026-08-24 09:15:38.403936,6.66,1.58,98.98,65.3,27.64,2026-08-24,9,0,5.069999999999999,2.276,1.5900000000000007,-0.6959999999999993,False,True,1,MEDIUM,False,0.05544778917476656,NORMAL
AST-0009,2026-08-24 10:19:38.403936,4.66,2.3,104.31,38.49,84.65,2026-08-24,10,0,5.034,2.264,-0.3739999999999996,0.0360000000000004,False,False,0,LOW,False,0.024552668720818183,NORMAL
AST-0009,2026-08-24 15:35:38.403936,-2.56,2.45,97.62,76.29,15.36,2026-08-24,15,0,3.742,2.116,-6.302,0.3340000000000005,True,False,1,MEDIUM,True,-0.08064797379044608,ANOMALOUS
AST-0009,2026-08-24 18:24:38.403936,5.87,3.48,97.96,76.33,100.0,2026-08-24,18,0,3.825999999999999,2.51,2.044000000000001,0.9700000000000002,False,True,1,MEDIUM,False,0.02199729776336623,NORMAL
AST-0009,2026-08-24 20:54:38.403936,6.28,2.54,101.33,56.97,77.15,2026-08-24,20,0,4.182,2.47,2.0980000000000008,0.0700000000000002,False,False,0,LOW,False,0.1513652681606374,NORMAL
AST-0009,2026-08-24 21:08:38.403936,4.97,1.85,98.38,62.24,62.86,2026-08-24,21,0,3.844,2.524,1.126,-0.6739999999999995,False,True,1,MEDIUM,False,0.1367205711753527,NORMAL
AST-0009,2026-08-24 23:05:38.403936,0.27,2.33,100.72,62.5,74.51,2026-08-24,23,0,2.9659999999999997,2.53,-2.6959999999999997,-0.1999999999999997,False,False,0,LOW,False,0.1088145218501439,NORMAL
AST-0009,2026-08-24 23:20:38.403936,7.33,2.37,102.7,56.64,70.54,2026-08-24,23,0,4.944,2.514,2.386,-0.1439999999999996,False,False,0,LOW,False,0.13357494259455716,NORMAL
AST-0009,2026-08-25 06:15:38.403936,2.17,1.27,102.64,40.1,53.0,2026-08-25,6,1,4.203999999999999,2.072,-2.033999999999999,-0.8019999999999996,False,True,1,MEDIUM,False,0.03557456115487184,NORMAL
AST-0009,2026-08-25 07:02:38.403936,0.67,2.37,100.65,68.9,62.23,2026-08-25,7,1,3.081999999999999,2.038,-2.411999999999999,0.3320000000000003,False,False,0,LOW,False,0.11860616530653545,NORMAL
AST-0009,2026-08-25 07:34:38.403936,2.92,3.18,101.09,60.1,65.75,2026-08-25,7,1,2.6719999999999997,2.304,0.2480000000000006,0.8760000000000003,False,True,1,MEDIUM,False,0.15488494166785566,NORMAL
AST-0009,2026-08-25 10:08:38.403936,4.25,4.44,101.14,76.16,82.35,2026-08-25,10,1,3.467999999999999,2.726,0.7820000000000009,1.7140000000000004,False,True,1,MEDIUM,False,0.09785994345367433,NORMAL
AST-0009,2026-08-25 11:36:38.403936,3.75,1.68,102.72,67.44,54.85,2026-08-25,11,1,2.752,2.588,0.9980000000000008,-0.908,False,True,1,MEDIUM,False,0.1470510374454595,NORMAL
AST-0009,2026-08-25 13:45:38.403936,3.94,2.4,99.23,52.46,69.11,2026-08-25,13,1,3.105999999999999,2.814,0.834000000000001,-0.4140000000000001,False,False,0,LOW,False,0.13362141069131672,NORMAL
AST-0009,2026-08-25 17:09:38.403936,3.02,5.68,103.8,72.79,64.3,2026-08-25,17,1,3.575999999999999,3.476,-0.5559999999999992,2.204,False,True,1,MEDIUM,False,0.04489215483849668,NORMAL
AST-0009,2026-08-25 18:13:38.403936,1.48,1.44,104.92,81.41,66.18,2026-08-25,18,1,3.288,3.128,-1.8079999999999996,-1.6879999999999995,False,True,1,MEDIUM,False,0.023546589712653776,NORMAL
AST-0009,2026-08-25 23:27:38.403936,1.98,2.72,105.47,66.29,42.76,2026-08-25,23,1,2.833999999999999,2.784,-0.8539999999999992,-0.0639999999999996,False,False,0,LOW,False,0.056838416264127334,NORMAL
AST-0009,2026-08-26 04:30:38.403936,3.42,1.73,101.09,58.35,37.23,2026-08-26,4,2,2.768,2.794,0.6520000000000006,-1.0639999999999996,False,True,1,MEDIUM,False,0.1107226305926044,NORMAL
AST-0009,2026-08-26 04:56:38.403936,5.33,1.2,102.83,74.22,67.24,2026-08-26,4,2,3.046,2.5539999999999994,2.2840000000000007,-1.3539999999999994,False,True,1,MEDIUM,False,0.1220620894009341,NORMAL
AST-0009,2026-08-26 12:40:38.403936,6.67,2.21,98.65,60.87,69.69,2026-08-26,12,2,3.775999999999999,1.8599999999999997,2.894000000000001,0.3500000000000005,False,False,0,LOW,False,0.13099215892707078,NORMAL
AST-0009,2026-08-26 17:03:38.403936,2.16,3.04,103.13,74.56,36.81,2026-08-26,17,2,3.911999999999999,2.18,-1.751999999999999,0.8600000000000003,False,True,1,MEDIUM,False,0.07232216018808268,NORMAL
AST-0009,2026-08-27 05:39:38.403936,0.04,3.56,101.56,49.32,66.82,2026-08-27,5,3,3.524,2.348,-3.4839999999999995,1.2120000000000002,False,True,1,MEDIUM,False,0.06644558278545576,NORMAL
AST-0009,2026-08-27 10:44:38.403936,3.36,3.77,100.62,63.81,41.26,2026-08-27,10,3,3.511999999999999,2.756,-0.1519999999999992,1.014000000000001,False,True,1,MEDIUM,False,0.11488099875074348,NORMAL
AST-0009,2026-08-27 14:20:38.403936,3.75,2.09,99.7,61.53,78.87,2026-08-27,14,3,3.1959999999999997,2.934,0.5540000000000007,-0.8439999999999999,False,True,1,MEDIUM,False,0.15130838769414218,NORMAL
AST-0009,2026-08-27 23:11:38.403936,3.43,3.05,99.83,55.97,96.82,2026-08-27,23,3,2.547999999999999,3.1019999999999994,0.882000000000001,-0.0519999999999996,False,False,0,LOW,False,0.07489799005431541,NORMAL
AST-0009,2026-08-28 05:41:38.403936,4.9,2.17,100.7,59.9,56.74,2026-08-28,5,4,3.095999999999999,2.9279999999999995,1.8040000000000007,-0.7579999999999996,False,True,1,MEDIUM,False,0.1581334594889171,NORMAL
AST-0009,2026-08-28 08:17:38.403936,7.58,3.37,100.55,65.19,43.91,2026-08-28,8,4,4.603999999999999,2.89,2.976000000000001,0.4800000000000004,False,False,0,LOW,False,0.10332191574984434,NORMAL
AST-0009,2026-08-28 14:03:38.403936,1.19,1.98,105.94,70.83,77.17,2026-08-28,14,4,4.17,2.532,-2.98,-0.5519999999999996,False,True,1,MEDIUM,False,0.04916752460701934,NORMAL
AST-0009,2026-08-28 16:20:38.403936,2.63,3.81,98.44,60.6,67.35,2026-08-28,16,4,3.9459999999999993,2.876,-1.3159999999999994,0.9340000000000002,False,True,1,MEDIUM,False,0.10715464142038467,NORMAL
AST-0009,2026-08-28 16:33:38.403936,5.0,2.73,102.09,70.96,47.9,2026-08-28,16,4,4.26,2.8119999999999994,0.7400000000000002,-0.0819999999999994,False,False,0,LOW,False,0.15294254453202066,NORMAL
AST-0009,2026-08-28 17:02:38.403936,2.03,3.28,101.08,72.85,66.96,2026-08-28,17,4,3.685999999999999,3.034,-1.6559999999999993,0.246,False,False,0,LOW,False,0.13835177945607974,NORMAL
AST-0009,2026-08-28 18:17:38.403936,2.97,1.84,98.72,56.0,90.55,2026-08-28,18,4,2.764,2.728,0.2060000000000008,-0.8879999999999997,False,True,1,MEDIUM,False,0.07324621215258786,NORMAL
AST-0010,2026-07-29 18:42:38.403936,5.9,3.31,99.56,52.48,65.39,2026-07-29,18,2,5.9,3.31,0.0,0.0,False,False,0,LOW,False,0.13000151679098237,NORMAL
AST-0010,2026-07-29 20:42:38.403936,4.86,2.57,102.9,74.24,46.09,2026-07-29,20,2,5.380000000000001,2.94,-0.5200000000000005,-0.3700000000000001,False,False,0,LOW,False,0.13497045215927317,NORMAL
AST-0010,2026-07-30 03:33:38.403936,7.65,2.08,101.36,58.28,69.02,2026-07-30,3,3,6.136666666666667,2.6533333333333333,1.5133333333333336,-0.5733333333333333,False,True,1,MEDIUM,False,0.13377667262479082,NORMAL
AST-0010,2026-07-30 07:15:38.403936,16.04,1.83,99.53,70.35,87.12,2026-07-30,7,3,8.6125,2.4475,7.427499999999998,-0.6174999999999997,True,True,2,HIGH,True,-0.02203736662732092,ANOMALOUS
AST-0010,2026-07-30 10:00:38.403936,3.31,2.52,102.81,72.84,72.96,2026-07-30,10,3,7.552,2.462,-4.241999999999999,0.0579999999999998,False,False,0,LOW,False,0.15329145234513786,NORMAL
AST-0010,2026-07-30 10:24:38.403936,4.41,2.86,101.7,75.94,73.62,2026-07-30,10,3,7.254,2.372,-2.8440000000000003,0.488,False,False,0,LOW,False,0.15382784712515812,NORMAL
AST-0010,2026-07-30 12:07:38.403936,3.58,1.67,102.7,79.49,59.33,2026-07-30,12,3,6.997999999999999,2.192,-3.4179999999999997,-0.5219999999999998,False,True,1,MEDIUM,False,0.11593398210645162,NORMAL
AST-0010,2026-07-30 12:10:38.403936,4.85,3.39,99.18,61.75,72.12,2026-07-30,12,3,6.438,2.454,-1.588,0.9360000000000004,False,True,1,MEDIUM,False,0.1489143832826283,NORMAL
AST-0010,2026-07-30 15:35:38.403936,2.38,2.16,100.61,56.98,62.1,2026-07-30,15,3,3.706,2.5200000000000005,-1.3260000000000003,-0.3600000000000003,False,False,0,LOW,False,0.14360314551904524,NORMAL
AST-0010,2026-07-30 19:43:38.403936,2.48,3.32,99.96,54.13,68.84,2026-07-30,19,3,3.54,2.68,-1.06,0.6400000000000001,False,True,1,MEDIUM,False,0.1289821471831905,NORMAL
AST-0010,2026-07-30 23:37:38.403936,6.18,3.78,104.36,72.57,60.45,2026-07-30,23,3,3.894,2.864,2.286,0.916,False,True,1,MEDIUM,False,0.09745439106056625,NORMAL
AST-0010,2026-07-31 09:21:38.403936,4.43,2.72,101.52,50.22,40.79,2026-07-31,9,4,4.064,3.0740000000000003,0.3659999999999996,-0.3540000000000001,False,False,0,LOW,False,0.11291746964432281,NORMAL
AST-0010,2026-07-31 12:50:38.403936,5.09,2.95,99.39,53.05,65.96,2026-07-31,12,4,4.112,2.986,0.9779999999999998,-0.0359999999999995,False,False,0,LOW,False,0.14137628802748808,NORMAL
AST-0010,2026-07-31 12:54:38.403936,4.72,1.57,99.19,44.13,45.49,2026-07-31,12,4,4.58,2.868,0.1399999999999996,-1.2979999999999998,False,True,1,MEDIUM,False,0.05834140277828137,NORMAL
AST-0010,2026-07-31 19:10:38.403936,3.54,0.88,102.1,67.49,65.62,2026-07-31,19,4,4.792,2.38,-1.2519999999999998,-1.5,False,True,1,MEDIUM,False,0.12862176742733528,NORMAL
AST-0010,2026-07-31 20:01:38.403936,15.13,2.75,101.2,71.26,60.98,2026-07-31,20,4,6.581999999999999,2.1740000000000004,8.548000000000002,0.5759999999999996,True,True,2,HIGH,False,0.023383920129971814,NORMAL
AST-0010,2026-08-01 00:49:38.403936,3.26,1.9,102.28,88.85,83.06,2026-08-01,0,5,6.348000000000001,2.01,-3.088000000000001,-0.1100000000000003,False,False,0,LOW,False,0.04813960211621621,NORMAL
AST-0010,2026-08-01 05:16:38.403936,3.87,1.96,101.7,65.56,84.15,2026-08-01,5,5,6.104,1.812,-2.234,0.1479999999999999,False,False,0,LOW,False,0.14942324704348098,NORMAL
AST-0010,2026-08-01 09:22:38.403936,1.69,3.0,100.03,53.1,53.76,2026-08-01,9,5,5.498,2.098,-3.808,0.902,False,True,1,MEDIUM,False,0.1050681818770231,NORMAL
AST-0010,2026-08-01 10:41:38.403936,4.4,0.16,101.79,61.99,47.3,2026-08-01,10,5,5.67,1.954,-1.2699999999999996,-1.7940000000000005,False,True,1,MEDIUM,False,0.0963081593839582,NORMAL
AST-0010,2026-08-01 13:31:38.403936,6.32,1.85,97.23,60.02,83.18,2026-08-01,13,5,3.908,1.7739999999999998,2.4120000000000004,0.0760000000000002,False,False,0,LOW,False,0.07026520389799501,NORMAL
AST-0010,2026-08-01 15:51:38.403936,4.98,2.83,99.4,65.73,48.63,2026-08-01,15,5,4.252000000000001,1.96,0.7279999999999998,0.8699999999999999,False,True,1,MEDIUM,False,0.14489515960670346,NORMAL
AST-0010,2026-08-01 18:08:38.403936,4.7,1.99,102.14,68.24,85.49,2026-08-01,18,5,4.418000000000001,1.966,0.2819999999999991,0.024,False,False,0,LOW,False,0.1489761599961747,NORMAL
AST-0010,2026-08-01 21:17:38.403936,5.46,3.75,99.94,65.99,65.71,2026-08-01,21,5,5.172,2.1160000000000005,0.2880000000000002,1.6339999999999997,False,True,1,MEDIUM,False,0.1433020458790546,NORMAL
AST-0010,2026-08-02 12:09:38.403936,5.09,2.41,104.45,61.54,49.93,2026-08-02,12,6,5.3100000000000005,2.5660000000000003,-0.2200000000000006,-0.1560000000000001,False,False,0,LOW,False,0.12034277323819331,NORMAL
AST-0010,2026-08-02 15:44:38.403936,5.42,1.78,95.39,59.77,49.4,2026-08-02,15,6,5.130000000000001,2.5520000000000005,0.2899999999999991,-0.7720000000000005,False,True,1,MEDIUM,False,0.04238440597477622,NORMAL
AST-0010,2026-08-02 16:15:38.403936,3.73,1.95,101.91,61.23,54.75,2026-08-02,16,6,4.880000000000001,2.376,-1.1500000000000008,-0.4259999999999999,False,False,0,LOW,False,0.1551239320624363,NORMAL
AST-0010,2026-08-02 18:04:38.403936,2.74,3.24,97.76,59.22,60.36,2026-08-02,18,6,4.488,2.6260000000000003,-1.747999999999999,0.6139999999999999,False,True,1,MEDIUM,False,0.10407746102987042,NORMAL
AST-0010,2026-08-02 23:03:38.403936,6.79,2.1,99.26,53.65,49.4,2026-08-02,23,6,4.754,2.2960000000000003,2.0360000000000005,-0.1960000000000001,False,False,0,LOW,False,0.1179635141689413,NORMAL
AST-0010,2026-08-03 03:18:38.403936,6.72,2.27,99.07,67.75,68.68,2026-08-03,3,0,5.08,2.268,1.6399999999999997,0.0020000000000002,False,False,0,LOW,False,0.14193222925296023,NORMAL
AST-0010,2026-08-03 04:42:38.403936,6.34,4.26,103.97,57.25,52.48,2026-08-03,4,0,5.264,2.764,1.0759999999999996,1.4959999999999996,False,True,1,MEDIUM,False,0.06910815261688508,NORMAL
AST-0010,2026-08-03 06:16:38.403936,2.74,2.04,98.43,62.85,81.67,2026-08-03,6,0,5.066,2.782,-2.326,-0.742,False,True,1,MEDIUM,False,0.1137375118800133,NORMAL
AST-0010,2026-08-03 10:11:38.403936,7.4,3.15,101.2,63.17,58.58,2026-08-03,10,0,5.998,2.764,1.402,0.3859999999999997,False,False,0,LOW,False,0.14642121853226264,NORMAL
AST-0010,2026-08-03 10:55:38.403936,5.38,3.27,103.19,75.74,53.64,2026-08-03,10,0,5.716,2.998,-0.3360000000000003,0.2720000000000002,False,False,0,LOW,False,0.12575624712897038,NORMAL
AST-0010,2026-08-03 12:54:38.403936,4.6,0.88,104.18,59.88,66.01,2026-08-03,12,0,5.292,2.72,-0.6920000000000002,-1.84,False,True,1,MEDIUM,False,0.09352051153148888,NORMAL
AST-0010,2026-08-03 15:20:38.403936,7.16,1.4,103.89,72.38,93.21,2026-08-03,15,0,5.456,2.148,1.7039999999999995,-0.7480000000000002,False,True,1,MEDIUM,False,0.03912207299776371,NORMAL
AST-0010,2026-08-03 16:58:38.403936,3.76,2.07,106.56,60.7,95.2,2026-08-03,16,0,5.66,2.154,-1.9000000000000004,-0.084,False,False,0,LOW,False,0.017362969876231982,NORMAL
AST-0010,2026-08-03 17:15:38.403936,4.37,2.14,103.08,58.93,61.4,2026-08-03,17,0,5.054,1.952,-0.6840000000000002,0.1880000000000001,False,False,0,LOW,False,0.1523634735445104,NORMAL
AST-0010,2026-08-03 17:36:38.403936,5.85,2.76,101.26,81.83,100.0,2026-08-03,17,0,5.148,1.85,0.702,0.9099999999999996,False,True,1,MEDIUM,False,0.04055826075103924,NORMAL
AST-0010,2026-08-04 06:02:38.403936,4.5,2.36,101.8,61.09,57.28,2026-08-04,6,1,5.128,2.146,-0.6280000000000001,0.2139999999999999,False,False,0,LOW,False,0.1647039833311873,NORMAL
AST-0010,2026-08-04 09:22:38.403936,3.46,2.35,101.07,50.18,85.73,2026-08-04,9,1,4.388,2.336,-0.928,0.0140000000000002,False,False,0,LOW,False,0.11046011064786138,NORMAL
AST-0010,2026-08-04 15:09:38.403936,4.16,2.22,101.26,61.97,79.4,2026-08-04,15,1,4.468,2.366,-0.3079999999999998,-0.1459999999999999,False,False,0,LOW,False,0.1606193854459836,NORMAL
AST-0010,2026-08-04 15:34:38.403936,7.27,2.93,103.42,61.76,65.26,2026-08-04,15,1,5.048,2.524,2.2219999999999995,0.4060000000000001,False,False,0,LOW,False,0.1406415413787283,NORMAL
AST-0010,2026-08-04 19:17:38.403936,4.29,0.72,101.22,73.21,64.36,2026-08-04,19,1,4.736,2.116,-0.4459999999999997,-1.396,False,True,1,MEDIUM,False,0.10981554617916439,NORMAL
AST-0010,2026-08-04 19:37:38.403936,2.35,1.35,100.33,79.38,66.24,2026-08-04,19,1,4.306,1.914,-1.956,-0.5640000000000001,False,True,1,MEDIUM,False,0.09146389538100214,NORMAL
AST-0010,2026-08-04 20:39:38.403936,4.97,3.04,98.97,71.91,84.61,2026-08-04,20,1,4.608,2.0520000000000005,0.3620000000000001,0.9879999999999995,False,True,1,MEDIUM,False,0.12428750682486966,NORMAL
AST-0010,2026-08-05 03:37:38.403936,3.07,2.57,97.68,80.33,40.54,2026-08-05,3,2,4.39,2.122,-1.3199999999999998,0.4479999999999999,False,False,0,LOW,False,0.0330799503309509,NORMAL
AST-0010,2026-08-05 10:34:38.403936,4.91,2.45,102.4,51.61,51.64,2026-08-05,10,2,3.918,2.026,0.992,0.4239999999999999,False,False,0,LOW,False,0.13570412108983432,NORMAL
AST-0010,2026-08-05 11:01:38.403936,3.7,2.11,98.03,79.95,40.53,2026-08-05,11,2,3.8,2.304,-0.0999999999999996,-0.1939999999999999,False,False,0,LOW,False,0.05127324582860976,NORMAL
AST-0010,2026-08-05 11:19:38.403936,4.23,3.1,100.07,56.75,69.07,2026-08-05,11,2,4.176,2.654,0.0540000000000002,0.4460000000000002,False,False,0,LOW,False,0.15506404345776031,NORMAL
AST-0010,2026-08-05 12:39:38.403936,14.41,2.63,99.11,50.23,51.69,2026-08-05,12,2,6.064,2.572,8.346,0.0579999999999998,True,False,1,MEDIUM,False,0.002398307919827314,NORMAL
AST-0010,2026-08-05 15:12:38.403936,5.14,2.35,103.27,76.87,100.0,2026-08-05,15,2,6.478,2.528,-1.338,-0.1779999999999999,False,False,0,LOW,False,0.06367323138511555,NORMAL
AST-0010,2026-08-05 16:02:38.403936,5.24,2.73,106.21,58.62,55.44,2026-08-05,16,2,6.544,2.584,-1.3039999999999994,0.1459999999999999,False,False,0,LOW,False,0.07484107934795153,NORMAL
AST-0010,2026-08-05 17:00:38.403936,3.04,2.77,100.32,81.74,91.39,2026-08-05,17,2,6.412000000000001,2.716,-3.3720000000000008,0.0539999999999998,False,False,0,LOW,False,0.06305031467692024,NORMAL
AST-0010,2026-08-05 22:49:38.403936,2.23,2.72,100.77,63.97,89.54,2026-08-05,22,2,6.012,2.64,-3.782,0.08,False,False,0,LOW,False,0.12133736536170175,NORMAL
AST-0010,2026-08-06 01:27:38.403936,2.78,3.37,100.16,65.44,82.2,2026-08-06,1,3,3.686,2.788,-0.906,0.5820000000000003,False,True,1,MEDIUM,False,0.13504767700685227,NORMAL
AST-0010,2026-08-06 01:58:38.403936,5.46,3.56,101.69,72.09,63.38,2026-08-06,1,3,3.75,3.03,1.71,0.5299999999999998,False,True,1,MEDIUM,False,0.1451193863902016,NORMAL
AST-0010,2026-08-06 03:43:38.403936,5.18,3.96,103.47,70.23,46.53,2026-08-06,3,3,3.738,3.276,1.4419999999999993,0.6840000000000002,False,True,1,MEDIUM,False,0.10657936030000481,NORMAL
AST-0010,2026-08-06 15:48:38.403936,4.0,2.28,98.85,70.67,53.33,2026-08-06,15,3,3.93,3.178,0.0700000000000002,-0.8980000000000001,False,True,1,MEDIUM,False,0.13494187639937166,NORMAL
AST-0010,2026-08-07 09:41:38.403936,5.67,2.52,99.51,58.47,55.1,2026-08-07,9,4,4.618,3.138,1.0519999999999996,-0.6179999999999999,False,True,1,MEDIUM,False,0.1451095251995148,NORMAL
AST-0010,2026-08-07 11:29:38.403936,1.83,0.63,100.07,63.02,88.41,2026-08-07,11,4,4.428,2.5900000000000003,-2.598,-1.9600000000000004,False,True,1,MEDIUM,False,0.06298870722086852,NORMAL
AST-0010,2026-08-07 20:18:38.403936,2.11,2.02,101.31,65.47,56.9,2026-08-07,20,4,3.758,2.282,-1.648,-0.262,False,False,0,LOW,False,0.14417797291424944,NORMAL
AST-0010,2026-08-08 00:03:38.403936,4.87,2.95,102.48,50.91,79.83,2026-08-08,0,5,3.696,2.08,1.174,0.8700000000000001,False,True,1,MEDIUM,False,0.13360148303512398,NORMAL
AST-0010,2026-08-08 02:39:38.403936,2.37,2.59,101.08,73.27,63.13,2026-08-08,2,5,3.37,2.1420000000000003,-1.0,0.4479999999999995,False,False,0,LOW,False,0.1465764195838522,NORMAL
AST-0010,2026-08-08 02:52:38.403936,2.77,2.43,103.12,65.17,73.74,2026-08-08,2,5,2.79,2.124,-0.02,0.306,False,False,0,LOW,False,0.1530287265861205,NORMAL
AST-0010,2026-08-08 05:59:38.403936,6.57,3.32,100.57,73.54,71.14,2026-08-08,5,5,3.738,2.662,2.832,0.6579999999999999,False,True,1,MEDIUM,False,0.14135336394178305,NORMAL
AST-0010,2026-08-08 09:42:38.403936,6.1,2.7,104.07,69.44,84.82,2026-08-08,9,5,4.536,2.798,1.564,-0.0979999999999998,False,False,0,LOW,False,0.1183548004380428,NORMAL
AST-0010,2026-08-08 16:13:38.403936,5.81,2.15,98.54,60.85,72.44,2026-08-08,16,5,4.724,2.638,1.0859999999999994,-0.488,False,False,0,LOW,False,0.13255724998697438,NORMAL
AST-0010,2026-08-08 22:13:38.403936,5.12,1.53,104.03,58.95,81.39,2026-08-08,22,5,5.273999999999999,2.426,-0.153999999999999,-0.8959999999999997,False,True,1,MEDIUM,False,0.09743711782639614,NORMAL
AST-0010,2026-08-09 00:35:38.403936,5.16,2.52,102.65,70.92,58.63,2026-08-09,0,6,5.752,2.444,-0.5919999999999996,0.076,False,False,0,LOW,False,0.16238302116015124,NORMAL
AST-0010,2026-08-09 01:12:38.403936,5.39,5.9,100.09,77.03,55.11,2026-08-09,1,6,5.516,2.96,-0.1260000000000003,2.9400000000000004,False,True,1,MEDIUM,False,0.05532212886096155,NORMAL
AST-0010,2026-08-09 04:08:38.403936,5.44,4.07,97.98,73.26,78.37,2026-08-09,4,6,5.384,3.2340000000000004,0.0560000000000009,0.8359999999999999,False,True,1,MEDIUM,False,0.08260630771082944,NORMAL
AST-0010,2026-08-09 04:11:38.403936,6.38,2.43,103.65,76.35,72.74,2026-08-09,4,6,5.497999999999999,3.29,0.8820000000000006,-0.8599999999999999,False,True,1,MEDIUM,False,0.12514860082488316,NORMAL
AST-0010,2026-08-09 07:11:38.403936,6.25,2.19,98.78,77.07,67.45,2026-08-09,7,6,5.723999999999999,3.422,0.5260000000000007,-1.2319999999999998,False,True,1,MEDIUM,False,0.11938018293537411,NORMAL
AST-0010,2026-08-09 11:14:38.403936,5.81,2.29,102.02,81.72,84.28,2026-08-09,11,6,5.854000000000001,3.3760000000000003,-0.0440000000000013,-1.0860000000000003,False,True,1,MEDIUM,False,0.10033059992227772,NORMAL
AST-0010,2026-08-09 15:49:38.403936,2.28,2.5,101.37,51.97,38.48,2026-08-09,15,6,5.232,2.696,-2.9520000000000004,-0.1960000000000001,False,False,0,LOW,False,0.09111072231276829,NORMAL
AST-0010,2026-08-09 21:55:38.403936,-5.34,1.86,100.36,61.99,56.95,2026-08-09,21,6,3.076,2.254,-8.416,-0.3939999999999999,True,False,1,MEDIUM,False,0.004140982293443951,NORMAL
AST-0010,2026-08-09 23:03:38.403936,3.45,1.54,100.03,48.87,77.3,2026-08-09,23,6,2.49,2.076,0.9600000000000004,-0.5359999999999996,False,True,1,MEDIUM,False,0.10457314097486914,NORMAL
AST-0010,2026-08-10 01:27:38.403936,3.27,1.52,100.16,63.76,45.84,2026-08-10,1,0,1.894,1.942,1.3760000000000003,-0.4220000000000001,False,False,0,LOW,False,0.1280131865506356,NORMAL
AST-0010,2026-08-10 03:24:38.403936,4.16,2.0,101.73,65.66,64.55,2026-08-10,3,0,1.5639999999999998,1.884,2.596,0.1160000000000001,False,False,0,LOW,False,0.17048876132532276,NORMAL
AST-0010,2026-08-10 05:07:38.403936,4.93,3.94,101.1,78.43,80.73,2026-08-10,5,0,2.094,2.172,2.836,1.7680000000000002,False,True,1,MEDIUM,False,0.10568501884203757,NORMAL
AST-0010,2026-08-10 10:59:38.403936,3.66,1.4,101.12,90.8,50.53,2026-08-10,10,0,3.894,2.08,-0.2339999999999995,-0.6800000000000002,False,True,1,MEDIUM,False,0.027711480310213976,NORMAL
AST-0010,2026-08-10 11:20:38.403936,4.19,3.52,103.89,62.18,53.64,2026-08-10,11,0,4.042,2.476,0.1480000000000005,1.044,False,True,1,MEDIUM,False,0.12492325686862848,NORMAL
AST-0010,2026-08-10 12:50:38.403936,5.91,2.65,105.2,75.25,53.23,2026-08-10,12,0,4.57,2.702,1.34,-0.052,False,False,0,LOW,False,0.09287801568625437,NORMAL
AST-0010,2026-08-10 20:31:38.403936,3.52,3.83,96.92,58.17,86.09,2026-08-10,20,0,4.441999999999999,3.068,-0.9219999999999992,0.762,False,True,1,MEDIUM,False,0.04378596596215739,NORMAL
AST-0010,2026-08-10 23:40:38.403936,4.3,8.35,98.58,54.2,28.61,2026-08-10,23,0,4.316,3.95,-0.016,4.4,False,True,1,MEDIUM,True,-0.06945791871015716,ANOMALOUS
AST-0010,2026-08-11 12:32:38.403936,5.52,1.96,103.97,71.26,48.14,2026-08-11,12,1,4.688,4.062,0.8319999999999999,-2.1020000000000003,False,True,1,MEDIUM,False,0.11020407085198791,NORMAL
AST-0010,2026-08-11 14:00:38.403936,3.35,2.78,100.98,58.93,34.31,2026-08-11,14,1,4.52,3.9139999999999993,-1.1699999999999997,-1.1339999999999997,False,True,1,MEDIUM,False,0.10699489874417895,NORMAL
AST-0010,2026-08-11 16:05:38.403936,5.03,3.02,102.29,75.39,68.63,2026-08-11,16,1,4.343999999999999,3.988,0.6860000000000008,-0.9679999999999996,False,True,1,MEDIUM,False,0.15452221061950994,NORMAL
AST-0010,2026-08-11 17:35:38.403936,3.26,2.05,102.79,71.1,64.62,2026-08-11,17,1,4.292,3.632,-1.032,-1.5820000000000003,False,True,1,MEDIUM,False,0.1541861632439478,NORMAL
AST-0010,2026-08-12 03:11:38.403936,5.27,3.08,102.33,58.59,72.77,2026-08-12,3,2,4.486,2.5780000000000003,0.7839999999999998,0.5019999999999998,False,True,1,MEDIUM,False,0.15649325897762895,NORMAL
AST-0010,2026-08-12 04:59:38.403936,4.34,2.29,104.63,70.4,91.12,2026-08-12,4,2,4.25,2.644,0.0899999999999998,-0.3539999999999996,False,False,0,LOW,False,0.09288826312394938,NORMAL
AST-0010,2026-08-12 10:25:38.403936,4.4,1.13,102.08,64.11,93.99,2026-08-12,10,2,4.459999999999999,2.314,-0.0599999999999987,-1.1840000000000002,False,True,1,MEDIUM,False,0.07604012323027748,NORMAL
AST-0010,2026-08-12 13:48:38.403936,5.25,4.18,99.89,65.69,83.98,2026-08-12,13,2,4.504,2.5460000000000003,0.7460000000000004,1.6339999999999997,False,True,1,MEDIUM,False,0.10607761694214085,NORMAL
AST-0010,2026-08-12 16:40:38.403936,3.54,2.67,100.69,62.81,78.79,2026-08-12,16,2,4.56,2.6699999999999995,-1.0199999999999996,4.440892098500626e-16,False,False,0,LOW,False,0.1587564203774548,NORMAL
AST-0010,2026-08-12 18:18:38.403936,4.04,2.68,101.8,80.77,63.28,2026-08-12,18,2,4.314,2.5900000000000003,-0.274,0.0899999999999998,False,False,0,LOW,False,0.12915737630318685,NORMAL
AST-0010,2026-08-12 18:44:38.403936,4.97,2.94,99.5,58.86,35.25,2026-08-12,18,2,4.44,2.72,0.5300000000000002,0.2200000000000002,False,False,0,LOW,False,0.10849873302423274,NORMAL
AST-0010,2026-08-12 21:59:38.403936,3.44,1.49,100.87,61.92,100.0,2026-08-12,21,2,4.247999999999999,2.792,-0.8079999999999994,-1.3019999999999998,False,True,1,MEDIUM,False,0.05553288922428379,NORMAL
AST-0010,2026-08-13 02:39:38.403936,6.35,3.06,99.95,39.83,78.76,2026-08-13,2,3,4.467999999999999,2.568,1.8820000000000008,0.492,False,False,0,LOW,False,0.06416845251139291,NORMAL
AST-0010,2026-08-13 04:07:38.403936,3.77,2.3,100.96,71.04,89.74,2026-08-13,4,3,4.514,2.494,-0.7440000000000002,-0.1939999999999999,False,False,0,LOW,False,0.1312365816970868,NORMAL
AST-0010,2026-08-13 05:25:38.403936,2.89,2.16,102.13,71.0,82.24,2026-08-13,5,3,4.284000000000001,2.39,-1.3940000000000006,-0.2299999999999995,False,False,0,LOW,False,0.1424448091755185,NORMAL
AST-0010,2026-08-13 06:14:38.403936,6.08,1.7,100.53,67.5,100.0,2026-08-13,6,3,4.505999999999999,2.142,1.5740000000000007,-0.4419999999999999,False,False,0,LOW,False,0.0719108531139277,NORMAL
AST-0010,2026-08-13 08:11:38.403936,2.8,1.82,98.54,62.67,69.42,2026-08-13,8,3,4.378,2.208,-1.5780000000000003,-0.3879999999999997,False,False,0,LOW,False,0.12384708622844015,NORMAL
AST-0010,2026-08-13 14:15:38.403936,4.17,2.4,101.51,62.02,76.4,2026-08-13,14,3,3.9419999999999993,2.076,0.2280000000000006,0.3240000000000003,False,False,0,LOW,False,0.16257389278347623,NORMAL
AST-0010,2026-08-13 19:12:38.403936,3.22,1.85,98.85,61.71,44.35,2026-08-13,19,3,3.832,1.986,-0.6119999999999997,-0.1359999999999999,False,False,0,LOW,False,0.10852829683863019,NORMAL
AST-0010,2026-08-13 20:09:38.403936,4.66,2.62,98.29,74.96,49.13,2026-08-13,20,3,4.186,2.0780000000000003,0.4740000000000002,0.5419999999999998,False,True,1,MEDIUM,False,0.10907809455360795,NORMAL
AST-0010,2026-08-13 20:25:38.403936,3.51,2.09,100.39,68.39,73.21,2026-08-13,20,3,3.672,2.156,-0.1619999999999999,-0.0660000000000002,False,False,0,LOW,False,0.1633121221569458,NORMAL
AST-0010,2026-08-13 20:59:38.403936,1.84,2.08,101.86,43.4,66.53,2026-08-13,20,3,3.4799999999999995,2.208,-1.6399999999999997,-0.1280000000000001,False,False,0,LOW,False,0.07575832180698483,NORMAL
AST-0010,2026-08-14 00:14:38.403936,17.79,1.84,97.26,66.45,79.28,2026-08-14,0,4,6.204,2.096,11.586,-0.256,True,False,1,MEDIUM,True,-0.04785473841111343,ANOMALOUS
AST-0010,2026-08-14 02:45:38.403936,2.96,7.68,102.3,70.2,35.08,2026-08-14,2,4,6.151999999999999,3.2620000000000005,-3.1919999999999997,4.417999999999999,False,True,1,MEDIUM,True,-0.02212841125964926,ANOMALOUS
AST-0010,2026-08-14 07:13:38.403936,4.94,2.34,102.38,55.47,49.8,2026-08-14,7,4,6.208,3.2060000000000004,-1.2679999999999998,-0.8660000000000005,False,True,1,MEDIUM,False,0.1446578610546378,NORMAL
AST-0010,2026-08-14 09:13:38.403936,3.59,2.27,103.24,71.24,65.28,2026-08-14,9,4,6.223999999999999,3.242,-2.6339999999999995,-0.972,False,True,1,MEDIUM,False,0.15650090365667257,NORMAL
AST-0010,2026-08-14 13:14:38.403936,5.44,2.4,101.87,64.62,66.77,2026-08-14,13,4,6.944,3.306,-1.5039999999999996,-0.906,False,True,1,MEDIUM,False,0.17332627190759764,NORMAL
AST-0010,2026-08-14 13:40:38.403936,4.82,2.23,103.22,71.47,52.68,2026-08-14,13,4,4.35,3.3839999999999995,0.4700000000000006,-1.1539999999999997,False,True,1,MEDIUM,False,0.14864097817111627,NORMAL
AST-0010,2026-08-14 21:43:38.403936,4.73,3.62,102.89,42.06,46.03,2026-08-14,21,4,4.704,2.572,0.0260000000000006,1.048,False,True,1,MEDIUM,False,0.05504319320770801,NORMAL
AST-0010,2026-08-15 03:44:38.403936,4.31,1.77,102.69,61.24,41.51,2026-08-15,3,5,4.578,2.458,-0.2680000000000007,-0.6879999999999997,False,True,1,MEDIUM,False,0.13071741950017873,NORMAL
AST-0010,2026-08-15 05:05:38.403936,7.87,2.95,103.5,83.04,50.06,2026-08-15,5,5,5.434,2.5940000000000003,2.436,0.3559999999999998,False,False,0,LOW,False,0.04181913649318214,NORMAL
AST-0010,2026-08-15 10:47:38.403936,2.64,1.3,105.98,63.23,69.55,2026-08-15,10,5,4.8740000000000006,2.374,-2.2340000000000004,-1.074,False,True,1,MEDIUM,False,0.052472641995297664,NORMAL
AST-0010,2026-08-15 13:41:38.403936,4.77,3.53,99.98,53.59,70.55,2026-08-15,13,5,4.864,2.634,-0.0940000000000003,0.8959999999999999,False,True,1,MEDIUM,False,0.13547006667675227,NORMAL
AST-0010,2026-08-15 14:15:38.403936,2.49,1.15,103.93,55.45,59.14,2026-08-15,14,5,4.416,2.14,-1.9259999999999995,-0.9900000000000002,False,True,1,MEDIUM,False,0.08353225565860178,NORMAL
AST-0010,2026-08-15 16:03:38.403936,6.41,2.41,100.53,55.75,69.84,2026-08-15,16,5,4.836,2.268,1.5739999999999998,0.1420000000000003,False,False,0,LOW,False,0.14753909259327225,NORMAL
AST-0010,2026-08-15 19:04:38.403936,3.89,1.95,98.43,66.46,75.54,2026-08-15,19,5,4.04,2.068,-0.1499999999999999,-0.1180000000000001,False,False,0,LOW,False,0.13969985787919575,NORMAL
AST-0010,2026-08-15 19:35:38.403936,4.21,3.52,101.73,73.55,65.17,2026-08-15,19,5,4.354,2.512,-0.1440000000000001,1.0080000000000005,False,True,1,MEDIUM,False,0.14875017966500131,NORMAL
AST-0010,2026-08-16 01:47:38.403936,4.61,2.12,102.26,68.34,83.68,2026-08-16,1,6,4.322,2.23,0.2880000000000002,-0.1099999999999998,False,False,0,LOW,False,0.1526359377012596,NORMAL
AST-0010,2026-08-16 02:06:38.403936,3.97,1.88,98.71,60.44,68.27,2026-08-16,2,6,4.618,2.376,-0.6480000000000001,-0.496,False,False,0,LOW,False,0.13913744171380765,NORMAL
AST-0010,2026-08-16 04:14:38.403936,2.3,2.75,100.62,69.94,40.09,2026-08-16,4,6,3.796,2.444,-1.4959999999999996,0.306,False,False,0,LOW,False,0.10856254387554265,NORMAL
AST-0010,2026-08-16 16:52:38.403936,6.95,2.74,101.49,68.88,100.0,2026-08-16,16,6,4.408,2.6020000000000003,2.5420000000000007,0.1379999999999999,False,False,0,LOW,False,0.07999492281868853,NORMAL
AST-0010,2026-08-16 18:06:38.403936,12.26,2.28,100.74,58.84,58.77,2026-08-16,18,6,6.017999999999999,2.354,6.242000000000001,-0.0740000000000002,True,False,1,MEDIUM,False,0.06616551641446977,NORMAL
AST-0010,2026-08-16 19:32:38.403936,5.81,1.98,98.89,54.58,56.23,2026-08-16,19,6,6.258,2.326,-0.4480000000000004,-0.3459999999999996,False,False,0,LOW,False,0.12399135514153509,NORMAL
AST-0010,2026-08-16 19:56:38.403936,6.11,4.39,99.73,51.19,70.47,2026-08-16,19,6,6.686,2.8280000000000003,-0.5759999999999996,1.5619999999999994,False,True,1,MEDIUM,False,0.0881888476385444,NORMAL
AST-0010,2026-08-16 20:58:38.403936,3.21,1.63,98.94,68.52,70.56,2026-08-16,20,6,6.867999999999999,2.604,-3.658,-0.9740000000000002,False,True,1,MEDIUM,False,0.1285473932512568,NORMAL
AST-0010,2026-08-16 22:34:38.403936,-4.55,1.55,100.88,59.68,75.73,2026-08-16,22,6,4.568,2.366,-9.118,-0.8159999999999996,True,True,2,HIGH,False,0.006958278313892952,NORMAL
AST-0010,2026-08-16 23:42:38.403936,4.23,3.6,100.01,57.01,56.31,2026-08-16,23,6,2.962,2.63,1.2680000000000002,0.9700000000000002,False,True,1,MEDIUM,False,0.13637224772228257,NORMAL
AST-0010,2026-08-17 06:27:38.403936,3.22,1.54,99.53,36.5,74.8,2026-08-17,6,0,2.444,2.542,0.7760000000000002,-1.0019999999999998,False,True,1,MEDIUM,False,0.043947302317283665,NORMAL
AST-0010,2026-08-17 08:06:38.403936,3.21,2.03,103.89,57.25,67.25,2026-08-17,8,0,1.864,2.07,1.346,-0.04,False,False,0,LOW,False,0.12656187591387252,NORMAL
AST-0010,2026-08-17 16:39:38.403936,6.18,2.9,103.47,47.84,55.61,2026-08-17,16,0,2.458,2.324,3.722,0.5760000000000001,False,True,1,MEDIUM,False,0.0952689531110062,NORMAL
AST-0010,2026-08-17 18:51:38.403936,5.88,2.23,104.3,59.85,100.0,2026-08-17,18,0,4.544,2.46,1.3360000000000003,-0.2299999999999999,False,False,0,LOW,False,0.04492026958487849,NORMAL
AST-0010,2026-08-17 22:59:38.403936,6.73,1.68,104.48,67.84,64.87,2026-08-17,22,0,5.044,2.076,1.6860000000000008,-0.3959999999999997,False,False,0,LOW,False,0.09993971821802777,NORMAL
AST-0010,2026-08-18 00:20:38.403936,7.53,2.92,99.41,53.29,87.56,2026-08-18,0,1,5.906,2.352,1.6240000000000006,0.5680000000000001,False,True,1,MEDIUM,False,0.0873313957603063,NORMAL
AST-0010,2026-08-18 06:15:38.403936,3.09,2.44,105.48,74.99,74.91,2026-08-18,6,1,5.882,2.434,-2.792,0.0059999999999997,False,False,0,LOW,False,0.09063317103048263,NORMAL
AST-0010,2026-08-18 09:25:38.403936,3.95,2.64,101.34,55.13,76.28,2026-08-18,9,1,5.436,2.382,-1.4859999999999998,0.258,False,False,0,LOW,False,0.1574591857537369,NORMAL
AST-0010,2026-08-18 13:25:38.403936,3.21,3.04,101.63,76.81,72.26,2026-08-18,13,1,4.901999999999999,2.544,-1.6919999999999993,0.4960000000000004,False,False,0,LOW,False,0.14438194325124426,NORMAL
AST-0010,2026-08-19 02:08:38.403936,7.08,3.69,102.2,62.77,61.45,2026-08-19,2,2,4.972,2.946,2.1080000000000005,0.7439999999999998,False,True,1,MEDIUM,False,0.13582473219147417,NORMAL
AST-0010,2026-08-19 11:14:38.403936,2.51,2.87,100.59,70.75,52.92,2026-08-19,11,2,3.967999999999999,2.936,-1.4579999999999993,-0.0659999999999998,False,False,0,LOW,False,0.14205876775611348,NORMAL
AST-0010,2026-08-19 13:57:38.403936,6.68,2.36,99.83,49.0,77.72,2026-08-19,13,2,4.686,2.9200000000000004,1.994,-0.5600000000000005,False,True,1,MEDIUM,False,0.1038852483733737,NORMAL
AST-0010,2026-08-19 16:23:38.403936,-3.96,3.34,99.62,59.0,75.68,2026-08-19,16,2,3.104,3.06,-7.064,0.2799999999999998,True,False,1,MEDIUM,False,0.011081182928744937,NORMAL
AST-0010,2026-08-19 18:31:38.403936,3.44,3.18,104.6,75.71,51.87,2026-08-19,18,2,3.1499999999999995,3.088,0.2900000000000005,0.092,False,False,0,LOW,False,0.09230778053723454,NORMAL
AST-0010,2026-08-19 22:19:38.403936,6.1,3.66,99.47,56.63,62.47,2026-08-19,22,2,2.954,3.082,3.146,0.5780000000000003,False,True,1,MEDIUM,False,0.13236693452416448,NORMAL
AST-0010,2026-08-20 03:25:38.403936,6.5,1.41,101.12,74.67,51.98,2026-08-20,3,3,3.752,2.79,2.748,-1.38,False,True,1,MEDIUM,False,0.11719407603366577,NORMAL
AST-0010,2026-08-20 03:35:38.403936,7.27,2.97,100.58,70.91,84.96,2026-08-20,3,3,3.87,2.912,3.4,0.0580000000000002,False,False,0,LOW,False,0.12190969090247356,NORMAL
AST-0010,2026-08-20 03:56:38.403936,5.77,1.33,101.79,63.32,85.03,2026-08-20,3,3,5.816,2.51,-0.0460000000000002,-1.1800000000000002,False,True,1,MEDIUM,False,0.12564718502559408,NORMAL
AST-0010,2026-08-20 10:49:38.403936,3.06,2.04,99.84,40.79,67.55,2026-08-20,10,3,5.739999999999999,2.282,-2.6799999999999997,-0.242,False,False,0,LOW,False,0.0722717845571979,NORMAL
AST-0010,2026-08-20 11:24:38.403936,4.7,2.52,99.87,73.1,74.56,2026-08-20,11,3,5.459999999999999,2.054,-0.7599999999999989,0.4660000000000002,False,False,0,LOW,False,0.15500909481411412,NORMAL
AST-0010,2026-08-20 11:49:38.403936,3.13,1.83,101.17,57.84,77.28,2026-08-20,11,3,4.786,2.138,-1.6559999999999997,-0.3079999999999998,False,False,0,LOW,False,0.1426042255332442,NORMAL
AST-0010,2026-08-20 13:13:38.403936,2.17,1.6,103.81,69.88,42.79,2026-08-20,13,3,3.765999999999999,1.864,-1.5959999999999992,-0.264,False,False,0,LOW,False,0.0753020201646874,NORMAL
AST-0010,2026-08-20 14:00:38.403936,2.39,1.17,100.41,60.12,49.19,2026-08-20,14,3,3.0899999999999994,1.832,-0.6999999999999993,-0.6620000000000001,False,True,1,MEDIUM,False,0.11016793790211599,NORMAL
AST-0010,2026-08-20 14:57:38.403936,4.14,6.19,103.44,77.72,63.01,2026-08-20,14,3,3.306,2.662,0.8340000000000001,3.5280000000000005,False,True,1,MEDIUM,False,0.02791303957134561,NORMAL
AST-0010,2026-08-21 04:54:38.403936,4.07,1.65,100.93,58.07,58.2,2026-08-21,4,4,3.18,2.4880000000000004,0.8900000000000006,-0.8380000000000005,False,True,1,MEDIUM,False,0.1490124042383662,NORMAL
AST-0010,2026-08-21 07:12:38.403936,7.12,2.04,97.46,43.18,43.74,2026-08-21,7,4,3.978,2.53,3.142,-0.4900000000000002,False,False,0,LOW,False,0.001372519800454386,NORMAL
AST-0010,2026-08-21 11:15:38.403936,5.64,3.05,100.9,71.83,24.08,2026-08-21,11,4,4.672,2.8200000000000003,0.968,0.2299999999999995,False,False,0,LOW,False,0.06685700797621796,NORMAL
AST-0010,2026-08-21 20:24:38.403936,6.11,2.62,102.32,68.65,62.81,2026-08-21,20,4,5.416,3.11,0.6940000000000008,-0.4899999999999997,False,False,0,LOW,False,0.16495122130626055,NORMAL
AST-0010,2026-08-21 22:21:38.403936,4.72,3.44,98.45,69.83,54.0,2026-08-21,22,4,5.531999999999999,2.56,-0.8119999999999994,0.8799999999999999,False,True,1,MEDIUM,False,0.11698189242312196,NORMAL
AST-0010,2026-08-22 00:22:38.403936,4.15,1.75,103.54,62.06,91.15,2026-08-22,0,5,5.547999999999999,2.58,-1.3979999999999988,-0.8299999999999996,False,True,1,MEDIUM,False,0.10162443100818802,NORMAL
AST-0010,2026-08-22 10:25:38.403936,3.8,3.16,99.15,60.89,76.0,2026-08-22,10,5,4.884,2.804,-1.0839999999999996,0.3560000000000003,False,False,0,LOW,False,0.14578788722074498,NORMAL
AST-0010,2026-08-22 11:14:38.403936,5.9,0.09,104.46,72.95,100.0,2026-08-22,11,5,4.936,2.212,0.9640000000000004,-2.1220000000000003,False,True,1,MEDIUM,True,-0.029865709448598232,ANOMALOUS
AST-0010,2026-08-22 11:18:38.403936,4.57,3.08,100.57,88.88,68.24,2026-08-22,11,5,4.628,2.304,-0.0579999999999998,0.7760000000000002,False,True,1,MEDIUM,False,0.06713036861080734,NORMAL
AST-0010,2026-08-22 11:22:38.403936,5.69,2.91,104.55,61.89,47.22,2026-08-22,11,5,4.822,2.1979999999999995,0.8680000000000003,0.7120000000000006,False,True,1,MEDIUM,False,0.11434929146803247,NORMAL
AST-0010,2026-08-22 13:42:38.403936,4.37,4.27,102.91,86.9,80.88,2026-08-22,13,5,4.866,2.7019999999999995,-0.4959999999999995,1.568,False,True,1,MEDIUM,False,0.03388281559998513,NORMAL
AST-0010,2026-08-22 18:38:38.403936,3.55,2.82,105.01,75.2,74.62,2026-08-22,18,5,4.816,2.6339999999999995,-1.266,0.1860000000000004,False,False,0,LOW,False,0.10568458292271393,NORMAL
AST-0010,2026-08-22 21:43:38.403936,6.29,2.01,100.62,79.5,44.8,2026-08-22,21,5,4.894,3.018,1.396,-1.008,False,True,1,MEDIUM,False,0.0906795701689439,NORMAL
AST-0010,2026-08-22 23:17:38.403936,3.09,3.4,102.91,74.76,65.16,2026-08-22,23,5,4.598,3.082,-1.508,0.318,False,False,0,LOW,False,0.13553756875405198,NORMAL
AST-0010,2026-08-23 01:34:38.403936,2.06,0.49,101.89,66.39,59.87,2026-08-23,1,6,3.872,2.598,-1.812,-2.108,False,True,1,MEDIUM,False,0.09692616113925268,NORMAL
AST-0010,2026-08-23 03:26:38.403936,2.8,2.9,101.58,63.74,97.8,2026-08-23,3,6,3.557999999999999,2.3239999999999994,-0.7579999999999991,0.5760000000000005,False,True,1,MEDIUM,False,0.09203059018607257,NORMAL
AST-0010,2026-08-23 03:35:38.403936,6.21,1.36,104.8,39.91,51.16,2026-08-23,3,6,4.089999999999999,2.032,2.120000000000001,-0.6719999999999999,False,True,1,MEDIUM,True,-0.007045604078299794,ANOMALOUS
AST-0010,2026-08-23 05:34:38.403936,6.1,2.98,105.91,50.21,87.67,2026-08-23,5,6,4.052,2.226,2.048,0.754,False,True,1,MEDIUM,False,0.03711244744111564,NORMAL
AST-0010,2026-08-23 06:49:38.403936,6.62,3.3,101.89,62.87,80.34,2026-08-23,6,6,4.758,2.206,1.862,1.094,False,True,1,MEDIUM,False,0.1477171045240624,NORMAL
AST-0010,2026-08-23 09:15:38.403936,-3.79,2.67,103.04,69.96,67.71,2026-08-23,9,6,3.588,2.642,-7.378,0.028,True,False,1,MEDIUM,False,0.04089886812609289,NORMAL
AST-0010,2026-08-23 09:44:38.403936,5.77,1.06,102.76,58.61,51.75,2026-08-23,9,6,4.182,2.274,1.588,-1.214,False,True,1,MEDIUM,False,0.108778100585329,NORMAL
AST-0010,2026-08-23 10:43:38.403936,3.23,3.6,96.5,57.21,55.83,2026-08-23,10,6,3.5859999999999994,2.722,-0.3559999999999994,0.8780000000000001,False,True,1,MEDIUM,False,0.0541054129523168,NORMAL
AST-0010,2026-08-23 14:45:38.403936,4.56,2.16,101.99,69.66,51.23,2026-08-23,14,6,3.278,2.558,1.282,-0.3979999999999997,False,False,0,LOW,False,0.1593198401448686,NORMAL
AST-0010,2026-08-23 18:22:38.403936,7.57,1.2,100.19,65.33,85.47,2026-08-23,18,6,3.467999999999999,2.138,4.102000000000001,-0.938,False,True,1,MEDIUM,False,0.08880151811108117,NORMAL
AST-0010,2026-08-23 19:39:38.403936,4.88,2.98,103.37,62.25,68.28,2026-08-23,19,6,5.201999999999999,2.2,-0.3219999999999992,0.7799999999999998,False,True,1,MEDIUM,False,0.1580236893979407,NORMAL
AST-0010,2026-08-24 03:53:38.403936,3.05,1.73,101.99,64.51,65.59,2026-08-24,3,0,4.658,2.334,-1.6079999999999997,-0.6040000000000001,False,True,1,MEDIUM,False,0.15508679241443973,NORMAL
AST-0010,2026-08-24 17:29:38.403936,3.99,2.65,104.02,64.55,49.05,2026-08-24,17,0,4.81,2.144,-0.8199999999999994,0.5060000000000002,False,True,1,MEDIUM,False,0.1333105687711495,NORMAL
AST-0010,2026-08-24 18:27:38.403936,4.36,1.46,99.85,33.01,56.1,2026-08-24,18,0,4.77,2.004,-0.4099999999999992,-0.544,False,True,1,MEDIUM,False,0.03313357275721962,NORMAL
AST-0010,2026-08-24 19:05:38.403936,2.58,3.43,103.84,52.55,89.44,2026-08-24,19,0,3.772,2.45,-1.1919999999999995,0.98,False,True,1,MEDIUM,False,0.06575617425523061,NORMAL
AST-0010,2026-08-25 16:01:38.403936,5.75,3.16,99.35,84.83,69.17,2026-08-25,16,1,3.9459999999999993,2.486,1.8040000000000007,0.6740000000000004,False,True,1,MEDIUM,False,0.0800729608612391,NORMAL
AST-0010,2026-08-26 02:42:38.403936,2.63,2.58,102.78,62.85,74.92,2026-08-26,2,2,3.862000000000001,2.656,-1.2320000000000009,-0.0759999999999996,False,False,0,LOW,False,0.148211048889975,NORMAL
AST-0010,2026-08-26 03:18:38.403936,7.45,8.23,104.9,59.51,49.66,2026-08-26,3,2,4.554,3.772,2.896,4.458,False,True,1,MEDIUM,True,-0.055527373600250396,ANOMALOUS
AST-0010,2026-08-26 08:40:38.403936,4.66,1.43,100.1,68.2,36.33,2026-08-26,8,2,4.614,3.766,0.0460000000000002,-2.3359999999999994,False,True,1,MEDIUM,False,0.09663896867463828,NORMAL
AST-0010,2026-08-26 11:20:38.403936,1.91,3.78,102.1,66.37,91.54,2026-08-26,11,2,4.48,3.836,-2.5699999999999994,-0.056,False,False,0,LOW,False,0.08774381251557634,NORMAL
AST-0010,2026-08-26 12:13:38.403936,4.26,1.88,100.52,59.76,78.17,2026-08-26,12,2,4.182,3.58,0.0780000000000002,-1.6999999999999995,False,True,1,MEDIUM,False,0.1457853828091491,NORMAL
AST-0010,2026-08-26 12:28:38.403936,2.89,1.2,101.71,66.86,99.5,2026-08-26,12,2,4.234,3.304,-1.344,-2.104,False,True,1,MEDIUM,False,0.04617578689934193,NORMAL
AST-0010,2026-08-26 15:56:38.403936,2.41,2.62,101.1,62.26,57.64,2026-08-26,15,2,3.226,2.182,-0.8159999999999998,0.4380000000000001,False,False,0,LOW,False,0.15446221853997943,NORMAL
AST-0010,2026-08-27 02:58:38.403936,3.31,2.41,99.23,59.46,43.44,2026-08-27,2,3,2.956,2.378,0.3540000000000001,0.032,False,False,0,LOW,False,0.116965604100086,NORMAL
AST-0010,2026-08-27 07:25:38.403936,3.96,3.43,99.14,71.16,75.68,2026-08-27,7,3,3.366,2.308,0.5940000000000003,1.1220000000000003,False,True,1,MEDIUM,False,0.13724757412032473,NORMAL
AST-0010,2026-08-27 11:29:38.403936,4.34,4.05,98.21,78.71,34.33,2026-08-27,11,3,3.3819999999999992,2.742,0.9580000000000006,1.3079999999999998,False,True,1,MEDIUM,False,0.015303868138016208,NORMAL
AST-0010,2026-08-27 14:18:38.403936,7.7,1.41,103.35,70.0,80.08,2026-08-27,14,3,4.343999999999999,2.7840000000000003,3.3560000000000008,-1.3740000000000003,False,True,1,MEDIUM,False,0.08698822968502001,NORMAL
AST-0010,2026-08-27 14:41:38.403936,8.67,1.67,98.59,72.34,27.61,2026-08-27,14,3,5.595999999999999,2.5940000000000003,3.0740000000000007,-0.9240000000000004,False,True,1,MEDIUM,False,0.003093933492556933,NORMAL
AST-0010,2026-08-27 14:41:38.403936,7.27,2.82,96.47,75.56,37.83,2026-08-27,14,3,6.388,2.676,0.8819999999999997,0.1440000000000001,False,False,0,LOW,False,0.00403297804320113,NORMAL
AST-0010,2026-08-27 14:44:38.403936,2.81,2.58,97.93,73.31,80.69,2026-08-27,14,3,6.158,2.506,-3.3479999999999994,0.0739999999999998,False,False,0,LOW,False,0.10177572881183605,NORMAL
AST-0010,2026-08-27 16:20:38.403936,6.14,2.99,99.12,61.84,86.84,2026-08-27,16,3,6.517999999999999,2.294,-0.3779999999999992,0.6960000000000006,False,True,1,MEDIUM,False,0.12163262638510092,NORMAL
AST-0010,2026-08-27 17:54:38.403936,3.7,2.66,105.33,59.76,46.29,2026-08-27,17,3,5.717999999999999,2.544,-2.017999999999999,0.1160000000000005,False,False,0,LOW,False,0.09477504354413524,NORMAL
AST-0010,2026-08-27 21:58:38.403936,-0.36,2.74,101.3,66.4,65.97,2026-08-27,21,3,3.912,2.758,-4.272,-0.0179999999999997,False,False,0,LOW,False,0.10502095321380428,NORMAL
AST-0010,2026-08-27 22:34:38.403936,7.3,1.9,97.97,44.98,62.29,2026-08-27,22,3,3.9179999999999993,2.574,3.382000000000001,-0.6739999999999999,False,True,1,MEDIUM,False,0.04105691884375401,NORMAL
AST-0010,2026-08-28 02:06:38.403936,4.13,3.0,101.39,71.23,77.66,2026-08-28,2,4,4.182,2.658,-0.0519999999999996,0.3420000000000001,False,False,0,LOW,False,0.16359988701764977,NORMAL
AST-0010,2026-08-28 03:12:38.403936,3.49,3.21,104.1,72.81,61.12,2026-08-28,3,4,3.652,2.7020000000000004,-0.1619999999999994,0.5079999999999996,False,True,1,MEDIUM,False,0.1265516271553006,NORMAL
AST-0010,2026-08-28 04:36:38.403936,4.03,2.61,98.68,57.46,92.96,2026-08-28,4,4,3.718,2.692,0.3120000000000003,-0.0820000000000003,False,False,0,LOW,False,0.07643612911044922,NORMAL
AST-0010,2026-08-28 07:06:38.403936,2.49,2.17,101.56,60.45,61.06,2026-08-28,7,4,4.287999999999999,2.578,-1.7979999999999992,-0.4079999999999999,False,False,0,LOW,False,0.1527071337972093,NORMAL
AST-0010,2026-08-28 08:09:38.403936,3.51,3.33,101.99,69.06,42.2,2026-08-28,8,4,3.53,2.864,-0.02,0.4660000000000002,False,False,0,LOW,False,0.12304612175672158,NORMAL
AST-0010,2026-08-28 12:02:38.403936,3.87,2.97,101.26,46.04,47.59,2026-08-28,12,4,3.478,2.858,0.3919999999999999,0.1120000000000001,False,False,0,LOW,False,0.102550869380653,NORMAL
AST-0010,2026-08-28 12:42:38.403936,5.36,1.69,97.85,68.11,55.49,2026-08-28,12,4,3.852,2.554,1.508000000000001,-0.8639999999999999,False,True,1,MEDIUM,False,0.10045017404061979,NORMAL
AST-0010,2026-08-28 13:08:38.403936,3.76,2.1,103.6,67.97,87.82,2026-08-28,13,4,3.798,2.452,-0.0379999999999998,-0.3519999999999998,False,False,0,LOW,False,0.1280876684397514,NORMAL
AST-0010,2026-08-28 14:58:38.403936,5.23,3.36,99.54,68.49,62.75,2026-08-28,14,4,4.346,2.69,0.8840000000000003,0.6699999999999999,False,True,1,MEDIUM,False,0.15087733081474797,NORMAL
AST-0011,2026-07-29 22:08:38.403936,6.29,2.39,101.3,49.26,87.31,2026-07-29,22,2,6.29,2.39,0.0,0.0,False,False,0,LOW,False,0.09767362831352472,NORMAL
AST-0011,2026-07-30 01:29:38.403936,4.14,3.67,102.31,69.36,43.56,2026-07-30,1,3,5.215,3.03,-1.0750000000000002,0.6399999999999997,False,True,1,MEDIUM,False,0.11988046383759038,NORMAL
AST-0011,2026-07-30 01:30:38.403936,3.4,3.13,101.4,75.45,61.37,2026-07-30,1,3,4.61,3.063333333333333,-1.2100000000000004,0.0666666666666668,False,False,0,LOW,False,0.15014507957189865,NORMAL
AST-0011,2026-07-30 03:59:38.403936,2.62,1.97,102.82,47.45,81.26,2026-07-30,3,3,4.1125,2.79,-1.4924999999999995,-0.8200000000000001,False,True,1,MEDIUM,False,0.08477087525510979,NORMAL
AST-0011,2026-07-30 07:25:38.403936,5.85,1.96,104.8,64.15,37.29,2026-07-30,7,3,4.459999999999999,2.624,1.3900000000000006,-0.6639999999999997,False,True,1,MEDIUM,False,0.07002309317462863,NORMAL
AST-0011,2026-07-30 07:47:38.403936,4.88,1.36,102.95,80.53,65.72,2026-07-30,7,3,4.178,2.418,0.702,-1.058,False,True,1,MEDIUM,False,0.10191645828175233,NORMAL
AST-0011,2026-07-30 11:37:38.403936,6.8,3.18,100.27,58.88,50.38,2026-07-30,11,3,4.709999999999999,2.32,2.0900000000000007,0.8600000000000003,False,True,1,MEDIUM,False,0.13186078192970418,NORMAL
AST-0011,2026-07-30 11:50:38.403936,6.68,3.65,99.53,71.73,43.79,2026-07-30,11,3,5.366,2.4240000000000004,1.314,1.2259999999999995,False,True,1,MEDIUM,False,0.08935590425935841,NORMAL
AST-0011,2026-07-30 12:13:38.403936,4.5,2.33,98.79,64.55,17.72,2026-07-30,12,3,5.742,2.496,-1.242,-0.1659999999999999,False,False,0,LOW,False,0.03724897782403719,NORMAL
AST-0011,2026-07-30 12:28:38.403936,4.01,2.26,102.21,79.74,72.35,2026-07-30,12,3,5.374,2.556,-1.364,-0.2960000000000002,False,False,0,LOW,False,0.1346871882824327,NORMAL
AST-0011,2026-07-30 17:22:38.403936,3.08,2.46,99.55,66.65,85.38,2026-07-30,17,3,5.014,2.776,-1.934,-0.3159999999999998,False,False,0,LOW,False,0.13257104455723662,NORMAL
AST-0011,2026-07-30 20:11:38.403936,6.36,3.76,103.06,78.49,100.0,2026-07-30,20,3,4.926,2.892,1.4340000000000002,0.8679999999999999,False,True,1,MEDIUM,False,0.013503839010592933,NORMAL
AST-0011,2026-07-30 22:32:38.403936,4.58,1.87,98.66,73.66,75.79,2026-07-30,22,3,4.506,2.536,0.0739999999999998,-0.6659999999999999,False,True,1,MEDIUM,False,0.1276652516871194,NORMAL
AST-0011,2026-07-31 01:31:38.403936,11.92,2.36,95.5,81.71,48.78,2026-07-31,1,4,5.99,2.542,5.93,-0.1819999999999999,True,False,1,MEDIUM,True,-0.070003302827224,ANOMALOUS
AST-0011,2026-07-31 05:29:38.403936,4.77,1.29,100.6,81.17,53.13,2026-07-31,5,4,6.142,2.348,-1.3720000000000008,-1.0579999999999998,False,True,1,MEDIUM,False,0.09193163529982434,NORMAL
AST-0011,2026-07-31 06:11:38.403936,5.85,3.06,97.09,76.94,92.49,2026-07-31,6,4,6.696000000000001,2.468,-0.846000000000001,0.5920000000000001,False,True,1,MEDIUM,False,0.026360600355598507,NORMAL
AST-0011,2026-07-31 11:14:38.403936,17.58,2.32,104.21,51.61,77.47,2026-07-31,11,4,8.940000000000001,2.18,8.639999999999997,0.1399999999999996,True,False,1,MEDIUM,True,-0.039737021121121874,ANOMALOUS
AST-0011,2026-07-31 11:38:38.403936,5.98,1.23,101.65,69.51,63.68,2026-07-31,11,4,9.22,2.052,-3.24,-0.8220000000000001,False,True,1,MEDIUM,False,0.140844275200866,NORMAL
AST-0011,2026-07-31 13:24:38.403936,6.72,2.27,100.17,60.29,77.93,2026-07-31,13,4,8.18,2.034,-1.46,0.2360000000000002,False,False,0,LOW,False,0.1420414696523516,NORMAL
AST-0011,2026-07-31 13:44:38.403936,4.11,3.51,102.28,52.77,90.64,2026-07-31,13,4,8.047999999999998,2.478,-3.937999999999998,1.032,False,True,1,MEDIUM,False,0.09626055127596284,NORMAL
AST-0011,2026-07-31 18:12:38.403936,7.99,2.49,102.31,65.85,52.16,2026-07-31,18,4,8.476,2.364,-0.4860000000000006,0.1260000000000003,False,False,0,LOW,False,0.1296395898794751,NORMAL
AST-0011,2026-07-31 21:37:38.403936,6.79,2.44,99.28,44.14,38.5,2026-07-31,21,4,6.3180000000000005,2.388,0.4719999999999995,0.052,False,False,0,LOW,False,0.04945927133338668,NORMAL
AST-0011,2026-07-31 22:33:38.403936,3.68,2.44,100.25,80.43,42.84,2026-07-31,22,4,5.8580000000000005,2.63,-2.1780000000000004,-0.1899999999999999,False,False,0,LOW,False,0.08855355737382781,NORMAL
AST-0011,2026-08-01 00:41:38.403936,4.6,2.95,96.85,65.07,57.63,2026-08-01,0,5,5.434000000000001,2.766,-0.8340000000000014,0.1840000000000001,False,False,0,LOW,False,0.09487825905021702,NORMAL
AST-0011,2026-08-01 01:03:38.403936,7.61,2.2,101.5,70.27,64.78,2026-08-01,1,5,6.134,2.504,1.476,-0.3039999999999998,False,False,0,LOW,False,0.14189839381824326,NORMAL
AST-0011,2026-08-01 03:37:38.403936,3.41,2.08,98.57,57.15,100.0,2026-08-01,3,5,5.218000000000001,2.422,-1.8080000000000007,-0.3419999999999996,False,False,0,LOW,False,0.0375796876776171,NORMAL
AST-0011,2026-08-01 05:35:38.403936,5.63,0.97,102.62,56.96,70.53,2026-08-01,5,5,4.9860000000000015,2.128,0.6439999999999984,-1.158,False,True,1,MEDIUM,False,0.1080395049032945,NORMAL
AST-0011,2026-08-01 07:30:38.403936,1.34,3.57,99.93,76.63,84.24,2026-08-01,7,5,4.518000000000002,2.354,-3.1780000000000017,1.2159999999999995,False,True,1,MEDIUM,False,0.0693974718933359,NORMAL
AST-0011,2026-08-01 09:07:38.403936,5.05,2.47,104.32,35.33,74.18,2026-08-01,9,5,4.6080000000000005,2.258,0.4419999999999993,0.2120000000000002,False,False,0,LOW,False,0.02936458545715981,NORMAL
AST-0011,2026-08-01 11:35:38.403936,3.43,2.7,104.4,79.86,29.9,2026-08-01,11,5,3.7720000000000007,2.358,-0.3420000000000005,0.3420000000000005,False,False,0,LOW,False,0.00832727853536297,NORMAL
AST-0011,2026-08-01 12:43:38.403936,4.96,2.05,99.58,59.85,57.0,2026-08-01,12,5,4.082000000000001,2.3520000000000003,0.8779999999999992,-0.3020000000000005,False,False,0,LOW,False,0.15214161613313593,NORMAL
AST-0011,2026-08-01 15:50:38.403936,5.24,2.48,97.55,86.96,86.61,2026-08-01,15,5,4.004,2.654,1.2359999999999998,-0.1739999999999999,False,False,0,LOW,False,0.010096015357976107,NORMAL
AST-0011,2026-08-01 18:16:38.403936,4.56,1.65,100.31,81.84,44.55,2026-08-01,18,5,4.648000000000001,2.27,-0.0880000000000009,-0.6200000000000001,False,True,1,MEDIUM,False,0.07520084058939791,NORMAL
AST-0011,2026-08-01 18:21:38.403936,6.43,2.4,98.97,63.38,56.64,2026-08-01,18,5,4.924,2.256,1.5059999999999991,0.1440000000000001,False,False,0,LOW,False,0.14098352632371608,NORMAL
AST-0011,2026-08-01 20:24:38.403936,4.78,2.46,99.84,63.11,68.25,2026-08-01,20,5,5.194000000000001,2.208,-0.4140000000000006,0.2520000000000002,False,False,0,LOW,False,0.16464588792061252,NORMAL
AST-0011,2026-08-02 02:32:38.403936,3.97,2.55,100.55,61.2,84.38,2026-08-02,2,6,4.996,2.308,-1.0260000000000002,0.242,False,False,0,LOW,False,0.14150812097597,NORMAL
AST-0011,2026-08-02 03:37:38.403936,5.74,3.26,102.31,59.59,29.42,2026-08-02,3,6,5.096000000000001,2.4639999999999995,0.6439999999999992,0.7960000000000003,False,True,1,MEDIUM,False,0.07866853967917026,NORMAL
AST-0011,2026-08-02 04:05:38.403936,4.87,1.55,100.79,75.29,79.34,2026-08-02,4,6,5.158000000000001,2.444,-0.2880000000000011,-0.8939999999999999,False,True,1,MEDIUM,False,0.13238974014031335,NORMAL
AST-0011,2026-08-02 05:21:38.403936,4.53,2.64,103.99,68.6,56.02,2026-08-02,5,6,4.778000000000001,2.492,-0.2480000000000011,0.1480000000000001,False,False,0,LOW,False,0.1423344331043051,NORMAL
AST-0011,2026-08-02 06:38:38.403936,6.04,2.33,101.84,67.73,43.32,2026-08-02,6,6,5.030000000000001,2.466,1.009999999999999,-0.1359999999999996,False,False,0,LOW,False,0.13842095057401432,NORMAL
AST-0011,2026-08-02 06:56:38.403936,4.93,4.16,103.04,61.74,86.62,2026-08-02,6,6,5.222000000000001,2.7880000000000003,-0.2920000000000016,1.372,False,True,1,MEDIUM,False,0.1010099942962468,NORMAL
AST-0011,2026-08-02 06:57:38.403936,4.52,1.06,102.32,44.07,61.75,2026-08-02,6,6,4.978000000000001,2.348,-0.4580000000000011,-1.2879999999999998,False,True,1,MEDIUM,False,0.07030944830189512,NORMAL
AST-0011,2026-08-02 08:43:38.403936,4.86,2.12,102.52,55.21,40.13,2026-08-02,8,6,4.976000000000001,2.462,-0.1160000000000005,-0.3420000000000001,False,False,0,LOW,False,0.12485462890172339,NORMAL
AST-0011,2026-08-02 17:22:38.403936,0.91,3.18,101.29,76.79,40.28,2026-08-02,17,6,4.252000000000001,2.5700000000000003,-3.3420000000000005,0.6099999999999999,False,True,1,MEDIUM,False,0.05666859582891942,NORMAL
AST-0011,2026-08-02 17:45:38.403936,6.33,5.25,101.03,63.37,68.26,2026-08-02,17,6,4.3100000000000005,3.154,2.02,2.096,False,True,1,MEDIUM,False,0.09561073879879278,NORMAL
AST-0011,2026-08-02 18:39:38.403936,3.83,1.95,101.7,50.87,70.45,2026-08-02,18,6,4.090000000000001,2.712,-0.2600000000000007,-0.7619999999999998,False,True,1,MEDIUM,False,0.13324366612374372,NORMAL
AST-0011,2026-08-02 22:39:38.403936,4.1,0.46,98.63,56.23,84.74,2026-08-02,22,6,4.006,2.592,0.0939999999999994,-2.132,False,True,1,MEDIUM,False,0.055914877590129364,NORMAL
AST-0011,2026-08-03 00:45:38.403936,5.38,2.63,102.81,59.93,89.7,2026-08-03,0,0,4.110000000000001,2.694,1.269999999999999,-0.064,False,False,0,LOW,False,0.1279393250800661,NORMAL
AST-0011,2026-08-03 03:13:38.403936,4.81,2.35,104.66,74.28,53.65,2026-08-03,3,0,4.890000000000001,2.528,-0.0800000000000009,-0.1779999999999999,False,False,0,LOW,False,0.11489539559786044,NORMAL
AST-0011,2026-08-03 06:01:38.403936,3.23,2.96,97.73,61.4,70.42,2026-08-03,6,0,4.270000000000001,2.07,-1.0400000000000014,0.8900000000000001,False,True,1,MEDIUM,False,0.11758682940556586,NORMAL
AST-0011,2026-08-03 06:12:38.403936,5.7,3.23,103.83,69.18,91.66,2026-08-03,6,0,4.644,2.326,1.056,0.904,False,True,1,MEDIUM,False,0.10246042240859343,NORMAL
AST-0011,2026-08-03 15:21:38.403936,19.42,2.56,103.58,38.3,92.94,2026-08-03,15,0,7.708000000000001,2.746,11.712,-0.1859999999999999,True,False,1,MEDIUM,True,-0.1106262728821229,ANOMALOUS
AST-0011,2026-08-03 16:43:38.403936,2.73,0.87,100.76,72.18,92.04,2026-08-03,16,0,7.178,2.394,-4.448,-1.524,False,True,1,MEDIUM,False,0.05015831349863831,NORMAL
AST-0011,2026-08-03 23:05:38.403936,2.24,2.29,100.63,53.67,38.25,2026-08-03,23,0,6.6640000000000015,2.382,-4.424000000000001,-0.092,False,False,0,LOW,False,0.09454948583264589,NORMAL
AST-0011,2026-08-04 01:08:38.403936,4.78,1.48,103.23,63.92,62.97,2026-08-04,1,1,6.974000000000001,2.086,-2.194000000000001,-0.6059999999999999,False,True,1,MEDIUM,False,0.144385229623408,NORMAL
AST-0011,2026-08-04 04:34:38.403936,4.64,2.81,99.57,77.75,43.65,2026-08-04,4,1,6.7620000000000005,2.002,-2.1220000000000008,0.8080000000000003,False,True,1,MEDIUM,False,0.10631580791912754,NORMAL
AST-0011,2026-08-04 06:08:38.403936,5.57,2.19,98.13,62.93,76.22,2026-08-04,6,1,3.992000000000001,1.928,1.5779999999999994,0.2619999999999998,False,False,0,LOW,False,0.12868685297567456,NORMAL
AST-0011,2026-08-04 06:16:38.403936,3.25,2.58,100.94,72.79,36.61,2026-08-04,6,1,4.096000000000001,2.2700000000000005,-0.846000000000001,0.3099999999999996,False,False,0,LOW,False,0.10700404770751354,NORMAL
AST-0011,2026-08-04 13:23:38.403936,6.18,2.88,101.4,57.97,63.3,2026-08-04,13,1,4.884000000000001,2.388,1.2959999999999985,0.492,False,False,0,LOW,False,0.15934242568051954,NORMAL
AST-0011,2026-08-04 14:59:38.403936,5.74,3.37,100.37,63.5,39.2,2026-08-04,14,1,5.0760000000000005,2.7660000000000005,0.6639999999999997,0.6039999999999996,False,True,1,MEDIUM,False,0.12438333687971975,NORMAL
AST-0011,2026-08-04 21:16:38.403936,7.49,3.97,99.56,70.57,78.49,2026-08-04,21,1,5.646000000000001,2.998,1.8439999999999996,0.972,False,True,1,MEDIUM,False,0.09192927178235183,NORMAL
AST-0011,2026-08-05 01:12:38.403936,5.54,3.08,104.02,54.8,67.89,2026-08-05,1,2,5.640000000000001,3.176,-0.1000000000000005,-0.096,False,False,0,LOW,False,0.12106354279717901,NORMAL
AST-0011,2026-08-05 02:27:38.403936,5.61,2.95,102.08,67.82,71.77,2026-08-05,2,2,6.112,3.25,-0.5019999999999998,-0.2999999999999998,False,False,0,LOW,False,0.1666083857439018,NORMAL
AST-0011,2026-08-05 03:44:38.403936,5.27,1.23,101.27,59.13,53.33,2026-08-05,3,2,5.930000000000001,2.9200000000000004,-0.660000000000001,-1.6900000000000004,False,True,1,MEDIUM,False,0.1312350417102518,NORMAL
AST-0011,2026-08-05 06:35:38.403936,15.13,3.48,100.53,73.45,74.65,2026-08-05,6,2,7.808000000000002,2.942,7.321999999999999,0.5380000000000003,True,True,2,HIGH,True,-0.0005465413506511307,ANOMALOUS
AST-0011,2026-08-05 08:16:38.403936,2.26,2.51,101.28,53.78,38.88,2026-08-05,8,2,6.7620000000000005,2.65,-4.502000000000001,-0.1400000000000001,False,False,0,LOW,False,0.10239901330882645,NORMAL
AST-0011,2026-08-05 09:28:38.403936,1.9,2.79,100.5,56.93,59.0,2026-08-05,9,2,6.034000000000001,2.592,-4.134,0.1979999999999999,False,False,0,LOW,False,0.13430586764148655,NORMAL
AST-0011,2026-08-05 13:33:38.403936,2.55,1.21,100.72,60.98,61.45,2026-08-05,13,2,5.4220000000000015,2.244,-2.8720000000000017,-1.0339999999999998,False,True,1,MEDIUM,False,0.1295616505486748,NORMAL
AST-0011,2026-08-05 17:01:38.403936,3.51,2.3,99.8,60.8,43.22,2026-08-05,17,2,5.070000000000001,2.458,-1.5600000000000014,-0.1579999999999999,False,False,0,LOW,False,0.13063914734421,NORMAL
AST-0011,2026-08-05 19:21:38.403936,6.01,1.74,100.83,70.98,91.3,2026-08-05,19,2,3.246000000000001,2.1100000000000003,2.763999999999999,-0.3700000000000003,False,False,0,LOW,False,0.10768453829574343,NORMAL
AST-0011,2026-08-05 20:03:38.403936,4.27,2.24,99.21,53.28,73.36,2026-08-05,20,2,3.648000000000001,2.056,0.621999999999999,0.1840000000000001,False,False,0,LOW,False,0.1399420942921032,NORMAL
AST-0011,2026-08-05 20:06:38.403936,4.65,2.98,99.66,85.92,46.89,2026-08-05,20,2,4.198,2.094,0.4519999999999999,0.8860000000000001,False,True,1,MEDIUM,False,0.06304221637723528,NORMAL
AST-0011,2026-08-05 22:33:38.403936,5.62,2.57,100.97,56.29,66.3,2026-08-05,22,2,4.812,2.366,0.8079999999999998,0.2039999999999997,False,False,0,LOW,False,0.15642564434121414,NORMAL
AST-0011,2026-08-06 02:26:38.403936,4.29,1.59,101.42,48.75,66.49,2026-08-06,2,3,4.968000000000001,2.224,-0.6780000000000008,-0.6339999999999997,False,True,1,MEDIUM,False,0.11827769894938356,NORMAL
AST-0011,2026-08-06 04:02:38.403936,5.76,1.57,103.77,80.5,48.56,2026-08-06,4,3,4.918000000000001,2.19,0.8419999999999987,-0.6199999999999999,False,True,1,MEDIUM,False,0.0652217206782647,NORMAL
AST-0011,2026-08-06 13:35:38.403936,6.26,4.19,98.44,45.77,60.59,2026-08-06,13,3,5.316000000000001,2.5800000000000005,0.9439999999999992,1.61,False,True,1,MEDIUM,False,0.039566919844815474,NORMAL
AST-0011,2026-08-06 16:57:38.403936,1.99,2.41,101.37,66.61,89.52,2026-08-06,16,3,4.784000000000001,2.466,-2.7940000000000005,-0.056,False,False,0,LOW,False,0.12155037814283642,NORMAL
AST-0011,2026-08-07 00:16:38.403936,12.52,2.9,102.37,65.56,63.65,2026-08-07,0,4,6.164000000000001,2.532,6.355999999999999,0.3679999999999999,True,False,1,MEDIUM,False,0.061974871312165,NORMAL
AST-0011,2026-08-07 09:41:38.403936,5.27,2.71,103.17,61.38,68.22,2026-08-07,9,4,6.36,2.756,-1.0900000000000007,-0.0460000000000002,False,False,0,LOW,False,0.16020941862716503,NORMAL
AST-0011,2026-08-07 13:17:38.403936,5.39,4.46,100.62,69.56,54.99,2026-08-07,13,4,6.2860000000000005,3.3340000000000005,-0.8960000000000008,1.1259999999999994,False,True,1,MEDIUM,False,0.11904308730450958,NORMAL
AST-0011,2026-08-07 14:34:38.403936,2.9,3.18,100.55,53.55,56.06,2026-08-07,14,4,5.614,3.132,-2.714,0.0480000000000004,False,False,0,LOW,False,0.13792860012199698,NORMAL
AST-0011,2026-08-07 23:07:38.403936,5.06,2.81,101.19,77.24,84.74,2026-08-07,23,4,6.228,3.2120000000000006,-1.168,-0.4020000000000006,False,False,0,LOW,False,0.13117578613050296,NORMAL
AST-0011,2026-08-08 02:24:38.403936,7.48,1.26,98.49,64.16,100.0,2026-08-08,2,5,5.220000000000001,2.884,2.26,-1.624,False,True,1,MEDIUM,False,0.011028180942828647,NORMAL
AST-0011,2026-08-08 03:08:38.403936,4.6,1.45,101.61,67.57,77.76,2026-08-08,3,5,5.086,2.632,-0.4860000000000006,-1.1820000000000002,False,True,1,MEDIUM,False,0.14586855658233094,NORMAL
AST-0011,2026-08-08 03:13:38.403936,6.68,1.19,105.17,66.36,63.27,2026-08-08,3,5,5.344,1.978,1.3359999999999994,-0.7880000000000003,False,True,1,MEDIUM,False,0.06760365239422239,NORMAL
AST-0011,2026-08-08 07:00:38.403936,5.05,3.68,97.83,73.6,45.26,2026-08-08,7,5,5.774000000000001,2.0780000000000003,-0.7240000000000011,1.602,False,True,1,MEDIUM,False,0.06250244404486788,NORMAL
AST-0011,2026-08-08 07:28:38.403936,5.4,1.78,101.58,68.14,38.28,2026-08-08,7,5,5.8420000000000005,1.872,-0.4420000000000001,-0.0919999999999998,False,False,0,LOW,False,0.11915039241562736,NORMAL
AST-0011,2026-08-08 08:37:38.403936,2.86,2.39,100.63,67.56,44.85,2026-08-08,8,5,4.918000000000001,2.098,-2.058000000000001,0.2920000000000002,False,False,0,LOW,False,0.1316269309809321,NORMAL
AST-0011,2026-08-08 12:19:38.403936,4.96,0.91,99.57,66.1,86.49,2026-08-08,12,5,4.99,1.99,-0.0300000000000002,-1.0799999999999996,False,True,1,MEDIUM,False,0.10137681258058556,NORMAL
AST-0011,2026-08-08 12:21:38.403936,4.19,1.41,99.44,73.1,69.15,2026-08-08,12,5,4.492000000000001,2.034,-0.3020000000000005,-0.6239999999999999,False,True,1,MEDIUM,False,0.12881108496950117,NORMAL
AST-0011,2026-08-08 13:21:38.403936,3.52,2.42,104.26,70.09,35.69,2026-08-08,13,5,4.186000000000001,1.782,-0.6660000000000008,0.6379999999999999,False,True,1,MEDIUM,False,0.0810102029220478,NORMAL
AST-0011,2026-08-08 17:27:38.403936,3.05,3.22,95.82,76.87,74.38,2026-08-08,17,5,3.716000000000001,2.07,-0.6660000000000013,1.1500000000000004,False,True,1,MEDIUM,False,0.03846799888484137,NORMAL
AST-0011,2026-08-08 19:55:38.403936,6.11,0.84,101.26,76.22,61.64,2026-08-08,19,5,4.366000000000001,1.7600000000000002,1.7439999999999989,-0.9200000000000004,False,True,1,MEDIUM,False,0.09989065636164562,NORMAL
AST-0011,2026-08-08 21:17:38.403936,2.63,1.2,99.82,73.08,93.45,2026-08-08,21,5,3.900000000000001,1.818,-1.270000000000001,-0.6180000000000001,False,True,1,MEDIUM,False,0.054626471030609636,NORMAL
AST-0011,2026-08-08 23:32:38.403936,2.82,2.19,101.66,77.29,75.86,2026-08-08,23,5,3.626000000000001,1.974,-0.8060000000000014,0.2160000000000002,False,False,0,LOW,False,0.13176625665425884,NORMAL
AST-0011,2026-08-09 07:50:38.403936,5.48,1.38,100.9,78.28,70.27,2026-08-09,7,6,4.018000000000001,1.766,1.4619999999999995,-0.3860000000000001,False,False,0,LOW,False,0.11630248195281018,NORMAL
AST-0011,2026-08-09 10:49:38.403936,5.78,2.31,102.9,54.94,62.09,2026-08-09,10,6,4.564000000000001,1.584,1.2159999999999993,0.726,False,True,1,MEDIUM,False,0.14340719231924504,NORMAL
AST-0011,2026-08-09 11:19:38.403936,4.69,1.74,105.94,50.93,41.63,2026-08-09,11,6,4.280000000000001,1.764,0.4099999999999992,-0.024,False,False,0,LOW,False,0.03703081855549467,NORMAL
AST-0011,2026-08-09 14:26:38.403936,5.49,3.82,102.81,78.06,82.53,2026-08-09,14,6,4.852000000000001,2.288,0.637999999999999,1.532,False,True,1,MEDIUM,False,0.09028743292548602,NORMAL
AST-0011,2026-08-09 20:44:38.403936,3.48,1.88,102.96,74.0,73.12,2026-08-09,20,6,4.984000000000001,2.226,-1.504000000000001,-0.3460000000000001,False,False,0,LOW,False,0.1446974918456692,NORMAL
AST-0011,2026-08-10 01:28:38.403936,8.25,2.54,100.02,93.24,41.26,2026-08-10,1,0,5.538000000000001,2.458,2.711999999999999,0.0820000000000003,False,False,0,LOW,True,-0.03693247838730174,ANOMALOUS
AST-0011,2026-08-10 01:57:38.403936,7.01,2.0,99.41,79.77,83.2,2026-08-10,1,0,5.784000000000001,2.396,1.225999999999999,-0.3959999999999999,False,False,0,LOW,False,0.0887256697225361,NORMAL
AST-0011,2026-08-10 03:49:38.403936,4.68,2.86,101.72,69.58,72.81,2026-08-10,3,0,5.782000000000001,2.62,-1.1020000000000012,0.2399999999999997,False,False,0,LOW,False,0.1691513797991982,NORMAL
AST-0011,2026-08-10 04:06:38.403936,4.55,2.37,101.59,70.91,77.03,2026-08-10,4,0,5.594,2.33,-1.0440000000000005,0.04,False,False,0,LOW,False,0.16375797999026326,NORMAL
AST-0011,2026-08-10 12:10:38.403936,6.38,3.14,105.42,70.59,62.18,2026-08-10,12,0,6.174000000000001,2.582,0.2059999999999986,0.5580000000000003,False,True,1,MEDIUM,False,0.09568142351833125,NORMAL
AST-0011,2026-08-10 12:12:38.403936,3.18,2.64,100.92,70.06,49.59,2026-08-10,12,0,5.160000000000001,2.602,-1.9800000000000009,0.0380000000000002,False,False,0,LOW,False,0.14977770857358952,NORMAL
AST-0011,2026-08-10 13:03:38.403936,6.77,3.11,98.82,59.28,87.61,2026-08-10,13,0,5.112,2.8240000000000003,1.6579999999999997,0.2859999999999996,False,False,0,LOW,False,0.09643054459900102,NORMAL
AST-0011,2026-08-10 13:48:38.403936,5.43,3.01,99.73,55.22,55.88,2026-08-10,13,0,5.2620000000000005,2.854,0.1679999999999992,0.1559999999999997,False,False,0,LOW,False,0.14255023860391958,NORMAL
AST-0011,2026-08-10 14:18:38.403936,1.05,3.94,101.96,71.59,70.42,2026-08-10,14,0,4.562,3.168,-3.5120000000000005,0.7719999999999998,False,True,1,MEDIUM,False,0.097447902726221,NORMAL
AST-0011,2026-08-10 16:52:38.403936,4.52,4.79,97.96,75.59,61.89,2026-08-10,16,0,4.19,3.498,0.33,1.2920000000000005,False,True,1,MEDIUM,False,0.05621174183601757,NORMAL
AST-0011,2026-08-10 20:06:38.403936,3.86,2.56,101.54,55.44,57.82,2026-08-10,20,0,4.326,3.482,-0.4659999999999997,-0.9220000000000002,False,True,1,MEDIUM,False,0.15444550378780414,NORMAL
AST-0011,2026-08-10 23:22:38.403936,4.15,2.04,104.24,58.01,46.33,2026-08-10,23,0,3.802000000000001,3.268,0.3479999999999994,-1.2279999999999998,False,True,1,MEDIUM,False,0.11092936213606508,NORMAL
AST-0011,2026-08-11 03:33:38.403936,5.31,2.75,99.3,70.19,80.54,2026-08-11,3,1,3.778000000000001,3.216,1.5319999999999987,-0.4659999999999997,False,False,0,LOW,False,0.1482126915968205,NORMAL
AST-0011,2026-08-11 04:31:38.403936,3.33,2.15,100.76,81.13,82.04,2026-08-11,4,1,4.234,2.858,-0.904,-0.7079999999999997,False,True,1,MEDIUM,False,0.1087629066739309,NORMAL
AST-0011,2026-08-11 04:48:38.403936,3.67,4.55,100.17,66.85,92.76,2026-08-11,4,1,4.064000000000001,2.81,-0.394000000000001,1.7399999999999998,False,True,1,MEDIUM,False,0.05232891201038836,NORMAL
AST-0011,2026-08-11 06:26:38.403936,5.45,2.78,106.6,69.54,56.63,2026-08-11,6,1,4.382000000000001,2.854,1.0679999999999996,-0.0740000000000002,False,False,0,LOW,False,0.06702217119071119,NORMAL
AST-0011,2026-08-11 07:38:38.403936,4.14,3.24,102.29,74.56,50.42,2026-08-11,7,1,4.380000000000001,3.0940000000000003,-0.2400000000000011,0.1459999999999999,False,False,0,LOW,False,0.1379002691300057,NORMAL
AST-0011,2026-08-11 08:03:38.403936,6.86,1.52,98.37,67.24,83.85,2026-08-11,8,1,4.69,2.848,2.17,-1.3279999999999998,False,True,1,MEDIUM,False,0.09205053718190259,NORMAL
AST-0011,2026-08-11 08:12:38.403936,7.1,0.7,101.69,84.19,58.64,2026-08-11,8,1,5.444000000000001,2.558,1.6559999999999988,-1.858,False,True,1,MEDIUM,False,0.0362143025565283,NORMAL
AST-0011,2026-08-11 12:43:38.403936,6.92,3.45,103.97,66.25,69.64,2026-08-11,12,1,6.094,2.338,0.8259999999999996,1.112,False,True,1,MEDIUM,False,0.10699128205801961,NORMAL
AST-0011,2026-08-11 14:46:38.403936,4.91,1.54,96.44,61.34,63.71,2026-08-11,14,1,5.986000000000001,2.09,-1.0760000000000003,-0.5499999999999998,False,True,1,MEDIUM,False,0.07540619624616374,NORMAL
AST-0011,2026-08-11 18:49:38.403936,6.56,0.79,107.58,75.56,69.02,2026-08-11,18,1,6.470000000000001,1.6,0.0899999999999989,-0.81,False,True,1,MEDIUM,True,-0.009189198310086688,ANOMALOUS
AST-0011,2026-08-11 19:12:38.403936,5.73,2.31,102.25,76.02,53.28,2026-08-11,19,1,6.244000000000001,1.7580000000000002,-0.5140000000000002,0.5519999999999998,False,True,1,MEDIUM,False,0.13636141523455036,NORMAL
AST-0011,2026-08-11 23:33:38.403936,-3.42,2.69,96.24,54.31,49.79,2026-08-11,23,1,4.1400000000000015,2.156,-7.560000000000001,0.5339999999999998,True,True,2,HIGH,True,-0.05464703552488348,ANOMALOUS
AST-0011,2026-08-12 08:19:38.403936,5.27,3.16,101.95,59.67,80.11,2026-08-12,8,2,3.810000000000001,2.098,1.4599999999999986,1.0620000000000005,False,True,1,MEDIUM,False,0.15094656580607596,NORMAL
AST-0011,2026-08-12 15:03:38.403936,2.66,3.87,101.04,55.25,78.64,2026-08-12,15,2,3.3600000000000008,2.564,-0.7000000000000006,1.306,False,True,1,MEDIUM,False,0.1210044357677828,NORMAL
AST-0011,2026-08-12 20:10:38.403936,7.06,3.23,102.4,72.26,90.92,2026-08-12,20,2,3.460000000000001,3.052,3.5999999999999988,0.1779999999999999,False,False,0,LOW,False,0.1001140223377956,NORMAL
AST-0011,2026-08-12 22:11:38.403936,6.41,2.38,99.07,78.01,55.46,2026-08-12,22,2,3.596000000000001,3.066,2.813999999999999,-0.6859999999999999,False,True,1,MEDIUM,False,0.10752897408536138,NORMAL
AST-0011,2026-08-12 22:59:38.403936,3.1,1.85,101.94,74.43,100.0,2026-08-12,22,2,4.9,2.898,-1.8000000000000005,-1.048,False,True,1,MEDIUM,False,0.05875770707324007,NORMAL
AST-0011,2026-08-13 06:26:38.403936,5.45,1.94,104.66,45.88,88.6,2026-08-13,6,3,4.936000000000001,2.654,0.5139999999999993,-0.714,False,True,1,MEDIUM,False,0.03616512635269575,NORMAL
AST-0011,2026-08-13 06:38:38.403936,6.65,3.37,98.68,71.22,88.92,2026-08-13,6,3,5.734,2.554,0.9160000000000004,0.8160000000000003,False,True,1,MEDIUM,False,0.09349687809287666,NORMAL
AST-0011,2026-08-13 09:10:38.403936,7.01,2.85,100.79,66.65,73.53,2026-08-13,9,3,5.724000000000001,2.478,1.2859999999999987,0.3719999999999999,False,False,0,LOW,False,0.1502313418170017,NORMAL
AST-0011,2026-08-13 15:50:38.403936,2.07,3.32,97.75,49.54,61.79,2026-08-13,15,3,4.856000000000001,2.666,-2.786000000000001,0.6539999999999999,False,True,1,MEDIUM,False,0.058377786492890715,NORMAL
AST-0011,2026-08-13 21:00:38.403936,4.21,0.92,101.35,65.71,76.5,2026-08-13,21,3,5.078,2.48,-0.8680000000000003,-1.56,False,True,1,MEDIUM,False,0.12532341426201615,NORMAL
AST-0011,2026-08-13 21:30:38.403936,3.12,0.48,100.73,76.01,100.0,2026-08-13,21,3,4.612,2.188,-1.492,-1.7080000000000002,False,True,1,MEDIUM,True,-0.015758771365683377,ANOMALOUS
AST-0011,2026-08-14 01:55:38.403936,3.6,2.96,97.96,74.91,49.19,2026-08-14,1,4,4.002000000000001,2.106,-0.4020000000000006,0.8540000000000001,False,True,1,MEDIUM,False,0.10041256034362439,NORMAL
AST-0011,2026-08-14 05:53:38.403936,2.1,2.87,105.35,51.37,68.41,2026-08-14,5,4,3.0200000000000005,2.1100000000000003,-0.9200000000000004,0.7599999999999998,False,True,1,MEDIUM,False,0.06891005412511425,NORMAL
AST-0011,2026-08-14 06:27:38.403936,3.87,3.27,103.36,60.33,57.64,2026-08-14,6,4,3.3800000000000003,2.1,0.4899999999999997,1.17,False,True,1,MEDIUM,False,0.14488958976854321,NORMAL
AST-0011,2026-08-14 06:30:38.403936,5.04,2.75,97.52,85.15,88.23,2026-08-14,6,4,3.5460000000000007,2.466,1.493999999999999,0.2839999999999998,False,False,0,LOW,False,0.01614264886134209,NORMAL
AST-0011,2026-08-14 15:22:38.403936,7.39,2.57,103.66,60.65,59.39,2026-08-14,15,4,4.4,2.8839999999999995,2.9899999999999998,-0.3139999999999996,False,False,0,LOW,False,0.12659131099107923,NORMAL
AST-0011,2026-08-14 19:01:38.403936,4.83,3.84,98.24,80.57,66.36,2026-08-14,19,4,4.646000000000001,3.06,0.1839999999999992,0.7799999999999998,False,True,1,MEDIUM,False,0.07280690178290772,NORMAL
AST-0011,2026-08-14 19:04:38.403936,5.97,2.16,98.64,57.29,58.73,2026-08-14,19,4,5.42,2.918,0.5499999999999998,-0.758,False,True,1,MEDIUM,False,0.1310103254687403,NORMAL
AST-0011,2026-08-14 20:53:38.403936,6.06,1.28,95.64,60.49,74.93,2026-08-14,20,4,5.8580000000000005,2.52,0.201999999999999,-1.24,False,True,1,MEDIUM,False,0.036755987001379165,NORMAL
AST-0011,2026-08-15 04:04:38.403936,2.99,2.86,102.26,60.87,70.72,2026-08-15,4,5,5.448,2.542,-2.458,0.318,False,False,0,LOW,False,0.15100245487507835,NORMAL
AST-0011,2026-08-15 06:17:38.403936,4.52,3.53,102.43,48.35,70.33,2026-08-15,6,5,4.8740000000000006,2.734,-0.354000000000001,0.7959999999999998,False,True,1,MEDIUM,False,0.1136661450644329,NORMAL
AST-0011,2026-08-15 08:08:38.403936,4.41,3.26,99.33,70.04,55.46,2026-08-15,8,5,4.790000000000001,2.6179999999999994,-0.3800000000000008,0.6420000000000003,False,True,1,MEDIUM,False,0.13852761656050938,NORMAL
AST-0011,2026-08-15 10:59:38.403936,3.03,2.56,101.01,70.2,62.46,2026-08-15,10,5,4.202000000000001,2.698,-1.172000000000001,-0.1379999999999999,False,False,0,LOW,False,0.1627062379349712,NORMAL
AST-0011,2026-08-15 13:04:38.403936,1.73,2.08,98.88,69.12,44.96,2026-08-15,13,5,3.3360000000000007,2.858,-1.6060000000000008,-0.7779999999999996,False,True,1,MEDIUM,False,0.08407587317206422,NORMAL
AST-0011,2026-08-15 13:55:38.403936,3.57,3.1,99.76,79.46,59.18,2026-08-15,13,5,3.452000000000001,2.906,0.117999999999999,0.1940000000000004,False,False,0,LOW,False,0.11564141103898384,NORMAL
AST-0011,2026-08-15 19:06:38.403936,3.0,1.39,99.54,63.26,66.86,2026-08-15,19,5,3.148000000000001,2.478,-0.1480000000000005,-1.0880000000000003,False,True,1,MEDIUM,False,0.13575319726355312,NORMAL
AST-0011,2026-08-15 20:04:38.403936,3.2,3.05,100.89,61.14,50.35,2026-08-15,20,5,2.9060000000000006,2.436,0.2939999999999996,0.6139999999999999,False,True,1,MEDIUM,False,0.14916250271680415,NORMAL
AST-0011,2026-08-15 21:47:38.403936,5.28,2.5,102.67,67.74,63.75,2026-08-15,21,5,3.3560000000000003,2.4240000000000004,1.924,0.0759999999999996,False,False,0,LOW,False,0.16837838093329482,NORMAL
AST-0011,2026-08-15 22:07:38.403936,4.25,3.73,98.38,66.19,79.36,2026-08-15,22,5,3.8600000000000008,2.754,0.3899999999999992,0.976,False,True,1,MEDIUM,False,0.1178957879897311,NORMAL
AST-0011,2026-08-16 00:23:38.403936,5.49,4.58,102.26,55.83,58.39,2026-08-16,0,6,4.2440000000000015,3.05,1.2459999999999989,1.5300000000000002,False,True,1,MEDIUM,False,0.10674149868981964,NORMAL
AST-0011,2026-08-16 01:15:38.403936,4.98,2.23,101.11,59.71,37.74,2026-08-16,1,6,4.640000000000001,3.218,0.3399999999999998,-0.988,False,True,1,MEDIUM,False,0.12731827948262664,NORMAL
AST-0011,2026-08-16 03:04:38.403936,4.63,3.05,100.41,66.39,64.19,2026-08-16,3,6,4.926000000000001,3.218,-0.2960000000000011,-0.1680000000000001,False,False,0,LOW,False,0.1706642457976062,NORMAL
AST-0011,2026-08-16 03:28:38.403936,4.22,2.53,101.51,74.16,72.36,2026-08-16,3,6,4.714,3.2239999999999998,-0.4940000000000006,-0.6939999999999995,False,True,1,MEDIUM,False,0.16227884142173454,NORMAL
AST-0011,2026-08-16 08:14:38.403936,3.84,3.41,100.69,66.75,44.54,2026-08-16,8,6,4.632000000000001,3.16,-0.7920000000000007,0.25,False,False,0,LOW,False,0.13106498556640905,NORMAL
AST-0011,2026-08-16 09:28:38.403936,5.99,3.6,99.6,69.75,76.38,2026-08-16,9,6,4.732000000000001,2.964,1.2579999999999991,0.6360000000000001,False,True,1,MEDIUM,False,0.1353958215857768,NORMAL
AST-0011,2026-08-16 11:15:38.403936,6.23,1.95,102.85,80.11,56.8,2026-08-16,11,6,4.982000000000001,2.908,1.247999999999999,-0.958,False,True,1,MEDIUM,False,0.11065946196725196,NORMAL
AST-0011,2026-08-16 17:31:38.403936,4.21,2.19,97.67,71.96,94.76,2026-08-16,17,6,4.898000000000001,2.736,-0.6880000000000006,-0.5459999999999998,False,True,1,MEDIUM,False,0.047903240408815495,NORMAL
AST-0011,2026-08-17 05:39:38.403936,6.45,2.35,102.83,74.6,44.17,2026-08-17,5,0,5.344000000000001,2.7,1.105999999999999,-0.3500000000000001,False,False,0,LOW,False,0.11427997449697741,NORMAL
AST-0011,2026-08-17 06:12:38.403936,6.14,2.98,103.5,51.34,57.55,2026-08-17,6,0,5.804,2.614,0.3359999999999994,0.3660000000000001,False,False,0,LOW,False,0.11668586339498538,NORMAL
AST-0011,2026-08-17 07:29:38.403936,3.75,1.92,103.74,60.95,50.63,2026-08-17,7,0,5.356,2.278,-1.606,-0.3580000000000001,False,False,0,LOW,False,0.12990560775205995,NORMAL
AST-0011,2026-08-17 07:59:38.403936,4.03,4.14,103.6,66.7,68.61,2026-08-17,7,0,4.916000000000001,2.716,-0.886000000000001,1.4239999999999997,False,True,1,MEDIUM,False,0.11962953927433478,NORMAL
AST-0011,2026-08-17 10:03:38.403936,4.23,7.92,101.06,70.01,25.82,2026-08-17,10,0,4.920000000000001,3.862000000000001,-0.6900000000000004,4.058,False,True,1,MEDIUM,True,-0.036399118522966734,ANOMALOUS
AST-0011,2026-08-17 14:03:38.403936,5.16,2.42,97.69,68.31,71.56,2026-08-17,14,0,4.662000000000001,3.876,0.4979999999999993,-1.456,False,True,1,MEDIUM,False,0.11858293590879998,NORMAL
AST-0011,2026-08-17 16:06:38.403936,3.88,1.13,96.99,67.39,76.81,2026-08-17,16,0,4.210000000000001,3.506,-0.3300000000000009,-2.3759999999999994,False,True,1,MEDIUM,False,0.07029176881288524,NORMAL
AST-0011,2026-08-17 18:44:38.403936,-5.5,3.8,103.04,79.3,72.06,2026-08-17,18,0,2.3600000000000008,3.882,-7.860000000000001,-0.0820000000000003,True,False,1,MEDIUM,True,-0.02678861379958508,ANOMALOUS
AST-0011,2026-08-17 20:02:38.403936,6.47,3.07,99.25,71.07,91.42,2026-08-17,20,0,2.8480000000000008,3.668,3.621999999999999,-0.5980000000000003,False,True,1,MEDIUM,False,0.1024808943675175,NORMAL
AST-0011,2026-08-17 23:08:38.403936,3.53,2.76,99.15,63.27,64.86,2026-08-17,23,0,2.7080000000000006,2.636,0.8219999999999992,0.1239999999999996,False,False,0,LOW,False,0.15236780799596084,NORMAL
AST-0011,2026-08-18 04:14:38.403936,5.35,2.84,102.03,71.13,58.06,2026-08-18,4,1,2.7460000000000004,2.72,2.603999999999999,0.1200000000000001,False,False,0,LOW,False,0.16120272856989998,NORMAL
AST-0011,2026-08-18 04:18:38.403936,5.72,2.34,105.15,69.84,69.45,2026-08-18,4,1,3.114,2.962,2.606,-0.6219999999999999,False,True,1,MEDIUM,False,0.11182317612260306,NORMAL
AST-0011,2026-08-18 08:04:38.403936,5.31,3.36,100.57,56.61,46.19,2026-08-18,8,1,5.276000000000001,2.874,0.0339999999999989,0.4860000000000002,False,False,0,LOW,False,0.13200149040030235,NORMAL
AST-0011,2026-08-18 09:14:38.403936,3.85,1.83,100.34,64.55,89.16,2026-08-18,9,1,4.752000000000001,2.626,-0.9020000000000006,-0.7959999999999998,False,True,1,MEDIUM,False,0.12973897438113224,NORMAL
AST-0011,2026-08-18 09:51:38.403936,4.71,2.55,102.93,56.56,33.61,2026-08-18,9,1,4.988,2.584,-0.2780000000000004,-0.0339999999999998,False,False,0,LOW,False,0.10177639797672194,NORMAL
AST-0011,2026-08-18 11:23:38.403936,6.56,2.32,100.49,70.34,32.99,2026-08-18,11,1,5.23,2.4799999999999995,1.3299999999999992,-0.1599999999999997,False,False,0,LOW,False,0.09824817060935431,NORMAL
AST-0011,2026-08-18 15:29:38.403936,1.97,2.12,97.35,72.51,27.83,2026-08-18,15,1,4.480000000000001,2.436,-2.5100000000000016,-0.3159999999999998,False,False,0,LOW,True,-0.002854178547553432,ANOMALOUS
AST-0011,2026-08-18 19:39:38.403936,-0.26,2.67,100.32,80.93,65.35,2026-08-18,19,1,3.3660000000000005,2.298,-3.626,0.3719999999999999,False,False,0,LOW,False,0.060678654470581905,NORMAL
AST-0011,2026-08-18 23:09:38.403936,4.56,3.43,104.52,72.95,65.53,2026-08-18,23,1,3.5080000000000005,2.618,1.0519999999999992,0.8120000000000003,False,True,1,MEDIUM,False,0.11879278294169421,NORMAL
AST-0011,2026-08-18 23:32:38.403936,2.37,1.81,101.7,68.25,67.67,2026-08-18,23,1,3.0400000000000005,2.47,-0.6700000000000004,-0.6599999999999997,False,True,1,MEDIUM,False,0.14713313996977107,NORMAL
AST-0011,2026-08-19 02:38:38.403936,5.05,2.73,103.31,59.33,82.17,2026-08-19,2,2,2.738000000000001,2.5520000000000005,2.311999999999999,0.1779999999999995,False,False,0,LOW,False,0.1367884984997006,NORMAL
AST-0011,2026-08-19 05:45:38.403936,3.29,3.75,103.29,51.55,45.65,2026-08-19,5,2,3.0020000000000007,2.878,0.2879999999999993,0.8719999999999999,False,True,1,MEDIUM,False,0.08628175794629933,NORMAL
AST-0011,2026-08-19 06:24:38.403936,6.28,2.13,101.7,67.83,60.34,2026-08-19,6,2,4.3100000000000005,2.77,1.97,-0.6400000000000001,False,True,1,MEDIUM,False,0.16431903923865765,NORMAL
AST-0011,2026-08-19 06:30:38.403936,2.85,2.79,101.37,61.96,86.11,2026-08-19,6,2,3.968000000000001,2.6420000000000003,-1.1180000000000008,0.1479999999999997,False,False,0,LOW,False,0.13678741195644056,NORMAL
AST-0011,2026-08-19 09:39:38.403936,1.55,4.14,99.09,62.79,60.02,2026-08-19,9,2,3.8040000000000007,3.108,-2.2540000000000004,1.032,False,True,1,MEDIUM,False,0.09103734074979641,NORMAL
AST-0011,2026-08-19 09:49:38.403936,2.79,2.35,99.87,46.33,63.51,2026-08-19,9,2,3.352000000000001,3.032,-0.5620000000000012,-0.6819999999999995,False,True,1,MEDIUM,False,0.10003032100266923,NORMAL
AST-0011,2026-08-19 10:36:38.403936,6.04,2.15,98.64,52.83,41.75,2026-08-19,10,2,3.902000000000001,2.712,2.137999999999999,-0.5620000000000003,False,True,1,MEDIUM,False,0.08519497564748824,NORMAL
AST-0011,2026-08-19 17:44:38.403936,5.18,2.08,99.81,70.6,33.85,2026-08-19,17,2,3.682000000000001,2.702,1.4979999999999989,-0.6219999999999999,False,True,1,MEDIUM,False,0.09594605927060551,NORMAL
AST-0011,2026-08-19 23:53:38.403936,3.25,2.29,103.45,64.82,58.98,2026-08-19,23,2,3.762000000000001,2.6019999999999994,-0.5120000000000005,-0.3119999999999994,False,False,0,LOW,False,0.15516498221982877,NORMAL
AST-0011,2026-08-20 01:31:38.403936,4.48,1.95,100.31,79.44,42.38,2026-08-20,1,3,4.348000000000001,2.164,0.1319999999999996,-0.2140000000000002,False,False,0,LOW,False,0.09291811071065093,NORMAL
AST-0011,2026-08-20 04:52:38.403936,2.45,1.63,101.97,70.16,42.59,2026-08-20,4,3,4.280000000000001,2.02,-1.830000000000001,-0.3900000000000001,False,False,0,LOW,False,0.10583516682962796,NORMAL
AST-0011,2026-08-20 05:41:38.403936,6.04,2.49,102.58,52.13,50.96,2026-08-20,5,3,4.280000000000001,2.088,1.759999999999999,0.4020000000000001,False,False,0,LOW,False,0.1318813083771943,NORMAL
AST-0011,2026-08-20 06:03:38.403936,4.02,2.29,98.5,60.15,72.7,2026-08-20,6,3,4.048000000000001,2.13,-0.0280000000000013,0.1600000000000001,False,False,0,LOW,False,0.13856291726978043,NORMAL
AST-0011,2026-08-20 09:15:38.403936,2.99,4.05,101.43,56.83,35.67,2026-08-20,9,3,3.996000000000001,2.482,-1.006000000000001,1.5679999999999996,False,True,1,MEDIUM,False,0.07831856970268003,NORMAL
AST-0011,2026-08-20 10:32:38.403936,4.43,2.21,98.41,63.57,33.73,2026-08-20,10,3,3.9860000000000007,2.534,0.443999999999999,-0.3239999999999998,False,False,0,LOW,False,0.07980448763838294,NORMAL
AST-0011,2026-08-20 10:49:38.403936,4.71,0.66,100.58,92.03,60.85,2026-08-20,10,3,4.438000000000001,2.3400000000000003,0.2719999999999993,-1.6800000000000002,False,True,1,MEDIUM,True,-0.001655333712335283,ANOMALOUS
AST-0011,2026-08-20 13:31:38.403936,7.23,3.12,102.41,67.34,60.53,2026-08-20,13,3,4.676,2.466,2.5540000000000003,0.6539999999999999,False,True,1,MEDIUM,False,0.1443286715630267,NORMAL
AST-0011,2026-08-20 14:34:38.403936,4.69,8.52,100.78,66.24,50.09,2026-08-20,14,3,4.8100000000000005,3.7120000000000006,-0.1200000000000001,4.807999999999999,False,True,1,MEDIUM,False,0.012636426497384612,NORMAL
AST-0011,2026-08-20 17:30:38.403936,6.18,2.69,102.3,61.58,68.51,2026-08-20,17,3,5.448000000000001,3.44,0.7319999999999984,-0.75,False,True,1,MEDIUM,False,0.1621371625691953,NORMAL
AST-0011,2026-08-20 18:23:38.403936,5.31,2.04,101.15,64.42,79.88,2026-08-20,18,3,5.6240000000000006,3.406,-0.3140000000000009,-1.366,False,True,1,MEDIUM,False,0.16316645676511793,NORMAL
AST-0011,2026-08-20 18:58:38.403936,4.8,9.67,100.21,72.79,73.38,2026-08-20,18,3,5.642000000000001,5.208,-0.8420000000000014,4.462,False,True,1,MEDIUM,True,-0.0029765705468119963,ANOMALOUS
AST-0011,2026-08-20 23:59:38.403936,5.24,2.24,103.92,49.89,85.21,2026-08-20,23,3,5.244000000000001,5.032,-0.0040000000000004,-2.792,False,True,1,MEDIUM,False,0.08513998420919117,NORMAL
AST-0011,2026-08-21 00:33:38.403936,4.18,1.73,102.08,75.75,50.3,2026-08-21,0,4,5.142,3.674,-0.9620000000000006,-1.9440000000000004,False,True,1,MEDIUM,False,0.1288825430759708,NORMAL
AST-0011,2026-08-21 03:11:38.403936,1.88,2.25,102.69,77.82,55.15,2026-08-21,3,4,4.282000000000001,3.586,-2.402000000000001,-1.336,False,True,1,MEDIUM,False,0.10746167599948775,NORMAL
AST-0011,2026-08-21 03:27:38.403936,4.62,3.56,97.7,73.27,89.75,2026-08-21,3,4,4.144,3.89,0.476,-0.3299999999999996,False,False,0,LOW,False,0.06784025788779402,NORMAL
AST-0011,2026-08-21 11:41:38.403936,4.08,3.18,101.2,50.95,64.06,2026-08-21,11,4,4.000000000000001,2.592,0.0799999999999991,0.5880000000000001,False,True,1,MEDIUM,False,0.14421713743296388,NORMAL
AST-0011,2026-08-21 11:48:38.403936,2.88,1.56,100.45,60.11,55.32,2026-08-21,11,4,3.528000000000001,2.4560000000000004,-0.648000000000001,-0.8960000000000004,False,True,1,MEDIUM,False,0.13933195166335582,NORMAL
AST-0011,2026-08-21 12:17:38.403936,3.7,2.79,99.84,72.58,77.34,2026-08-21,12,4,3.432000000000001,2.668,0.2679999999999993,0.1219999999999998,False,False,0,LOW,False,0.1486463163671859,NORMAL
AST-0011,2026-08-21 12:41:38.403936,4.37,3.37,104.63,78.01,45.81,2026-08-21,12,4,3.930000000000001,2.8920000000000003,0.439999999999999,0.4779999999999997,False,False,0,LOW,False,0.06784890848892139,NORMAL
AST-0011,2026-08-21 14:42:38.403936,4.11,3.46,102.69,67.63,64.95,2026-08-21,14,4,3.8280000000000007,2.8720000000000003,0.2819999999999996,0.5879999999999996,False,True,1,MEDIUM,False,0.15438536395319907,NORMAL
AST-0011,2026-08-21 15:52:38.403936,2.87,1.9,101.77,48.12,60.66,2026-08-21,15,4,3.586000000000001,2.616,-0.7160000000000011,-0.7160000000000002,False,True,1,MEDIUM,False,0.10706856071587462,NORMAL
AST-0011,2026-08-21 17:00:38.403936,4.98,1.1,102.88,54.46,27.94,2026-08-21,17,4,4.006000000000001,2.524,0.9739999999999992,-1.424,False,True,1,MEDIUM,False,0.04403234234197251,NORMAL
AST-0011,2026-08-21 21:46:38.403936,4.66,1.77,103.22,71.64,46.53,2026-08-21,21,4,4.198000000000001,2.32,0.4619999999999988,-0.5499999999999998,False,True,1,MEDIUM,False,0.12555829047662892,NORMAL
AST-0011,2026-08-22 01:52:38.403936,3.91,1.69,99.25,61.27,76.6,2026-08-22,1,5,4.106000000000001,1.9840000000000004,-0.1960000000000006,-0.2940000000000005,False,False,0,LOW,False,0.144434893851891,NORMAL
AST-0011,2026-08-22 04:44:38.403936,2.73,2.0,97.72,75.07,87.88,2026-08-22,4,5,3.830000000000001,1.6920000000000002,-1.100000000000001,0.3079999999999998,False,False,0,LOW,False,0.06775797551778767,NORMAL
AST-0011,2026-08-22 06:45:38.403936,3.83,1.49,103.26,64.15,75.83,2026-08-22,6,5,4.022,1.61,-0.1920000000000001,-0.1199999999999998,False,False,0,LOW,False,0.13577298587242476,NORMAL
AST-0011,2026-08-22 07:23:38.403936,6.44,2.37,103.69,60.2,69.84,2026-08-22,7,5,4.314000000000001,1.864,2.1259999999999994,0.506,False,True,1,MEDIUM,False,0.13441556364935142,NORMAL
AST-0011,2026-08-22 08:13:38.403936,5.32,1.56,103.53,72.15,77.93,2026-08-22,8,5,4.446000000000001,1.8220000000000005,0.8739999999999997,-0.2620000000000002,False,False,0,LOW,False,0.1213185885559826,NORMAL
AST-0011,2026-08-22 12:49:38.403936,2.57,2.05,104.48,78.85,53.85,2026-08-22,12,5,4.178000000000001,1.894,-1.608000000000001,0.1559999999999997,False,False,0,LOW,False,0.06954904800361567,NORMAL
AST-0011,2026-08-23 08:26:38.403936,0.87,2.09,101.76,54.43,82.89,2026-08-23,8,6,3.806000000000001,1.912,-2.936000000000001,0.1779999999999997,False,False,0,LOW,False,0.08866087525620969,NORMAL
AST-0011,2026-08-23 11:27:38.403936,5.8,2.14,99.52,74.55,80.77,2026-08-23,11,6,4.200000000000001,2.0420000000000003,1.5999999999999988,0.0979999999999998,False,False,0,LOW,False,0.13307147291111232,NORMAL
AST-0011,2026-08-23 14:43:38.403936,4.63,1.92,101.79,52.57,47.99,2026-08-23,14,6,3.838000000000001,1.952,0.7919999999999989,-0.032,False,False,0,LOW,False,0.12901730858672367,NORMAL
AST-0011,2026-08-23 15:50:38.403936,2.85,3.64,101.07,67.22,87.23,2026-08-23,15,6,3.3440000000000003,2.368,-0.4940000000000002,1.2720000000000002,False,True,1,MEDIUM,False,0.1170977740648807,NORMAL
AST-0011,2026-08-23 17:51:38.403936,2.64,2.07,103.0,71.02,64.25,2026-08-23,17,6,3.3580000000000005,2.372,-0.7180000000000004,-0.302,False,False,0,LOW,False,0.14877361917409854,NORMAL
AST-0011,2026-08-23 19:19:38.403936,6.78,2.36,98.32,58.93,53.65,2026-08-23,19,6,4.540000000000001,2.426,2.2399999999999998,-0.0660000000000002,False,False,0,LOW,False,0.11122504228090413,NORMAL
AST-0011,2026-08-24 00:43:38.403936,2.57,1.63,106.42,82.51,64.43,2026-08-24,0,0,3.894000000000001,2.324,-1.3240000000000007,-0.694,False,True,1,MEDIUM,False,0.01146402591898732,NORMAL
AST-0011,2026-08-24 02:08:38.403936,5.96,1.92,102.98,61.95,86.9,2026-08-24,2,0,4.160000000000001,2.324,1.799999999999999,-0.4039999999999999,False,False,0,LOW,False,0.12441970531446894,NORMAL
AST-0011,2026-08-24 02:38:38.403936,2.56,3.67,103.73,84.01,36.41,2026-08-24,2,0,4.102,2.33,-1.5420000000000005,1.3400000000000003,False,True,1,MEDIUM,True,-0.006487584420622139,ANOMALOUS
AST-0011,2026-08-24 04:43:38.403936,5.73,2.47,102.21,59.84,61.46,2026-08-24,4,0,4.7200000000000015,2.41,1.009999999999999,0.0600000000000005,False,False,0,LOW,False,0.157435479904033,NORMAL
AST-0011,2026-08-24 04:55:38.403936,3.36,1.8,101.5,69.81,91.94,2026-08-24,4,0,4.036000000000001,2.298,-0.6760000000000015,-0.498,False,False,0,LOW,False,0.11188977385138715,NORMAL
AST-0011,2026-08-24 06:48:38.403936,4.5,2.28,100.39,58.11,73.42,2026-08-24,6,0,4.4220000000000015,2.428,0.0779999999999985,-0.1480000000000001,False,False,0,LOW,False,0.15927914383767222,NORMAL
AST-0011,2026-08-24 07:17:38.403936,4.1,2.06,100.98,59.49,62.66,2026-08-24,7,0,4.050000000000001,2.4560000000000004,0.0499999999999989,-0.3960000000000003,False,False,0,LOW,False,0.16395611573936564,NORMAL
AST-0011,2026-08-24 11:27:38.403936,5.94,1.87,101.37,51.35,77.63,2026-08-24,11,0,4.726000000000001,2.096,1.2139999999999995,-0.2259999999999999,False,False,0,LOW,False,0.12603032365503414,NORMAL
AST-0011,2026-08-24 15:43:38.403936,6.02,9.03,98.81,69.5,52.26,2026-08-24,15,0,4.784000000000001,3.408,1.2359999999999989,5.622,False,True,1,MEDIUM,True,-0.011060643258334224,ANOMALOUS
AST-0011,2026-08-24 17:32:38.403936,6.96,2.46,100.97,57.84,74.67,2026-08-24,17,0,5.504,3.54,1.4559999999999995,-1.08,False,True,1,MEDIUM,False,0.14382559785630006,NORMAL
AST-0011,2026-08-24 23:25:38.403936,2.75,3.68,98.65,78.46,86.33,2026-08-24,23,0,5.154000000000001,3.82,-2.404000000000001,-0.1399999999999992,False,False,0,LOW,False,0.05318335484001824,NORMAL
AST-0011,2026-08-25 02:56:38.403936,5.45,0.88,101.67,58.38,80.34,2026-08-25,2,1,5.424000000000001,3.5840000000000005,0.0259999999999989,-2.7040000000000006,False,True,1,MEDIUM,False,0.10519180712962123,NORMAL
AST-0011,2026-08-25 08:23:38.403936,7.21,2.9,99.19,62.43,70.54,2026-08-25,8,1,5.678,3.79,1.532,-0.8900000000000001,False,True,1,MEDIUM,False,0.13901219900354633,NORMAL
AST-0011,2026-08-25 12:55:38.403936,4.28,1.7,102.78,43.2,57.27,2026-08-25,12,1,5.33,2.324,-1.0499999999999998,-0.6239999999999999,False,True,1,MEDIUM,False,0.07302641388281583,NORMAL
AST-0011,2026-08-25 16:05:38.403936,16.93,1.82,99.68,55.61,63.6,2026-08-25,16,1,7.324000000000001,2.196,9.605999999999998,-0.3760000000000001,True,False,1,MEDIUM,True,-0.006061729037225794,ANOMALOUS
AST-0011,2026-08-25 16:35:38.403936,6.13,2.19,99.54,54.94,45.84,2026-08-25,16,1,8.000000000000002,1.898,-1.8700000000000017,0.2920000000000002,False,False,0,LOW,False,0.12412695827917286,NORMAL
AST-0011,2026-08-25 19:08:38.403936,6.41,2.72,99.61,65.45,40.41,2026-08-25,19,1,8.192,2.266,-1.782,0.4540000000000002,False,False,0,LOW,False,0.12358165309177604,NORMAL
AST-0011,2026-08-25 19:11:38.403936,13.14,1.85,99.98,58.82,61.23,2026-08-25,19,1,9.378,2.056,3.762000000000001,-0.2059999999999999,False,False,0,LOW,False,0.04588891105340842,NORMAL
AST-0011,2026-08-25 19:35:38.403936,5.6,0.89,103.16,63.72,57.01,2026-08-25,19,1,9.642,1.894,-4.042,-1.004,False,True,1,MEDIUM,False,0.11131713008311556,NORMAL
AST-0011,2026-08-25 20:06:38.403936,6.13,3.06,102.01,54.51,45.76,2026-08-25,20,1,7.482000000000001,2.1420000000000003,-1.3520000000000012,0.9179999999999996,False,True,1,MEDIUM,False,0.13358724128255672,NORMAL
AST-0011,2026-08-25 20:30:38.403936,3.7,3.85,99.63,67.83,80.27,2026-08-25,20,1,6.996,2.474,-3.2960000000000003,1.3760000000000003,False,True,1,MEDIUM,False,0.13033038412411324,NORMAL
AST-0011,2026-08-26 00:19:38.403936,5.68,3.23,99.33,81.16,47.63,2026-08-26,0,2,6.85,2.576,-1.17,0.6539999999999999,False,True,1,MEDIUM,False,0.08106375661489829,NORMAL
AST-0011,2026-08-26 03:09:38.403936,5.91,3.69,103.18,74.9,54.93,2026-08-26,3,2,5.404000000000001,2.944,0.5059999999999993,0.746,False,True,1,MEDIUM,False,0.11641576651513985,NORMAL
AST-0011,2026-08-26 12:14:38.403936,2.05,1.47,100.5,73.07,27.62,2026-08-26,12,2,4.694000000000001,3.06,-2.644000000000001,-1.59,False,True,1,MEDIUM,False,0.03578836111384348,NORMAL
AST-0011,2026-08-26 13:07:38.403936,6.08,2.58,100.85,69.0,100.0,2026-08-26,13,2,4.684,2.964,1.396,-0.3839999999999999,False,False,0,LOW,False,0.08402040786507003,NORMAL
AST-0011,2026-08-26 13:28:38.403936,3.74,1.59,100.85,75.75,64.92,2026-08-26,13,2,4.692000000000001,2.512,-0.9520000000000008,-0.922,False,True,1,MEDIUM,False,0.13725133632219172,NORMAL
AST-0011,2026-08-26 13:38:38.403936,3.12,1.62,99.94,85.37,57.57,2026-08-26,13,2,4.1800000000000015,2.1900000000000004,-1.0600000000000014,-0.5700000000000003,False,True,1,MEDIUM,False,0.06349326943836148,NORMAL
AST-0011,2026-08-26 15:55:38.403936,3.58,3.41,100.99,63.38,72.89,2026-08-26,15,2,3.714000000000001,2.1340000000000003,-0.1340000000000007,1.2759999999999998,False,True,1,MEDIUM,False,0.15978316435059353,NORMAL
AST-0011,2026-08-26 16:49:38.403936,4.11,2.78,100.16,46.79,69.86,2026-08-26,16,2,4.126,2.396,-0.016,0.3839999999999999,False,False,0,LOW,False,0.1113869911580973,NORMAL
AST-0011,2026-08-26 19:26:38.403936,5.84,3.68,100.95,67.07,59.57,2026-08-26,19,2,4.078000000000001,2.616,1.761999999999999,1.064,False,True,1,MEDIUM,False,0.15435828038606147,NORMAL
AST-0011,2026-08-27 00:45:38.403936,4.19,2.53,104.52,64.79,70.21,2026-08-27,0,3,4.168000000000001,2.804,0.0219999999999993,-0.274,False,False,0,LOW,False,0.13442712282631541,NORMAL
AST-0011,2026-08-27 03:01:38.403936,3.47,2.01,101.51,61.55,77.38,2026-08-27,3,3,4.238000000000001,2.882,-0.7680000000000011,-0.8719999999999999,False,True,1,MEDIUM,False,0.1543993415115465,NORMAL
AST-0011,2026-08-27 03:26:38.403936,6.05,3.55,99.06,57.16,85.05,2026-08-27,3,3,4.732000000000001,2.91,1.3179999999999987,0.6399999999999997,False,True,1,MEDIUM,False,0.1030847317503591,NORMAL
AST-0011,2026-08-27 03:27:38.403936,4.3,5.12,98.28,61.34,81.75,2026-08-27,3,3,4.770000000000001,3.378,-0.4700000000000015,1.742,False,True,1,MEDIUM,False,0.061429659421025906,NORMAL
AST-0011,2026-08-27 04:14:38.403936,2.93,2.93,103.67,72.19,82.93,2026-08-27,4,3,4.188000000000001,3.228,-1.2580000000000005,-0.298,False,False,0,LOW,False,0.11805910988647567,NORMAL
AST-0011,2026-08-27 11:11:38.403936,4.4,1.5,99.3,67.73,71.16,2026-08-27,11,3,4.230000000000001,3.022,0.169999999999999,-1.5219999999999998,False,True,1,MEDIUM,False,0.1443021259782058,NORMAL
AST-0011,2026-08-27 11:46:38.403936,1.87,2.33,100.66,61.12,69.01,2026-08-27,11,3,3.910000000000001,3.086,-2.040000000000001,-0.7559999999999998,False,True,1,MEDIUM,False,0.14461439069023274,NORMAL
AST-0011,2026-08-27 12:39:38.403936,4.67,1.87,99.45,60.5,66.33,2026-08-27,12,3,3.634000000000001,2.75,1.0359999999999987,-0.8799999999999999,False,True,1,MEDIUM,False,0.15177261399058878,NORMAL
AST-0011,2026-08-27 14:09:38.403936,14.52,2.31,103.87,64.43,67.55,2026-08-27,14,3,5.678000000000001,2.188,8.841999999999999,0.1219999999999998,True,False,1,MEDIUM,False,0.023300672911581777,NORMAL
AST-0011,2026-08-27 14:39:38.403936,5.81,3.13,103.52,77.41,26.69,2026-08-27,14,3,6.254,2.228,-0.4440000000000008,0.9019999999999996,False,True,1,MEDIUM,False,0.028872636717296674,NORMAL
AST-0011,2026-08-27 19:49:38.403936,2.8,1.24,101.43,48.04,41.62,2026-08-27,19,3,5.934000000000001,2.176,-3.134000000000001,-0.9360000000000002,False,True,1,MEDIUM,False,0.0659863510473741,NORMAL
AST-0011,2026-08-27 21:58:38.403936,2.26,2.36,101.87,63.98,20.42,2026-08-27,21,3,6.0120000000000005,2.182,-3.7520000000000007,0.1779999999999999,False,False,0,LOW,False,0.042102001003189116,NORMAL
AST-0011,2026-08-28 00:38:38.403936,4.54,3.63,101.14,69.52,45.88,2026-08-28,0,4,5.986000000000001,2.534,-1.4460000000000006,1.096,False,True,1,MEDIUM,False,0.13431268206458508,NORMAL
AST-0011,2026-08-28 01:34:38.403936,8.19,2.25,102.47,45.7,72.78,2026-08-28,1,4,4.720000000000001,2.522,3.469999999999999,-0.2719999999999998,False,False,0,LOW,False,0.06738525690119684,NORMAL
AST-0011,2026-08-28 02:28:38.403936,6.31,2.48,104.58,74.08,52.27,2026-08-28,2,4,4.82,2.392,1.489999999999999,0.088,False,False,0,LOW,False,0.1085974664902537,NORMAL
AST-0011,2026-08-28 08:23:38.403936,3.27,2.19,102.04,71.82,84.65,2026-08-28,8,4,4.914,2.582,-1.6439999999999997,-0.3919999999999999,False,False,0,LOW,False,0.14098640425937298,NORMAL
AST-0011,2026-08-28 13:51:38.403936,1.78,7.49,102.77,59.3,72.86,2026-08-28,13,4,4.8180000000000005,3.608,-3.0380000000000003,3.882000000000001,False,True,1,MEDIUM,True,-0.0018473482704257638,ANOMALOUS
AST-0011,2026-08-28 14:15:38.403936,4.4,2.66,98.9,51.63,73.05,2026-08-28,14,4,4.790000000000001,3.414,-0.3900000000000005,-0.754,False,True,1,MEDIUM,False,0.12477681366653876,NORMAL
AST-0011,2026-08-28 15:05:38.403936,4.3,1.44,105.59,60.3,67.86,2026-08-28,15,4,4.0120000000000005,3.252,0.2879999999999993,-1.8120000000000005,False,True,1,MEDIUM,False,0.08368279028375553,NORMAL
AST-0011,2026-08-28 18:01:38.403936,4.58,1.76,95.36,78.5,77.96,2026-08-28,18,4,3.666000000000001,3.108,0.9139999999999988,-1.348,False,True,1,MEDIUM,False,0.02091013826876098,NORMAL
AST-0012,2026-07-29 19:14:38.403936,4.74,2.53,101.14,74.91,78.45,2026-07-29,19,2,4.74,2.53,0.0,0.0,False,False,0,LOW,False,0.15674415434333255,NORMAL
AST-0012,2026-07-29 22:49:38.403936,6.22,1.39,102.83,64.47,55.08,2026-07-29,22,2,5.48,1.96,0.7399999999999993,-0.5700000000000001,False,True,1,MEDIUM,False,0.13476122897316117,NORMAL
AST-0012,2026-07-29 22:52:38.403936,16.28,1.43,101.28,61.72,64.1,2026-07-29,22,2,9.08,1.7833333333333332,7.200000000000001,-0.3533333333333333,True,False,1,MEDIUM,False,0.0008918888118548685,NORMAL
AST-0012,2026-07-30 01:08:38.403936,3.85,2.6,98.26,56.68,76.81,2026-07-30,1,3,7.772500000000001,1.9875,-3.9225000000000008,0.6125000000000003,False,True,1,MEDIUM,False,0.12632959740548827,NORMAL
AST-0012,2026-07-30 04:32:38.403936,3.65,8.07,105.34,83.31,61.53,2026-07-30,4,3,6.948,3.204,-3.2980000000000005,4.8660000000000005,False,True,1,MEDIUM,True,-0.05926941426127397,ANOMALOUS
AST-0012,2026-07-30 04:53:38.403936,6.08,2.82,101.33,64.87,47.82,2026-07-30,4,3,7.215999999999999,3.262,-1.1359999999999992,-0.4419999999999997,False,False,0,LOW,False,0.15416627355178042,NORMAL
AST-0012,2026-07-30 13:17:38.403936,4.02,3.6,102.91,35.57,46.93,2026-07-30,13,3,6.776000000000001,3.704,-2.756000000000001,-0.1039999999999996,False,False,0,LOW,False,0.02824388032413494,NORMAL
AST-0012,2026-07-30 15:38:38.403936,5.54,2.97,99.7,45.92,57.93,2026-07-30,15,3,4.628,4.012,0.912,-1.0419999999999994,False,True,1,MEDIUM,False,0.09838996945451034,NORMAL
AST-0012,2026-07-30 16:44:38.403936,3.45,2.51,104.06,67.94,75.67,2026-07-30,16,3,4.548,3.994,-1.098,-1.484,False,True,1,MEDIUM,False,0.13681488445596146,NORMAL
AST-0012,2026-07-30 20:01:38.403936,4.38,2.93,101.25,61.6,63.65,2026-07-30,20,3,4.694,2.966,-0.314,-0.036,False,False,0,LOW,False,0.17161785723133682,NORMAL
AST-0012,2026-07-30 22:39:38.403936,6.12,2.25,102.47,54.08,38.48,2026-07-30,22,3,4.702,2.852,1.418,-0.6019999999999999,False,True,1,MEDIUM,False,0.10792765935629156,NORMAL
AST-0012,2026-07-31 00:13:38.403936,4.26,1.28,100.86,69.58,69.39,2026-07-31,0,4,4.75,2.388,-0.4900000000000002,-1.108,False,True,1,MEDIUM,False,0.14254863836495252,NORMAL
AST-0012,2026-07-31 01:03:38.403936,4.02,1.41,99.93,64.91,66.09,2026-07-31,1,4,4.446,2.076,-0.4260000000000001,-0.6659999999999997,False,True,1,MEDIUM,False,0.14578024807281964,NORMAL
AST-0012,2026-07-31 01:52:38.403936,8.02,2.88,100.29,73.03,54.77,2026-07-31,1,4,5.359999999999999,2.15,2.66,0.73,False,True,1,MEDIUM,False,0.11624941846969977,NORMAL
AST-0012,2026-07-31 02:31:38.403936,3.82,1.87,101.29,62.84,58.31,2026-07-31,2,4,5.247999999999999,1.938,-1.4279999999999995,-0.0679999999999998,False,False,0,LOW,False,0.1646287031476369,NORMAL
AST-0012,2026-07-31 03:03:38.403936,4.42,3.42,100.32,74.08,86.75,2026-07-31,3,4,4.908,2.172,-0.4879999999999995,1.2480000000000002,False,True,1,MEDIUM,False,0.12196212179351834,NORMAL
AST-0012,2026-07-31 06:37:38.403936,5.07,3.9,103.99,62.69,73.51,2026-07-31,6,4,5.07,2.696,0.0,1.2039999999999995,False,True,1,MEDIUM,False,0.11563543691832984,NORMAL
AST-0012,2026-07-31 06:51:38.403936,7.48,2.51,102.07,78.59,62.35,2026-07-31,6,4,5.762,2.916,1.7180000000000009,-0.4060000000000001,False,False,0,LOW,False,0.11478431283849566,NORMAL
AST-0012,2026-07-31 09:06:38.403936,7.41,2.88,102.75,47.34,79.03,2026-07-31,9,4,5.64,2.9159999999999995,1.7700000000000005,-0.0359999999999995,False,False,0,LOW,False,0.08442592361577245,NORMAL
AST-0012,2026-07-31 15:10:38.403936,3.72,3.34,99.89,50.92,36.98,2026-07-31,15,4,5.62,3.21,-1.9,0.1299999999999999,False,False,0,LOW,False,0.07397521231545773,NORMAL
AST-0012,2026-07-31 16:09:38.403936,-6.26,6.71,96.33,59.14,80.39,2026-07-31,16,4,3.4840000000000004,3.868,-9.744,2.842,True,True,2,HIGH,True,-0.1374131228486355,ANOMALOUS
AST-0012,2026-07-31 16:32:38.403936,5.01,1.07,99.5,58.0,60.39,2026-07-31,16,4,3.472,3.302,1.5379999999999998,-2.2319999999999998,False,True,1,MEDIUM,False,0.12385668371196318,NORMAL
AST-0012,2026-07-31 21:48:38.403936,12.65,0.66,102.99,67.59,40.79,2026-07-31,21,4,4.506,2.932,8.144,-2.272,True,True,2,HIGH,True,-0.02300790033453326,ANOMALOUS
AST-0012,2026-08-01 02:30:38.403936,1.86,3.1,102.06,77.9,77.12,2026-08-01,2,5,3.396,2.976,-1.5359999999999998,0.1240000000000001,False,False,0,LOW,False,0.11073913776584704,NORMAL
AST-0012,2026-08-01 03:34:38.403936,4.51,1.88,98.52,76.39,58.06,2026-08-01,3,5,3.554,2.684,0.956,-0.8039999999999998,False,True,1,MEDIUM,False,0.11074935768780858,NORMAL
AST-0012,2026-08-01 04:03:38.403936,2.67,2.82,100.04,49.3,82.48,2026-08-01,4,5,5.340000000000001,1.906,-2.670000000000001,0.914,False,True,1,MEDIUM,False,0.09828888831467253,NORMAL
AST-0012,2026-08-01 04:05:38.403936,2.02,3.27,102.39,69.49,81.58,2026-08-01,4,5,4.742,2.346,-2.722,0.924,False,True,1,MEDIUM,False,0.12931235840771654,NORMAL
AST-0012,2026-08-01 06:52:38.403936,5.11,2.94,102.19,56.74,67.69,2026-08-01,6,5,3.2340000000000004,2.802,1.876,0.1379999999999999,False,False,0,LOW,False,0.15950379166997125,NORMAL
AST-0012,2026-08-01 09:15:38.403936,6.01,1.6,103.56,66.54,58.94,2026-08-01,9,5,4.064,2.502,1.946,-0.9019999999999996,False,True,1,MEDIUM,False,0.1301274458354686,NORMAL
AST-0012,2026-08-01 10:18:38.403936,2.38,2.67,103.32,56.55,38.02,2026-08-01,10,5,3.638,2.66,-1.2579999999999996,0.0100000000000002,False,False,0,LOW,False,0.08834442422769523,NORMAL
AST-0012,2026-08-01 17:11:38.403936,8.02,3.5,100.8,40.81,66.47,2026-08-01,17,5,4.708,2.7960000000000003,3.3119999999999994,0.7039999999999997,False,True,1,MEDIUM,False,0.04427978157344786,NORMAL
AST-0012,2026-08-01 17:30:38.403936,5.4,2.17,102.51,76.65,69.32,2026-08-01,17,5,5.384,2.576,0.016,-0.4060000000000001,False,False,0,LOW,False,0.14761351749238982,NORMAL
AST-0012,2026-08-01 19:03:38.403936,5.54,0.88,99.53,61.67,77.66,2026-08-01,19,5,5.470000000000001,2.164,0.0699999999999994,-1.2840000000000005,False,True,1,MEDIUM,False,0.11390945697426658,NORMAL
AST-0012,2026-08-01 20:33:38.403936,3.68,8.19,99.09,67.21,86.92,2026-08-01,20,5,5.004,3.482,-1.3239999999999994,4.707999999999999,False,True,1,MEDIUM,True,-0.020398239336663182,ANOMALOUS
AST-0012,2026-08-01 21:22:38.403936,4.59,2.19,101.97,81.76,62.67,2026-08-01,21,5,5.446,3.386,-0.8559999999999999,-1.1960000000000002,False,True,1,MEDIUM,False,0.12492817192871558,NORMAL
AST-0012,2026-08-02 06:54:38.403936,6.93,2.23,99.75,72.4,91.73,2026-08-02,6,6,5.228,3.132,1.702,-0.902,False,True,1,MEDIUM,False,0.09822983623928389,NORMAL
AST-0012,2026-08-02 09:39:38.403936,3.67,1.62,105.88,83.67,44.08,2026-08-02,9,6,4.882000000000001,3.022,-1.2120000000000006,-1.4019999999999997,False,True,1,MEDIUM,True,-0.010307854036192388,ANOMALOUS
AST-0012,2026-08-02 14:11:38.403936,5.49,3.99,101.91,75.08,35.97,2026-08-02,14,6,4.872,3.644,0.6180000000000003,0.3460000000000005,False,False,0,LOW,False,0.07859235238067308,NORMAL
AST-0012,2026-08-02 15:17:38.403936,4.83,2.14,100.9,68.68,83.73,2026-08-02,15,6,5.101999999999999,2.434,-0.2719999999999993,-0.294,False,False,0,LOW,False,0.1505606969053649,NORMAL
AST-0012,2026-08-02 18:27:38.403936,4.05,3.76,101.2,57.73,49.2,2026-08-02,18,6,4.994,2.748,-0.944,1.0119999999999996,False,True,1,MEDIUM,False,0.13780403547844228,NORMAL
AST-0012,2026-08-02 19:23:38.403936,6.32,1.98,102.89,57.45,100.0,2026-08-02,19,6,4.872,2.698,1.4480000000000004,-0.718,False,True,1,MEDIUM,False,0.0575831913261422,NORMAL
AST-0012,2026-08-02 21:03:38.403936,6.88,2.53,102.43,60.11,68.74,2026-08-02,21,6,5.514,2.88,1.3659999999999997,-0.3500000000000001,False,False,0,LOW,False,0.15105328972378912,NORMAL
AST-0012,2026-08-03 00:03:38.403936,4.28,3.17,101.72,52.07,55.42,2026-08-03,0,0,5.272,2.716,-0.992,0.4539999999999997,False,False,0,LOW,False,0.14045960135421487,NORMAL
AST-0012,2026-08-03 00:16:38.403936,7.04,4.02,101.61,75.24,68.16,2026-08-03,0,0,5.714,3.092,1.3259999999999996,0.928,False,True,1,MEDIUM,False,0.10938570704317196,NORMAL
AST-0012,2026-08-03 05:21:38.403936,6.43,1.68,100.28,63.29,72.33,2026-08-03,5,0,6.19,2.676,0.2399999999999993,-0.9959999999999998,False,True,1,MEDIUM,False,0.14773091838399788,NORMAL
AST-0012,2026-08-03 13:15:38.403936,1.2,3.51,101.68,61.2,80.43,2026-08-03,13,0,5.166,2.982,-3.966,0.528,False,True,1,MEDIUM,False,0.10213084941370593,NORMAL
AST-0012,2026-08-03 14:19:38.403936,2.35,1.15,101.78,73.8,63.57,2026-08-03,14,0,4.26,2.706,-1.91,-1.556,False,True,1,MEDIUM,False,0.11136389008221909,NORMAL
AST-0012,2026-08-03 15:43:38.403936,4.31,3.71,98.4,64.88,42.46,2026-08-03,15,0,4.266,2.814,0.0439999999999995,0.8960000000000004,False,True,1,MEDIUM,False,0.0834838683777065,NORMAL
AST-0012,2026-08-03 18:08:38.403936,3.63,1.86,102.85,64.31,59.22,2026-08-03,18,0,3.584,2.382,0.0460000000000002,-0.522,False,True,1,MEDIUM,False,0.1583046069669567,NORMAL
AST-0012,2026-08-03 22:09:38.403936,5.23,3.84,102.42,69.0,69.36,2026-08-03,22,0,3.344,2.814,1.8860000000000008,1.0259999999999998,False,True,1,MEDIUM,False,0.1430945062152028,NORMAL
AST-0012,2026-08-03 23:21:38.403936,16.7,2.79,98.86,46.56,50.26,2026-08-03,23,0,6.444,2.67,10.256,0.1200000000000001,True,False,1,MEDIUM,True,-0.046687415931408016,ANOMALOUS
AST-0012,2026-08-04 00:33:38.403936,6.15,0.6,100.24,73.18,59.71,2026-08-04,0,1,7.203999999999999,2.56,-1.0539999999999985,-1.9599999999999995,False,True,1,MEDIUM,False,0.09308885835419245,NORMAL
AST-0012,2026-08-04 01:05:38.403936,5.97,2.92,99.09,61.69,50.96,2026-08-04,1,1,7.536,2.402,-1.5659999999999998,0.5179999999999998,False,True,1,MEDIUM,False,0.14073160547518954,NORMAL
AST-0012,2026-08-04 02:01:38.403936,2.31,1.93,101.45,54.99,93.81,2026-08-04,2,1,7.272,2.4159999999999995,-4.962,-0.4859999999999995,False,False,0,LOW,False,0.07887204216629384,NORMAL
AST-0012,2026-08-04 05:39:38.403936,3.9,3.47,99.23,63.77,56.18,2026-08-04,5,1,7.006,2.342,-3.1060000000000003,1.1280000000000006,False,True,1,MEDIUM,False,0.13688625981827562,NORMAL
AST-0012,2026-08-04 06:42:38.403936,5.41,2.47,102.89,78.49,84.05,2026-08-04,6,1,4.748,2.278,0.6619999999999999,0.1920000000000001,False,False,0,LOW,False,0.11030103793997498,NORMAL
AST-0012,2026-08-04 07:09:38.403936,4.01,2.98,98.45,65.12,71.17,2026-08-04,7,1,4.32,2.754,-0.3100000000000005,0.2259999999999999,False,False,0,LOW,False,0.14526882852600198,NORMAL
AST-0012,2026-08-04 07:15:38.403936,3.34,3.3,99.74,56.52,79.73,2026-08-04,7,1,3.794,2.83,-0.4539999999999997,0.4699999999999997,False,False,0,LOW,False,0.13437645621881028,NORMAL
AST-0012,2026-08-04 09:15:38.403936,5.19,3.34,101.14,82.45,80.48,2026-08-04,9,1,4.37,3.112,0.8200000000000003,0.2279999999999997,False,False,0,LOW,False,0.10403829592153546,NORMAL
AST-0012,2026-08-04 18:48:38.403936,5.16,2.66,99.72,60.88,100.0,2026-08-04,18,1,4.622000000000001,2.95,0.5379999999999994,-0.29,False,False,0,LOW,False,0.0793439551801971,NORMAL
AST-0012,2026-08-04 18:53:38.403936,4.46,2.57,99.63,57.73,51.55,2026-08-04,18,1,4.432,2.97,0.0279999999999995,-0.3999999999999999,False,False,0,LOW,False,0.14452377989444148,NORMAL
AST-0012,2026-08-04 20:46:38.403936,4.5,3.37,106.03,50.61,60.95,2026-08-04,20,1,4.529999999999999,3.048,-0.0299999999999993,0.322,False,False,0,LOW,False,0.05504711245599103,NORMAL
AST-0012,2026-08-04 23:24:38.403936,4.9,2.68,101.42,63.62,48.59,2026-08-04,23,1,4.8420000000000005,2.9240000000000004,0.0579999999999998,-0.2440000000000002,False,False,0,LOW,False,0.16167386243405812,NORMAL
AST-0012,2026-08-05 03:56:38.403936,5.79,1.37,99.0,36.61,50.43,2026-08-05,3,2,4.962,2.53,0.8280000000000003,-1.16,False,True,1,MEDIUM,False,0.011150052588099979,NORMAL
AST-0012,2026-08-05 07:27:38.403936,2.93,2.06,101.75,48.34,71.05,2026-08-05,7,2,4.516,2.41,-1.586,-0.3500000000000001,False,False,0,LOW,False,0.11235438445541124,NORMAL
AST-0012,2026-08-05 10:51:38.403936,4.51,1.93,99.74,61.64,62.85,2026-08-05,10,2,4.526,2.282,-0.016,-0.3520000000000001,False,False,0,LOW,False,0.16248913659047431,NORMAL
AST-0012,2026-08-05 16:37:38.403936,2.4,2.65,98.64,66.66,89.73,2026-08-05,16,2,4.106,2.1380000000000003,-1.706,0.5119999999999996,False,True,1,MEDIUM,False,0.089774631597905,NORMAL
AST-0012,2026-08-05 17:54:38.403936,4.78,3.94,103.78,67.1,56.15,2026-08-05,17,2,4.082,2.39,0.6980000000000004,1.5499999999999998,False,True,1,MEDIUM,False,0.12396632066634988,NORMAL
AST-0012,2026-08-05 21:59:38.403936,3.29,4.72,101.73,57.68,94.93,2026-08-05,21,2,3.582,3.06,-0.2919999999999998,1.66,False,True,1,MEDIUM,False,0.0450857141730609,NORMAL
AST-0012,2026-08-06 01:51:38.403936,4.71,0.89,103.84,67.24,62.85,2026-08-06,1,3,3.938,2.826,0.7720000000000002,-1.9359999999999995,False,True,1,MEDIUM,False,0.10701915376874616,NORMAL
AST-0012,2026-08-06 02:41:38.403936,4.66,3.19,99.63,56.64,31.4,2026-08-06,2,3,3.968,3.078,0.6920000000000002,0.1120000000000001,False,False,0,LOW,False,0.08152070919414522,NORMAL
AST-0012,2026-08-06 03:08:38.403936,4.52,5.6,101.79,72.61,47.95,2026-08-06,3,3,4.392,3.6679999999999993,0.1279999999999992,1.9320000000000004,False,True,1,MEDIUM,False,0.0711599237031657,NORMAL
AST-0012,2026-08-06 11:08:38.403936,4.67,2.37,101.11,56.35,64.72,2026-08-06,11,3,4.37,3.354,0.2999999999999998,-0.984,False,True,1,MEDIUM,False,0.16183843988298013,NORMAL
AST-0012,2026-08-06 11:16:38.403936,6.2,2.91,102.89,77.9,50.15,2026-08-06,11,3,4.952,2.992,1.2480000000000002,-0.0819999999999998,False,False,0,LOW,False,0.1150535673891338,NORMAL
AST-0012,2026-08-06 12:30:38.403936,4.4,2.05,100.73,91.65,98.74,2026-08-06,12,3,4.89,3.2239999999999998,-0.4899999999999993,-1.1739999999999997,False,True,1,MEDIUM,True,-0.023582272817742944,ANOMALOUS
AST-0012,2026-08-06 13:53:38.403936,5.36,2.58,104.3,61.87,83.56,2026-08-06,13,3,5.029999999999999,3.102,0.3300000000000009,-0.5219999999999998,False,True,1,MEDIUM,False,0.11763229653564056,NORMAL
AST-0012,2026-08-06 16:40:38.403936,1.35,1.71,99.55,59.31,79.77,2026-08-06,16,3,4.396,2.3240000000000003,-3.046,-0.6140000000000003,False,True,1,MEDIUM,False,0.09746427998861179,NORMAL
AST-0012,2026-08-06 18:09:38.403936,2.72,2.75,102.57,69.14,61.66,2026-08-06,18,3,4.006,2.4,-1.286,0.3500000000000001,False,False,0,LOW,False,0.1571500551857049,NORMAL
AST-0012,2026-08-06 18:39:38.403936,5.08,3.5,98.63,61.51,51.09,2026-08-06,18,3,3.782,2.518,1.298,0.9820000000000002,False,True,1,MEDIUM,False,0.11722965481279796,NORMAL
AST-0012,2026-08-06 19:42:38.403936,4.73,2.65,102.57,67.58,41.59,2026-08-06,19,3,3.848,2.638,0.8820000000000001,0.012,False,False,0,LOW,False,0.1377819242863203,NORMAL
AST-0012,2026-08-06 20:16:38.403936,10.49,2.61,99.88,58.75,67.76,2026-08-06,20,3,4.8740000000000006,2.644,5.616,-0.0339999999999998,True,False,1,MEDIUM,False,0.09191139116171432,NORMAL
AST-0012,2026-08-06 20:45:38.403936,14.08,2.08,101.22,70.07,74.81,2026-08-06,20,3,7.42,2.718,6.66,-0.6379999999999999,True,True,2,HIGH,False,0.037373990992768835,NORMAL
AST-0012,2026-08-07 02:04:38.403936,3.72,1.86,104.71,53.58,58.63,2026-08-07,2,4,7.62,2.54,-3.9,-0.6799999999999999,False,True,1,MEDIUM,False,0.10500165641680015,NORMAL
AST-0012,2026-08-07 02:17:38.403936,5.63,2.34,103.87,52.95,63.31,2026-08-07,2,4,7.730000000000001,2.308,-2.1000000000000014,0.032,False,False,0,LOW,False,0.11967605615400984,NORMAL
AST-0012,2026-08-07 03:26:38.403936,3.76,1.73,101.46,63.5,54.04,2026-08-07,3,4,7.536,2.124,-3.776,-0.3940000000000001,False,False,0,LOW,False,0.15523666548862802,NORMAL
AST-0012,2026-08-07 08:16:38.403936,4.94,2.46,103.31,60.45,60.32,2026-08-07,8,4,6.426,2.0940000000000003,-1.4859999999999998,0.3659999999999996,False,False,0,LOW,False,0.15483844017882903,NORMAL
AST-0012,2026-08-07 10:09:38.403936,5.1,3.65,100.38,51.18,35.99,2026-08-07,10,4,4.630000000000001,2.4080000000000004,0.4699999999999988,1.2419999999999995,False,True,1,MEDIUM,False,0.07019331604445794,NORMAL
AST-0012,2026-08-07 10:17:38.403936,3.17,1.85,101.15,68.41,69.98,2026-08-07,10,4,4.52,2.406,-1.3499999999999996,-0.5559999999999996,False,True,1,MEDIUM,False,0.1544206639613288,NORMAL
AST-0012,2026-08-07 15:55:38.403936,3.9,2.46,99.5,61.67,58.4,2026-08-07,15,4,4.174,2.43,-0.2740000000000004,0.0299999999999998,False,False,0,LOW,False,0.15779266421196414,NORMAL
AST-0012,2026-08-08 01:38:38.403936,7.27,3.32,99.46,89.18,64.44,2026-08-08,1,5,4.876,2.748,2.394,0.5720000000000001,False,True,1,MEDIUM,False,0.027955293653636026,NORMAL
AST-0012,2026-08-08 01:50:38.403936,2.66,2.24,103.69,53.07,91.58,2026-08-08,1,5,4.42,2.704,-1.7599999999999998,-0.4639999999999995,False,False,0,LOW,False,0.06878600832404885,NORMAL
AST-0012,2026-08-08 03:10:38.403936,5.25,2.72,101.35,75.27,43.26,2026-08-08,3,5,4.45,2.518,0.7999999999999998,0.2020000000000004,False,False,0,LOW,False,0.13044314294624648,NORMAL
AST-0012,2026-08-08 05:06:38.403936,5.73,3.2,101.95,73.24,62.05,2026-08-08,5,5,4.962000000000001,2.7880000000000003,0.7679999999999998,0.4119999999999999,False,False,0,LOW,False,0.1519055343577872,NORMAL
AST-0012,2026-08-08 07:33:38.403936,3.72,2.23,102.16,65.77,54.31,2026-08-08,7,5,4.926,2.742,-1.206,-0.512,False,True,1,MEDIUM,False,0.16146927167368907,NORMAL
AST-0012,2026-08-08 08:16:38.403936,4.54,2.91,99.34,50.95,66.93,2026-08-08,8,5,4.38,2.66,0.1600000000000001,0.25,False,False,0,LOW,False,0.13356435482688783,NORMAL
AST-0012,2026-08-08 12:26:38.403936,3.19,3.69,102.42,75.48,71.57,2026-08-08,12,5,4.486000000000001,2.95,-1.2960000000000007,0.7399999999999998,False,True,1,MEDIUM,False,0.12672675755932694,NORMAL
AST-0012,2026-08-08 12:44:38.403936,3.75,1.56,100.3,66.29,77.39,2026-08-08,12,5,4.186,2.718,-0.4359999999999999,-1.158,False,True,1,MEDIUM,False,0.14815725559246512,NORMAL
AST-0012,2026-08-08 18:55:38.403936,6.95,3.22,101.16,63.51,73.65,2026-08-08,18,5,4.43,2.722,2.5200000000000005,0.4980000000000002,False,False,0,LOW,False,0.15135120011892478,NORMAL
AST-0012,2026-08-08 19:52:38.403936,5.8,2.68,99.52,55.39,69.57,2026-08-08,19,5,4.846,2.812,0.9539999999999996,-0.1319999999999996,False,False,0,LOW,False,0.14228084817142106,NORMAL
AST-0012,2026-08-08 21:05:38.403936,6.99,3.51,104.19,61.41,56.0,2026-08-08,21,5,5.336,2.932,1.654,0.5779999999999998,False,True,1,MEDIUM,False,0.10188654600751218,NORMAL
AST-0012,2026-08-08 21:36:38.403936,2.26,0.3,102.84,74.11,72.45,2026-08-08,21,5,5.15,2.254,-2.890000000000001,-1.954,False,True,1,MEDIUM,False,0.06875737045596214,NORMAL
AST-0012,2026-08-09 00:40:38.403936,6.95,2.32,101.44,66.93,100.0,2026-08-09,0,6,5.790000000000001,2.406,1.1599999999999993,-0.0860000000000003,False,False,0,LOW,False,0.0792776722424266,NORMAL
AST-0012,2026-08-09 03:46:38.403936,3.69,1.68,99.11,73.07,74.24,2026-08-09,3,6,5.138,2.098,-1.448,-0.4179999999999999,False,False,0,LOW,False,0.13269276892392778,NORMAL
AST-0012,2026-08-09 04:42:38.403936,3.22,3.7,104.55,71.96,93.02,2026-08-09,4,6,4.622,2.302,-1.4019999999999997,1.398,False,True,1,MEDIUM,False,0.05083968802820693,NORMAL
AST-0012,2026-08-09 05:27:38.403936,4.42,1.76,101.31,50.21,56.22,2026-08-09,5,6,4.108,1.952,0.3120000000000003,-0.1919999999999999,False,False,0,LOW,False,0.1250080458467311,NORMAL
AST-0012,2026-08-09 12:12:38.403936,3.15,2.52,101.28,75.86,73.54,2026-08-09,12,6,4.286,2.396,-1.1359999999999997,0.1240000000000001,False,False,0,LOW,False,0.14577883527499064,NORMAL
AST-0012,2026-08-09 16:06:38.403936,1.33,2.16,101.43,62.24,44.15,2026-08-09,16,6,3.162,2.364,-1.832,-0.2039999999999997,False,False,0,LOW,False,0.10390081878067225,NORMAL
AST-0012,2026-08-09 17:25:38.403936,6.24,2.56,103.5,82.93,60.66,2026-08-09,17,6,3.672,2.54,2.5680000000000005,0.02,False,False,0,LOW,False,0.08783974003301326,NORMAL
AST-0012,2026-08-09 17:31:38.403936,1.14,0.8,100.09,69.58,15.54,2026-08-09,17,6,3.256,1.96,-2.1160000000000005,-1.16,False,True,1,MEDIUM,True,-0.020399751945388345,ANOMALOUS
AST-0012,2026-08-09 19:01:38.403936,3.11,2.07,98.27,70.49,63.51,2026-08-09,19,6,2.994,2.022,0.1159999999999996,0.048,False,False,0,LOW,False,0.12274777667626585,NORMAL
AST-0012,2026-08-09 21:37:38.403936,4.16,2.44,101.37,66.38,21.52,2026-08-09,21,6,3.196,2.006,0.964,0.4340000000000001,False,False,0,LOW,False,0.06475628622397739,NORMAL
AST-0012,2026-08-10 07:13:38.403936,4.34,3.74,101.75,51.48,43.45,2026-08-10,7,0,3.798000000000001,2.322,0.5419999999999994,1.418,False,True,1,MEDIUM,False,0.10111890377591448,NORMAL
AST-0012,2026-08-10 09:07:38.403936,6.12,1.83,99.61,78.16,76.64,2026-08-10,9,0,3.774,2.176,2.346,-0.3459999999999996,False,False,0,LOW,False,0.11889419444472449,NORMAL
AST-0012,2026-08-10 13:16:38.403936,3.72,10.42,98.81,54.47,58.86,2026-08-10,13,0,4.29,4.1,-0.5699999999999998,6.32,False,True,1,MEDIUM,True,-0.021969947726102057,ANOMALOUS
AST-0012,2026-08-10 15:32:38.403936,13.36,3.27,102.88,63.28,62.36,2026-08-10,15,0,6.34,4.34,7.02,-1.0699999999999998,True,True,2,HIGH,False,0.04066966020612728,NORMAL
AST-0012,2026-08-10 18:28:38.403936,4.92,3.76,101.78,86.67,48.84,2026-08-10,18,0,6.492,4.604,-1.572,-0.8440000000000003,False,True,1,MEDIUM,False,0.05135416676757443,NORMAL
AST-0012,2026-08-10 19:16:38.403936,4.08,2.59,99.8,52.23,64.26,2026-08-10,19,0,6.44,4.3740000000000006,-2.3600000000000003,-1.7840000000000007,False,True,1,MEDIUM,False,0.1410117294654184,NORMAL
AST-0012,2026-08-10 19:59:38.403936,3.88,3.06,106.93,63.96,72.08,2026-08-10,19,0,5.991999999999999,4.619999999999999,-2.111999999999999,-1.5599999999999992,False,True,1,MEDIUM,False,0.06759978626413876,NORMAL
AST-0012,2026-08-10 20:23:38.403936,3.59,3.9,101.18,48.45,73.69,2026-08-10,20,0,5.965999999999999,3.316,-2.3759999999999994,0.5840000000000001,False,True,1,MEDIUM,False,0.10886619548123189,NORMAL
AST-0012,2026-08-10 21:41:38.403936,18.41,2.76,103.04,63.34,100.0,2026-08-10,21,0,6.975999999999999,3.214,11.434,-0.4540000000000002,True,False,1,MEDIUM,True,-0.06319690064534222,ANOMALOUS
AST-0012,2026-08-11 00:24:38.403936,7.23,2.43,102.6,59.16,100.0,2026-08-11,0,1,7.438,2.948,-0.2079999999999993,-0.5179999999999998,False,True,1,MEDIUM,False,0.058591534660816846,NORMAL
AST-0012,2026-08-11 02:26:38.403936,4.42,3.0,100.72,58.35,54.5,2026-08-11,2,1,7.506,3.03,-3.0860000000000003,-0.0300000000000002,False,False,0,LOW,False,0.15755681340172767,NORMAL
AST-0012,2026-08-11 02:35:38.403936,6.37,3.48,100.63,47.06,54.8,2026-08-11,2,1,8.004,3.114,-1.6339999999999997,0.3660000000000001,False,False,0,LOW,False,0.09636279964842803,NORMAL
AST-0012,2026-08-11 05:28:38.403936,6.56,2.61,99.95,71.63,81.08,2026-08-11,5,1,8.598,2.856,-2.038000000000001,-0.246,False,False,0,LOW,False,0.13685745925970816,NORMAL
AST-0012,2026-08-11 09:36:38.403936,16.68,2.06,97.6,67.47,74.55,2026-08-11,9,1,8.252,2.716,8.427999999999999,-0.6560000000000001,True,True,2,HIGH,True,-0.03263374046667078,ANOMALOUS
AST-0012,2026-08-11 13:10:38.403936,7.49,1.82,100.79,65.99,63.07,2026-08-11,13,1,8.303999999999998,2.5940000000000003,-0.8139999999999983,-0.7740000000000002,False,True,1,MEDIUM,False,0.14234805166830278,NORMAL
AST-0012,2026-08-11 19:31:38.403936,5.07,2.47,101.11,67.59,74.66,2026-08-11,19,1,8.434000000000001,2.4880000000000004,-3.3640000000000008,-0.0180000000000002,False,False,0,LOW,False,0.1685705761008947,NORMAL
AST-0012,2026-08-11 20:47:38.403936,6.81,2.08,100.43,73.16,35.79,2026-08-11,20,1,8.522,2.208,-1.7120000000000006,-0.1279999999999996,False,False,0,LOW,False,0.09752783846815727,NORMAL
AST-0012,2026-08-11 21:02:38.403936,4.07,2.84,101.07,64.44,58.21,2026-08-11,21,1,8.024000000000001,2.254,-3.9540000000000006,0.5859999999999999,False,True,1,MEDIUM,False,0.16944676668447872,NORMAL
AST-0012,2026-08-12 02:25:38.403936,3.56,3.05,103.14,64.22,69.15,2026-08-12,2,2,5.4,2.452,-1.8400000000000003,0.5979999999999999,False,True,1,MEDIUM,False,0.15934136846249025,NORMAL
AST-0012,2026-08-12 04:30:38.403936,5.96,2.1,101.0,57.34,44.69,2026-08-12,4,2,5.094000000000001,2.508,0.8659999999999988,-0.4079999999999999,False,False,0,LOW,False,0.13161217708966516,NORMAL
AST-0012,2026-08-12 04:41:38.403936,4.86,3.5,102.88,74.7,70.88,2026-08-12,4,2,5.052000000000001,2.714,-0.192000000000001,0.786,False,True,1,MEDIUM,False,0.14083104843640576,NORMAL
AST-0012,2026-08-12 08:45:38.403936,1.92,2.21,98.85,76.77,54.49,2026-08-12,8,2,4.074000000000001,2.74,-2.154000000000001,-0.5299999999999998,False,True,1,MEDIUM,False,0.08641962110841045,NORMAL
AST-0012,2026-08-12 11:10:38.403936,4.82,2.49,100.95,78.39,52.31,2026-08-12,11,2,4.224000000000001,2.67,0.5959999999999992,-0.1799999999999997,False,False,0,LOW,False,0.13105784944206345,NORMAL
AST-0012,2026-08-12 11:15:38.403936,2.65,1.67,100.42,77.88,65.26,2026-08-12,11,2,4.042000000000001,2.394,-1.3920000000000008,-0.7240000000000002,False,True,1,MEDIUM,False,0.1194682576274893,NORMAL
AST-0012,2026-08-12 14:43:38.403936,0.91,1.68,103.26,62.5,68.74,2026-08-12,14,2,3.032000000000001,2.31,-2.1220000000000008,-0.6300000000000001,False,True,1,MEDIUM,False,0.10611466143902348,NORMAL
AST-0012,2026-08-12 15:32:38.403936,4.72,3.43,100.93,49.94,80.12,2026-08-12,15,2,3.0040000000000004,2.2960000000000003,1.7159999999999993,1.134,False,True,1,MEDIUM,False,0.12356510563334405,NORMAL
AST-0012,2026-08-12 17:22:38.403936,5.4,3.59,99.11,60.61,43.8,2026-08-12,17,2,3.7000000000000006,2.572,1.6999999999999995,1.0179999999999998,False,True,1,MEDIUM,False,0.1042902782746351,NORMAL
AST-0012,2026-08-12 19:45:38.403936,2.63,1.95,99.86,73.95,59.69,2026-08-12,19,2,3.2620000000000005,2.4639999999999995,-0.6320000000000006,-0.5139999999999996,False,True,1,MEDIUM,False,0.1313816765943015,NORMAL
AST-0012,2026-08-12 21:21:38.403936,4.06,2.63,103.94,54.93,85.52,2026-08-12,21,2,3.5440000000000005,2.656,0.5159999999999991,-0.0259999999999998,False,False,0,LOW,False,0.10950749315878688,NORMAL
AST-0012,2026-08-12 22:44:38.403936,4.99,1.67,99.59,62.26,46.06,2026-08-12,22,2,4.360000000000001,2.654,0.629999999999999,-0.984,False,True,1,MEDIUM,False,0.13779918537378116,NORMAL
AST-0012,2026-08-12 22:47:38.403936,2.17,2.55,99.18,69.74,48.45,2026-08-12,22,2,3.850000000000001,2.478,-1.6800000000000006,0.0719999999999996,False,False,0,LOW,False,0.11353435421755398,NORMAL
AST-0012,2026-08-13 01:55:38.403936,6.76,2.24,100.88,58.72,59.82,2026-08-13,1,3,4.122000000000001,2.208,2.637999999999999,0.0320000000000004,False,False,0,LOW,False,0.15293009303168148,NORMAL
AST-0012,2026-08-13 04:16:38.403936,6.09,4.37,99.58,70.34,51.92,2026-08-13,4,3,4.814000000000001,2.692,1.275999999999999,1.678,False,True,1,MEDIUM,False,0.09928677297960431,NORMAL
AST-0012,2026-08-13 15:48:38.403936,4.96,2.08,104.0,69.24,65.71,2026-08-13,15,3,4.9940000000000015,2.582,-0.0340000000000015,-0.5019999999999998,False,True,1,MEDIUM,False,0.14007070306627228,NORMAL
AST-0012,2026-08-13 20:24:38.403936,3.36,3.03,98.67,79.59,60.83,2026-08-13,20,3,4.668000000000001,2.854,-1.3080000000000012,0.1759999999999997,False,False,0,LOW,False,0.0991011177680558,NORMAL
AST-0012,2026-08-13 20:28:38.403936,4.48,2.02,98.18,73.19,72.63,2026-08-13,20,3,5.130000000000001,2.748,-0.6500000000000004,-0.7279999999999998,False,True,1,MEDIUM,False,0.12556757937168073,NORMAL
AST-0012,2026-08-13 21:53:38.403936,2.18,2.21,101.89,70.34,91.87,2026-08-13,21,3,4.214,2.742,-2.0340000000000003,-0.532,False,True,1,MEDIUM,False,0.10479014545401888,NORMAL
AST-0012,2026-08-14 10:37:38.403936,3.48,5.69,104.25,69.91,60.88,2026-08-14,10,4,3.692,3.006,-0.2120000000000002,2.684,False,True,1,MEDIUM,False,0.03648758340017472,NORMAL
AST-0012,2026-08-14 11:33:38.403936,3.51,2.84,101.34,58.59,73.78,2026-08-14,11,4,3.402000000000001,3.158,0.1079999999999987,-0.318,False,False,0,LOW,False,0.15899447197015631,NORMAL
AST-0012,2026-08-14 15:31:38.403936,3.46,3.22,101.91,73.13,76.33,2026-08-14,15,4,3.4220000000000006,3.196,0.0379999999999993,0.024,False,False,0,LOW,False,0.15164746022356435,NORMAL
AST-0012,2026-08-14 15:51:38.403936,4.08,3.37,99.32,54.32,74.71,2026-08-14,15,4,3.342000000000001,3.466,0.7379999999999991,-0.096,False,False,0,LOW,False,0.1378281625322602,NORMAL
AST-0012,2026-08-14 15:56:38.403936,4.79,2.54,102.63,42.61,92.8,2026-08-14,15,4,3.8640000000000008,3.532,0.9259999999999992,-0.992,False,True,1,MEDIUM,False,0.03355200016481458,NORMAL
AST-0012,2026-08-14 17:15:38.403936,2.4,3.53,103.2,49.3,57.98,2026-08-14,17,4,3.648000000000001,3.1,-1.2480000000000009,0.4299999999999997,False,False,0,LOW,False,0.09246613658550157,NORMAL
AST-0012,2026-08-15 01:12:38.403936,4.39,2.47,99.24,56.43,61.49,2026-08-15,1,5,3.8240000000000007,3.026,0.565999999999999,-0.5559999999999996,False,True,1,MEDIUM,False,0.14688973816009526,NORMAL
AST-0012,2026-08-15 02:37:38.403936,5.73,3.89,102.33,57.7,75.49,2026-08-15,2,5,4.2780000000000005,3.16,1.452,0.73,False,True,1,MEDIUM,False,0.12701490086000505,NORMAL
AST-0012,2026-08-15 15:19:38.403936,4.29,3.13,103.17,51.18,96.5,2026-08-15,15,5,4.320000000000001,3.112,-0.0300000000000011,0.0180000000000002,False,False,0,LOW,False,0.06377004717787427,NORMAL
AST-0012,2026-08-15 18:03:38.403936,3.69,8.02,100.06,63.32,56.5,2026-08-15,18,5,4.1,4.208,-0.4099999999999997,3.812,False,True,1,MEDIUM,False,0.016401585910529537,NORMAL
AST-0012,2026-08-15 23:04:38.403936,4.23,2.75,104.43,60.22,59.52,2026-08-15,23,5,4.466000000000001,4.052,-0.2360000000000006,-1.3019999999999996,False,True,1,MEDIUM,False,0.13107843092852955,NORMAL
AST-0012,2026-08-16 02:00:38.403936,2.51,1.91,102.35,65.08,81.97,2026-08-16,2,6,4.090000000000001,3.94,-1.580000000000001,-2.03,False,True,1,MEDIUM,False,0.13807055502378707,NORMAL
AST-0012,2026-08-16 08:03:38.403936,4.26,1.69,101.98,62.68,65.19,2026-08-16,8,6,3.7960000000000007,3.5,0.4639999999999991,-1.81,False,True,1,MEDIUM,False,0.16024064121941528,NORMAL
AST-0012,2026-08-16 10:36:38.403936,3.25,3.15,98.94,54.04,50.55,2026-08-16,10,6,3.588000000000001,3.504,-0.3380000000000009,-0.3540000000000001,False,False,0,LOW,False,0.10996612185990895,NORMAL
AST-0012,2026-08-16 17:21:38.403936,15.11,3.87,102.58,93.47,56.58,2026-08-16,17,6,5.872000000000001,2.6740000000000004,9.238,1.1959999999999995,True,True,2,HIGH,True,-0.09284669627681685,ANOMALOUS
AST-0012,2026-08-16 20:33:38.403936,3.05,0.95,97.79,52.31,49.0,2026-08-16,20,6,5.636000000000001,2.314,-2.586000000000001,-1.364,False,True,1,MEDIUM,False,0.04208219430117399,NORMAL
AST-0012,2026-08-17 01:00:38.403936,3.45,3.41,100.24,72.78,38.74,2026-08-17,1,0,5.824,2.614,-2.374,0.7960000000000003,False,True,1,MEDIUM,False,0.09694029175190955,NORMAL
AST-0012,2026-08-17 02:20:38.403936,0.7,3.05,101.55,62.78,100.0,2026-08-17,2,0,5.112,2.886,-4.412,0.1639999999999997,False,False,0,LOW,False,0.039577076800851596,NORMAL
AST-0012,2026-08-17 05:36:38.403936,5.7,1.9,101.08,65.3,61.51,2026-08-17,5,0,5.602000000000001,2.636,0.0979999999999989,-0.7360000000000002,False,True,1,MEDIUM,False,0.16571381390138457,NORMAL
AST-0012,2026-08-17 07:04:38.403936,3.77,3.03,101.74,45.99,66.5,2026-08-17,7,0,3.334000000000001,2.468,0.435999999999999,0.5619999999999998,False,True,1,MEDIUM,False,0.11895606168279454,NORMAL
AST-0012,2026-08-17 15:41:38.403936,4.22,3.17,100.84,67.32,85.64,2026-08-17,15,0,3.5680000000000005,2.912,0.6519999999999992,0.258,False,False,0,LOW,False,0.1462258703897702,NORMAL
AST-0012,2026-08-17 16:37:38.403936,5.25,1.15,100.96,56.87,79.91,2026-08-17,16,0,3.928000000000001,2.46,1.3219999999999992,-1.31,False,True,1,MEDIUM,False,0.11495215269032388,NORMAL
AST-0012,2026-08-17 17:38:38.403936,5.22,3.03,102.8,61.05,70.56,2026-08-17,17,0,4.832000000000001,2.4560000000000004,0.387999999999999,0.5739999999999994,False,True,1,MEDIUM,False,0.15848016380679247,NORMAL
AST-0012,2026-08-17 20:40:38.403936,3.29,2.52,98.24,62.3,69.55,2026-08-17,20,0,4.35,2.58,-1.0599999999999996,-0.06,False,False,0,LOW,False,0.1278906862688614,NORMAL
AST-0012,2026-08-17 20:50:38.403936,4.1,2.91,101.13,75.11,78.01,2026-08-17,20,0,4.416,2.556,-0.3160000000000007,0.3540000000000001,False,False,0,LOW,False,0.153386699038562,NORMAL
AST-0012,2026-08-18 08:58:38.403936,5.56,3.21,102.14,66.21,76.92,2026-08-18,8,1,4.684,2.564,0.8759999999999994,0.6460000000000004,False,True,1,MEDIUM,False,0.16026067147926853,NORMAL
AST-0012,2026-08-18 09:45:38.403936,5.43,2.09,99.13,66.16,45.93,2026-08-18,9,1,4.720000000000001,2.752,0.7099999999999991,-0.6619999999999999,False,True,1,MEDIUM,False,0.1373945083552766,NORMAL
AST-0012,2026-08-18 11:06:38.403936,4.07,2.61,99.13,56.32,66.76,2026-08-18,11,1,4.49,2.668,-0.4199999999999999,-0.0580000000000002,False,False,0,LOW,False,0.1455794827167135,NORMAL
AST-0012,2026-08-18 14:11:38.403936,4.52,2.92,98.08,55.8,62.33,2026-08-18,14,1,4.736000000000001,2.748,-0.216000000000001,0.1720000000000001,False,False,0,LOW,False,0.12443972496494299,NORMAL
AST-0012,2026-08-18 16:54:38.403936,3.59,2.97,102.12,68.57,66.46,2026-08-18,16,1,4.634,2.76,-1.0440000000000005,0.2100000000000004,False,False,0,LOW,False,0.16782884080846655,NORMAL
AST-0012,2026-08-18 16:55:38.403936,-3.79,2.29,97.29,71.35,42.69,2026-08-18,16,1,2.7640000000000007,2.576,-6.554,-0.286,True,False,1,MEDIUM,True,-0.05880408243470392,ANOMALOUS
AST-0012,2026-08-18 17:47:38.403936,4.91,2.04,95.51,76.93,97.3,2026-08-18,17,1,2.660000000000001,2.566,2.249999999999999,-0.5259999999999998,False,True,1,MEDIUM,True,-0.023844815960227805,ANOMALOUS
AST-0012,2026-08-18 23:10:38.403936,6.11,2.48,99.54,63.37,51.59,2026-08-18,23,1,3.0680000000000005,2.54,3.042,-0.06,False,False,0,LOW,False,0.14989659712216502,NORMAL
AST-0012,2026-08-19 04:09:38.403936,3.25,1.21,100.57,76.23,76.81,2026-08-19,4,2,2.814000000000001,2.1980000000000004,0.435999999999999,-0.9880000000000004,False,True,1,MEDIUM,False,0.10616161321062112,NORMAL
AST-0012,2026-08-19 06:41:38.403936,5.38,2.81,101.25,70.19,44.12,2026-08-19,6,2,3.172000000000001,2.166,2.207999999999999,0.6440000000000001,False,True,1,MEDIUM,False,0.14013295942116677,NORMAL
AST-0012,2026-08-19 17:04:38.403936,5.55,1.92,101.23,58.23,68.77,2026-08-19,17,2,5.040000000000001,2.092,0.5099999999999989,-0.1719999999999997,False,False,0,LOW,False,0.15375547437824405,NORMAL
AST-0012,2026-08-19 17:46:38.403936,4.88,2.49,99.51,62.84,55.78,2026-08-19,17,2,5.034000000000001,2.182,-0.1540000000000008,0.3080000000000003,False,False,0,LOW,False,0.15683672780765645,NORMAL
AST-0012,2026-08-19 20:47:38.403936,5.73,2.7,102.95,83.87,43.81,2026-08-19,20,2,4.958,2.226,0.7720000000000002,0.4740000000000002,False,False,0,LOW,False,0.06100942413849736,NORMAL
AST-0012,2026-08-19 21:24:38.403936,5.43,1.19,101.25,67.81,47.19,2026-08-19,21,2,5.394,2.2220000000000004,0.0359999999999995,-1.0320000000000005,False,True,1,MEDIUM,False,0.12314657650722721,NORMAL
AST-0012,2026-08-19 23:59:38.403936,4.01,2.41,104.22,67.69,75.2,2026-08-19,23,2,5.12,2.1420000000000003,-1.1100000000000003,0.2679999999999998,False,False,0,LOW,False,0.13649176045756178,NORMAL
AST-0012,2026-08-20 07:19:38.403936,6.62,2.25,100.15,73.72,74.17,2026-08-20,7,3,5.3340000000000005,2.208,1.2859999999999996,0.0419999999999998,False,False,0,LOW,False,0.14128874564607663,NORMAL
AST-0012,2026-08-20 07:35:38.403936,5.53,2.61,103.92,53.59,74.0,2026-08-20,7,3,5.464,2.232,0.0659999999999998,0.3779999999999996,False,False,0,LOW,False,0.12642849154303926,NORMAL
AST-0012,2026-08-20 10:55:38.403936,4.5,2.17,100.52,66.09,45.77,2026-08-20,10,3,5.218000000000001,2.126,-0.7180000000000009,0.044,False,False,0,LOW,False,0.15041481562722248,NORMAL
AST-0012,2026-08-20 18:06:38.403936,4.08,1.15,101.1,55.11,45.14,2026-08-20,18,3,4.948,2.118,-0.8680000000000003,-0.968,False,True,1,MEDIUM,False,0.11426970526292674,NORMAL
AST-0012,2026-08-20 21:41:38.403936,1.9,1.88,98.97,44.85,64.95,2026-08-20,21,3,4.526000000000002,2.012,-2.6260000000000017,-0.1319999999999996,False,False,0,LOW,False,0.05592602810686481,NORMAL
AST-0012,2026-08-20 22:00:38.403936,4.16,3.55,100.94,65.48,59.93,2026-08-20,22,3,4.034000000000001,2.272,0.1259999999999994,1.278,False,True,1,MEDIUM,False,0.15864024822149958,NORMAL
AST-0012,2026-08-21 01:27:38.403936,6.83,3.21,99.78,61.94,67.62,2026-08-21,1,4,4.294000000000001,2.3920000000000003,2.5359999999999987,0.8179999999999996,False,True,1,MEDIUM,False,0.1461741023721322,NORMAL
AST-0012,2026-08-21 02:00:38.403936,4.26,1.93,100.02,54.2,71.84,2026-08-21,2,4,4.246,2.3440000000000003,0.0139999999999993,-0.4140000000000003,False,False,0,LOW,False,0.14708551075288867,NORMAL
AST-0012,2026-08-21 07:10:38.403936,3.05,3.42,100.13,70.09,76.78,2026-08-21,7,4,4.040000000000001,2.798,-0.9900000000000012,0.6220000000000003,False,True,1,MEDIUM,False,0.13935856055420615,NORMAL
AST-0012,2026-08-21 11:35:38.403936,2.77,2.34,103.26,68.05,85.67,2026-08-21,11,4,4.214,2.89,-1.4440000000000004,-0.5499999999999998,False,True,1,MEDIUM,False,0.13105492974310523,NORMAL
AST-0012,2026-08-21 21:06:38.403936,0.79,3.34,100.31,51.68,81.94,2026-08-21,21,4,3.5400000000000005,2.848,-2.7500000000000004,0.492,False,False,0,LOW,False,0.07555686091235703,NORMAL
AST-0012,2026-08-21 21:35:38.403936,5.36,4.07,102.28,45.13,79.99,2026-08-21,21,4,3.246000000000001,3.02,2.1139999999999994,1.0500000000000007,False,True,1,MEDIUM,False,0.07143497477944571,NORMAL
AST-0012,2026-08-21 22:56:38.403936,4.62,2.88,101.24,70.25,58.95,2026-08-21,22,4,3.3180000000000005,3.2099999999999995,1.3019999999999996,-0.3299999999999996,False,False,0,LOW,False,0.17018735181504624,NORMAL
AST-0012,2026-08-22 01:16:38.403936,5.22,2.63,98.36,69.59,45.2,2026-08-22,1,5,3.752000000000001,3.0520000000000005,1.4679999999999986,-0.4220000000000006,False,False,0,LOW,False,0.11163967580728573,NORMAL
AST-0012,2026-08-22 02:41:38.403936,3.87,1.08,99.89,71.42,74.1,2026-08-22,2,5,3.972,2.8,-0.1020000000000003,-1.7199999999999998,False,True,1,MEDIUM,False,0.12634109766625207,NORMAL
AST-0012,2026-08-22 06:19:38.403936,5.84,1.19,99.49,46.93,60.05,2026-08-22,6,5,4.982000000000001,2.37,0.8579999999999988,-1.1800000000000002,False,True,1,MEDIUM,False,0.06895304329093421,NORMAL
AST-0012,2026-08-22 14:47:38.403936,5.79,1.97,101.73,66.17,78.43,2026-08-22,14,5,5.0680000000000005,1.95,0.7219999999999995,0.02,False,False,0,LOW,False,0.1578682651666503,NORMAL
AST-0012,2026-08-23 01:32:38.403936,6.62,2.91,104.63,77.59,49.03,2026-08-23,1,6,5.468000000000001,1.956,1.1519999999999992,0.954,False,True,1,MEDIUM,False,0.07189582948794937,NORMAL
AST-0012,2026-08-23 01:54:38.403936,12.97,1.61,100.61,59.48,65.95,2026-08-23,1,6,7.018000000000001,1.752,5.952,-0.1419999999999999,True,False,1,MEDIUM,False,0.04275330573842423,NORMAL
AST-0012,2026-08-23 02:16:38.403936,1.83,0.72,101.75,59.38,55.04,2026-08-23,2,6,6.610000000000001,1.6800000000000002,-4.780000000000001,-0.9600000000000002,False,True,1,MEDIUM,False,0.0854183755719562,NORMAL
AST-0012,2026-08-23 02:28:38.403936,5.51,2.02,99.32,76.64,62.15,2026-08-23,2,6,6.544000000000001,1.846,-1.0340000000000016,0.1739999999999999,False,False,0,LOW,False,0.1367451430037775,NORMAL
AST-0012,2026-08-23 08:37:38.403936,4.4,3.24,102.2,60.84,62.6,2026-08-23,8,6,6.266000000000001,2.1,-1.8660000000000003,1.14,False,True,1,MEDIUM,False,0.1609008630005937,NORMAL
AST-0012,2026-08-23 12:55:38.403936,-3.66,3.41,103.99,69.75,87.19,2026-08-23,12,6,4.210000000000001,2.2,-7.870000000000001,1.21,True,True,2,HIGH,True,-0.00862780998974877,ANOMALOUS
AST-0012,2026-08-23 13:09:38.403936,5.68,3.13,102.44,66.32,61.84,2026-08-23,13,6,2.7520000000000007,2.5040000000000004,2.927999999999999,0.6259999999999994,False,True,1,MEDIUM,False,0.16215772363017333,NORMAL
AST-0012,2026-08-23 20:10:38.403936,6.32,2.2,102.04,56.96,53.13,2026-08-23,20,6,3.650000000000001,2.8,2.6699999999999995,-0.5999999999999996,False,True,1,MEDIUM,False,0.14249513818481324,NORMAL
AST-0012,2026-08-23 20:59:38.403936,5.73,3.84,101.3,56.82,67.21,2026-08-23,20,6,3.694000000000001,3.164,2.035999999999999,0.6759999999999997,False,True,1,MEDIUM,False,0.14113389650519192,NORMAL
AST-0012,2026-08-24 03:49:38.403936,6.87,2.18,101.56,64.37,53.12,2026-08-24,3,0,4.188000000000001,2.9520000000000004,2.6819999999999995,-0.7720000000000002,False,True,1,MEDIUM,False,0.15293420193712393,NORMAL
AST-0012,2026-08-24 04:00:38.403936,3.54,2.61,98.09,56.78,75.24,2026-08-24,4,0,5.628000000000001,2.7920000000000003,-2.088000000000001,-0.1820000000000003,False,False,0,LOW,False,0.12126943040624616,NORMAL
AST-0012,2026-08-24 05:34:38.403936,5.11,2.47,99.59,77.9,65.99,2026-08-24,5,0,5.514000000000001,2.66,-0.4040000000000008,-0.1899999999999999,False,False,0,LOW,False,0.13916535972484734,NORMAL
AST-0012,2026-08-24 06:09:38.403936,4.13,3.56,99.55,71.28,59.97,2026-08-24,6,0,5.0760000000000005,2.932,-0.9460000000000006,0.6280000000000001,False,True,1,MEDIUM,False,0.13927760475017037,NORMAL
AST-0012,2026-08-24 09:34:38.403936,18.33,1.8,104.72,47.52,72.83,2026-08-24,9,0,7.596000000000001,2.524,10.733999999999998,-0.724,True,True,2,HIGH,True,-0.06994005262555725,ANOMALOUS
AST-0012,2026-08-24 15:53:38.403936,3.41,3.34,103.73,55.75,70.53,2026-08-24,15,0,6.903999999999999,2.756,-3.493999999999999,0.5839999999999996,False,True,1,MEDIUM,False,0.1219791242423946,NORMAL
AST-0012,2026-08-24 16:49:38.403936,2.16,2.57,98.6,50.11,64.63,2026-08-24,16,0,6.628,2.748,-4.468,-0.1780000000000003,False,False,0,LOW,False,0.08472333943276483,NORMAL
AST-0012,2026-08-24 20:25:38.403936,4.69,2.86,102.17,57.47,44.79,2026-08-24,20,0,6.544,2.826,-1.8539999999999992,0.0340000000000002,False,False,0,LOW,False,0.14044382301708147,NORMAL
AST-0012,2026-08-25 01:37:38.403936,1.42,3.04,98.71,60.95,74.34,2026-08-25,1,1,6.002,2.722,-4.582,0.318,False,False,0,LOW,False,0.10074507941967703,NORMAL
AST-0012,2026-08-25 08:48:38.403936,2.69,3.84,102.14,57.95,64.0,2026-08-25,8,1,2.874,3.13,-0.1840000000000001,0.71,False,True,1,MEDIUM,False,0.13151901045853565,NORMAL
AST-0012,2026-08-25 10:35:38.403936,4.2,3.09,97.16,65.41,74.25,2026-08-25,10,1,3.032,3.08,1.168,0.0100000000000002,False,False,0,LOW,False,0.10541999763514198,NORMAL
AST-0012,2026-08-25 12:54:38.403936,12.57,1.73,104.43,70.0,51.06,2026-08-25,12,1,5.114,2.912,7.456,-1.182,True,True,2,HIGH,False,0.006308315441689416,NORMAL
AST-0012,2026-08-25 15:46:38.403936,3.49,1.51,100.63,61.08,51.74,2026-08-25,15,1,4.874,2.642,-1.3839999999999997,-1.132,False,True,1,MEDIUM,False,0.1390215420266498,NORMAL
AST-0012,2026-08-25 16:17:38.403936,6.02,2.23,100.24,59.53,62.52,2026-08-25,16,1,5.794,2.4799999999999995,0.2259999999999999,-0.2499999999999995,False,False,0,LOW,False,0.15756873232736168,NORMAL
AST-0012,2026-08-25 21:14:38.403936,5.88,3.17,100.72,63.01,78.07,2026-08-25,21,1,6.432,2.346,-0.5519999999999996,0.8240000000000003,False,True,1,MEDIUM,False,0.15636778605707463,NORMAL
AST-0012,2026-08-26 03:25:38.403936,6.46,2.99,97.62,78.05,67.43,2026-08-26,3,2,6.884,2.326,-0.4240000000000004,0.6640000000000001,False,True,1,MEDIUM,False,0.08070339323601511,NORMAL
AST-0012,2026-08-26 04:01:38.403936,5.89,1.96,100.33,58.31,59.02,2026-08-26,4,2,5.548,2.372,0.3419999999999996,-0.4119999999999999,False,False,0,LOW,False,0.15052043753834798,NORMAL
AST-0012,2026-08-26 05:30:38.403936,1.94,2.3,100.34,59.84,72.5,2026-08-26,5,2,5.238,2.53,-3.2980000000000005,-0.2300000000000004,False,False,0,LOW,False,0.13862237968582747,NORMAL
AST-0012,2026-08-26 07:13:38.403936,1.53,2.47,102.94,76.07,72.47,2026-08-26,7,2,4.340000000000001,2.5780000000000003,-2.8100000000000005,-0.1080000000000001,False,False,0,LOW,False,0.11887711646298837,NORMAL
AST-0012,2026-08-26 17:31:38.403936,4.41,2.69,102.1,66.8,60.81,2026-08-26,17,2,4.045999999999999,2.482,0.3640000000000007,0.2079999999999997,False,False,0,LOW,False,0.1705012311684973,NORMAL
AST-0012,2026-08-27 07:44:38.403936,2.83,2.71,101.73,72.83,57.24,2026-08-27,7,3,3.3200000000000003,2.426,-0.4900000000000002,0.2840000000000002,False,False,0,LOW,False,0.14679237068778955,NORMAL
AST-0012,2026-08-27 13:51:38.403936,5.39,2.19,102.95,74.61,34.88,2026-08-27,13,3,3.22,2.472,2.17,-0.282,False,False,0,LOW,False,0.09582052046540385,NORMAL
AST-0012,2026-08-27 16:19:38.403936,6.48,4.55,102.07,64.49,48.44,2026-08-27,16,3,4.128,2.922,2.3520000000000003,1.628,False,True,1,MEDIUM,False,0.09888097429175902,NORMAL
AST-0012,2026-08-27 17:57:38.403936,7.0,2.74,102.47,79.14,73.05,2026-08-27,17,3,5.222,2.976,1.7780000000000005,-0.2359999999999997,False,False,0,LOW,False,0.11462629913370193,NORMAL
AST-0012,2026-08-28 00:21:38.403936,1.89,2.06,99.12,66.35,82.9,2026-08-28,0,4,4.718000000000001,2.85,-2.828000000000001,-0.79,False,True,1,MEDIUM,False,0.10753750656426714,NORMAL
AST-0012,2026-08-28 03:35:38.403936,4.2,2.3,102.2,71.32,55.07,2026-08-28,3,4,4.992,2.768,-0.7919999999999998,-0.4679999999999999,False,False,0,LOW,False,0.15947501798451225,NORMAL
AST-0012,2026-08-28 07:06:38.403936,5.05,2.73,102.89,44.49,70.58,2026-08-28,7,4,4.924,2.876,0.1260000000000003,-0.1459999999999999,False,False,0,LOW,False,0.09782419669569686,NORMAL
AST-0012,2026-08-28 10:04:38.403936,4.68,2.36,105.08,72.07,48.74,2026-08-28,10,4,4.564,2.438,0.1159999999999996,-0.0779999999999998,False,False,0,LOW,False,0.10533062443094632,NORMAL
AST-0012,2026-08-28 13:18:38.403936,2.11,1.91,102.6,79.27,57.45,2026-08-28,13,4,3.586,2.272,-1.476,-0.3619999999999999,False,False,0,LOW,False,0.0967427676091469,NORMAL
AST-0012,2026-08-28 15:02:38.403936,-3.05,2.35,99.11,72.17,54.84,2026-08-28,15,4,2.598,2.33,-5.648,0.0200000000000004,True,False,1,MEDIUM,False,0.023017220085720158,NORMAL
AST-0012,2026-08-28 15:32:38.403936,3.37,3.17,100.22,64.02,34.7,2026-08-28,15,4,2.4319999999999995,2.504,0.9380000000000006,0.6659999999999999,False,True,1,MEDIUM,False,0.10094341457878109,NORMAL
AST-0012,2026-08-28 18:01:38.403936,5.58,1.64,101.82,74.0,38.46,2026-08-28,18,4,2.538,2.286,3.0420000000000003,-0.6460000000000001,False,True,1,MEDIUM,False,0.10513069461119068,NORMAL
AST-0013,2026-07-29 21:40:38.403936,5.96,2.26,99.02,51.91,48.66,2026-07-29,21,2,5.96,2.26,0.0,0.0,False,False,0,LOW,False,0.10272786906778592,NORMAL
AST-0013,2026-07-30 01:00:38.403936,3.28,1.32,104.91,58.67,63.26,2026-07-30,1,3,4.62,1.79,-1.3400000000000003,-0.47,False,False,0,LOW,False,0.08064989016739799,NORMAL
AST-0013,2026-07-30 04:47:38.403936,6.63,0.51,103.85,68.38,43.27,2026-07-30,4,3,5.29,1.3633333333333333,1.34,-0.8533333333333333,False,True,1,MEDIUM,False,0.047840521700067085,NORMAL
AST-0013,2026-07-30 06:23:38.403936,5.11,2.36,100.02,50.05,40.38,2026-07-30,6,3,5.245,1.6124999999999998,-0.1349999999999998,0.7475,False,True,1,MEDIUM,False,0.09947833912454568,NORMAL
AST-0013,2026-07-30 07:16:38.403936,1.75,3.61,101.58,68.81,89.58,2026-07-30,7,3,4.546,2.012,-2.7960000000000003,1.5980000000000003,False,True,1,MEDIUM,False,0.09720762580759462,NORMAL
AST-0013,2026-07-30 07:44:38.403936,2.61,3.09,102.48,63.58,71.1,2026-07-30,7,3,3.876,2.178,-1.266,0.912,False,True,1,MEDIUM,False,0.15339894240388796,NORMAL
AST-0013,2026-07-30 07:47:38.403936,6.94,1.41,104.68,62.4,65.64,2026-07-30,7,3,4.608,2.196,2.3320000000000007,-0.7859999999999998,False,True,1,MEDIUM,False,0.08768255517715223,NORMAL
AST-0013,2026-07-30 08:39:38.403936,7.02,4.42,102.36,55.07,55.12,2026-07-30,8,3,4.686,2.978,2.334,1.4419999999999995,False,True,1,MEDIUM,False,0.09239205101810888,NORMAL
AST-0013,2026-07-30 10:42:38.403936,4.33,2.56,103.75,86.94,93.09,2026-07-30,10,3,4.529999999999999,3.018,-0.1999999999999993,-0.4579999999999997,False,False,0,LOW,False,0.02113824435119882,NORMAL
AST-0013,2026-07-30 11:25:38.403936,6.71,2.02,100.84,48.61,57.94,2026-07-30,11,3,5.522,2.7,1.1879999999999995,-0.6800000000000002,False,True,1,MEDIUM,False,0.10790225097349776,NORMAL
AST-0013,2026-07-30 16:31:38.403936,7.1,4.29,102.58,70.01,32.58,2026-07-30,16,3,6.42,2.9400000000000004,0.6799999999999997,1.3499999999999996,False,True,1,MEDIUM,False,0.04157004960105204,NORMAL
AST-0013,2026-07-30 16:43:38.403936,6.33,4.11,101.79,67.74,37.58,2026-07-30,16,3,6.298,3.4800000000000004,0.032,0.6299999999999999,False,True,1,MEDIUM,False,0.08474007941073897,NORMAL
AST-0013,2026-07-30 18:12:38.403936,6.48,4.27,97.93,54.15,78.92,2026-07-30,18,3,6.19,3.45,0.2900000000000009,0.8199999999999994,False,True,1,MEDIUM,False,0.05449210638406632,NORMAL
AST-0013,2026-07-30 22:07:38.403936,3.62,2.82,99.84,61.45,100.0,2026-07-30,22,3,6.048,3.502,-2.428,-0.6820000000000004,False,True,1,MEDIUM,False,0.07380350978093425,NORMAL
AST-0013,2026-07-30 22:57:38.403936,6.32,2.57,101.95,80.12,47.97,2026-07-30,22,3,5.970000000000001,3.612000000000001,0.3499999999999996,-1.0420000000000007,False,True,1,MEDIUM,False,0.10811290787007782,NORMAL
AST-0013,2026-07-31 02:01:38.403936,5.48,2.46,101.86,53.75,100.0,2026-07-31,2,4,5.646000000000001,3.246,-0.1660000000000003,-0.786,False,True,1,MEDIUM,False,0.07160852356108954,NORMAL
AST-0013,2026-07-31 05:25:38.403936,3.04,2.87,103.12,74.39,78.63,2026-07-31,5,4,4.988,2.998,-1.9480000000000004,-0.1280000000000001,False,False,0,LOW,False,0.13893710637903245,NORMAL
AST-0013,2026-07-31 07:12:38.403936,5.18,2.41,99.88,71.52,80.11,2026-07-31,7,4,4.728,2.626,0.4519999999999999,-0.2159999999999997,False,False,0,LOW,False,0.14540447700661158,NORMAL
AST-0013,2026-07-31 08:45:38.403936,5.15,3.03,98.26,54.23,84.93,2026-07-31,8,4,5.034000000000001,2.668,0.1159999999999996,0.3619999999999996,False,False,0,LOW,False,0.0960687063529545,NORMAL
AST-0013,2026-07-31 16:05:38.403936,3.95,2.8,101.24,76.26,64.07,2026-07-31,16,4,4.5600000000000005,2.714,-0.6100000000000003,0.0859999999999998,False,False,0,LOW,False,0.15397223415525568,NORMAL
AST-0013,2026-07-31 17:59:38.403936,2.82,1.46,103.62,60.32,71.24,2026-07-31,17,4,4.028,2.514,-1.2079999999999995,-1.0539999999999998,False,True,1,MEDIUM,False,0.11651489382001706,NORMAL
AST-0013,2026-07-31 18:42:38.403936,5.21,1.93,99.88,63.89,48.86,2026-07-31,18,4,4.462,2.326,0.7480000000000002,-0.3959999999999997,False,False,0,LOW,False,0.14679877036184263,NORMAL
AST-0013,2026-08-01 00:10:38.403936,7.59,1.35,100.27,63.73,72.91,2026-08-01,0,5,4.944,2.114,2.646,-0.7639999999999998,False,True,1,MEDIUM,False,0.11775382269847456,NORMAL
AST-0013,2026-08-01 06:48:38.403936,4.06,2.3,99.89,65.89,68.65,2026-08-01,6,5,4.726,1.968,-0.6660000000000004,0.3319999999999998,False,False,0,LOW,False,0.16620714093821515,NORMAL
AST-0013,2026-08-01 07:15:38.403936,7.27,1.45,101.85,80.67,75.78,2026-08-01,7,5,5.39,1.6979999999999995,1.88,-0.2479999999999997,False,False,0,LOW,False,0.09017355258714066,NORMAL
AST-0013,2026-08-01 08:56:38.403936,3.12,3.57,102.36,58.12,66.45,2026-08-01,8,5,5.45,2.12,-2.33,1.4499999999999995,False,True,1,MEDIUM,False,0.13822489876951577,NORMAL
AST-0013,2026-08-01 14:41:38.403936,1.97,3.13,103.12,69.57,61.71,2026-08-01,14,5,4.802,2.3600000000000003,-2.832,0.7699999999999996,False,True,1,MEDIUM,False,0.13858006691443125,NORMAL
AST-0013,2026-08-01 15:14:38.403936,1.4,2.57,100.41,65.08,82.02,2026-08-01,15,5,3.564,2.604,-2.164,-0.0339999999999998,False,False,0,LOW,False,0.12254923836355563,NORMAL
AST-0013,2026-08-01 20:49:38.403936,4.06,1.63,101.46,55.49,66.88,2026-08-01,20,5,3.564,2.47,0.4959999999999995,-0.8399999999999999,False,True,1,MEDIUM,False,0.14792893706253196,NORMAL
AST-0013,2026-08-02 00:40:38.403936,4.55,2.54,102.66,56.43,72.67,2026-08-02,0,6,3.0200000000000005,2.688,1.5299999999999994,-0.1479999999999997,False,False,0,LOW,False,0.15602888570596402,NORMAL
AST-0013,2026-08-02 01:00:38.403936,3.72,2.99,99.85,71.38,68.83,2026-08-02,1,6,3.14,2.572,0.5800000000000005,0.4180000000000001,False,False,0,LOW,False,0.15612150910706107,NORMAL
AST-0013,2026-08-02 04:13:38.403936,4.13,2.24,101.86,47.9,83.67,2026-08-02,4,6,3.572,2.394,0.5579999999999998,-0.1539999999999999,False,False,0,LOW,False,0.09313765520534745,NORMAL
AST-0013,2026-08-02 09:42:38.403936,3.01,2.45,98.15,68.72,44.93,2026-08-02,9,6,3.894,2.37,-0.8839999999999999,0.08,False,False,0,LOW,False,0.094108448743079,NORMAL
AST-0013,2026-08-02 11:48:38.403936,3.92,2.46,101.98,73.91,65.08,2026-08-02,11,6,3.866,2.536,0.0540000000000002,-0.076,False,False,0,LOW,False,0.16048860456585085,NORMAL
AST-0013,2026-08-02 12:03:38.403936,4.49,3.43,101.31,70.4,49.76,2026-08-02,12,6,3.854,2.714,0.6360000000000001,0.7160000000000002,False,True,1,MEDIUM,False,0.1480082919545792,NORMAL
AST-0013,2026-08-02 13:38:38.403936,5.07,3.11,99.53,46.22,49.25,2026-08-02,13,6,4.1240000000000006,2.7380000000000004,0.9459999999999996,0.3719999999999994,False,False,0,LOW,False,0.09278111408330808,NORMAL
AST-0013,2026-08-02 15:57:38.403936,-3.14,1.53,99.42,59.54,59.92,2026-08-02,15,6,2.6700000000000004,2.596,-5.8100000000000005,-1.066,True,True,2,HIGH,False,0.026585397384829235,NORMAL
AST-0013,2026-08-02 16:03:38.403936,6.72,1.66,101.93,66.55,71.32,2026-08-02,16,6,3.4120000000000004,2.438,3.3079999999999994,-0.7779999999999998,False,True,1,MEDIUM,False,0.14920315457690903,NORMAL
AST-0013,2026-08-02 16:48:38.403936,7.91,1.82,102.34,59.71,49.35,2026-08-02,16,6,4.21,2.31,3.7,-0.49,False,False,0,LOW,False,0.1078562088856379,NORMAL
AST-0013,2026-08-02 18:30:38.403936,4.69,1.96,102.98,58.47,56.97,2026-08-02,18,6,4.250000000000001,2.016,0.4399999999999995,-0.056,False,False,0,LOW,False,0.14636014624116112,NORMAL
AST-0013,2026-08-02 19:38:38.403936,6.07,2.62,104.1,71.21,53.88,2026-08-02,19,6,4.45,1.918,1.62,0.7020000000000002,False,True,1,MEDIUM,False,0.12579922907857116,NORMAL
AST-0013,2026-08-02 21:40:38.403936,6.8,8.6,100.09,59.11,49.17,2026-08-02,21,6,6.438,3.332,0.3620000000000001,5.268,False,True,1,MEDIUM,True,-0.016488030050781366,ANOMALOUS
AST-0013,2026-08-02 21:56:38.403936,5.27,2.53,97.36,71.55,79.59,2026-08-02,21,6,6.148000000000001,3.506,-0.878000000000001,-0.9760000000000004,False,True,1,MEDIUM,False,0.10057895069749506,NORMAL
AST-0013,2026-08-03 04:05:38.403936,4.61,2.36,99.81,51.68,88.54,2026-08-03,4,0,5.488,3.614,-0.8780000000000001,-1.254,False,True,1,MEDIUM,False,0.10706743691036258,NORMAL
AST-0013,2026-08-03 11:26:38.403936,4.01,1.83,102.16,76.87,89.21,2026-08-03,11,0,5.351999999999999,3.588,-1.3419999999999996,-1.7579999999999996,False,True,1,MEDIUM,False,0.11139134682021679,NORMAL
AST-0013,2026-08-03 11:50:38.403936,4.16,3.07,98.5,49.8,73.12,2026-08-03,11,0,4.97,3.678,-0.8099999999999996,-0.6080000000000001,False,True,1,MEDIUM,False,0.10937652411639132,NORMAL
AST-0013,2026-08-03 12:01:38.403936,5.25,2.93,102.58,48.06,83.12,2026-08-03,12,0,4.659999999999999,2.544,0.5900000000000007,0.3860000000000005,False,False,0,LOW,False,0.10209947490893778,NORMAL
AST-0013,2026-08-03 13:28:38.403936,5.69,3.06,103.62,60.43,40.61,2026-08-03,13,0,4.744000000000001,2.65,0.9459999999999996,0.4100000000000001,False,False,0,LOW,False,0.1064384722104989,NORMAL
AST-0013,2026-08-03 15:11:38.403936,2.38,3.92,103.71,60.05,50.83,2026-08-03,15,0,4.298,2.962,-1.918,0.9579999999999996,False,True,1,MEDIUM,False,0.09129248105553073,NORMAL
AST-0013,2026-08-03 16:09:38.403936,20.25,2.32,98.49,69.02,88.78,2026-08-03,16,0,7.546000000000001,3.06,12.704,-0.7400000000000002,True,True,2,HIGH,True,-0.056195711176282304,ANOMALOUS
AST-0013,2026-08-03 17:05:38.403936,5.21,2.97,96.0,78.66,51.72,2026-08-03,17,0,7.7559999999999985,3.04,-2.5459999999999985,-0.0699999999999998,False,False,0,LOW,False,0.02554634690228852,NORMAL
AST-0013,2026-08-03 22:13:38.403936,-4.54,2.17,100.25,66.52,50.2,2026-08-03,22,0,5.797999999999999,2.888,-10.338,-0.718,True,True,2,HIGH,False,0.01655288551701284,NORMAL
AST-0013,2026-08-04 03:46:38.403936,1.45,5.59,102.23,72.8,70.74,2026-08-04,3,1,4.95,3.394,-3.5,2.196,False,True,1,MEDIUM,False,0.043024944581256,NORMAL
AST-0013,2026-08-04 06:58:38.403936,-1.74,1.56,102.28,76.82,73.66,2026-08-04,6,1,4.126,2.922,-5.866,-1.362,True,True,2,HIGH,False,0.045615297390598164,NORMAL
AST-0013,2026-08-04 15:39:38.403936,5.07,3.05,101.83,71.58,63.75,2026-08-04,15,1,1.09,3.068,3.98,-0.0180000000000002,False,False,0,LOW,False,0.16537795597945215,NORMAL
AST-0013,2026-08-04 17:10:38.403936,3.66,3.3,102.36,57.32,65.88,2026-08-04,17,1,0.78,3.134,2.88,0.1659999999999999,False,False,0,LOW,False,0.15222998770482316,NORMAL
AST-0013,2026-08-04 19:16:38.403936,4.54,2.76,103.3,80.6,29.87,2026-08-04,19,1,2.596,3.252,1.944,-0.492,False,False,0,LOW,False,0.03851683568873998,NORMAL
AST-0013,2026-08-04 20:07:38.403936,-4.4,2.1,103.63,77.92,39.87,2026-08-04,20,1,1.426,2.554,-5.8260000000000005,-0.4539999999999997,True,False,1,MEDIUM,True,-0.04100302862212313,ANOMALOUS
AST-0013,2026-08-04 20:33:38.403936,6.86,2.87,98.31,55.82,88.81,2026-08-04,20,1,3.146,2.816,3.714,0.0540000000000002,False,False,0,LOW,False,0.07969091397946187,NORMAL
AST-0013,2026-08-05 00:54:38.403936,5.8,2.22,101.47,79.09,65.35,2026-08-05,0,2,3.2920000000000003,2.65,2.508,-0.4299999999999997,False,False,0,LOW,False,0.13712245531745593,NORMAL
AST-0013,2026-08-05 03:32:38.403936,4.69,2.47,102.0,77.14,69.25,2026-08-05,3,2,3.498,2.484,1.1920000000000002,-0.0139999999999997,False,False,0,LOW,False,0.15143965911086898,NORMAL
AST-0013,2026-08-05 04:03:38.403936,3.93,2.34,100.14,54.85,53.31,2026-08-05,4,2,3.376,2.4,0.5540000000000003,-0.06,False,False,0,LOW,False,0.14437326339595047,NORMAL
AST-0013,2026-08-05 06:11:38.403936,3.46,3.32,102.99,68.16,52.93,2026-08-05,6,2,4.948,2.644,-1.4880000000000004,0.6759999999999997,False,True,1,MEDIUM,False,0.14839955972511004,NORMAL
AST-0013,2026-08-05 09:31:38.403936,3.57,2.67,103.96,61.61,79.88,2026-08-05,9,2,4.29,2.604,-0.7200000000000002,0.0659999999999998,False,False,0,LOW,False,0.13165177696463992,NORMAL
AST-0013,2026-08-05 19:27:38.403936,6.69,2.31,102.9,68.64,65.13,2026-08-05,19,2,4.468,2.622,2.2220000000000004,-0.3119999999999998,False,False,0,LOW,False,0.15187744583861434,NORMAL
AST-0013,2026-08-05 23:42:38.403936,5.03,2.89,102.57,76.1,72.38,2026-08-05,23,2,4.536,2.706,0.4940000000000006,0.1840000000000001,False,False,0,LOW,False,0.14938824051360577,NORMAL
AST-0013,2026-08-06 02:02:38.403936,3.35,1.6,100.31,72.17,30.94,2026-08-06,2,3,4.42,2.558,-1.0699999999999998,-0.9579999999999996,False,True,1,MEDIUM,False,0.0717802377798139,NORMAL
AST-0013,2026-08-06 05:36:38.403936,4.5,2.97,101.78,69.8,57.22,2026-08-06,5,3,4.628,2.488,-0.1280000000000001,0.4820000000000002,False,False,0,LOW,False,0.16603828374473795,NORMAL
AST-0013,2026-08-06 06:24:38.403936,4.05,1.7,102.02,59.62,76.8,2026-08-06,6,3,4.723999999999999,2.294,-0.6739999999999995,-0.5940000000000001,False,True,1,MEDIUM,False,0.14524975769254617,NORMAL
AST-0013,2026-08-06 09:07:38.403936,3.34,1.48,99.51,51.63,89.06,2026-08-06,9,3,4.054,2.128,-0.7140000000000004,-0.6479999999999997,False,True,1,MEDIUM,False,0.07556038510052931,NORMAL
AST-0013,2026-08-06 12:33:38.403936,5.36,2.9,101.4,65.07,53.11,2026-08-06,12,3,4.12,2.13,1.2400000000000002,0.77,False,True,1,MEDIUM,False,0.1654416082676632,NORMAL
AST-0013,2026-08-06 13:59:38.403936,4.61,2.31,103.22,55.14,51.07,2026-08-06,13,3,4.372,2.272,0.2380000000000004,0.0379999999999998,False,False,0,LOW,False,0.13744603201367905,NORMAL
AST-0013,2026-08-06 15:43:38.403936,8.05,2.2,98.72,60.93,65.25,2026-08-06,15,3,5.082,2.118,2.968000000000001,0.0820000000000003,False,False,0,LOW,False,0.11012794982875851,NORMAL
AST-0013,2026-08-06 15:57:38.403936,15.22,1.19,100.78,77.11,55.9,2026-08-06,15,3,7.316000000000001,2.016,7.904,-0.8259999999999996,True,True,2,HIGH,True,-0.023267566280571694,ANOMALOUS
AST-0013,2026-08-06 20:51:38.403936,19.29,2.53,101.9,58.51,48.24,2026-08-06,20,3,10.506,2.226,8.783999999999999,0.3039999999999998,True,False,1,MEDIUM,True,-0.009929494530136251,ANOMALOUS
AST-0013,2026-08-07 06:14:38.403936,5.29,2.57,100.31,55.47,71.53,2026-08-07,6,4,10.492,2.16,-5.202000000000001,0.4099999999999997,True,False,1,MEDIUM,False,0.15243388484956588,NORMAL
AST-0013,2026-08-07 19:18:38.403936,1.27,2.2,103.26,61.13,96.28,2026-08-07,19,4,9.824000000000002,2.138,-8.554000000000002,0.0620000000000002,True,False,1,MEDIUM,False,0.05470044946983538,NORMAL
AST-0013,2026-08-07 22:37:38.403936,-2.05,1.6,103.84,49.4,100.0,2026-08-07,22,4,7.804,2.018,-9.854,-0.4179999999999997,True,False,1,MEDIUM,True,-0.05363852057232288,ANOMALOUS
AST-0013,2026-08-07 22:56:38.403936,14.2,1.31,101.75,79.26,88.99,2026-08-07,22,4,7.6,2.042,6.6,-0.7319999999999998,True,True,2,HIGH,True,-0.029712577538206664,ANOMALOUS
AST-0013,2026-08-07 23:26:38.403936,7.26,3.78,99.55,65.73,95.79,2026-08-07,23,4,5.194,2.292,2.066,1.488,False,True,1,MEDIUM,False,0.06299615130186048,NORMAL
AST-0013,2026-08-08 00:03:38.403936,2.51,1.16,101.8,53.26,40.73,2026-08-08,0,5,4.638,2.01,-2.128,-0.8500000000000003,False,True,1,MEDIUM,False,0.08102961517404006,NORMAL
AST-0013,2026-08-08 04:10:38.403936,4.83,1.54,103.47,67.1,68.57,2026-08-08,4,5,5.35,1.878,-0.5199999999999996,-0.3380000000000001,False,False,0,LOW,False,0.14384254536750407,NORMAL
AST-0013,2026-08-08 06:08:38.403936,4.05,3.63,104.67,44.8,84.64,2026-08-08,6,5,6.569999999999999,2.284,-2.5199999999999987,1.346,False,True,1,MEDIUM,False,0.028769514560563536,NORMAL
AST-0013,2026-08-08 08:32:38.403936,5.69,2.64,100.25,72.61,37.89,2026-08-08,8,5,4.868,2.55,0.8220000000000001,0.0900000000000003,False,False,0,LOW,False,0.11098311136361805,NORMAL
AST-0013,2026-08-08 08:51:38.403936,7.95,2.11,100.04,53.33,85.53,2026-08-08,8,5,5.006,2.216,2.944,-0.1060000000000003,False,False,0,LOW,False,0.08743493849920636,NORMAL
AST-0013,2026-08-08 09:02:38.403936,7.17,2.07,102.85,68.06,88.33,2026-08-08,9,5,5.938000000000001,2.398,1.231999999999999,-0.3280000000000003,False,False,0,LOW,False,0.11708795369935193,NORMAL
AST-0013,2026-08-08 09:43:38.403936,4.72,2.02,102.56,56.15,51.09,2026-08-08,9,5,5.916,2.494,-1.1959999999999995,-0.4739999999999997,False,False,0,LOW,False,0.1452276728883869,NORMAL
AST-0013,2026-08-08 12:09:38.403936,16.88,3.87,101.1,69.83,79.05,2026-08-08,12,5,8.482,2.5420000000000003,8.398,1.3279999999999998,True,True,2,HIGH,True,-0.024241261853512164,ANOMALOUS
AST-0013,2026-08-08 17:58:38.403936,4.0,3.27,102.22,53.21,68.1,2026-08-08,17,5,8.144,2.668,-4.144,0.6019999999999999,False,True,1,MEDIUM,False,0.14834535699756635,NORMAL
AST-0013,2026-08-08 19:18:38.403936,2.51,2.27,96.25,61.99,76.57,2026-08-08,19,5,7.056,2.7,-4.546,-0.4300000000000001,False,False,0,LOW,False,0.059805170009466446,NORMAL
AST-0013,2026-08-09 00:06:38.403936,10.49,2.0,102.03,72.71,47.93,2026-08-09,0,6,7.720000000000001,2.686,2.77,-0.6859999999999999,False,True,1,MEDIUM,False,0.07161104370960436,NORMAL
AST-0013,2026-08-09 00:40:38.403936,6.65,2.66,103.88,84.02,44.61,2026-08-09,0,6,8.106,2.814,-1.4559999999999995,-0.1539999999999999,False,False,0,LOW,False,0.033429265657185625,NORMAL
AST-0013,2026-08-09 01:29:38.403936,4.02,1.08,99.42,69.77,95.89,2026-08-09,1,6,5.534000000000001,2.256,-1.5140000000000011,-1.1759999999999995,False,True,1,MEDIUM,False,0.0625246692605162,NORMAL
AST-0013,2026-08-09 01:30:38.403936,4.02,1.27,103.23,74.08,77.79,2026-08-09,1,6,5.537999999999999,1.856,-1.5179999999999998,-0.5859999999999999,False,True,1,MEDIUM,False,0.11391383329146326,NORMAL
AST-0013,2026-08-09 01:40:38.403936,4.38,2.21,101.67,71.32,48.72,2026-08-09,1,6,5.912000000000001,1.844,-1.532000000000001,0.3659999999999999,False,False,0,LOW,False,0.1533857967354721,NORMAL
AST-0013,2026-08-09 02:54:38.403936,5.43,1.65,101.02,66.2,74.26,2026-08-09,2,6,4.9,1.7740000000000002,0.5299999999999994,-0.1240000000000003,False,False,0,LOW,False,0.1587465227329889,NORMAL
AST-0013,2026-08-09 04:29:38.403936,3.66,1.69,101.93,55.92,39.58,2026-08-09,4,6,4.3020000000000005,1.58,-0.6420000000000003,0.1099999999999998,False,False,0,LOW,False,0.11250059174787935,NORMAL
AST-0013,2026-08-09 04:57:38.403936,3.04,2.91,100.01,76.2,56.39,2026-08-09,4,6,4.106,1.946,-1.0659999999999998,0.964,False,True,1,MEDIUM,False,0.12401089557504313,NORMAL
AST-0013,2026-08-09 10:19:38.403936,4.65,2.08,100.17,73.11,53.23,2026-08-09,10,6,4.231999999999999,2.108,0.418000000000001,-0.028,False,False,0,LOW,False,0.14913123119297,NORMAL
AST-0013,2026-08-09 11:18:38.403936,6.56,3.93,100.5,68.78,66.47,2026-08-09,11,6,4.668,2.452,1.8919999999999997,1.4780000000000002,False,True,1,MEDIUM,False,0.13489032051582966,NORMAL
AST-0013,2026-08-09 12:56:38.403936,4.53,1.72,103.91,71.65,55.05,2026-08-09,12,6,4.488,2.466,0.0420000000000007,-0.7460000000000002,False,True,1,MEDIUM,False,0.12507496611069296,NORMAL
AST-0013,2026-08-09 13:18:38.403936,5.84,2.34,100.72,69.44,79.68,2026-08-09,13,6,4.924,2.596,0.9160000000000004,-0.2560000000000002,False,False,0,LOW,False,0.156993613783392,NORMAL
AST-0013,2026-08-09 16:01:38.403936,3.02,2.41,102.17,66.64,51.63,2026-08-09,16,6,4.92,2.496,-1.9,-0.0859999999999998,False,False,0,LOW,False,0.1521673480037249,NORMAL
AST-0013,2026-08-09 19:06:38.403936,4.96,2.45,103.74,45.49,67.58,2026-08-09,19,6,4.982000000000001,2.57,-0.0220000000000011,-0.1199999999999996,False,False,0,LOW,False,0.09200811116936042,NORMAL
AST-0013,2026-08-10 03:03:38.403936,4.63,7.85,101.13,64.7,64.4,2026-08-10,3,0,4.596,3.354,0.0339999999999998,4.496,False,True,1,MEDIUM,False,0.026723009908919848,NORMAL
AST-0013,2026-08-10 03:12:38.403936,2.66,2.27,101.06,59.86,81.2,2026-08-10,3,0,4.222,3.464,-1.5620000000000005,-1.194,False,True,1,MEDIUM,False,0.13970417570654675,NORMAL
AST-0013,2026-08-10 03:29:38.403936,5.64,2.72,101.51,64.37,51.43,2026-08-10,3,0,4.182,3.54,1.4579999999999993,-0.8199999999999998,False,True,1,MEDIUM,False,0.16118728880258432,NORMAL
AST-0013,2026-08-10 03:37:38.403936,2.99,0.88,101.93,57.06,84.71,2026-08-10,3,0,4.176,3.2339999999999995,-1.186,-2.354,False,True,1,MEDIUM,False,0.08365973721804815,NORMAL
AST-0013,2026-08-10 04:26:38.403936,4.34,4.98,100.78,70.1,53.31,2026-08-10,4,0,4.052,3.74,0.2880000000000002,1.2400000000000009,False,True,1,MEDIUM,False,0.10104069266843618,NORMAL
AST-0013,2026-08-10 05:29:38.403936,5.46,0.46,99.62,70.56,59.44,2026-08-10,5,0,4.218,2.262,1.242,-1.802,False,True,1,MEDIUM,False,0.1002969575844137,NORMAL
AST-0013,2026-08-10 05:34:38.403936,4.54,1.37,100.3,72.11,43.92,2026-08-10,5,0,4.593999999999999,2.082,-0.0539999999999993,-0.7119999999999997,False,True,1,MEDIUM,False,0.1075613238864887,NORMAL
AST-0013,2026-08-10 07:07:38.403936,5.81,2.54,102.26,72.16,55.92,2026-08-10,7,0,4.628,2.0460000000000003,1.1819999999999995,0.4939999999999998,False,False,0,LOW,False,0.15146178613434413,NORMAL
AST-0013,2026-08-10 16:15:38.403936,5.89,7.68,101.47,59.67,50.25,2026-08-10,16,0,5.208,3.406,0.6819999999999995,4.273999999999999,False,True,1,MEDIUM,False,0.01526577949190322,NORMAL
AST-0013,2026-08-10 22:18:38.403936,3.75,2.08,104.08,61.15,71.89,2026-08-10,22,0,5.090000000000001,2.826,-1.3400000000000007,-0.7459999999999996,False,True,1,MEDIUM,False,0.135776874970244,NORMAL
AST-0013,2026-08-11 04:44:38.403936,4.42,2.73,102.34,71.45,75.0,2026-08-11,4,1,4.882,3.28,-0.4619999999999997,-0.5499999999999998,False,True,1,MEDIUM,False,0.16555422543772746,NORMAL
AST-0013,2026-08-11 07:17:38.403936,5.98,1.7,101.69,68.83,57.8,2026-08-11,7,1,5.17,3.346,0.8100000000000005,-1.646,False,True,1,MEDIUM,False,0.14993269081079624,NORMAL
AST-0013,2026-08-11 07:38:38.403936,3.98,2.44,100.56,73.07,85.15,2026-08-11,7,1,4.804,3.326,-0.8240000000000003,-0.8859999999999997,False,True,1,MEDIUM,False,0.13982237068630704,NORMAL
AST-0013,2026-08-11 10:08:38.403936,4.52,1.72,102.59,65.19,23.23,2026-08-11,10,1,4.53,2.134,-0.0100000000000006,-0.4139999999999999,False,False,0,LOW,False,0.06275974470088108,NORMAL
AST-0013,2026-08-11 10:20:38.403936,3.51,2.98,99.58,58.95,27.43,2026-08-11,10,1,4.481999999999999,2.314,-0.9719999999999996,0.6659999999999999,False,True,1,MEDIUM,False,0.07716936653250539,NORMAL
AST-0013,2026-08-11 10:25:38.403936,0.65,1.36,102.13,44.56,55.45,2026-08-11,10,1,3.728,2.04,-3.0780000000000003,-0.6799999999999999,False,True,1,MEDIUM,False,0.03359642422613274,NORMAL
AST-0013,2026-08-11 13:41:38.403936,3.58,2.19,99.24,56.11,72.82,2026-08-11,13,1,3.248,2.1380000000000003,0.3320000000000003,0.0519999999999996,False,False,0,LOW,False,0.14253637654220525,NORMAL
AST-0013,2026-08-11 20:39:38.403936,2.33,1.76,99.29,67.07,66.25,2026-08-11,20,1,2.918,2.002,-0.5880000000000001,-0.2419999999999997,False,False,0,LOW,False,0.13374927738365155,NORMAL
AST-0013,2026-08-12 04:18:38.403936,5.79,6.71,104.44,75.99,98.87,2026-08-12,4,2,3.172,3.0,2.6180000000000003,3.71,False,True,1,MEDIUM,True,-0.059235709469188436,ANOMALOUS
AST-0013,2026-08-12 04:59:38.403936,5.81,0.59,100.81,53.98,67.59,2026-08-12,4,2,3.632,2.522,2.1779999999999995,-1.932,False,True,1,MEDIUM,False,0.0928786390332264,NORMAL
AST-0013,2026-08-12 05:15:38.403936,4.17,2.99,102.82,59.69,54.64,2026-08-12,5,2,4.336,2.848,-0.1660000000000003,0.1420000000000003,False,False,0,LOW,False,0.15384147121485098,NORMAL
AST-0013,2026-08-12 05:51:38.403936,3.87,1.67,102.47,63.56,39.53,2026-08-12,5,2,4.394,2.744,-0.524,-1.0740000000000005,False,True,1,MEDIUM,False,0.12473486622028296,NORMAL
AST-0013,2026-08-12 16:59:38.403936,4.01,1.27,104.11,78.71,52.9,2026-08-12,16,2,4.73,2.646,-0.7199999999999998,-1.376,False,True,1,MEDIUM,False,0.07174180736403796,NORMAL
AST-0013,2026-08-12 17:15:38.403936,6.44,1.9,103.93,67.1,62.11,2026-08-12,17,2,4.86,1.684,1.58,0.2159999999999999,False,False,0,LOW,False,0.1284305308109135,NORMAL
AST-0013,2026-08-12 19:19:38.403936,3.47,3.13,97.36,73.93,43.2,2026-08-12,19,2,4.392,2.192,-0.9220000000000002,0.9379999999999996,False,True,1,MEDIUM,False,0.06209042563423134,NORMAL
AST-0013,2026-08-12 23:03:38.403936,5.58,1.6,100.25,69.89,43.0,2026-08-12,23,2,4.674,1.914,0.9059999999999996,-0.314,False,False,0,LOW,False,0.12498381420723947,NORMAL
AST-0013,2026-08-13 01:14:38.403936,4.44,3.48,103.55,60.72,41.9,2026-08-13,1,3,4.788,2.276,-0.3479999999999998,1.2040000000000002,False,True,1,MEDIUM,False,0.10316795901853038,NORMAL
AST-0013,2026-08-13 02:45:38.403936,2.16,1.59,100.78,84.25,59.45,2026-08-13,2,3,4.418,2.3400000000000003,-2.258,-0.7500000000000002,False,True,1,MEDIUM,False,0.06650910204519467,NORMAL
AST-0013,2026-08-13 11:03:38.403936,4.33,1.3,100.9,52.51,68.72,2026-08-13,11,3,3.996,2.22,0.3340000000000001,-0.9199999999999996,False,True,1,MEDIUM,False,0.11959072957546446,NORMAL
AST-0013,2026-08-13 13:10:38.403936,7.5,2.54,103.58,67.93,75.54,2026-08-13,13,3,4.802,2.102,2.6980000000000004,0.4380000000000001,False,False,0,LOW,False,0.12353239366908209,NORMAL
AST-0013,2026-08-13 16:27:38.403936,8.27,3.45,101.3,56.72,61.85,2026-08-13,16,3,5.34,2.4720000000000004,2.93,0.9779999999999998,False,True,1,MEDIUM,False,0.11226747380388347,NORMAL
AST-0013,2026-08-13 16:44:38.403936,6.4,1.39,99.67,63.94,66.77,2026-08-13,16,3,5.731999999999999,2.054,0.668000000000001,-0.6639999999999999,False,True,1,MEDIUM,False,0.1386856825442785,NORMAL
AST-0013,2026-08-13 23:03:38.403936,6.21,2.86,100.66,70.15,58.52,2026-08-13,23,3,6.542,2.308,-0.3319999999999998,0.552,False,True,1,MEDIUM,False,0.16032577233985085,NORMAL
AST-0013,2026-08-13 23:39:38.403936,1.89,1.82,100.84,64.77,52.94,2026-08-13,23,3,6.054,2.412,-4.164000000000001,-0.5919999999999999,False,True,1,MEDIUM,False,0.13558423957502985,NORMAL
AST-0013,2026-08-14 00:40:38.403936,4.46,3.0,104.63,67.64,54.94,2026-08-14,0,4,5.446,2.504,-0.9859999999999998,0.496,False,False,0,LOW,False,0.13162264787125894,NORMAL
AST-0013,2026-08-14 05:29:38.403936,5.26,2.47,100.3,76.06,42.5,2026-08-14,5,4,4.843999999999999,2.308,0.4160000000000003,0.1620000000000003,False,False,0,LOW,False,0.1148971114809279,NORMAL
AST-0013,2026-08-14 11:25:38.403936,5.71,3.49,98.25,59.03,79.76,2026-08-14,11,4,4.706,2.728,1.0039999999999996,0.762,False,True,1,MEDIUM,False,0.11263792445592985,NORMAL
AST-0013,2026-08-14 16:09:38.403936,5.04,1.59,101.52,64.67,61.25,2026-08-14,16,4,4.472,2.474,0.5680000000000005,-0.8840000000000001,False,True,1,MEDIUM,False,0.15933713582461012,NORMAL
AST-0013,2026-08-14 16:24:38.403936,6.13,2.07,102.92,68.67,98.09,2026-08-14,16,4,5.32,2.524,0.8099999999999996,-0.4540000000000002,False,False,0,LOW,False,0.08603395966775329,NORMAL
AST-0013,2026-08-14 17:43:38.403936,-0.49,4.15,103.72,75.24,75.67,2026-08-14,17,4,4.33,2.7540000000000004,-4.82,1.396,False,True,1,MEDIUM,False,0.025632945275103847,NORMAL
AST-0013,2026-08-14 20:13:38.403936,6.39,2.58,99.69,64.42,50.51,2026-08-14,20,4,4.556,2.776,1.834,-0.1960000000000001,False,False,0,LOW,False,0.145457075159599,NORMAL
AST-0013,2026-08-14 23:16:38.403936,1.87,2.86,99.53,58.75,45.18,2026-08-14,23,4,3.788,2.65,-1.9179999999999997,0.2099999999999999,False,False,0,LOW,False,0.10396571941107335,NORMAL
AST-0013,2026-08-15 03:32:38.403936,4.63,3.23,100.93,52.91,66.02,2026-08-15,3,5,3.706,2.978,0.9239999999999996,0.2519999999999998,False,False,0,LOW,False,0.14924980757299244,NORMAL
AST-0013,2026-08-15 04:19:38.403936,3.79,1.83,99.11,92.68,60.47,2026-08-15,4,5,3.2379999999999995,2.93,0.5520000000000005,-1.1,False,True,1,MEDIUM,False,0.021268633938337,NORMAL
AST-0013,2026-08-15 07:17:38.403936,3.93,5.03,103.11,69.13,60.8,2026-08-15,7,5,4.122,3.1060000000000003,-0.1919999999999997,1.924,False,True,1,MEDIUM,False,0.09160723729919468,NORMAL
AST-0013,2026-08-15 09:41:38.403936,2.22,2.9,102.55,52.6,37.95,2026-08-15,9,5,3.2880000000000003,3.17,-1.068,-0.27,False,False,0,LOW,False,0.08193468114112185,NORMAL
AST-0013,2026-08-15 14:13:38.403936,3.09,2.97,100.27,72.11,70.39,2026-08-15,14,5,3.532,3.192,-0.4420000000000001,-0.2219999999999999,False,False,0,LOW,False,0.14958753347079184,NORMAL
AST-0013,2026-08-15 19:19:38.403936,4.94,2.87,101.69,68.11,95.6,2026-08-15,19,5,3.5940000000000003,3.12,1.346,-0.25,False,False,0,LOW,False,0.11539745462264595,NORMAL
AST-0013,2026-08-15 22:06:38.403936,5.85,1.94,101.98,52.23,81.4,2026-08-15,22,5,4.006,3.1420000000000003,1.8439999999999996,-1.2020000000000004,False,True,1,MEDIUM,False,0.12138486126012138,NORMAL
AST-0013,2026-08-16 01:39:38.403936,5.69,2.11,97.58,74.91,48.15,2026-08-16,1,6,4.358,2.558,1.3320000000000007,-0.4479999999999999,False,False,0,LOW,False,0.07616610546190272,NORMAL
AST-0013,2026-08-16 02:52:38.403936,2.73,2.32,102.52,49.45,68.62,2026-08-16,2,6,4.46,2.442,-1.73,-0.1220000000000003,False,False,0,LOW,False,0.1230757230442458,NORMAL
AST-0013,2026-08-16 10:14:38.403936,4.8,2.85,102.34,60.49,100.0,2026-08-16,10,6,4.8020000000000005,2.418,-0.0020000000000006,0.4319999999999999,False,False,0,LOW,False,0.08070935302837212,NORMAL
AST-0013,2026-08-16 11:49:38.403936,6.57,1.97,103.05,93.4,71.41,2026-08-16,11,6,5.128,2.238,1.4420000000000002,-0.268,False,False,0,LOW,False,0.022440442982861075,NORMAL
AST-0013,2026-08-16 13:39:38.403936,1.31,2.75,101.6,70.18,52.89,2026-08-16,13,6,4.22,2.4,-2.91,0.3500000000000001,False,False,0,LOW,False,0.12482844856457453,NORMAL
AST-0013,2026-08-16 23:50:38.403936,2.42,2.33,101.1,52.68,71.61,2026-08-16,23,6,3.566,2.444,-1.146,-0.1139999999999998,False,False,0,LOW,False,0.13114334577750902,NORMAL
AST-0013,2026-08-17 02:13:38.403936,5.04,2.09,101.66,73.92,42.91,2026-08-17,2,0,4.0280000000000005,2.398,1.0119999999999996,-0.3079999999999998,False,False,0,LOW,False,0.1289265162083103,NORMAL
AST-0013,2026-08-17 03:35:38.403936,5.9,2.35,101.14,61.26,62.08,2026-08-17,3,0,4.248,2.298,1.652,0.052,False,False,0,LOW,False,0.16532942005302326,NORMAL
AST-0013,2026-08-17 06:13:38.403936,5.64,1.88,100.83,60.15,66.47,2026-08-17,6,0,4.061999999999999,2.28,1.5780000000000003,-0.3999999999999999,False,False,0,LOW,False,0.15680230828563496,NORMAL
AST-0013,2026-08-17 09:51:38.403936,7.59,2.08,100.93,53.87,82.07,2026-08-17,9,0,5.318,2.146,2.272,-0.0659999999999998,False,False,0,LOW,False,0.10914928421627512,NORMAL
AST-0013,2026-08-17 11:29:38.403936,3.23,1.11,103.58,74.71,42.08,2026-08-17,11,0,5.48,1.902,-2.25,-0.7919999999999998,False,True,1,MEDIUM,False,0.06459937121154402,NORMAL
AST-0013,2026-08-17 16:21:38.403936,5.88,2.48,98.74,50.0,64.62,2026-08-17,16,0,5.648000000000001,1.98,0.2319999999999993,0.5,False,False,0,LOW,False,0.10691847669877053,NORMAL
AST-0013,2026-08-17 16:27:38.403936,5.01,2.17,102.57,87.71,68.27,2026-08-17,16,0,5.470000000000001,1.944,-0.4600000000000008,0.2259999999999997,False,False,0,LOW,False,0.07133715209507197,NORMAL
AST-0013,2026-08-17 23:16:38.403936,3.94,0.16,100.12,64.18,75.15,2026-08-17,23,0,5.130000000000001,1.6,-1.1900000000000008,-1.4400000000000002,False,True,1,MEDIUM,False,0.10181759989580919,NORMAL
AST-0013,2026-08-18 06:51:38.403936,6.77,2.81,100.55,60.0,61.94,2026-08-18,6,1,4.965999999999999,1.746,1.8040000000000005,1.064,False,True,1,MEDIUM,False,0.1490839674340368,NORMAL
AST-0013,2026-08-18 10:00:38.403936,4.9,3.52,102.76,67.89,35.21,2026-08-18,10,1,5.3,2.228,-0.3999999999999994,1.2919999999999998,False,True,1,MEDIUM,False,0.09437803128081734,NORMAL
AST-0013,2026-08-18 14:58:38.403936,4.61,3.8,98.54,47.97,64.0,2026-08-18,14,1,5.045999999999999,2.492,-0.435999999999999,1.3079999999999998,False,True,1,MEDIUM,False,0.07570843662394483,NORMAL
AST-0013,2026-08-18 17:59:38.403936,4.92,2.99,101.67,60.54,68.49,2026-08-18,17,1,5.0280000000000005,2.656,-0.1080000000000005,0.3340000000000001,False,False,0,LOW,False,0.1657663450518701,NORMAL
AST-0013,2026-08-18 23:25:38.403936,4.06,1.63,102.28,70.04,59.33,2026-08-18,23,1,5.052,2.95,-0.992,-1.3200000000000005,False,True,1,MEDIUM,False,0.1548662253166918,NORMAL
AST-0013,2026-08-19 09:37:38.403936,3.58,2.45,103.67,68.42,63.92,2026-08-19,9,2,4.414,2.878,-0.8339999999999996,-0.4279999999999999,False,False,0,LOW,False,0.15159605515746188,NORMAL
AST-0013,2026-08-19 09:47:38.403936,3.65,3.07,103.0,60.29,88.39,2026-08-19,9,2,4.164,2.788,-0.5139999999999998,0.282,False,False,0,LOW,False,0.12920962647849077,NORMAL
AST-0013,2026-08-19 10:56:38.403936,3.04,1.96,97.14,78.53,24.86,2026-08-19,10,2,3.85,2.4200000000000004,-0.81,-0.4600000000000004,False,False,0,LOW,True,-0.02611760400819685,ANOMALOUS
AST-0013,2026-08-19 10:57:38.403936,16.29,3.92,99.03,65.8,100.0,2026-08-19,10,2,6.124,2.606,10.166,1.314,True,True,2,HIGH,True,-0.06835427324917454,ANOMALOUS
AST-0013,2026-08-19 10:58:38.403936,2.02,3.16,101.45,52.1,41.69,2026-08-19,10,2,5.715999999999999,2.912,-3.6959999999999993,0.2480000000000002,False,False,0,LOW,False,0.08650546092038314,NORMAL
AST-0013,2026-08-19 18:41:38.403936,3.01,2.0,102.88,75.28,42.12,2026-08-19,18,2,5.602,2.822,-2.5920000000000005,-0.8220000000000001,False,True,1,MEDIUM,False,0.0981994747399566,NORMAL
AST-0013,2026-08-19 21:04:38.403936,3.55,2.61,100.65,70.02,35.8,2026-08-19,21,2,5.581999999999999,2.73,-2.031999999999999,-0.1200000000000001,False,False,0,LOW,False,0.1144978744073884,NORMAL
AST-0013,2026-08-20 00:40:38.403936,4.51,3.41,103.37,73.51,59.29,2026-08-20,0,3,5.876,3.02,-1.3659999999999997,0.3900000000000001,False,False,0,LOW,False,0.14085579286918176,NORMAL
AST-0013,2026-08-20 03:57:38.403936,4.25,2.54,97.77,63.65,58.21,2026-08-20,3,3,3.468,2.744,0.782,-0.2039999999999997,False,False,0,LOW,False,0.12229126349831104,NORMAL
AST-0013,2026-08-20 04:29:38.403936,6.34,1.24,99.44,42.14,50.91,2026-08-20,4,3,4.332,2.36,2.008,-1.12,False,True,1,MEDIUM,False,0.039681894886600344,NORMAL
AST-0013,2026-08-20 05:58:38.403936,3.54,3.03,103.35,71.0,94.14,2026-08-20,5,3,4.438,2.566,-0.8979999999999997,0.4639999999999999,False,False,0,LOW,False,0.09543098268115852,NORMAL
AST-0013,2026-08-20 16:59:38.403936,5.41,2.88,102.36,54.27,67.08,2026-08-20,16,3,4.8100000000000005,2.62,0.5999999999999996,0.2599999999999998,False,False,0,LOW,False,0.15287164879200693,NORMAL
AST-0013,2026-08-20 20:28:38.403936,5.95,2.26,97.84,84.53,63.9,2026-08-20,20,3,5.098000000000001,2.39,0.8519999999999994,-0.1299999999999999,False,False,0,LOW,False,0.053656110577013916,NORMAL
AST-0013,2026-08-20 21:43:38.403936,2.34,2.12,102.45,41.58,93.67,2026-08-20,21,3,4.715999999999999,2.306,-2.3759999999999994,-0.1859999999999999,False,False,0,LOW,False,0.0076567486935338325,NORMAL
AST-0013,2026-08-21 02:11:38.403936,4.66,3.51,99.61,70.43,68.6,2026-08-21,2,4,4.38,2.76,0.2800000000000002,0.7499999999999996,False,True,1,MEDIUM,False,0.14542971180399544,NORMAL
AST-0013,2026-08-21 03:06:38.403936,6.71,2.64,99.71,57.89,75.71,2026-08-21,3,4,5.014,2.6819999999999995,1.6959999999999995,-0.0419999999999993,False,False,0,LOW,False,0.13905392365494434,NORMAL
AST-0013,2026-08-21 04:22:38.403936,3.88,3.06,101.77,65.57,93.05,2026-08-21,4,4,4.708,2.718,-0.8280000000000003,0.3420000000000001,False,False,0,LOW,False,0.1226414595089006,NORMAL
AST-0013,2026-08-21 08:48:38.403936,4.26,2.25,104.44,54.86,86.25,2026-08-21,8,4,4.369999999999999,2.716,-0.1099999999999994,-0.4660000000000002,False,False,0,LOW,False,0.09011762106628379,NORMAL
AST-0013,2026-08-21 10:24:38.403936,4.39,3.73,99.98,59.05,73.61,2026-08-21,10,4,4.779999999999999,3.0380000000000003,-0.3899999999999997,0.6919999999999997,False,True,1,MEDIUM,False,0.14124584309148663,NORMAL
AST-0013,2026-08-21 14:28:38.403936,1.99,2.8,99.83,56.54,96.39,2026-08-21,14,4,4.246,2.896,-2.256,-0.096,False,False,0,LOW,False,0.06004609591742688,NORMAL
AST-0013,2026-08-21 17:36:38.403936,4.11,2.35,103.54,77.74,61.91,2026-08-21,17,4,3.726,2.838,0.3839999999999999,-0.488,False,False,0,LOW,False,0.12630125023909683,NORMAL
AST-0013,2026-08-21 19:39:38.403936,4.99,8.58,101.38,67.11,86.29,2026-08-21,19,4,3.948,3.942,1.0419999999999998,4.638,False,True,1,MEDIUM,True,-0.008436347940759426,ANOMALOUS
AST-0013,2026-08-21 20:13:38.403936,7.45,2.53,99.9,67.14,62.98,2026-08-21,20,4,4.586,3.998,2.864,-1.468,False,True,1,MEDIUM,False,0.14111539324234773,NORMAL
AST-0013,2026-08-21 21:14:38.403936,4.74,1.55,101.84,65.07,43.56,2026-08-21,21,4,4.656000000000001,3.562,0.0839999999999996,-2.012,False,True,1,MEDIUM,False,0.13444195183305535,NORMAL
AST-0013,2026-08-21 22:44:38.403936,5.53,2.15,99.59,58.57,77.58,2026-08-21,22,4,5.364,3.432,0.1660000000000003,-1.282,False,True,1,MEDIUM,False,0.14691669814270375,NORMAL
AST-0013,2026-08-22 02:16:38.403936,5.49,2.69,103.29,70.76,59.69,2026-08-22,2,5,5.640000000000001,3.499999999999999,-0.1500000000000003,-0.8099999999999992,False,True,1,MEDIUM,False,0.15400598274344107,NORMAL
AST-0013,2026-08-22 03:37:38.403936,4.22,3.2,98.84,67.5,48.12,2026-08-22,3,5,5.486,2.424,-1.266,0.7760000000000002,False,True,1,MEDIUM,False,0.12723470656299074,NORMAL
AST-0013,2026-08-22 05:48:38.403936,4.76,2.32,97.47,59.2,77.37,2026-08-22,5,5,4.948,2.382,-0.1880000000000006,-0.0620000000000002,False,False,0,LOW,False,0.1036771769426808,NORMAL
AST-0013,2026-08-22 14:07:38.403936,5.44,3.77,101.96,63.77,50.27,2026-08-22,14,5,5.087999999999999,2.826,0.3520000000000012,0.9440000000000004,False,True,1,MEDIUM,False,0.14172311665703718,NORMAL
AST-0013,2026-08-22 17:42:38.403936,4.22,3.04,104.49,59.55,47.02,2026-08-22,17,5,4.826,3.0040000000000004,-0.6059999999999999,0.0359999999999995,False,False,0,LOW,False,0.11507616533898063,NORMAL
AST-0013,2026-08-22 23:58:38.403936,4.97,2.25,101.93,69.39,80.0,2026-08-22,23,5,4.722,2.916,0.2480000000000002,-0.6659999999999999,False,True,1,MEDIUM,False,0.15979748930323334,NORMAL
AST-0013,2026-08-23 00:10:38.403936,5.54,1.99,100.25,60.65,61.27,2026-08-23,0,6,4.986,2.6740000000000004,0.5540000000000003,-0.6840000000000004,False,True,1,MEDIUM,False,0.15941468580248386,NORMAL
AST-0013,2026-08-23 01:11:38.403936,5.68,2.0,99.89,52.07,66.51,2026-08-23,1,6,5.17,2.6100000000000003,0.5099999999999998,-0.6100000000000003,False,True,1,MEDIUM,False,0.13079254386497896,NORMAL
AST-0013,2026-08-23 03:08:38.403936,3.9,2.84,99.65,70.87,60.16,2026-08-23,3,6,4.862,2.4240000000000004,-0.9620000000000002,0.4159999999999995,False,False,0,LOW,False,0.15599175723165654,NORMAL
AST-0013,2026-08-23 10:33:38.403936,4.72,1.74,101.46,57.2,83.84,2026-08-23,10,6,4.962,2.164,-0.242,-0.4239999999999997,False,False,0,LOW,False,0.13191055046346778,NORMAL
AST-0013,2026-08-23 17:22:38.403936,6.62,2.07,104.87,64.96,100.0,2026-08-23,17,6,5.292,2.128,1.3280000000000003,-0.0579999999999998,False,False,0,LOW,False,0.035211396911315085,NORMAL
AST-0013,2026-08-23 18:34:38.403936,4.29,2.92,104.83,64.35,45.8,2026-08-23,18,6,5.042,2.314,-0.7519999999999998,0.6060000000000003,False,True,1,MEDIUM,False,0.11345601538889977,NORMAL
AST-0013,2026-08-23 21:47:38.403936,3.55,2.17,100.22,58.63,68.13,2026-08-23,21,6,4.6160000000000005,2.348,-1.0660000000000007,-0.1779999999999999,False,False,0,LOW,False,0.1579898797563662,NORMAL
AST-0013,2026-08-23 23:45:38.403936,7.39,1.74,103.46,64.14,62.67,2026-08-23,23,6,5.314,2.128,2.076,-0.3879999999999997,False,False,0,LOW,False,0.12109900444545751,NORMAL
AST-0013,2026-08-24 01:27:38.403936,1.35,3.0,103.07,59.08,67.22,2026-08-24,1,0,4.64,2.38,-3.29,0.6200000000000001,False,True,1,MEDIUM,False,0.12129655684808693,NORMAL
AST-0013,2026-08-24 05:38:38.403936,3.86,3.09,99.01,60.34,75.75,2026-08-24,5,0,4.087999999999999,2.584,-0.2279999999999993,0.5059999999999998,False,True,1,MEDIUM,False,0.14506202602391255,NORMAL
AST-0013,2026-08-24 06:35:38.403936,3.28,4.18,101.37,51.24,89.63,2026-08-24,6,0,3.886,2.836,-0.6060000000000003,1.344,False,True,1,MEDIUM,False,0.07406328970771325,NORMAL
AST-0013,2026-08-24 08:12:38.403936,6.63,2.19,101.1,63.39,33.13,2026-08-24,8,0,4.502,2.84,2.128,-0.6499999999999999,False,True,1,MEDIUM,False,0.10341913803078362,NORMAL
AST-0013,2026-08-24 08:26:38.403936,2.92,2.24,101.72,75.1,56.98,2026-08-24,8,0,3.608,2.94,-0.6879999999999997,-0.6999999999999997,False,True,1,MEDIUM,False,0.14176718828453216,NORMAL
AST-0013,2026-08-24 12:04:38.403936,5.96,0.87,99.19,66.64,70.93,2026-08-24,12,0,4.529999999999999,2.514,1.4300000000000006,-1.644,False,True,1,MEDIUM,False,0.11376455433726623,NORMAL
AST-0013,2026-08-24 13:43:38.403936,4.44,0.62,102.22,66.17,85.82,2026-08-24,13,0,4.645999999999999,2.02,-0.2059999999999986,-1.4,False,True,1,MEDIUM,False,0.09266689365738118,NORMAL
AST-0013,2026-08-24 17:03:38.403936,3.75,3.2,100.68,47.07,64.13,2026-08-24,17,0,4.74,1.8240000000000005,-0.9900000000000002,1.376,False,True,1,MEDIUM,False,0.11903315670779935,NORMAL
AST-0013,2026-08-24 17:43:38.403936,4.69,3.1,98.63,83.48,70.56,2026-08-24,17,0,4.351999999999999,2.006,0.3380000000000009,1.094,False,True,1,MEDIUM,False,0.08654414798627069,NORMAL
AST-0013,2026-08-24 20:33:38.403936,4.62,4.37,102.0,62.86,48.81,2026-08-24,20,0,4.692,2.432,-0.072,1.938,False,True,1,MEDIUM,False,0.12374529774155446,NORMAL
AST-0013,2026-08-25 01:37:38.403936,2.59,2.4,100.0,43.06,93.79,2026-08-25,1,1,4.018,2.738,-1.428,-0.3380000000000001,False,False,0,LOW,False,0.01594494369856858,NORMAL
AST-0013,2026-08-25 02:20:38.403936,2.92,2.84,97.9,59.39,59.07,2026-08-25,2,1,3.714,3.182,-0.794,-0.3420000000000001,False,False,0,LOW,False,0.10861342255727618,NORMAL
AST-0013,2026-08-25 04:40:38.403936,1.55,2.58,105.38,67.77,64.6,2026-08-25,4,1,3.274,3.0580000000000003,-1.724,-0.4780000000000002,False,False,0,LOW,False,0.08381555210071068,NORMAL
AST-0013,2026-08-25 04:48:38.403936,5.45,2.48,101.24,65.85,61.6,2026-08-25,4,1,3.426,2.934,2.0240000000000005,-0.4539999999999997,False,False,0,LOW,False,0.17254175111224274,NORMAL
AST-0013,2026-08-25 08:19:38.403936,4.38,3.31,101.98,49.28,66.78,2026-08-25,8,1,3.378,2.722,1.0019999999999998,0.5880000000000001,False,True,1,MEDIUM,False,0.12857014662460597,NORMAL
AST-0013,2026-08-25 09:32:38.403936,3.01,1.89,99.88,66.3,45.87,2026-08-25,9,1,3.462,2.62,-0.4519999999999999,-0.7300000000000002,False,True,1,MEDIUM,False,0.13088602770910324,NORMAL
AST-0013,2026-08-25 12:33:38.403936,12.76,2.01,98.06,71.3,60.21,2026-08-25,12,1,5.43,2.454,7.33,-0.4439999999999999,True,False,1,MEDIUM,False,0.019407501993077614,NORMAL
AST-0013,2026-08-25 13:24:38.403936,4.14,2.12,97.83,68.38,67.68,2026-08-25,13,1,5.948,2.362,-1.808,-0.2419999999999995,False,False,0,LOW,False,0.12544868035492124,NORMAL
AST-0013,2026-08-25 14:27:38.403936,2.19,2.37,100.33,55.34,61.84,2026-08-25,14,1,5.296,2.34,-3.1060000000000003,0.0300000000000002,False,False,0,LOW,False,0.1370435508398466,NORMAL
AST-0013,2026-08-25 18:27:38.403936,5.6,3.24,103.65,83.34,33.11,2026-08-25,18,1,5.540000000000001,2.326,0.0599999999999987,0.914,False,True,1,MEDIUM,False,0.010195625355061244,NORMAL
AST-0013,2026-08-25 18:39:38.403936,5.92,1.95,100.9,55.1,61.21,2026-08-25,18,1,6.122,2.338,-0.2019999999999999,-0.3880000000000001,False,False,0,LOW,False,0.14690818348118806,NORMAL
AST-0013,2026-08-25 18:40:38.403936,3.64,3.19,104.89,51.7,87.74,2026-08-25,18,1,4.298,2.5740000000000003,-0.6579999999999999,0.6159999999999997,False,True,1,MEDIUM,False,0.06357282966499017,NORMAL
AST-0013,2026-08-25 18:44:38.403936,3.22,3.03,105.72,57.13,70.98,2026-08-25,18,1,4.114,2.756,-0.8939999999999997,0.274,False,False,0,LOW,False,0.08114706012188977,NORMAL
AST-0013,2026-08-25 21:28:38.403936,4.83,2.53,99.85,43.24,47.13,2026-08-25,21,1,4.642000000000001,2.788,0.1879999999999988,-0.258,False,False,0,LOW,False,0.07807802142911696,NORMAL
AST-0013,2026-08-26 05:21:38.403936,1.7,2.52,103.26,58.57,42.92,2026-08-26,5,2,3.862000000000001,2.644,-2.162000000000001,-0.1239999999999996,False,False,0,LOW,False,0.09697967599621388,NORMAL
AST-0013,2026-08-26 07:42:38.403936,4.91,2.69,101.92,45.67,60.5,2026-08-26,7,2,3.660000000000001,2.7920000000000003,1.2499999999999991,-0.1020000000000003,False,False,0,LOW,False,0.11085608087267873,NORMAL
AST-0013,2026-08-26 11:07:38.403936,6.0,2.27,102.82,62.08,63.92,2026-08-26,11,2,4.132000000000001,2.608,1.8679999999999997,-0.3379999999999996,False,False,0,LOW,False,0.15994438818177786,NORMAL
AST-0013,2026-08-26 14:51:38.403936,6.3,1.85,100.85,54.55,97.11,2026-08-26,14,2,4.748,2.372,1.5519999999999996,-0.5219999999999998,False,True,1,MEDIUM,False,0.06675143487710544,NORMAL
AST-0013,2026-08-27 06:02:38.403936,4.29,1.66,99.93,55.73,41.48,2026-08-27,6,3,4.640000000000001,2.198,-0.3500000000000005,-0.538,False,True,1,MEDIUM,False,0.11527358499317925,NORMAL
AST-0013,2026-08-27 07:04:38.403936,6.47,2.13,101.98,82.83,54.87,2026-08-27,7,3,5.594,2.12,0.8759999999999994,0.0099999999999997,False,False,0,LOW,False,0.09838313772404228,NORMAL
AST-0013,2026-08-27 11:37:38.403936,6.17,3.38,101.05,71.42,58.1,2026-08-27,11,3,5.846,2.258,0.3239999999999998,1.122,False,True,1,MEDIUM,False,0.14923977445658887,NORMAL
AST-0013,2026-08-27 21:30:38.403936,3.06,3.21,100.82,43.47,70.17,2026-08-27,21,3,5.258000000000001,2.446,-2.198000000000001,0.7639999999999998,False,True,1,MEDIUM,False,0.0903124700454997,NORMAL
AST-0013,2026-08-27 23:24:38.403936,0.55,2.81,101.11,59.85,69.38,2026-08-27,23,3,4.108,2.638,-3.558,0.1720000000000001,False,False,0,LOW,False,0.10705272417408573,NORMAL
AST-0013,2026-08-28 04:33:38.403936,4.72,2.68,101.56,70.64,56.14,2026-08-28,4,4,4.194000000000001,2.842,0.5259999999999989,-0.1619999999999999,False,False,0,LOW,False,0.1628486933323091,NORMAL
AST-0013,2026-08-28 08:22:38.403936,3.95,3.9,101.42,54.83,91.55,2026-08-28,8,4,3.69,3.196,0.2599999999999998,0.7039999999999997,False,True,1,MEDIUM,False,0.09894607551653761,NORMAL
AST-0013,2026-08-28 11:34:38.403936,1.8,0.72,100.26,61.99,53.63,2026-08-28,11,4,2.8160000000000003,2.664,-1.0160000000000002,-1.944,False,True,1,MEDIUM,False,0.0857510915617054,NORMAL
AST-0013,2026-08-28 12:03:38.403936,5.44,1.81,99.16,69.82,60.98,2026-08-28,12,4,3.2920000000000003,2.384,2.148,-0.5739999999999998,False,True,1,MEDIUM,False,0.1471044323851079,NORMAL
AST-0013,2026-08-28 15:03:38.403936,3.51,2.43,104.93,66.01,94.78,2026-08-28,15,4,3.884,2.308,-0.3740000000000005,0.1220000000000003,False,False,0,LOW,False,0.0651027680268802,NORMAL
AST-0013,2026-08-28 15:53:38.403936,4.99,2.88,99.29,66.68,26.1,2026-08-28,15,4,3.938000000000001,2.348,1.0519999999999992,0.532,False,True,1,MEDIUM,False,0.06745044220451574,NORMAL
AST-0013,2026-08-28 17:23:38.403936,5.83,3.88,102.38,60.7,88.82,2026-08-28,17,4,4.314,2.344,1.516,1.536,False,True,1,MEDIUM,False,0.10945940542421895,NORMAL
AST-0013,2026-08-28 17:35:38.403936,3.68,2.3,99.04,60.09,44.64,2026-08-28,17,4,4.69,2.66,-1.0100000000000002,-0.3600000000000003,False,False,0,LOW,False,0.12009629784697096,NORMAL
AST-0013,2026-08-28 17:45:38.403936,4.88,2.34,99.79,75.49,94.8,2026-08-28,17,4,4.578000000000001,2.766,0.3019999999999987,-0.4260000000000001,False,False,0,LOW,False,0.08884639254629384,NORMAL
AST-0014,2026-07-29 22:49:38.403936,5.88,2.08,98.1,79.9,100.0,2026-07-29,22,2,5.88,2.08,0.0,0.0,False,False,0,LOW,False,0.016550890242508887,NORMAL
AST-0014,2026-07-30 01:50:38.403936,6.0,3.85,100.64,51.36,71.45,2026-07-30,1,3,5.94,2.965,0.0600000000000005,0.8850000000000002,False,True,1,MEDIUM,False,0.11593052432642698,NORMAL
AST-0014,2026-07-30 03:10:38.403936,3.56,2.39,101.36,83.88,93.18,2026-07-30,3,3,5.1466666666666665,2.773333333333333,-1.5866666666666664,-0.3833333333333333,False,False,0,LOW,False,0.06126613181066748,NORMAL
AST-0014,2026-07-30 13:02:38.403936,3.54,2.87,97.13,59.15,64.44,2026-07-30,13,3,4.745,2.7975000000000003,-1.205,0.0724999999999997,False,False,0,LOW,False,0.09390021399314691,NORMAL
AST-0014,2026-07-30 15:02:38.403936,14.25,2.95,102.82,83.56,78.69,2026-07-30,15,3,6.646000000000001,2.8280000000000003,7.603999999999999,0.1219999999999998,True,False,1,MEDIUM,True,-0.010920241264093633,ANOMALOUS
AST-0014,2026-07-30 15:39:38.403936,5.86,2.15,99.86,60.84,28.82,2026-07-30,15,3,6.642,2.842,-0.782,-0.6920000000000002,False,True,1,MEDIUM,False,0.08666468997727855,NORMAL
AST-0014,2026-07-30 16:42:38.403936,5.27,3.12,100.15,84.88,67.12,2026-07-30,16,3,6.496,2.696,-1.2260000000000009,0.4239999999999999,False,False,0,LOW,False,0.09071766323683711,NORMAL
AST-0014,2026-07-30 21:23:38.403936,4.73,2.77,105.05,74.5,54.62,2026-07-30,21,3,6.73,2.772,-1.9999999999999991,-0.0019999999999997,False,False,0,LOW,False,0.1104460289679347,NORMAL
AST-0014,2026-07-30 22:01:38.403936,6.72,2.7,100.79,47.95,63.5,2026-07-30,22,3,7.366,2.738,-0.6459999999999999,-0.0379999999999998,False,False,0,LOW,False,0.1111651820369442,NORMAL
AST-0014,2026-07-31 02:25:38.403936,3.82,2.89,100.27,70.47,66.71,2026-07-31,2,4,5.279999999999999,2.726,-1.4599999999999995,0.1640000000000001,False,False,0,LOW,False,0.16513287106824504,NORMAL
AST-0014,2026-07-31 02:51:38.403936,5.28,2.83,102.58,49.43,54.46,2026-07-31,2,4,5.164,2.862,0.1160000000000005,-0.032,False,False,0,LOW,False,0.12635809257342018,NORMAL
AST-0014,2026-07-31 10:10:38.403936,5.02,2.19,101.11,81.13,52.41,2026-07-31,10,4,5.114,2.676,-0.0940000000000003,-0.4860000000000002,False,False,0,LOW,False,0.11834769200598921,NORMAL
AST-0014,2026-07-31 16:55:38.403936,3.56,2.9,95.59,56.43,44.73,2026-07-31,16,4,4.88,2.702,-1.3199999999999998,0.1979999999999999,False,False,0,LOW,False,0.03401915928180699,NORMAL
AST-0014,2026-07-31 21:01:38.403936,3.78,2.78,97.99,70.24,28.9,2026-07-31,21,4,4.292,2.718,-0.512,0.0619999999999998,False,False,0,LOW,False,0.05381316164218758,NORMAL
AST-0014,2026-08-01 01:56:38.403936,5.13,3.18,102.37,47.32,82.91,2026-08-01,1,5,4.554,2.776,0.5759999999999996,0.4040000000000003,False,False,0,LOW,False,0.09778601460879532,NORMAL
AST-0014,2026-08-01 05:19:38.403936,1.99,4.67,102.34,67.1,76.07,2026-08-01,5,5,3.896,3.144,-1.906,1.5260000000000002,False,True,1,MEDIUM,False,0.08361494246403,NORMAL
AST-0014,2026-08-01 05:23:38.403936,6.26,8.53,100.41,49.74,74.94,2026-08-01,5,5,4.144,4.412,2.116,4.117999999999999,False,True,1,MEDIUM,True,-0.020899912819167588,ANOMALOUS
AST-0014,2026-08-01 15:29:38.403936,3.59,2.44,102.15,69.18,33.03,2026-08-01,15,5,4.15,4.32,-0.5600000000000005,-1.8800000000000003,False,True,1,MEDIUM,False,0.10355770569884265,NORMAL
AST-0014,2026-08-01 21:38:38.403936,5.41,1.48,104.81,44.18,95.54,2026-08-01,21,5,4.476,4.06,0.9340000000000002,-2.58,False,True,1,MEDIUM,True,-0.020958992955502742,ANOMALOUS
AST-0014,2026-08-01 21:51:38.403936,5.04,1.47,102.44,69.51,31.34,2026-08-01,21,5,4.458,3.718,0.5819999999999999,-2.248,False,True,1,MEDIUM,False,0.07945401536602759,NORMAL
AST-0014,2026-08-02 04:02:38.403936,4.44,3.58,102.05,50.21,24.87,2026-08-02,4,6,4.948,3.5,-0.5079999999999991,0.08,False,False,0,LOW,False,0.03139136372339779,NORMAL
AST-0014,2026-08-02 13:52:38.403936,5.62,2.61,102.16,57.89,58.08,2026-08-02,13,6,4.82,2.316,0.7999999999999998,0.294,False,False,0,LOW,False,0.15364939211381884,NORMAL
AST-0014,2026-08-02 15:04:38.403936,6.26,2.51,102.89,72.18,74.7,2026-08-02,15,6,5.354000000000001,2.33,0.9059999999999988,0.1799999999999997,False,False,0,LOW,False,0.1499168051601289,NORMAL
AST-0014,2026-08-02 15:21:38.403936,3.57,2.06,100.03,76.89,90.57,2026-08-02,15,6,4.986,2.446,-1.416,-0.3860000000000001,False,False,0,LOW,False,0.0963542862557148,NORMAL
AST-0014,2026-08-02 15:55:38.403936,5.69,2.26,100.81,74.86,52.18,2026-08-02,15,6,5.1160000000000005,2.604,0.5739999999999998,-0.3440000000000003,False,False,0,LOW,False,0.14131011461698112,NORMAL
AST-0014,2026-08-02 18:55:38.403936,17.2,2.06,100.29,49.8,81.67,2026-08-02,18,6,7.668000000000001,2.3,9.531999999999998,-0.2399999999999997,True,False,1,MEDIUM,True,-0.021304187136453434,ANOMALOUS
AST-0014,2026-08-02 19:52:38.403936,2.93,3.04,98.73,61.69,73.18,2026-08-02,19,6,7.13,2.386,-4.199999999999999,0.6539999999999999,False,True,1,MEDIUM,False,0.13512294783046375,NORMAL
AST-0014,2026-08-02 22:32:38.403936,3.82,3.06,103.21,65.88,91.6,2026-08-02,22,6,6.641999999999999,2.496,-2.8219999999999987,0.5640000000000001,False,True,1,MEDIUM,False,0.11760493785340137,NORMAL
AST-0014,2026-08-03 02:25:38.403936,4.68,3.47,104.47,65.85,59.33,2026-08-03,2,0,6.864,2.778,-2.184,0.6920000000000002,False,True,1,MEDIUM,False,0.12204571777560669,NORMAL
AST-0014,2026-08-03 04:39:38.403936,7.0,2.2,102.7,46.25,86.24,2026-08-03,4,0,7.126,2.766,-0.1259999999999994,-0.5659999999999998,False,True,1,MEDIUM,False,0.06808138592851715,NORMAL
AST-0014,2026-08-03 05:09:38.403936,4.46,3.47,102.18,64.98,62.25,2026-08-03,5,0,4.578,3.0480000000000005,-0.1180000000000003,0.4219999999999997,False,False,0,LOW,False,0.16201797698647397,NORMAL
AST-0014,2026-08-03 11:51:38.403936,4.32,2.13,100.98,61.29,40.74,2026-08-03,11,0,4.856,2.866,-0.5359999999999996,-0.7360000000000002,False,True,1,MEDIUM,False,0.13817185949970318,NORMAL
AST-0014,2026-08-03 18:21:38.403936,6.15,2.12,99.57,71.93,57.94,2026-08-03,18,0,5.322,2.678,0.8280000000000003,-0.5579999999999998,False,True,1,MEDIUM,False,0.14149654048237892,NORMAL
AST-0014,2026-08-04 03:55:38.403936,2.52,2.25,101.46,85.31,41.69,2026-08-04,3,1,4.89,2.434,-2.37,-0.1840000000000001,False,False,0,LOW,False,0.04379587819481734,NORMAL
AST-0014,2026-08-04 08:16:38.403936,-3.26,2.3,100.2,58.33,36.11,2026-08-04,8,1,2.838,2.454,-6.098,-0.1539999999999999,True,False,1,MEDIUM,True,-0.0011735946365559746,ANOMALOUS
AST-0014,2026-08-04 08:38:38.403936,4.24,2.83,100.05,67.3,79.0,2026-08-04,8,1,2.794,2.326,1.4460000000000002,0.504,False,True,1,MEDIUM,False,0.15744596505235242,NORMAL
AST-0014,2026-08-04 10:26:38.403936,4.29,2.24,101.53,62.57,67.21,2026-08-04,10,1,2.7880000000000003,2.348,1.5019999999999998,-0.1079999999999996,False,False,0,LOW,False,0.17332129924990525,NORMAL
AST-0014,2026-08-04 12:16:38.403936,4.24,2.64,99.5,61.81,56.24,2026-08-04,12,1,2.406,2.4520000000000004,1.834,0.1879999999999997,False,False,0,LOW,False,0.15591057928665392,NORMAL
AST-0014,2026-08-04 17:51:38.403936,6.37,1.96,101.86,56.65,100.0,2026-08-04,17,1,3.1760000000000006,2.394,3.1939999999999995,-0.4340000000000001,False,False,0,LOW,False,0.06107196519155361,NORMAL
AST-0014,2026-08-05 02:51:38.403936,4.57,2.31,98.9,69.48,74.8,2026-08-05,2,2,4.742,2.396,-0.1719999999999997,-0.0859999999999998,False,False,0,LOW,False,0.14642473908676418,NORMAL
AST-0014,2026-08-05 02:56:38.403936,3.35,0.91,102.23,58.36,48.97,2026-08-05,2,2,4.564,2.012,-1.214,-1.102,False,True,1,MEDIUM,False,0.108630603111734,NORMAL
AST-0014,2026-08-05 13:01:38.403936,3.26,3.06,101.14,62.24,58.49,2026-08-05,13,2,4.3580000000000005,2.176,-1.0980000000000008,0.8839999999999999,False,True,1,MEDIUM,False,0.16316959258991637,NORMAL
AST-0014,2026-08-05 14:03:38.403936,2.64,1.92,99.14,80.1,87.64,2026-08-05,14,2,4.038,2.032,-1.398,-0.1120000000000001,False,False,0,LOW,False,0.06935441299244993,NORMAL
AST-0014,2026-08-05 14:40:38.403936,6.18,3.76,101.17,76.94,58.84,2026-08-05,14,2,4.0,2.3920000000000003,2.18,1.3679999999999994,False,True,1,MEDIUM,False,0.12086185262811494,NORMAL
AST-0014,2026-08-05 17:15:38.403936,4.99,2.19,99.95,71.12,83.56,2026-08-05,17,2,4.0840000000000005,2.368,0.9059999999999996,-0.1779999999999999,False,False,0,LOW,False,0.13847819837818498,NORMAL
AST-0014,2026-08-05 18:41:38.403936,3.36,3.03,103.42,59.45,83.68,2026-08-05,18,2,4.086,2.792,-0.7260000000000004,0.238,False,False,0,LOW,False,0.12366431276070344,NORMAL
AST-0014,2026-08-05 20:19:38.403936,5.58,2.56,103.08,90.46,95.82,2026-08-05,20,2,4.55,2.692,1.0300000000000002,-0.1319999999999996,False,False,0,LOW,True,-0.005302026842998631,ANOMALOUS
AST-0014,2026-08-05 20:53:38.403936,10.79,3.15,102.45,47.76,80.39,2026-08-05,20,2,6.18,2.938,4.609999999999999,0.2120000000000002,False,False,0,LOW,False,0.04387468957328822,NORMAL
AST-0014,2026-08-05 21:50:38.403936,2.99,2.57,99.12,58.16,52.3,2026-08-05,21,2,5.542,2.7,-2.552,-0.1300000000000003,False,False,0,LOW,False,0.1293851799371485,NORMAL
AST-0014,2026-08-06 02:48:38.403936,4.85,1.34,98.49,57.82,61.16,2026-08-06,2,3,5.514,2.53,-0.6640000000000006,-1.1900000000000002,False,True,1,MEDIUM,False,0.11376911065943851,NORMAL
AST-0014,2026-08-06 03:48:38.403936,3.24,2.02,97.05,59.74,51.34,2026-08-06,3,3,5.49,2.3280000000000003,-2.25,-0.3080000000000003,False,False,0,LOW,False,0.07599262331254975,NORMAL
AST-0014,2026-08-06 05:29:38.403936,5.41,4.03,102.96,57.58,58.13,2026-08-06,5,3,5.456,2.622,-0.0460000000000002,1.4080000000000004,False,True,1,MEDIUM,False,0.12747273168231504,NORMAL
AST-0014,2026-08-06 05:37:38.403936,4.64,2.13,99.78,78.51,53.23,2026-08-06,5,3,4.226000000000001,2.418,0.4139999999999988,-0.2880000000000002,False,False,0,LOW,False,0.12086310259030764,NORMAL
AST-0014,2026-08-06 06:40:38.403936,5.69,1.77,104.11,50.98,75.56,2026-08-06,6,3,4.766,2.258,0.9240000000000004,-0.488,False,False,0,LOW,False,0.09062599076884803,NORMAL
AST-0014,2026-08-06 08:19:38.403936,4.2,2.15,103.4,54.31,71.22,2026-08-06,8,3,4.636000000000001,2.42,-0.4360000000000008,-0.27,False,False,0,LOW,False,0.1393089117129156,NORMAL
AST-0014,2026-08-06 09:21:38.403936,5.04,1.54,98.31,43.76,77.98,2026-08-06,9,3,4.996,2.3240000000000003,0.0439999999999995,-0.7840000000000003,False,True,1,MEDIUM,False,0.04857997068233838,NORMAL
AST-0014,2026-08-06 10:01:38.403936,4.14,2.71,101.8,56.72,77.34,2026-08-06,10,3,4.742,2.06,-0.6020000000000003,0.6499999999999999,False,True,1,MEDIUM,False,0.15454253805890855,NORMAL
AST-0014,2026-08-06 10:56:38.403936,6.07,2.54,101.08,74.51,82.98,2026-08-06,10,3,5.0280000000000005,2.1420000000000003,1.0419999999999998,0.3979999999999997,False,False,0,LOW,False,0.1395857065099863,NORMAL
AST-0014,2026-08-06 16:38:38.403936,4.48,2.96,101.54,55.27,86.54,2026-08-06,16,3,4.7860000000000005,2.38,-0.306,0.5800000000000001,False,True,1,MEDIUM,False,0.13839727136044677,NORMAL
AST-0014,2026-08-06 19:32:38.403936,3.77,2.48,99.87,64.55,22.95,2026-08-06,19,3,4.700000000000001,2.446,-0.930000000000001,0.0339999999999998,False,False,0,LOW,False,0.061449152695236875,NORMAL
AST-0014,2026-08-06 19:32:38.403936,4.32,2.71,100.43,68.15,79.51,2026-08-06,19,3,4.556,2.68,-0.2359999999999997,0.0299999999999998,False,False,0,LOW,False,0.16100771798038827,NORMAL
AST-0014,2026-08-06 19:53:38.403936,5.09,3.0,100.64,51.92,81.75,2026-08-06,19,3,4.746,2.7380000000000004,0.3439999999999994,0.2619999999999995,False,False,0,LOW,False,0.12734213420507018,NORMAL
AST-0014,2026-08-06 19:54:38.403936,4.39,3.48,101.72,82.46,40.74,2026-08-06,19,3,4.410000000000001,2.926,-0.0200000000000013,0.5540000000000003,False,True,1,MEDIUM,False,0.059287821718314815,NORMAL
AST-0014,2026-08-06 20:44:38.403936,4.07,2.92,102.51,48.4,66.6,2026-08-06,20,3,4.328000000000001,2.918,-0.2580000000000009,0.0019999999999997,False,False,0,LOW,False,0.12721418266853268,NORMAL
AST-0014,2026-08-06 23:51:38.403936,3.92,1.77,101.8,40.59,61.68,2026-08-06,23,3,4.3580000000000005,2.776,-0.4380000000000006,-1.0060000000000002,False,True,1,MEDIUM,False,0.06884894697822058,NORMAL
AST-0014,2026-08-07 00:07:38.403936,5.02,2.77,102.32,76.0,39.35,2026-08-07,0,4,4.497999999999999,2.788,0.5220000000000002,-0.0179999999999997,False,False,0,LOW,False,0.11407217228520744,NORMAL
AST-0014,2026-08-07 01:20:38.403936,6.3,3.47,101.84,56.0,57.56,2026-08-07,1,4,4.74,2.882,1.5599999999999996,0.5880000000000001,False,True,1,MEDIUM,False,0.14166645977379416,NORMAL
AST-0014,2026-08-07 01:54:38.403936,4.79,3.83,100.94,71.25,79.49,2026-08-07,1,4,4.82,2.952,-0.0300000000000002,0.8780000000000001,False,True,1,MEDIUM,False,0.13652884964222617,NORMAL
AST-0014,2026-08-07 02:11:38.403936,4.98,2.42,101.89,83.9,81.44,2026-08-07,2,4,5.002000000000001,2.852,-0.0220000000000002,-0.4319999999999999,False,False,0,LOW,False,0.09868786298476112,NORMAL
AST-0014,2026-08-07 03:15:38.403936,-3.33,1.52,100.27,62.22,100.0,2026-08-07,3,4,3.5520000000000005,2.802,-6.882000000000001,-1.282,True,True,2,HIGH,True,-0.02813386984316124,ANOMALOUS
AST-0014,2026-08-07 03:22:38.403936,5.48,1.64,103.97,72.52,65.37,2026-08-07,3,4,3.644000000000001,2.576,1.836,-0.9360000000000002,False,True,1,MEDIUM,False,0.11442233820865944,NORMAL
AST-0014,2026-08-07 07:35:38.403936,5.26,2.16,98.33,62.92,86.72,2026-08-07,7,4,3.436000000000001,2.314,1.823999999999999,-0.1539999999999999,False,False,0,LOW,False,0.11490145420552655,NORMAL
AST-0014,2026-08-07 09:22:38.403936,3.64,3.91,104.27,60.31,55.94,2026-08-07,9,4,3.206000000000001,2.33,0.4339999999999993,1.5800000000000003,False,True,1,MEDIUM,False,0.10367238204853324,NORMAL
AST-0014,2026-08-07 11:51:38.403936,5.23,3.2,101.68,76.51,63.45,2026-08-07,11,4,3.256,2.486,1.974,0.7140000000000004,False,True,1,MEDIUM,False,0.14823437840168024,NORMAL
AST-0014,2026-08-07 16:17:38.403936,2.71,2.61,95.68,59.11,90.33,2026-08-07,16,4,4.464,2.704,-1.7540000000000004,-0.0939999999999998,False,False,0,LOW,False,0.015684888670749575,NORMAL
AST-0014,2026-08-08 04:46:38.403936,6.05,3.38,99.69,59.73,41.2,2026-08-08,4,5,4.578,3.052,1.4719999999999995,0.3279999999999998,False,False,0,LOW,False,0.11065014363968001,NORMAL
AST-0014,2026-08-08 11:01:38.403936,5.21,1.86,102.15,77.8,25.1,2026-08-08,11,5,4.5680000000000005,2.992,0.6419999999999995,-1.132,False,True,1,MEDIUM,False,0.05150303459689276,NORMAL
AST-0014,2026-08-08 11:23:38.403936,8.91,1.97,99.95,71.94,54.29,2026-08-08,11,5,5.622000000000001,2.604,3.288,-0.6340000000000001,False,True,1,MEDIUM,False,0.09161749476661551,NORMAL
AST-0014,2026-08-08 13:54:38.403936,5.83,3.2,99.41,63.18,70.06,2026-08-08,13,5,5.742,2.604,0.088,0.5960000000000001,False,True,1,MEDIUM,False,0.15177548149812098,NORMAL
AST-0014,2026-08-08 18:59:38.403936,5.6,8.87,100.97,67.2,57.24,2026-08-08,18,5,6.32,3.856,-0.7200000000000006,5.013999999999999,False,True,1,MEDIUM,False,0.028194347548585408,NORMAL
AST-0014,2026-08-09 01:01:38.403936,4.85,3.43,102.55,63.31,89.34,2026-08-09,1,6,6.080000000000001,3.866,-1.230000000000001,-0.4359999999999995,False,False,0,LOW,False,0.1291847434070505,NORMAL
AST-0014,2026-08-09 07:37:38.403936,3.83,2.18,101.49,48.85,38.98,2026-08-09,7,6,5.804,3.93,-1.974,-1.7499999999999996,False,True,1,MEDIUM,False,0.0966677064270286,NORMAL
AST-0014,2026-08-09 13:53:38.403936,6.4,2.24,99.33,54.37,78.24,2026-08-09,13,6,5.302000000000001,3.984,1.097999999999999,-1.7440000000000002,False,True,1,MEDIUM,False,0.12741822616284482,NORMAL
AST-0014,2026-08-09 15:09:38.403936,5.66,0.22,103.6,47.6,58.48,2026-08-09,15,6,5.268000000000001,3.3879999999999995,0.3919999999999994,-3.1679999999999997,False,True,1,MEDIUM,False,0.0221036892101375,NORMAL
AST-0014,2026-08-09 17:36:38.403936,7.92,3.96,102.24,76.39,24.93,2026-08-09,17,6,5.732000000000001,2.406,2.187999999999999,1.5539999999999998,False,True,1,MEDIUM,True,-0.00331291634300912,ANOMALOUS
AST-0014,2026-08-09 23:16:38.403936,5.0,1.85,100.57,70.04,74.39,2026-08-09,23,6,5.7620000000000005,2.0900000000000003,-0.7620000000000005,-0.2400000000000002,False,False,0,LOW,False,0.15643491859735564,NORMAL
AST-0014,2026-08-10 07:46:38.403936,4.57,3.51,104.79,61.83,35.12,2026-08-10,7,0,5.910000000000001,2.356,-1.3400000000000007,1.154,False,True,1,MEDIUM,False,0.061794277454741475,NORMAL
AST-0014,2026-08-10 07:59:38.403936,2.4,1.73,103.02,68.02,94.42,2026-08-10,7,0,5.110000000000001,2.254,-2.7100000000000013,-0.524,False,True,1,MEDIUM,False,0.0755105291678449,NORMAL
AST-0014,2026-08-10 17:38:38.403936,1.17,3.26,102.94,65.05,37.5,2026-08-10,17,0,4.212000000000001,2.862,-3.0420000000000007,0.3979999999999997,False,False,0,LOW,False,0.06824991142481429,NORMAL
AST-0014,2026-08-10 17:42:38.403936,5.77,3.95,99.17,55.6,72.94,2026-08-10,17,0,3.782000000000001,2.86,1.9879999999999989,1.0900000000000003,False,True,1,MEDIUM,False,0.11801573062740872,NORMAL
AST-0014,2026-08-10 18:09:38.403936,5.47,3.68,99.45,62.38,54.21,2026-08-10,18,0,3.876,3.226,1.5939999999999994,0.4540000000000002,False,False,0,LOW,False,0.1364436350373039,NORMAL
AST-0014,2026-08-10 19:23:38.403936,2.98,1.85,98.78,62.66,73.39,2026-08-10,19,0,3.5580000000000007,2.894,-0.5780000000000007,-1.044,False,True,1,MEDIUM,False,0.1308957820156738,NORMAL
AST-0014,2026-08-10 21:39:38.403936,2.78,1.96,103.3,63.76,43.25,2026-08-10,21,0,3.634,2.94,-0.8540000000000005,-0.98,False,True,1,MEDIUM,False,0.110843966318944,NORMAL
AST-0014,2026-08-11 01:12:38.403936,4.12,2.22,102.28,71.86,49.9,2026-08-11,1,1,4.224000000000001,2.732,-0.1040000000000009,-0.512,False,True,1,MEDIUM,False,0.1476197801362365,NORMAL
AST-0014,2026-08-11 01:40:38.403936,4.12,2.69,102.27,66.24,49.85,2026-08-11,1,1,3.894000000000001,2.48,0.2259999999999995,0.2099999999999999,False,False,0,LOW,False,0.15860370644125155,NORMAL
AST-0014,2026-08-11 04:43:38.403936,4.5,2.77,100.21,65.19,23.56,2026-08-11,4,1,3.7000000000000006,2.298,0.7999999999999994,0.4720000000000004,False,False,0,LOW,False,0.07016978475239743,NORMAL
AST-0014,2026-08-11 05:11:38.403936,4.02,1.45,101.15,77.65,83.06,2026-08-11,5,1,3.908,2.218,0.1119999999999992,-0.768,False,True,1,MEDIUM,False,0.11275778864280739,NORMAL
AST-0014,2026-08-11 07:42:38.403936,4.55,3.37,101.07,65.15,54.21,2026-08-11,7,1,4.2620000000000005,2.5,0.2879999999999993,0.8700000000000001,False,True,1,MEDIUM,False,0.1594911766899102,NORMAL
AST-0014,2026-08-11 17:17:38.403936,7.35,2.49,100.22,78.63,87.42,2026-08-11,17,1,4.908000000000001,2.554,2.4419999999999984,-0.0639999999999996,False,False,0,LOW,False,0.08363994690844051,NORMAL
AST-0014,2026-08-11 18:48:38.403936,2.19,2.63,105.69,69.93,63.96,2026-08-11,18,1,4.522,2.5420000000000003,-2.3320000000000003,0.0879999999999996,False,False,0,LOW,False,0.08260940510493536,NORMAL
AST-0014,2026-08-11 18:48:38.403936,5.06,2.07,98.33,81.78,66.93,2026-08-11,18,1,4.634,2.402,0.4259999999999992,-0.3320000000000003,False,False,0,LOW,False,0.09241605977202416,NORMAL
AST-0014,2026-08-11 20:01:38.403936,3.94,2.52,101.04,59.09,86.41,2026-08-11,20,1,4.618,2.616,-0.6780000000000004,-0.096,False,False,0,LOW,False,0.13824898005945646,NORMAL
AST-0014,2026-08-11 22:08:38.403936,2.81,1.42,99.22,68.23,65.9,2026-08-11,22,1,4.2700000000000005,2.226,-1.4600000000000004,-0.806,False,True,1,MEDIUM,False,0.1253807261710781,NORMAL
AST-0014,2026-08-12 00:05:38.403936,5.56,2.8,98.74,56.46,85.49,2026-08-12,0,2,3.912,2.2880000000000003,1.6479999999999992,0.5119999999999996,False,True,1,MEDIUM,False,0.10584911978649297,NORMAL
AST-0014,2026-08-12 03:54:38.403936,5.12,0.94,99.64,70.91,47.93,2026-08-12,3,2,4.498,1.95,0.6219999999999999,-1.01,False,True,1,MEDIUM,False,0.10396214147277633,NORMAL
AST-0014,2026-08-12 05:06:38.403936,2.68,0.69,100.51,69.05,52.44,2026-08-12,5,2,4.022,1.674,-1.342,-0.984,False,True,1,MEDIUM,False,0.09114305825506108,NORMAL
AST-0014,2026-08-12 06:10:38.403936,4.42,1.84,99.92,67.72,83.17,2026-08-12,6,2,4.118,1.5379999999999998,0.3019999999999996,0.3020000000000002,False,False,0,LOW,False,0.14132303375583832,NORMAL
AST-0014,2026-08-12 06:18:38.403936,5.93,3.0,99.56,63.33,59.4,2026-08-12,6,2,4.742,1.854,1.1879999999999995,1.146,False,True,1,MEDIUM,False,0.16004852077402804,NORMAL
AST-0014,2026-08-12 10:32:38.403936,3.27,4.03,99.32,54.92,52.36,2026-08-12,10,2,4.284000000000001,2.1,-1.014000000000001,1.93,False,True,1,MEDIUM,False,0.1060540112586118,NORMAL
AST-0014,2026-08-12 12:12:38.403936,4.24,1.5,99.65,56.33,65.77,2026-08-12,12,2,4.1080000000000005,2.212,0.1319999999999996,-0.7120000000000002,False,True,1,MEDIUM,False,0.13863224903938148,NORMAL
AST-0014,2026-08-12 16:44:38.403936,5.22,2.21,104.44,71.4,66.4,2026-08-12,16,2,4.6160000000000005,2.5160000000000005,0.6039999999999992,-0.3060000000000005,False,False,0,LOW,False,0.12581437441865567,NORMAL
AST-0014,2026-08-12 22:31:38.403936,3.51,2.04,101.28,58.6,74.14,2026-08-12,22,2,4.434000000000001,2.556,-0.9240000000000012,-0.516,False,True,1,MEDIUM,False,0.15455020361071914,NORMAL
AST-0014,2026-08-13 00:16:38.403936,6.07,2.6,99.8,76.55,68.49,2026-08-13,0,3,4.462000000000001,2.476,1.6079999999999997,0.1240000000000001,False,False,0,LOW,False,0.13878720691965174,NORMAL
AST-0014,2026-08-13 06:24:38.403936,4.66,3.64,100.78,56.2,69.85,2026-08-13,6,3,4.74,2.398,-0.08,1.242,False,True,1,MEDIUM,False,0.14162894981100937,NORMAL
AST-0014,2026-08-13 06:28:38.403936,4.8,2.59,101.76,65.72,42.08,2026-08-13,6,3,4.852000000000001,2.616,-0.0520000000000013,-0.0260000000000002,False,False,0,LOW,False,0.14146517798795633,NORMAL
AST-0014,2026-08-13 11:45:38.403936,5.79,3.05,98.46,70.86,70.52,2026-08-13,11,3,4.966000000000001,2.7840000000000003,0.823999999999999,0.2659999999999995,False,False,0,LOW,False,0.13287863632601504,NORMAL
AST-0014,2026-08-13 12:55:38.403936,6.62,3.12,100.98,68.08,54.19,2026-08-13,12,3,5.588000000000001,3.0,1.0319999999999991,0.1200000000000001,False,False,0,LOW,False,0.1523878708516092,NORMAL
AST-0014,2026-08-13 18:22:38.403936,4.96,3.86,101.78,91.02,75.18,2026-08-13,18,3,5.3660000000000005,3.252,-0.4060000000000006,0.6079999999999997,False,True,1,MEDIUM,False,0.028206794289574955,NORMAL
AST-0014,2026-08-14 05:28:38.403936,5.21,3.45,100.73,71.55,75.17,2026-08-14,5,4,5.476000000000001,3.214,-0.2660000000000009,0.2360000000000002,False,False,0,LOW,False,0.1500241643976944,NORMAL
AST-0014,2026-08-14 09:35:38.403936,3.73,3.72,102.63,55.75,36.24,2026-08-14,9,4,5.262000000000001,3.44,-1.5320000000000014,0.2800000000000002,False,False,0,LOW,False,0.08921796991711484,NORMAL
AST-0014,2026-08-14 11:45:38.403936,8.16,3.61,102.43,70.95,80.36,2026-08-14,11,4,5.736000000000001,3.552,2.4239999999999995,0.0580000000000002,False,False,0,LOW,False,0.09005220479634873,NORMAL
AST-0014,2026-08-14 17:59:38.403936,3.78,3.65,101.03,51.72,37.79,2026-08-14,17,4,5.168000000000001,3.658,-1.3880000000000012,-0.008,False,False,0,LOW,False,0.08457577476902073,NORMAL
AST-0014,2026-08-14 19:34:38.403936,5.41,3.58,100.95,78.6,61.59,2026-08-14,19,4,5.258000000000001,3.6020000000000003,0.1519999999999992,-0.0220000000000002,False,False,0,LOW,False,0.11901301954701671,NORMAL
AST-0014,2026-08-14 20:37:38.403936,4.54,2.9,104.2,74.59,100.0,2026-08-14,20,4,5.1240000000000006,3.492,-0.5840000000000005,-0.5920000000000001,False,True,1,MEDIUM,False,0.05389877815006361,NORMAL
AST-0014,2026-08-14 21:11:38.403936,4.16,2.73,99.85,59.15,86.13,2026-08-14,21,4,5.210000000000001,3.294,-1.0500000000000007,-0.5639999999999996,False,True,1,MEDIUM,False,0.13009884020512863,NORMAL
AST-0014,2026-08-14 22:41:38.403936,5.75,2.88,99.35,56.92,46.88,2026-08-14,22,4,4.728000000000001,3.148,1.0219999999999994,-0.2679999999999998,False,False,0,LOW,False,0.1293071957309624,NORMAL
AST-0014,2026-08-15 00:28:38.403936,5.42,2.43,100.66,66.67,85.82,2026-08-15,0,5,5.056,2.9040000000000004,0.3639999999999999,-0.4740000000000002,False,False,0,LOW,False,0.14527350840955378,NORMAL
AST-0014,2026-08-15 01:18:38.403936,4.18,1.75,103.97,74.29,54.11,2026-08-15,1,5,4.8100000000000005,2.5380000000000003,-0.6300000000000008,-0.7880000000000003,False,True,1,MEDIUM,False,0.11602640424354199,NORMAL
AST-0014,2026-08-15 07:15:38.403936,6.29,2.66,102.65,62.98,44.7,2026-08-15,7,5,5.160000000000001,2.49,1.129999999999999,0.1699999999999999,False,False,0,LOW,False,0.1381892682184232,NORMAL
AST-0014,2026-08-15 07:26:38.403936,3.67,1.01,99.78,82.29,38.16,2026-08-15,7,5,5.062,2.146,-1.3920000000000003,-1.136,False,True,1,MEDIUM,False,0.02945301748156015,NORMAL
AST-0014,2026-08-15 10:12:38.403936,4.08,2.55,102.2,62.43,46.79,2026-08-15,10,5,4.728,2.08,-0.6479999999999997,0.4699999999999997,False,False,0,LOW,False,0.16002022768978452,NORMAL
AST-0014,2026-08-15 12:33:38.403936,2.04,2.21,100.33,57.14,50.6,2026-08-15,12,5,4.052000000000001,2.036,-2.0120000000000013,0.1739999999999999,False,False,0,LOW,False,0.12466157747918533,NORMAL
AST-0014,2026-08-15 12:39:38.403936,5.13,3.17,100.07,59.42,45.2,2026-08-15,12,5,4.242000000000001,2.3200000000000003,0.887999999999999,0.8499999999999996,False,True,1,MEDIUM,False,0.13109265778973345,NORMAL
AST-0014,2026-08-15 13:23:38.403936,4.77,1.43,102.06,71.11,75.08,2026-08-15,13,5,3.938000000000001,2.0740000000000003,0.8319999999999985,-0.6440000000000003,False,True,1,MEDIUM,False,0.14267614837696957,NORMAL
AST-0014,2026-08-15 16:18:38.403936,4.6,2.05,100.94,69.93,59.53,2026-08-15,16,5,4.1240000000000006,2.282,0.4759999999999991,-0.2320000000000002,False,False,0,LOW,False,0.16791349210708628,NORMAL
AST-0014,2026-08-15 18:03:38.403936,7.41,1.8,100.54,67.31,76.64,2026-08-15,18,5,4.790000000000001,2.132,2.619999999999999,-0.3320000000000001,False,False,0,LOW,False,0.1321223922854165,NORMAL
AST-0014,2026-08-15 20:04:38.403936,1.76,1.52,98.63,54.57,55.12,2026-08-15,20,5,4.734000000000001,1.994,-2.974000000000001,-0.4739999999999997,False,False,0,LOW,False,0.07872119501093316,NORMAL
AST-0014,2026-08-15 22:36:38.403936,5.0,3.84,98.68,69.82,91.66,2026-08-15,22,5,4.708000000000001,2.128,0.2919999999999989,1.7119999999999995,False,True,1,MEDIUM,False,0.07920969163725944,NORMAL
AST-0014,2026-08-16 03:05:38.403936,5.14,2.4,100.63,67.2,39.2,2026-08-16,3,6,4.782,2.322,0.3579999999999996,0.0779999999999998,False,False,0,LOW,False,0.13217617343954535,NORMAL
AST-0014,2026-08-16 06:38:38.403936,3.22,1.92,100.34,67.43,80.58,2026-08-16,6,6,4.506000000000001,2.296,-1.286000000000001,-0.3759999999999999,False,False,0,LOW,False,0.1449401176654,NORMAL
AST-0014,2026-08-16 07:44:38.403936,2.23,2.86,100.3,91.9,54.75,2026-08-16,7,6,3.47,2.508,-1.2400000000000002,0.3519999999999998,False,False,0,LOW,False,0.016410656777011368,NORMAL
AST-0014,2026-08-16 12:14:38.403936,5.82,2.93,102.54,61.24,53.19,2026-08-16,12,6,4.282000000000001,2.79,1.5379999999999994,0.1400000000000001,False,False,0,LOW,False,0.15649099456717241,NORMAL
AST-0014,2026-08-16 12:17:38.403936,3.73,2.28,99.34,60.56,71.79,2026-08-16,12,6,4.0280000000000005,2.478,-0.2980000000000005,-0.1979999999999999,False,False,0,LOW,False,0.15423629067886785,NORMAL
AST-0014,2026-08-16 13:10:38.403936,5.92,2.66,97.23,55.24,82.56,2026-08-16,13,6,4.184,2.53,1.7359999999999998,0.1299999999999999,False,False,0,LOW,False,0.07027432396536215,NORMAL
AST-0014,2026-08-16 17:38:38.403936,6.69,1.98,102.22,50.94,100.0,2026-08-16,17,6,4.878000000000001,2.5420000000000003,1.8119999999999996,-0.5620000000000003,False,True,1,MEDIUM,False,0.03649536963018041,NORMAL
AST-0014,2026-08-16 21:01:38.403936,2.21,2.84,101.16,77.43,86.1,2026-08-16,21,6,4.8740000000000006,2.5380000000000003,-2.6640000000000006,0.3019999999999996,False,False,0,LOW,False,0.10712122687640557,NORMAL
AST-0014,2026-08-17 00:06:38.403936,5.61,0.97,103.94,65.73,57.59,2026-08-17,0,0,4.832000000000001,2.146,0.7779999999999996,-1.176,False,True,1,MEDIUM,False,0.09607700712172418,NORMAL
AST-0014,2026-08-17 00:37:38.403936,-6.39,3.08,102.46,69.67,88.45,2026-08-17,0,0,2.8080000000000007,2.306,-9.198,0.774,True,True,2,HIGH,True,-0.005169118131223338,ANOMALOUS
AST-0014,2026-08-17 02:37:38.403936,4.1,3.2,101.05,73.67,67.87,2026-08-17,2,0,2.444000000000001,2.414,1.6559999999999988,0.786,False,True,1,MEDIUM,False,0.15689330087563352,NORMAL
AST-0014,2026-08-17 07:33:38.403936,3.47,2.28,101.27,66.5,66.76,2026-08-17,7,0,1.8000000000000007,2.474,1.6699999999999997,-0.1939999999999999,False,False,0,LOW,False,0.17167098642630063,NORMAL
AST-0014,2026-08-17 08:55:38.403936,5.2,2.85,100.94,45.45,48.48,2026-08-17,8,0,2.398000000000001,2.476,2.801999999999999,0.3740000000000001,False,False,0,LOW,False,0.09862769292440882,NORMAL
AST-0014,2026-08-17 09:16:38.403936,3.87,2.39,101.27,61.49,69.25,2026-08-17,9,0,2.0500000000000007,2.76,1.8199999999999996,-0.3700000000000001,False,False,0,LOW,False,0.1661483856996993,NORMAL
AST-0014,2026-08-17 15:39:38.403936,2.41,2.65,101.44,36.89,60.19,2026-08-17,15,0,3.810000000000001,2.674,-1.4000000000000008,-0.024,False,False,0,LOW,False,0.05130643808847046,NORMAL
AST-0014,2026-08-17 17:55:38.403936,12.45,3.65,100.7,53.22,57.49,2026-08-17,17,0,5.48,2.764,6.969999999999999,0.8859999999999997,True,True,2,HIGH,False,0.036912057321276726,NORMAL
AST-0014,2026-08-17 20:06:38.403936,5.08,4.49,101.29,73.38,66.47,2026-08-17,20,0,5.802000000000001,3.2060000000000004,-0.7220000000000013,1.2839999999999998,False,True,1,MEDIUM,False,0.11332065392859186,NORMAL
AST-0014,2026-08-17 20:37:38.403936,4.88,1.82,100.13,66.03,53.72,2026-08-17,20,0,5.738,3.0,-0.8580000000000005,-1.18,False,True,1,MEDIUM,False,0.15527307394632284,NORMAL
AST-0014,2026-08-17 23:50:38.403936,3.69,2.42,102.64,75.68,81.9,2026-08-17,23,0,5.702,3.006,-2.012,-0.5860000000000003,False,True,1,MEDIUM,False,0.13661834518811083,NORMAL
AST-0014,2026-08-18 01:39:38.403936,6.04,2.9,101.8,65.78,72.2,2026-08-18,1,1,6.428,3.056,-0.3879999999999999,-0.1560000000000001,False,False,0,LOW,False,0.16341153786050572,NORMAL
AST-0014,2026-08-18 07:12:38.403936,4.8,3.42,99.27,65.62,72.72,2026-08-18,7,1,4.898000000000001,3.01,-0.0980000000000007,0.4099999999999997,False,False,0,LOW,False,0.14586678098992417,NORMAL
AST-0014,2026-08-18 09:19:38.403936,6.62,2.18,99.43,54.39,69.54,2026-08-18,9,1,5.206000000000001,2.548,1.4139999999999988,-0.3679999999999999,False,False,0,LOW,False,0.13341357469545023,NORMAL
AST-0014,2026-08-18 09:26:38.403936,2.25,1.88,104.0,73.86,63.87,2026-08-18,9,1,4.680000000000001,2.56,-2.4300000000000006,-0.6800000000000002,False,True,1,MEDIUM,False,0.10812134222155728,NORMAL
AST-0014,2026-08-18 09:36:38.403936,4.97,1.66,99.46,64.75,71.3,2026-08-18,9,1,4.936000000000001,2.408,0.0339999999999989,-0.748,False,True,1,MEDIUM,False,0.15307289025685428,NORMAL
AST-0014,2026-08-18 21:38:38.403936,4.09,2.97,101.86,83.33,37.45,2026-08-18,21,1,4.546,2.422,-0.4560000000000004,0.5480000000000005,False,True,1,MEDIUM,False,0.058827005665215926,NORMAL
AST-0014,2026-08-19 05:05:38.403936,5.16,1.63,104.12,64.01,65.34,2026-08-19,5,2,4.618,2.064,0.5419999999999998,-0.4340000000000001,False,False,0,LOW,False,0.12737763376966516,NORMAL
AST-0014,2026-08-19 10:32:38.403936,6.79,0.26,102.17,50.73,73.98,2026-08-19,10,2,4.652000000000001,1.6800000000000002,2.137999999999999,-1.4200000000000002,False,True,1,MEDIUM,False,0.05267771191638854,NORMAL
AST-0014,2026-08-19 12:40:38.403936,2.41,2.58,102.53,67.9,48.94,2026-08-19,12,2,4.684,1.82,-2.274,0.7600000000000002,False,True,1,MEDIUM,False,0.13899816510267732,NORMAL
AST-0014,2026-08-19 17:01:38.403936,2.89,2.39,101.9,57.04,49.18,2026-08-19,17,2,4.268000000000001,1.966,-1.3780000000000006,0.4240000000000001,False,False,0,LOW,False,0.13638176472576785,NORMAL
AST-0014,2026-08-19 20:03:38.403936,3.7,2.23,101.98,80.54,80.37,2026-08-19,20,2,4.190000000000001,1.818,-0.4900000000000011,0.4119999999999999,False,False,0,LOW,False,0.1190234782599463,NORMAL
AST-0014,2026-08-20 04:14:38.403936,2.61,2.33,99.69,70.86,88.51,2026-08-20,4,3,3.680000000000001,1.958,-1.0700000000000012,0.3720000000000003,False,False,0,LOW,False,0.111121729977811,NORMAL
AST-0014,2026-08-20 08:41:38.403936,6.42,2.56,98.68,61.55,65.79,2026-08-20,8,3,3.6060000000000008,2.418,2.813999999999999,0.1419999999999999,False,False,0,LOW,False,0.13859661323566796,NORMAL
AST-0014,2026-08-20 11:42:38.403936,4.53,5.6,98.73,67.9,47.18,2026-08-20,11,3,4.030000000000001,3.022,0.4999999999999991,2.578,False,True,1,MEDIUM,False,0.04870190769062832,NORMAL
AST-0014,2026-08-20 12:53:38.403936,7.44,2.75,99.21,68.69,58.11,2026-08-20,12,3,4.94,3.094,2.5,-0.3439999999999998,False,False,0,LOW,False,0.13020560881712784,NORMAL
AST-0014,2026-08-20 17:58:38.403936,6.01,2.91,101.35,61.96,63.54,2026-08-20,17,3,5.402000000000001,3.2299999999999995,0.6079999999999988,-0.3199999999999994,False,False,0,LOW,False,0.16842239947296517,NORMAL
AST-0014,2026-08-20 18:06:38.403936,3.7,8.02,99.1,71.81,72.35,2026-08-20,18,3,5.620000000000001,4.368,-1.9200000000000008,3.6519999999999992,False,True,1,MEDIUM,False,0.0035647303661973107,NORMAL
AST-0014,2026-08-20 21:04:38.403936,6.9,2.67,98.47,68.65,69.41,2026-08-20,21,3,5.716000000000001,4.389999999999999,1.1839999999999993,-1.7199999999999989,False,True,1,MEDIUM,False,0.12480469914589187,NORMAL
AST-0014,2026-08-20 22:27:38.403936,7.87,2.15,103.57,57.59,92.69,2026-08-20,22,3,6.384,3.7,1.4859999999999998,-1.5500000000000005,False,True,1,MEDIUM,False,0.057484706874846636,NORMAL
AST-0014,2026-08-21 05:49:38.403936,2.51,3.27,102.74,44.82,88.81,2026-08-21,5,4,5.3980000000000015,3.804,-2.8880000000000017,-0.5339999999999998,False,True,1,MEDIUM,False,0.04994172360604465,NORMAL
AST-0014,2026-08-21 08:43:38.403936,3.24,3.85,98.33,72.18,63.18,2026-08-21,8,4,4.844,3.992,-1.604,-0.1419999999999999,False,False,0,LOW,False,0.09993441818392257,NORMAL
AST-0014,2026-08-21 11:50:38.403936,3.85,2.93,100.6,48.28,56.49,2026-08-21,11,4,4.8740000000000006,2.974,-1.0240000000000005,-0.044,False,False,0,LOW,False,0.11968227668242903,NORMAL
AST-0014,2026-08-21 16:16:38.403936,3.74,2.15,102.42,59.41,77.04,2026-08-21,16,4,4.242000000000001,2.87,-0.5020000000000007,-0.7200000000000002,False,True,1,MEDIUM,False,0.15083593876721907,NORMAL
AST-0014,2026-08-22 07:45:38.403936,5.7,3.24,103.15,70.51,44.49,2026-08-22,7,5,3.808000000000001,3.088,1.891999999999999,0.1520000000000001,False,False,0,LOW,False,0.11868704389737883,NORMAL
AST-0014,2026-08-22 08:03:38.403936,1.39,2.21,98.4,50.9,75.32,2026-08-22,8,5,3.5840000000000005,2.8760000000000003,-2.194000000000001,-0.6660000000000004,False,True,1,MEDIUM,False,0.07217737452105072,NORMAL
AST-0014,2026-08-22 08:44:38.403936,1.85,2.0,97.6,63.44,100.0,2026-08-22,8,5,3.306000000000001,2.506,-1.4560000000000008,-0.5060000000000002,False,True,1,MEDIUM,False,0.006553273705718232,NORMAL
AST-0014,2026-08-22 09:16:38.403936,2.79,1.95,100.27,67.77,95.67,2026-08-22,9,5,3.0940000000000003,2.31,-0.3040000000000002,-0.3600000000000001,False,False,0,LOW,False,0.08436528150688788,NORMAL
AST-0014,2026-08-22 20:50:38.403936,5.12,3.76,97.58,59.92,26.72,2026-08-22,20,5,3.37,2.632,1.75,1.1279999999999997,False,True,1,MEDIUM,False,0.004197232287570074,NORMAL
AST-0014,2026-08-23 00:31:38.403936,2.57,2.75,100.55,59.19,65.58,2026-08-23,0,6,2.7440000000000007,2.534,-0.1740000000000008,0.2160000000000002,False,False,0,LOW,False,0.14880343394488194,NORMAL
AST-0014,2026-08-23 02:25:38.403936,6.5,2.07,99.12,64.12,68.28,2026-08-23,2,6,3.766000000000001,2.506,2.733999999999999,-0.4359999999999999,False,False,0,LOW,False,0.1496957854384755,NORMAL
AST-0014,2026-08-23 02:55:38.403936,2.82,4.2,99.81,53.2,67.38,2026-08-23,2,6,3.960000000000001,2.946,-1.140000000000001,1.2540000000000004,False,True,1,MEDIUM,False,0.10396275857792325,NORMAL
AST-0014,2026-08-23 04:49:38.403936,4.93,1.57,100.58,56.4,48.97,2026-08-23,4,6,4.388000000000001,2.87,0.5419999999999989,-1.3,False,True,1,MEDIUM,False,0.1322107165194769,NORMAL
AST-0014,2026-08-23 05:41:38.403936,6.5,2.38,101.12,82.78,80.77,2026-08-23,5,6,4.6640000000000015,2.594,1.8359999999999983,-0.2139999999999999,False,False,0,LOW,False,0.09514455212185607,NORMAL
AST-0014,2026-08-23 05:54:38.403936,4.91,2.45,100.3,58.62,70.08,2026-08-23,5,6,5.132000000000001,2.534,-0.2220000000000004,-0.0839999999999996,False,False,0,LOW,False,0.15721762980033993,NORMAL
AST-0014,2026-08-23 08:44:38.403936,3.19,2.02,102.35,57.38,62.2,2026-08-23,8,6,4.470000000000001,2.524,-1.2800000000000007,-0.504,False,True,1,MEDIUM,False,0.14780132761105075,NORMAL
AST-0014,2026-08-23 09:36:38.403936,7.21,2.25,102.85,43.76,46.85,2026-08-23,9,6,5.348000000000001,2.134,1.8619999999999992,0.1160000000000001,False,False,0,LOW,False,0.0680062467345886,NORMAL
AST-0014,2026-08-23 14:30:38.403936,5.74,3.48,102.35,74.28,36.57,2026-08-23,14,6,5.510000000000001,2.516,0.2299999999999995,0.964,False,True,1,MEDIUM,False,0.09103235615364597,NORMAL
AST-0014,2026-08-23 19:08:38.403936,5.2,2.42,101.34,63.52,83.32,2026-08-23,19,6,5.250000000000001,2.524,-0.0500000000000007,-0.104,False,False,0,LOW,False,0.15775870936401337,NORMAL
AST-0014,2026-08-23 22:11:38.403936,4.61,2.56,101.0,76.92,63.49,2026-08-23,22,6,5.19,2.5460000000000003,-0.5800000000000001,0.0139999999999997,False,False,0,LOW,False,0.15627270047960468,NORMAL
AST-0014,2026-08-24 02:54:38.403936,7.14,2.52,103.92,58.54,66.04,2026-08-24,2,0,5.980000000000001,2.646,1.1599999999999984,-0.1259999999999999,False,False,0,LOW,False,0.11622757280841156,NORMAL
AST-0014,2026-08-24 08:28:38.403936,3.75,2.14,101.78,52.09,62.42,2026-08-24,8,0,5.288000000000001,2.624,-1.5380000000000011,-0.484,False,False,0,LOW,False,0.14268913269153177,NORMAL
AST-0014,2026-08-24 09:00:38.403936,13.0,1.93,100.07,75.53,67.67,2026-08-24,9,0,6.74,2.314,6.26,-0.3840000000000001,True,False,1,MEDIUM,False,0.02659393288767331,NORMAL
AST-0014,2026-08-24 12:42:38.403936,2.2,1.11,98.75,64.67,77.15,2026-08-24,12,0,6.140000000000001,2.052,-3.94,-0.942,False,True,1,MEDIUM,False,0.09298470163870737,NORMAL
AST-0014,2026-08-24 23:41:38.403936,5.12,3.16,105.09,62.55,51.43,2026-08-24,23,0,6.242000000000001,2.172,-1.1220000000000008,0.9880000000000004,False,True,1,MEDIUM,False,0.1070964681534281,NORMAL
AST-0014,2026-08-24 23:54:38.403936,5.04,1.86,103.45,67.25,75.92,2026-08-24,23,0,5.822000000000001,2.04,-0.7820000000000009,-0.1799999999999999,False,False,0,LOW,False,0.14807884373812813,NORMAL
AST-0014,2026-08-25 00:06:38.403936,5.08,2.47,97.17,64.11,41.52,2026-08-25,0,1,6.088000000000001,2.1060000000000003,-1.008000000000001,0.3639999999999999,False,False,0,LOW,False,0.06605947536867329,NORMAL
AST-0014,2026-08-25 00:53:38.403936,4.31,3.19,101.23,59.42,86.88,2026-08-25,0,1,4.3500000000000005,2.358,-0.0400000000000009,0.8319999999999999,False,True,1,MEDIUM,False,0.13629287242878912,NORMAL
AST-0014,2026-08-25 01:13:38.403936,-3.47,1.65,101.02,61.52,84.31,2026-08-25,1,1,3.216000000000001,2.466,-6.686000000000002,-0.8160000000000003,True,True,2,HIGH,False,0.03141175482571168,NORMAL
AST-0014,2026-08-25 02:39:38.403936,3.11,2.45,94.82,54.76,60.45,2026-08-25,2,1,2.814000000000001,2.3240000000000003,0.2959999999999989,0.1259999999999999,False,False,0,LOW,False,0.05073006238207134,NORMAL
AST-0014,2026-08-25 03:02:38.403936,4.76,2.78,98.39,69.23,74.55,2026-08-25,3,1,2.7580000000000005,2.508,2.002,0.2719999999999998,False,False,0,LOW,False,0.1415252878890878,NORMAL
AST-0014,2026-08-25 04:00:38.403936,4.83,2.19,104.38,69.37,53.43,2026-08-25,4,1,2.7080000000000006,2.4520000000000004,2.1219999999999994,-0.2620000000000004,False,False,0,LOW,False,0.1287658834519212,NORMAL
AST-0014,2026-08-25 08:20:38.403936,5.27,2.04,101.63,77.36,100.0,2026-08-25,8,1,2.900000000000001,2.222,2.3699999999999988,-0.1819999999999999,False,False,0,LOW,False,0.06510822983969705,NORMAL
AST-0014,2026-08-25 16:34:38.403936,3.27,3.73,102.3,51.01,71.62,2026-08-25,16,1,4.248,2.6380000000000003,-0.9780000000000002,1.0919999999999996,False,True,1,MEDIUM,False,0.1142052903636312,NORMAL
AST-0014,2026-08-25 21:23:38.403936,2.8,2.33,99.29,81.74,68.89,2026-08-25,21,1,4.186000000000001,2.614,-1.386000000000001,-0.2839999999999998,False,False,0,LOW,False,0.10108528556037882,NORMAL
AST-0014,2026-08-25 22:24:38.403936,5.79,6.9,102.51,60.54,100.0,2026-08-25,22,1,4.392000000000001,3.438,1.3979999999999988,3.462,False,True,1,MEDIUM,True,-0.017446564232856843,ANOMALOUS
AST-0014,2026-08-26 05:28:38.403936,4.45,9.78,103.48,57.52,29.59,2026-08-26,5,2,4.316000000000001,4.956,0.1339999999999994,4.823999999999999,False,True,1,MEDIUM,True,-0.06385929998383133,ANOMALOUS
AST-0014,2026-08-26 07:53:38.403936,5.1,3.26,100.37,78.35,81.89,2026-08-26,7,2,4.282000000000001,5.2,0.8179999999999987,-1.9400000000000004,False,True,1,MEDIUM,False,0.11872161954676502,NORMAL
AST-0014,2026-08-26 15:29:38.403936,5.75,1.6,102.36,79.42,20.51,2026-08-26,15,2,4.7780000000000005,4.774,0.9719999999999996,-3.174,False,True,1,MEDIUM,False,0.020564388074741147,NORMAL
AST-0014,2026-08-26 15:58:38.403936,2.94,2.96,100.64,59.81,80.36,2026-08-26,15,2,4.806,4.9,-1.866,-1.9400000000000004,False,True,1,MEDIUM,False,0.14492954933698243,NORMAL
AST-0014,2026-08-26 18:15:38.403936,17.15,3.25,100.33,70.44,93.47,2026-08-26,18,2,7.078,4.17,10.072,-0.92,True,True,2,HIGH,True,-0.03472463806577275,ANOMALOUS
AST-0014,2026-08-26 19:34:38.403936,5.46,2.81,102.26,65.34,71.91,2026-08-26,19,2,7.279999999999999,2.776,-1.8199999999999996,0.0340000000000002,False,False,0,LOW,False,0.16809205758517554,NORMAL
AST-0014,2026-08-27 01:26:38.403936,4.71,3.34,105.56,72.51,70.31,2026-08-27,1,3,7.202,2.7920000000000003,-2.492,0.5479999999999996,False,True,1,MEDIUM,False,0.09606546805737304,NORMAL
AST-0014,2026-08-27 04:37:38.403936,3.73,3.38,101.66,59.7,79.49,2026-08-27,4,3,6.798,3.148,-3.068,0.2319999999999997,False,False,0,LOW,False,0.14999128057191768,NORMAL
AST-0014,2026-08-27 10:10:38.403936,7.17,1.17,100.25,57.65,77.99,2026-08-27,10,3,7.644,2.79,-0.4740000000000002,-1.62,False,True,1,MEDIUM,False,0.0960432657516821,NORMAL
AST-0014,2026-08-27 11:55:38.403936,4.6,2.29,101.46,69.85,69.81,2026-08-27,11,3,5.134,2.598,-0.5340000000000007,-0.3079999999999998,False,False,0,LOW,False,0.1710481406901242,NORMAL
AST-0014,2026-08-27 14:33:38.403936,5.16,2.63,105.27,41.64,50.32,2026-08-27,14,3,5.074000000000001,2.5620000000000003,0.0859999999999994,0.0679999999999996,False,False,0,LOW,False,0.029484530883154836,NORMAL
AST-0014,2026-08-27 23:01:38.403936,3.21,3.62,102.7,60.57,56.37,2026-08-27,23,3,4.774,2.618,-1.564,1.0020000000000002,False,True,1,MEDIUM,False,0.13394634999041444,NORMAL
AST-0014,2026-08-27 23:01:38.403936,3.2,3.11,102.04,59.61,74.11,2026-08-27,23,3,4.668000000000001,2.564,-1.4680000000000009,0.5459999999999998,False,True,1,MEDIUM,False,0.1503679361175726,NORMAL
AST-0014,2026-08-28 12:34:38.403936,4.39,2.17,98.85,40.22,46.31,2026-08-28,12,4,4.112,2.764,0.2779999999999996,-0.5940000000000003,False,True,1,MEDIUM,False,0.04385971186510418,NORMAL
AST-0014,2026-08-28 13:15:38.403936,5.55,2.93,101.63,51.18,56.29,2026-08-28,13,4,4.302000000000001,2.8920000000000003,1.2479999999999984,0.0379999999999998,False,False,0,LOW,False,0.13888908043754755,NORMAL
AST-0014,2026-08-28 13:39:38.403936,4.35,3.24,100.72,67.67,70.79,2026-08-28,13,4,4.140000000000001,3.014,0.209999999999999,0.2259999999999999,False,False,0,LOW,False,0.16348374940394017,NORMAL
AST-0014,2026-08-28 17:33:38.403936,2.82,1.66,102.68,61.53,81.52,2026-08-28,17,4,4.062,2.622,-1.2420000000000004,-0.962,False,True,1,MEDIUM,False,0.12661272823761804,NORMAL
AST-0015,2026-07-29 22:06:38.403936,3.14,3.72,102.32,75.31,53.16,2026-07-29,22,2,3.14,3.72,0.0,0.0,False,False,0,LOW,False,0.11660292246393678,NORMAL
AST-0015,2026-07-30 07:22:38.403936,4.94,1.88,101.18,49.86,76.36,2026-07-30,7,3,4.04,2.8,0.9000000000000004,-0.92,False,True,1,MEDIUM,False,0.12318158579725991,NORMAL
AST-0015,2026-07-30 12:05:38.403936,7.43,2.73,105.55,63.8,60.34,2026-07-30,12,3,5.170000000000001,2.776666666666667,2.259999999999999,-0.0466666666666668,False,False,0,LOW,False,0.08028533631098067,NORMAL
AST-0015,2026-07-30 13:53:38.403936,-2.33,8.07,101.27,53.93,59.61,2026-07-30,13,3,3.295,4.1,-5.625,3.9700000000000006,True,True,2,HIGH,True,-0.06391483745253101,ANOMALOUS
AST-0015,2026-07-30 18:07:38.403936,3.58,1.93,103.26,51.28,93.96,2026-07-30,18,3,3.3520000000000003,3.666,0.2279999999999997,-1.7360000000000004,False,True,1,MEDIUM,False,0.06105977828306591,NORMAL
AST-0015,2026-07-30 23:03:38.403936,6.93,3.05,101.24,81.15,52.74,2026-07-30,23,3,4.11,3.532,2.8199999999999994,-0.4820000000000002,False,False,0,LOW,False,0.1045433380801633,NORMAL
AST-0015,2026-07-31 02:09:38.403936,4.97,3.59,100.91,60.81,89.99,2026-07-31,2,4,4.116,3.874,0.8540000000000001,-0.2840000000000002,False,False,0,LOW,False,0.12095338257889493,NORMAL
AST-0015,2026-07-31 02:40:38.403936,1.63,2.45,98.56,84.87,81.4,2026-07-31,2,4,2.9560000000000004,3.818,-1.3260000000000003,-1.368,False,True,1,MEDIUM,False,0.030962859349813132,NORMAL
AST-0015,2026-07-31 09:09:38.403936,5.92,2.54,102.14,60.34,58.39,2026-07-31,9,4,4.606,2.712,1.314,-0.1719999999999997,False,False,0,LOW,False,0.1580742436821374,NORMAL
AST-0015,2026-07-31 09:29:38.403936,5.09,2.53,103.99,72.74,64.87,2026-07-31,9,4,4.908,2.832,0.1820000000000003,-0.302,False,False,0,LOW,False,0.13363827372933362,NORMAL
AST-0015,2026-07-31 09:29:38.403936,3.11,2.65,104.22,62.93,67.33,2026-07-31,9,4,4.144,2.752,-1.0340000000000005,-0.1019999999999998,False,False,0,LOW,False,0.13503868251657514,NORMAL
AST-0015,2026-07-31 17:57:38.403936,3.38,3.62,107.19,61.41,34.0,2026-07-31,17,4,3.826000000000001,2.758,-0.4460000000000006,0.8620000000000001,False,True,1,MEDIUM,True,-0.009328019431081858,ANOMALOUS
AST-0015,2026-07-31 19:04:38.403936,2.87,4.74,100.33,42.82,49.84,2026-07-31,19,4,4.074,3.216,-1.2039999999999995,1.5240000000000005,False,True,1,MEDIUM,False,0.02430546586180493,NORMAL
AST-0015,2026-07-31 21:36:38.403936,4.56,1.64,102.22,57.85,97.3,2026-07-31,21,4,3.802,3.0360000000000005,0.758,-1.3960000000000006,False,True,1,MEDIUM,False,0.07734226948810652,NORMAL
AST-0015,2026-08-01 01:55:38.403936,3.68,1.91,99.94,70.03,63.26,2026-08-01,1,5,3.5200000000000005,2.912,0.1599999999999997,-1.002,False,True,1,MEDIUM,False,0.1543741720921471,NORMAL
AST-0015,2026-08-01 03:13:38.403936,3.39,2.22,101.54,60.01,77.04,2026-08-01,3,5,3.5760000000000005,2.826,-0.1860000000000004,-0.6059999999999999,False,True,1,MEDIUM,False,0.14999500574369318,NORMAL
AST-0015,2026-08-01 05:26:38.403936,5.43,0.32,101.31,60.4,45.86,2026-08-01,5,5,3.986,2.166,1.444,-1.846,False,True,1,MEDIUM,False,0.09116239489684463,NORMAL
AST-0015,2026-08-01 05:53:38.403936,4.71,2.09,99.45,47.45,52.49,2026-08-01,5,5,4.354,1.636,0.3559999999999998,0.4539999999999999,False,False,0,LOW,False,0.1007079360276465,NORMAL
AST-0015,2026-08-01 10:21:38.403936,7.97,5.57,102.67,48.87,56.51,2026-08-01,10,5,5.036,2.422,2.934,3.148000000000001,False,True,1,MEDIUM,False,0.01719295479645644,NORMAL
AST-0015,2026-08-01 16:28:38.403936,1.18,2.69,102.84,50.21,85.59,2026-08-01,16,5,4.536,2.5780000000000003,-3.356,0.1119999999999996,False,False,0,LOW,False,0.06850288783499076,NORMAL
AST-0015,2026-08-01 19:40:38.403936,4.37,3.57,100.64,55.68,49.35,2026-08-01,19,5,4.732,2.848,-0.3620000000000001,0.722,False,True,1,MEDIUM,False,0.13308534021175433,NORMAL
AST-0015,2026-08-01 20:50:38.403936,6.28,1.97,99.59,53.14,68.29,2026-08-01,20,5,4.901999999999999,3.178,1.378000000000001,-1.208,False,True,1,MEDIUM,False,0.13293288070755882,NORMAL
AST-0015,2026-08-01 21:57:38.403936,4.41,2.89,105.51,73.88,63.41,2026-08-01,21,5,4.8420000000000005,3.338,-0.4320000000000004,-0.4479999999999999,False,False,0,LOW,False,0.10110363948075296,NORMAL
AST-0015,2026-08-02 02:13:38.403936,4.28,2.43,101.53,57.47,54.77,2026-08-02,2,6,4.104,2.71,0.1760000000000001,-0.2799999999999998,False,False,0,LOW,False,0.15309528859173266,NORMAL
AST-0015,2026-08-02 02:52:38.403936,4.79,3.77,100.93,58.92,70.61,2026-08-02,2,6,4.8260000000000005,2.926,-0.0360000000000004,0.8440000000000003,False,True,1,MEDIUM,False,0.14771819769971184,NORMAL
AST-0015,2026-08-02 07:03:38.403936,3.87,6.95,102.21,78.53,86.57,2026-08-02,7,6,4.726,3.6019999999999994,-0.8559999999999999,3.3480000000000008,False,True,1,MEDIUM,True,-0.011411711895079502,ANOMALOUS
AST-0015,2026-08-02 07:30:38.403936,7.01,2.32,104.35,64.95,71.08,2026-08-02,7,6,4.872000000000001,3.672,2.137999999999999,-1.352,False,True,1,MEDIUM,False,0.11773057828029815,NORMAL
AST-0015,2026-08-02 14:00:38.403936,3.73,1.71,101.05,65.56,84.7,2026-08-02,14,6,4.736000000000001,3.436,-1.006000000000001,-1.726,False,True,1,MEDIUM,False,0.14101709196066958,NORMAL
AST-0015,2026-08-02 19:46:38.403936,6.88,1.92,101.78,71.04,92.22,2026-08-02,19,6,5.256,3.3340000000000005,1.6239999999999997,-1.4140000000000006,False,True,1,MEDIUM,False,0.1027315402239149,NORMAL
AST-0015,2026-08-02 22:29:38.403936,5.56,2.69,103.21,67.87,53.98,2026-08-02,22,6,5.41,3.118,0.1499999999999994,-0.4279999999999999,False,False,0,LOW,False,0.153115181126393,NORMAL
AST-0015,2026-08-03 04:33:38.403936,3.09,2.19,100.89,81.06,27.55,2026-08-03,4,0,5.254,2.166,-2.164,0.024,False,False,0,LOW,False,0.03623209246496861,NORMAL
AST-0015,2026-08-03 07:14:38.403936,5.04,1.14,102.53,43.65,85.74,2026-08-03,7,0,4.859999999999999,1.93,0.1800000000000006,-0.7899999999999998,False,True,1,MEDIUM,False,0.03789304111278202,NORMAL
AST-0015,2026-08-03 07:32:38.403936,2.09,2.64,102.06,80.35,88.58,2026-08-03,7,0,4.531999999999999,2.116,-2.4419999999999997,0.524,False,True,1,MEDIUM,False,0.08145325281095117,NORMAL
AST-0015,2026-08-03 14:47:38.403936,3.73,2.03,99.32,61.05,49.6,2026-08-03,14,0,3.902,2.138,-0.1719999999999997,-0.1080000000000001,False,False,0,LOW,False,0.13599084489933405,NORMAL
AST-0015,2026-08-04 00:32:38.403936,1.55,3.91,102.28,55.48,79.04,2026-08-04,0,1,3.1,2.382,-1.55,1.528,False,True,1,MEDIUM,False,0.09106148998655644,NORMAL
AST-0015,2026-08-04 02:29:38.403936,17.15,3.91,100.28,47.85,79.87,2026-08-04,2,1,5.912,2.726,11.238,1.1840000000000002,True,True,2,HIGH,True,-0.04702755974918027,ANOMALOUS
AST-0015,2026-08-04 04:28:38.403936,5.87,4.08,101.67,65.84,80.29,2026-08-04,4,1,6.077999999999999,3.314,-0.2079999999999993,0.766,False,True,1,MEDIUM,False,0.1294375330021778,NORMAL
AST-0015,2026-08-04 06:24:38.403936,3.35,3.52,101.72,74.62,45.77,2026-08-04,6,1,6.329999999999999,3.49,-2.979999999999999,0.0300000000000002,False,False,0,LOW,False,0.11696745538049635,NORMAL
AST-0015,2026-08-04 07:37:38.403936,1.78,2.09,103.1,77.56,86.38,2026-08-04,7,1,5.94,3.502,-4.159999999999999,-1.4120000000000004,False,True,1,MEDIUM,False,0.09114591490970425,NORMAL
AST-0015,2026-08-04 07:54:38.403936,13.85,6.76,98.87,71.49,65.76,2026-08-04,7,1,8.4,4.072,5.449999999999999,2.688,True,True,2,HIGH,True,-0.07320940388980646,ANOMALOUS
AST-0015,2026-08-04 08:47:38.403936,3.7,2.52,102.78,62.98,48.13,2026-08-04,8,1,5.71,3.794,-2.01,-1.2739999999999996,False,True,1,MEDIUM,False,0.15307516364294227,NORMAL
AST-0015,2026-08-04 10:01:38.403936,2.79,2.41,99.69,61.12,57.55,2026-08-04,10,1,5.093999999999999,3.46,-2.3039999999999994,-1.0499999999999998,False,True,1,MEDIUM,False,0.14577926980527217,NORMAL
AST-0015,2026-08-04 10:35:38.403936,4.69,2.75,103.02,52.37,30.6,2026-08-04,10,1,5.362,3.306,-0.6719999999999997,-0.556,False,True,1,MEDIUM,False,0.07981226640699735,NORMAL
AST-0015,2026-08-04 16:22:38.403936,3.87,3.47,100.35,56.97,99.97,2026-08-04,16,1,5.779999999999999,3.582,-1.9099999999999997,-0.1119999999999996,False,False,0,LOW,False,0.06494340869958565,NORMAL
AST-0015,2026-08-04 19:22:38.403936,4.13,2.86,102.47,65.07,74.76,2026-08-04,19,1,3.836,2.802,0.294,0.0579999999999998,False,False,0,LOW,False,0.16615318535585183,NORMAL
AST-0015,2026-08-05 00:11:38.403936,2.94,3.85,101.79,72.27,53.69,2026-08-05,0,2,3.684,3.068,-0.7440000000000002,0.782,False,True,1,MEDIUM,False,0.11949170381402258,NORMAL
AST-0015,2026-08-05 05:46:38.403936,6.5,2.22,102.62,61.09,70.19,2026-08-05,5,2,4.426,3.03,2.074,-0.81,False,True,1,MEDIUM,False,0.15155605912055775,NORMAL
AST-0015,2026-08-05 05:54:38.403936,2.88,2.14,104.06,69.64,77.08,2026-08-05,5,2,4.064,2.9080000000000004,-1.1840000000000002,-0.7680000000000002,False,True,1,MEDIUM,False,0.12464806630096725,NORMAL
AST-0015,2026-08-05 06:38:38.403936,3.01,0.78,100.02,51.77,94.56,2026-08-05,6,2,3.892,2.37,-0.8820000000000006,-1.59,False,True,1,MEDIUM,False,0.027400338515127576,NORMAL
AST-0015,2026-08-05 07:58:38.403936,2.39,2.44,104.29,58.89,60.67,2026-08-05,7,2,3.544,2.286,-1.1539999999999997,0.1539999999999999,False,False,0,LOW,False,0.1088198600706054,NORMAL
AST-0015,2026-08-05 13:21:38.403936,6.09,2.15,102.2,63.36,71.76,2026-08-05,13,2,4.174,1.946,1.9160000000000004,0.2039999999999997,False,False,0,LOW,False,0.16293687245230704,NORMAL
AST-0015,2026-08-05 16:30:38.403936,4.61,3.6,101.69,70.28,59.64,2026-08-05,16,2,3.796,2.222,0.8140000000000001,1.378,False,True,1,MEDIUM,False,0.1542724320975391,NORMAL
AST-0015,2026-08-06 18:47:38.403936,4.12,2.02,97.78,80.14,75.24,2026-08-06,18,3,4.044,2.1979999999999995,0.0760000000000005,-0.1779999999999995,False,False,0,LOW,False,0.08715377695915738,NORMAL
AST-0015,2026-08-06 19:46:38.403936,3.73,2.66,101.3,57.52,63.66,2026-08-06,19,3,4.188,2.574,-0.4579999999999997,0.0860000000000003,False,False,0,LOW,False,0.16175830917569556,NORMAL
AST-0015,2026-08-06 19:48:38.403936,5.23,1.82,100.01,75.3,58.97,2026-08-06,19,3,4.756,2.45,0.4740000000000002,-0.6300000000000001,False,True,1,MEDIUM,False,0.1385247404190757,NORMAL
AST-0015,2026-08-06 20:11:38.403936,4.99,2.27,101.84,69.71,78.23,2026-08-06,20,3,4.5360000000000005,2.474,0.4539999999999997,-0.2040000000000001,False,False,0,LOW,False,0.16077722745485667,NORMAL
AST-0015,2026-08-06 20:19:38.403936,3.52,9.29,99.76,66.13,43.48,2026-08-06,20,3,4.318,3.612000000000001,-0.7979999999999996,5.677999999999999,False,True,1,MEDIUM,True,-0.010550446709407968,ANOMALOUS
AST-0015,2026-08-07 01:56:38.403936,5.69,2.92,98.81,71.33,67.06,2026-08-07,1,4,4.632,3.792,1.0580000000000007,-0.8720000000000003,False,True,1,MEDIUM,False,0.14098135711928145,NORMAL
AST-0015,2026-08-07 02:03:38.403936,5.5,1.86,99.4,50.56,56.31,2026-08-07,2,4,4.986000000000001,3.632,0.5139999999999993,-1.772,False,True,1,MEDIUM,False,0.11904106236102407,NORMAL
AST-0015,2026-08-07 02:18:38.403936,3.54,3.39,101.85,74.14,68.35,2026-08-07,2,4,4.648000000000001,3.946,-1.1080000000000003,-0.556,False,True,1,MEDIUM,False,0.1493569817452154,NORMAL
AST-0015,2026-08-07 06:41:38.403936,3.23,3.49,100.37,52.37,56.27,2026-08-07,6,4,4.296,4.19,-1.0660000000000005,-0.7000000000000002,False,True,1,MEDIUM,False,0.1273642442663938,NORMAL
AST-0015,2026-08-07 09:08:38.403936,5.25,3.72,101.53,54.69,55.76,2026-08-07,9,4,4.642,3.0760000000000005,0.6079999999999997,0.6439999999999997,False,True,1,MEDIUM,False,0.138306480230593,NORMAL
AST-0015,2026-08-07 13:43:38.403936,5.47,2.55,101.49,54.86,55.46,2026-08-07,13,4,4.598,3.002,0.8719999999999999,-0.4520000000000004,False,False,0,LOW,False,0.15351677034525213,NORMAL
AST-0015,2026-08-07 14:14:38.403936,3.37,2.24,99.71,75.76,65.38,2026-08-07,14,4,4.172,3.0780000000000003,-0.8019999999999996,-0.8380000000000001,False,True,1,MEDIUM,False,0.14071642783021177,NORMAL
AST-0015,2026-08-07 20:57:38.403936,3.27,2.12,103.05,67.63,68.48,2026-08-07,20,4,4.118,2.8240000000000007,-0.8480000000000003,-0.7040000000000006,False,True,1,MEDIUM,False,0.1605763799509925,NORMAL
AST-0015,2026-08-07 23:18:38.403936,6.11,3.39,103.47,58.4,61.97,2026-08-07,23,4,4.694,2.8040000000000007,1.4160000000000004,0.5859999999999994,False,True,1,MEDIUM,False,0.13086861789403953,NORMAL
AST-0015,2026-08-08 00:24:38.403936,4.06,2.69,99.0,68.86,61.32,2026-08-08,0,5,4.456,2.5980000000000003,-0.3960000000000008,0.0919999999999996,False,False,0,LOW,False,0.15123811588341707,NORMAL
AST-0015,2026-08-08 01:45:38.403936,3.91,2.81,98.68,61.03,64.25,2026-08-08,1,5,4.144,2.650000000000001,-0.2339999999999999,0.1599999999999992,False,False,0,LOW,False,0.1425862697476405,NORMAL
AST-0015,2026-08-08 12:50:38.403936,3.41,2.76,104.61,66.4,82.93,2026-08-08,12,5,4.152,2.7540000000000004,-0.742,0.0059999999999993,False,False,0,LOW,False,0.11141011045787069,NORMAL
AST-0015,2026-08-08 15:35:38.403936,6.43,8.89,98.2,60.2,71.82,2026-08-08,15,5,4.784000000000001,4.1080000000000005,1.645999999999999,4.782,False,True,1,MEDIUM,True,-0.026029024513155807,ANOMALOUS
AST-0015,2026-08-08 23:03:38.403936,3.27,8.7,104.6,73.61,55.86,2026-08-08,23,5,4.216,5.17,-0.9460000000000002,3.53,False,True,1,MEDIUM,True,-0.0381453734256999,ANOMALOUS
AST-0015,2026-08-09 03:18:38.403936,7.64,1.29,103.62,74.73,50.98,2026-08-09,3,6,4.932,4.890000000000001,2.708,-3.6000000000000005,False,True,1,MEDIUM,False,0.0653973888244122,NORMAL
AST-0015,2026-08-09 06:57:38.403936,6.27,3.23,103.2,45.89,53.07,2026-08-09,6,6,5.403999999999999,4.974,0.8660000000000005,-1.7440000000000002,False,True,1,MEDIUM,False,0.08963559645200864,NORMAL
AST-0015,2026-08-09 10:35:38.403936,2.67,2.92,104.32,66.48,54.19,2026-08-09,10,6,5.255999999999999,5.006000000000001,-2.5859999999999994,-2.086000000000001,False,True,1,MEDIUM,False,0.12160311190800305,NORMAL
AST-0015,2026-08-09 12:25:38.403936,3.65,2.91,101.88,65.44,81.75,2026-08-09,12,6,4.699999999999999,3.810000000000001,-1.0499999999999994,-0.9000000000000008,False,True,1,MEDIUM,False,0.15674232504297697,NORMAL
AST-0015,2026-08-09 14:08:38.403936,5.73,2.34,101.89,81.67,26.77,2026-08-09,14,6,5.192,2.5380000000000007,0.5380000000000003,-0.1980000000000008,False,False,0,LOW,False,0.035902627450479396,NORMAL
AST-0015,2026-08-09 14:20:38.403936,4.49,2.38,101.06,69.08,48.74,2026-08-09,14,6,4.561999999999999,2.7560000000000007,-0.0719999999999991,-0.3760000000000008,False,False,0,LOW,False,0.15881931686868078,NORMAL
AST-0015,2026-08-10 02:24:38.403936,6.59,3.75,101.67,71.26,89.66,2026-08-10,2,0,4.626,2.8600000000000008,1.9640000000000004,0.8899999999999992,False,True,1,MEDIUM,False,0.10442015552461403,NORMAL
AST-0015,2026-08-10 03:48:38.403936,3.48,2.74,102.15,71.95,85.29,2026-08-10,3,0,4.788,2.8240000000000007,-1.3080000000000005,-0.0840000000000005,False,False,0,LOW,False,0.14281793990344233,NORMAL
AST-0015,2026-08-10 04:08:38.403936,2.95,3.16,99.63,70.52,58.81,2026-08-10,4,0,4.648000000000001,2.874000000000001,-1.6980000000000004,0.2859999999999991,False,False,0,LOW,False,0.14160344714604406,NORMAL
AST-0015,2026-08-10 04:53:38.403936,5.56,2.39,100.04,70.99,71.94,2026-08-10,4,0,4.614,2.884000000000001,0.9459999999999996,-0.4940000000000011,False,False,0,LOW,False,0.15515390732604695,NORMAL
AST-0015,2026-08-10 09:12:38.403936,6.01,1.95,105.8,74.82,59.15,2026-08-10,9,0,4.918,2.798000000000001,1.0919999999999996,-0.848000000000001,False,True,1,MEDIUM,False,0.07151413052449268,NORMAL
AST-0015,2026-08-10 12:03:38.403936,4.27,2.07,101.65,77.84,61.94,2026-08-10,12,0,4.454,2.4620000000000006,-0.1840000000000001,-0.3920000000000008,False,False,0,LOW,False,0.14494175448695984,NORMAL
AST-0015,2026-08-10 16:00:38.403936,5.39,2.05,100.47,55.73,64.43,2026-08-10,16,0,4.836,2.3240000000000007,0.5539999999999994,-0.2740000000000009,False,False,0,LOW,False,0.1538371373013825,NORMAL
AST-0015,2026-08-10 18:20:38.403936,3.48,2.65,106.1,56.37,100.0,2026-08-10,18,0,4.942,2.2220000000000004,-1.4620000000000002,0.4279999999999995,False,False,0,LOW,False,0.001987843880284501,NORMAL
AST-0015,2026-08-10 20:06:38.403936,3.45,2.89,103.38,69.73,55.24,2026-08-10,20,0,4.52,2.3220000000000005,-1.0699999999999994,0.5679999999999996,False,True,1,MEDIUM,False,0.14665893125135732,NORMAL
AST-0015,2026-08-10 20:10:38.403936,-3.06,1.98,103.17,58.44,95.3,2026-08-10,20,0,2.706,2.3280000000000003,-5.766,-0.3480000000000003,True,False,1,MEDIUM,True,-0.003919693438253935,ANOMALOUS
AST-0015,2026-08-10 22:00:38.403936,4.81,0.87,100.81,58.18,46.97,2026-08-10,22,0,2.814,2.088000000000001,1.996,-1.2180000000000009,False,True,1,MEDIUM,False,0.10952878772742791,NORMAL
AST-0015,2026-08-11 00:39:38.403936,3.3,2.51,100.57,53.96,47.76,2026-08-11,0,1,2.396,2.1800000000000006,0.904,0.3299999999999992,False,False,0,LOW,False,0.13493326637413317,NORMAL
AST-0015,2026-08-11 03:50:38.403936,4.47,3.33,105.4,71.78,42.78,2026-08-11,3,1,2.594,2.3160000000000007,1.876,1.0139999999999991,False,True,1,MEDIUM,False,0.07245753475467986,NORMAL
AST-0015,2026-08-11 09:01:38.403936,5.77,0.73,106.14,79.95,59.88,2026-08-11,9,1,3.058,1.884000000000001,2.712,-1.154000000000001,False,True,1,MEDIUM,True,-0.00974243223681559,ANOMALOUS
AST-0015,2026-08-11 10:58:38.403936,5.21,2.7,103.27,81.65,83.26,2026-08-11,10,1,4.712000000000001,2.028000000000001,0.4979999999999993,0.6719999999999993,False,True,1,MEDIUM,False,0.09308814433045737,NORMAL
AST-0015,2026-08-11 11:52:38.403936,11.5,3.29,100.95,57.44,74.66,2026-08-11,11,1,6.05,2.5120000000000005,5.45,0.7779999999999996,True,True,2,HIGH,False,0.07258230037515889,NORMAL
AST-0015,2026-08-11 12:30:38.403936,2.9,2.72,97.96,66.33,75.88,2026-08-11,12,1,5.970000000000001,2.5540000000000007,-3.0700000000000007,0.1659999999999994,False,False,0,LOW,False,0.11817546320826788,NORMAL
AST-0015,2026-08-11 20:29:38.403936,0.75,4.33,98.52,48.55,83.41,2026-08-11,20,1,5.226,2.7540000000000004,-4.476,1.5759999999999996,False,True,1,MEDIUM,False,0.0024658464782231215,NORMAL
AST-0015,2026-08-11 21:10:38.403936,4.93,4.37,102.11,63.59,49.58,2026-08-11,21,1,5.058,3.4820000000000007,-0.1280000000000001,0.8879999999999995,False,True,1,MEDIUM,False,0.1199546376151931,NORMAL
AST-0015,2026-08-11 22:37:38.403936,3.65,1.86,101.38,69.35,57.91,2026-08-11,22,1,4.746,3.314000000000001,-1.0959999999999996,-1.4540000000000008,False,True,1,MEDIUM,False,0.16092073014091618,NORMAL
AST-0015,2026-08-12 01:33:38.403936,4.27,2.07,103.17,42.6,39.02,2026-08-12,1,2,3.3,3.070000000000001,0.9699999999999998,-1.000000000000001,False,True,1,MEDIUM,False,0.05169150326416916,NORMAL
AST-0015,2026-08-12 04:03:38.403936,5.92,2.26,98.83,77.74,63.28,2026-08-12,4,2,3.904,2.9780000000000006,2.016,-0.7180000000000009,False,True,1,MEDIUM,False,0.12084418873557978,NORMAL
AST-0015,2026-08-12 07:10:38.403936,4.72,2.76,101.47,71.86,70.63,2026-08-12,7,2,4.698,2.6640000000000006,0.0220000000000002,0.0959999999999992,False,False,0,LOW,False,0.16657896156798035,NORMAL
AST-0015,2026-08-12 07:25:38.403936,4.93,2.35,103.18,49.7,38.1,2026-08-12,7,2,4.698,2.2600000000000007,0.2320000000000002,0.0899999999999994,False,False,0,LOW,False,0.08914927116557975,NORMAL
AST-0015,2026-08-12 08:44:38.403936,5.34,2.61,103.47,71.71,40.15,2026-08-12,8,2,5.036,2.4100000000000006,0.3040000000000002,0.1999999999999993,False,False,0,LOW,False,0.1108724285346197,NORMAL
AST-0015,2026-08-12 15:27:38.403936,5.12,2.16,100.33,78.8,75.07,2026-08-12,15,2,5.206,2.428000000000001,-0.0859999999999994,-0.2680000000000007,False,False,0,LOW,False,0.1360671917608241,NORMAL
AST-0015,2026-08-12 19:46:38.403936,4.59,2.44,99.69,71.55,95.21,2026-08-12,19,2,4.94,2.4640000000000004,-0.3499999999999996,-0.0240000000000004,False,False,0,LOW,False,0.09470479468952031,NORMAL
AST-0015,2026-08-12 20:13:38.403936,6.01,1.24,103.46,65.38,84.65,2026-08-12,20,2,5.198,2.1600000000000006,0.8119999999999994,-0.9200000000000006,False,True,1,MEDIUM,False,0.10808875497873666,NORMAL
AST-0015,2026-08-13 02:01:38.403936,4.67,1.58,102.05,58.99,59.75,2026-08-13,2,3,5.146,2.0060000000000007,-0.476,-0.4260000000000006,False,False,0,LOW,False,0.14787286330592142,NORMAL
AST-0015,2026-08-13 10:06:38.403936,17.6,3.01,103.74,61.5,32.63,2026-08-13,10,3,7.598000000000001,2.0860000000000007,10.002,0.923999999999999,True,True,2,HIGH,True,-0.06418418433449224,ANOMALOUS
AST-0015,2026-08-13 15:36:38.403936,5.25,2.9,103.07,67.88,71.46,2026-08-13,15,3,7.624,2.234000000000001,-2.374000000000001,0.665999999999999,False,True,1,MEDIUM,False,0.16391913881155584,NORMAL
AST-0015,2026-08-13 18:08:38.403936,3.99,3.32,102.77,78.78,47.17,2026-08-13,18,3,7.504,2.410000000000001,-3.514,0.9099999999999988,False,True,1,MEDIUM,False,0.10462306674194899,NORMAL
AST-0015,2026-08-13 20:56:38.403936,3.98,2.22,100.66,85.77,71.87,2026-08-13,20,3,7.098000000000001,2.6060000000000008,-3.1180000000000008,-0.3860000000000005,False,False,0,LOW,False,0.09822501812670426,NORMAL
AST-0015,2026-08-14 05:30:38.403936,7.5,2.15,99.68,57.37,83.79,2026-08-14,5,4,7.664,2.7200000000000006,-0.1639999999999997,-0.5700000000000007,False,True,1,MEDIUM,False,0.10407237765397154,NORMAL
AST-0015,2026-08-14 08:33:38.403936,6.38,3.23,100.57,62.84,62.54,2026-08-14,8,4,5.42,2.7640000000000007,0.96,0.4659999999999993,False,False,0,LOW,False,0.16063569226323138,NORMAL
AST-0015,2026-08-14 09:15:38.403936,3.15,1.89,100.38,42.47,71.05,2026-08-14,9,4,5.0,2.5620000000000003,-1.85,-0.6720000000000004,False,True,1,MEDIUM,False,0.08043154405926733,NORMAL
AST-0015,2026-08-14 10:31:38.403936,4.2,1.27,101.33,62.5,74.21,2026-08-14,10,4,5.042,2.1520000000000006,-0.8419999999999996,-0.8820000000000006,False,True,1,MEDIUM,False,0.14310723239237222,NORMAL
AST-0015,2026-08-14 13:39:38.403936,5.51,2.33,102.43,63.55,97.82,2026-08-14,13,4,5.348000000000001,2.174000000000001,0.161999999999999,0.1559999999999992,False,False,0,LOW,False,0.10096577447468158,NORMAL
AST-0015,2026-08-14 15:01:38.403936,3.24,1.57,101.86,63.18,100.0,2026-08-14,15,4,4.496,2.0580000000000007,-1.2560000000000002,-0.4880000000000006,False,False,0,LOW,False,0.060435718914379544,NORMAL
AST-0015,2026-08-14 20:33:38.403936,6.56,2.56,105.16,72.38,53.39,2026-08-14,20,4,4.532,1.9240000000000008,2.028,0.6359999999999995,False,True,1,MEDIUM,False,0.09847042805675787,NORMAL
AST-0015,2026-08-15 03:22:38.403936,4.72,3.13,99.96,81.7,78.23,2026-08-15,3,5,4.846,2.1720000000000006,-0.1260000000000003,0.9579999999999992,False,True,1,MEDIUM,False,0.10397631843444405,NORMAL
AST-0015,2026-08-15 06:02:38.403936,5.08,2.93,104.5,57.12,49.34,2026-08-15,6,5,5.022,2.5040000000000004,0.0579999999999998,0.4259999999999997,False,False,0,LOW,False,0.11005203778237416,NORMAL
AST-0015,2026-08-15 07:13:38.403936,3.36,0.65,101.5,57.12,50.89,2026-08-15,7,5,4.5920000000000005,2.1680000000000006,-1.2320000000000009,-1.518000000000001,False,True,1,MEDIUM,False,0.09712096369376638,NORMAL
AST-0015,2026-08-15 10:07:38.403936,12.63,2.85,104.3,60.24,75.13,2026-08-15,10,5,6.469999999999999,2.4240000000000004,6.160000000000002,0.4259999999999997,True,False,1,MEDIUM,False,0.030806298339612792,NORMAL
AST-0015,2026-08-15 13:34:38.403936,2.48,3.74,101.64,66.34,34.47,2026-08-15,13,5,5.654,2.6600000000000006,-3.174,1.0799999999999996,False,True,1,MEDIUM,False,0.07267674160974902,NORMAL
AST-0015,2026-08-15 13:48:38.403936,4.41,3.4,101.47,57.53,82.82,2026-08-15,13,5,5.5920000000000005,2.714000000000001,-1.1820000000000004,0.685999999999999,False,True,1,MEDIUM,False,0.13949791439655346,NORMAL
AST-0015,2026-08-15 17:26:38.403936,2.18,2.92,101.28,70.66,56.3,2026-08-15,17,5,5.0120000000000005,2.7120000000000006,-2.8320000000000003,0.2079999999999993,False,False,0,LOW,False,0.14268127337428627,NORMAL
AST-0015,2026-08-15 23:20:38.403936,5.13,2.46,101.7,57.98,68.48,2026-08-15,23,5,5.366,3.0740000000000007,-0.2359999999999997,-0.6140000000000008,False,True,1,MEDIUM,False,0.16112323236044224,NORMAL
AST-0015,2026-08-16 02:21:38.403936,3.36,1.36,104.3,61.77,60.49,2026-08-16,2,6,3.5120000000000005,2.7760000000000007,-0.1520000000000005,-1.4160000000000006,False,True,1,MEDIUM,False,0.10798257789426852,NORMAL
AST-0015,2026-08-16 05:20:38.403936,8.26,2.14,105.09,62.37,40.3,2026-08-16,5,6,4.668,2.456000000000001,3.592,-0.3160000000000007,False,False,0,LOW,False,0.03956078378651878,NORMAL
AST-0015,2026-08-16 07:47:38.403936,5.67,2.06,102.53,56.63,88.83,2026-08-16,7,6,4.92,2.1880000000000006,0.75,-0.1280000000000005,False,False,0,LOW,False,0.12237811636144746,NORMAL
AST-0015,2026-08-16 12:57:38.403936,5.7,2.33,101.4,76.63,52.31,2026-08-16,12,6,5.6240000000000006,2.0700000000000007,0.0759999999999996,0.2599999999999993,False,False,0,LOW,False,0.1381495169195432,NORMAL
AST-0015,2026-08-16 15:01:38.403936,3.73,3.58,101.42,78.74,68.22,2026-08-16,15,6,5.344,2.294000000000001,-1.6140000000000003,1.2859999999999991,False,True,1,MEDIUM,False,0.12063405285295109,NORMAL
AST-0015,2026-08-16 18:23:38.403936,14.92,3.11,104.04,71.95,70.11,2026-08-16,18,6,7.656000000000001,2.644000000000001,7.263999999999999,0.4659999999999988,True,False,1,MEDIUM,True,-0.004876192803241142,ANOMALOUS
AST-0015,2026-08-16 18:37:38.403936,5.19,2.66,100.1,65.7,58.06,2026-08-16,18,6,7.042,2.7480000000000007,-1.8519999999999996,-0.0880000000000005,False,False,0,LOW,False,0.16430896872486056,NORMAL
AST-0015,2026-08-16 19:16:38.403936,8.92,2.7,99.97,69.53,60.21,2026-08-16,19,6,7.691999999999998,2.8760000000000003,1.2280000000000015,-0.1760000000000001,False,False,0,LOW,False,0.11213496752987112,NORMAL
AST-0015,2026-08-16 20:32:38.403936,4.92,7.72,100.58,62.68,47.72,2026-08-16,20,6,7.536,3.9540000000000006,-2.616,3.765999999999999,False,True,1,MEDIUM,False,0.020539191084804398,NORMAL
AST-0015,2026-08-16 21:11:38.403936,2.53,1.65,100.69,58.9,61.63,2026-08-16,21,6,7.295999999999999,3.5680000000000005,-4.766,-1.9180000000000008,False,True,1,MEDIUM,False,0.14296291710022213,NORMAL
AST-0015,2026-08-16 23:43:38.403936,6.66,1.96,104.9,64.6,39.25,2026-08-16,23,6,5.644,3.338000000000001,1.016,-1.378000000000001,False,True,1,MEDIUM,False,0.07016140001723109,NORMAL
AST-0015,2026-08-17 02:48:38.403936,5.67,2.48,103.7,54.05,7.82,2026-08-17,2,0,5.739999999999999,3.302000000000001,-0.0699999999999994,-0.822000000000001,False,True,1,MEDIUM,False,0.012074758295380517,NORMAL
AST-0015,2026-08-17 03:37:38.403936,2.24,1.72,101.97,59.71,61.08,2026-08-17,3,0,4.404,3.1060000000000008,-2.164,-1.3860000000000008,False,True,1,MEDIUM,False,0.13208507658457763,NORMAL
AST-0015,2026-08-17 05:04:38.403936,3.97,2.03,101.95,59.18,72.18,2026-08-17,5,0,4.214,1.9680000000000009,-0.2440000000000002,0.0619999999999991,False,False,0,LOW,False,0.15230974848880774,NORMAL
AST-0015,2026-08-17 05:33:38.403936,5.19,2.73,102.15,58.15,46.9,2026-08-17,5,0,4.746,2.1840000000000006,0.4439999999999999,0.5459999999999994,False,True,1,MEDIUM,False,0.1499002611071748,NORMAL
AST-0015,2026-08-17 06:52:38.403936,4.15,1.86,102.9,51.52,66.79,2026-08-17,6,0,4.244,2.1640000000000006,-0.0939999999999994,-0.3040000000000005,False,False,0,LOW,False,0.13091696217215165,NORMAL
AST-0015,2026-08-17 10:20:38.403936,4.89,3.91,101.04,75.05,69.13,2026-08-17,10,0,4.088,2.4500000000000006,0.8019999999999996,1.4599999999999995,False,True,1,MEDIUM,False,0.1330677120397447,NORMAL
AST-0015,2026-08-17 18:25:38.403936,5.23,2.26,106.36,62.72,60.85,2026-08-17,18,0,4.686000000000001,2.5580000000000007,0.5439999999999996,-0.2980000000000009,False,False,0,LOW,False,0.07515713628823495,NORMAL
AST-0015,2026-08-17 18:44:38.403936,4.57,3.66,102.83,71.59,36.04,2026-08-17,18,0,4.806,2.884000000000001,-0.2359999999999997,0.7759999999999994,False,True,1,MEDIUM,False,0.09008277739349224,NORMAL
AST-0015,2026-08-17 20:36:38.403936,1.93,2.19,98.16,50.08,46.98,2026-08-17,20,0,4.154000000000001,2.7760000000000007,-2.224000000000001,-0.5860000000000007,False,True,1,MEDIUM,False,0.049899543001894586,NORMAL
AST-0015,2026-08-17 20:58:38.403936,4.54,1.73,100.03,42.43,93.93,2026-08-17,20,0,4.232,2.750000000000001,0.3079999999999998,-1.020000000000001,False,True,1,MEDIUM,False,0.01403314874450734,NORMAL
AST-0015,2026-08-18 00:25:38.403936,4.68,2.79,101.59,74.97,53.62,2026-08-18,0,1,4.19,2.5260000000000007,0.4900000000000002,0.2639999999999993,False,False,0,LOW,False,0.1525125386182638,NORMAL
AST-0015,2026-08-18 04:10:38.403936,2.12,3.64,101.62,61.04,58.2,2026-08-18,4,1,3.568,2.8020000000000005,-1.448,0.8379999999999996,False,True,1,MEDIUM,False,0.13097242248749402,NORMAL
AST-0015,2026-08-18 07:59:38.403936,3.83,2.4,102.14,80.0,40.29,2026-08-18,7,1,3.4199999999999995,2.5500000000000007,0.4100000000000006,-0.1500000000000008,False,False,0,LOW,False,0.09120324254004847,NORMAL
AST-0015,2026-08-18 14:23:38.403936,3.92,3.31,101.52,91.07,68.48,2026-08-18,14,1,3.818,2.774000000000001,0.1019999999999998,0.5359999999999991,False,True,1,MEDIUM,False,0.04613246540298577,NORMAL
AST-0015,2026-08-18 22:54:38.403936,5.69,4.06,102.03,76.03,62.2,2026-08-18,22,1,4.048,3.2400000000000007,1.6420000000000003,0.819999999999999,False,True,1,MEDIUM,False,0.12188393313880552,NORMAL
AST-0015,2026-08-18 23:30:38.403936,2.31,2.25,99.8,68.19,89.13,2026-08-18,23,1,3.5740000000000003,3.132000000000001,-1.2640000000000002,-0.8820000000000006,False,True,1,MEDIUM,False,0.10933186544906726,NORMAL
AST-0015,2026-08-19 00:39:38.403936,3.49,2.77,98.17,69.07,100.0,2026-08-19,0,2,3.848,2.9580000000000006,-0.3579999999999996,-0.1880000000000006,False,False,0,LOW,False,0.04752567177314454,NORMAL
AST-0015,2026-08-19 04:27:38.403936,3.23,1.21,102.81,54.18,58.9,2026-08-19,4,2,3.728,2.7200000000000006,-0.4980000000000002,-1.510000000000001,False,True,1,MEDIUM,False,0.11390282269988589,NORMAL
AST-0015,2026-08-19 06:54:38.403936,4.28,2.34,101.67,68.33,75.08,2026-08-19,6,2,3.8,2.5260000000000007,0.4800000000000004,-0.1860000000000008,False,False,0,LOW,False,0.17020493099776296,NORMAL
AST-0015,2026-08-19 13:25:38.403936,5.84,3.24,101.64,71.76,64.32,2026-08-19,13,2,3.83,2.362000000000001,2.01,0.8779999999999992,False,True,1,MEDIUM,False,0.15687963997441245,NORMAL
AST-0015,2026-08-19 13:41:38.403936,4.08,2.96,104.12,58.72,66.78,2026-08-19,13,2,4.184,2.5040000000000004,-0.104,0.4559999999999995,False,False,0,LOW,False,0.1350835457515734,NORMAL
AST-0015,2026-08-19 19:14:38.403936,2.19,4.25,99.37,63.38,69.65,2026-08-19,19,2,3.924,2.8000000000000007,-1.7340000000000004,1.4499999999999993,False,True,1,MEDIUM,False,0.09687586004654225,NORMAL
AST-0015,2026-08-19 19:56:38.403936,5.27,1.98,100.08,59.72,89.36,2026-08-19,19,2,4.331999999999999,2.9540000000000006,0.9380000000000006,-0.9740000000000006,False,True,1,MEDIUM,False,0.1255834883157626,NORMAL
AST-0015,2026-08-19 22:09:38.403936,1.92,2.64,101.3,49.8,64.0,2026-08-19,22,2,3.86,3.0140000000000007,-1.9399999999999995,-0.3740000000000005,False,False,0,LOW,False,0.11730772735565348,NORMAL
AST-0015,2026-08-19 22:29:38.403936,3.34,2.07,105.09,63.5,68.6,2026-08-19,22,2,3.3599999999999994,2.78,-0.0199999999999995,-0.7100000000000004,False,True,1,MEDIUM,False,0.11575817944620287,NORMAL
AST-0015,2026-08-20 02:53:38.403936,12.79,1.94,101.16,57.62,52.38,2026-08-20,2,3,5.101999999999999,2.5760000000000005,7.688,-0.6360000000000006,True,True,2,HIGH,False,0.049922931842895146,NORMAL
AST-0015,2026-08-20 08:36:38.403936,2.92,1.88,98.3,64.37,75.8,2026-08-20,8,3,5.247999999999999,2.1020000000000008,-2.3279999999999994,-0.2220000000000008,False,False,0,LOW,False,0.11827911536891589,NORMAL
AST-0015,2026-08-20 16:55:38.403936,3.44,8.8,98.34,42.09,45.05,2026-08-20,16,3,4.882,3.466000000000001,-1.4419999999999995,5.334,False,True,1,MEDIUM,True,-0.09271259527932652,ANOMALOUS
AST-0015,2026-08-20 17:48:38.403936,3.89,3.07,105.86,58.82,37.37,2026-08-20,17,3,5.276,3.5520000000000005,-1.3859999999999997,-0.4820000000000006,False,False,0,LOW,False,0.0429713433381988,NORMAL
AST-0015,2026-08-20 18:34:38.403936,1.89,2.01,104.44,79.48,81.9,2026-08-20,18,3,4.986,3.5400000000000005,-3.096,-1.5300000000000007,False,True,1,MEDIUM,False,0.05417650679959851,NORMAL
AST-0015,2026-08-20 19:33:38.403936,5.6,3.31,101.35,56.36,93.61,2026-08-20,19,3,3.548,3.814000000000001,2.052,-0.5040000000000009,False,True,1,MEDIUM,False,0.10078686786924684,NORMAL
AST-0015,2026-08-20 21:40:38.403936,4.87,3.1,100.12,75.89,71.88,2026-08-20,21,3,3.938,4.058000000000001,0.9320000000000004,-0.9580000000000006,False,True,1,MEDIUM,False,0.1443297469660253,NORMAL
AST-0015,2026-08-21 01:44:38.403936,4.82,2.42,100.21,68.99,64.32,2026-08-21,1,4,4.214,2.782000000000001,0.6059999999999999,-0.362000000000001,False,False,0,LOW,False,0.16859491524971854,NORMAL
AST-0015,2026-08-21 05:55:38.403936,14.67,2.09,101.0,60.47,91.14,2026-08-21,5,4,6.369999999999999,2.5860000000000007,8.3,-0.4960000000000009,True,False,1,MEDIUM,False,0.004443696928205343,NORMAL
AST-0015,2026-08-21 08:30:38.403936,6.45,1.61,104.85,53.24,53.22,2026-08-21,8,4,7.282000000000001,2.5060000000000007,-0.8320000000000007,-0.8960000000000006,False,True,1,MEDIUM,False,0.07342832714908198,NORMAL
AST-0015,2026-08-21 12:57:38.403936,4.92,1.91,100.19,69.05,44.51,2026-08-21,12,4,7.145999999999999,2.2260000000000004,-2.225999999999999,-0.3160000000000005,False,False,0,LOW,False,0.13528656295670383,NORMAL
AST-0015,2026-08-21 16:37:38.403936,5.06,2.63,102.21,54.81,71.48,2026-08-21,16,4,7.184,2.132000000000001,-2.124000000000001,0.4979999999999993,False,False,0,LOW,False,0.1550662151741275,NORMAL
AST-0015,2026-08-22 01:56:38.403936,5.26,2.62,101.94,76.87,87.02,2026-08-22,1,5,7.272,2.1720000000000006,-2.0120000000000005,0.4479999999999995,False,False,0,LOW,False,0.13043375851664785,NORMAL
AST-0015,2026-08-22 04:23:38.403936,1.67,8.62,96.45,49.16,78.69,2026-08-22,4,5,4.672,3.478,-3.002,5.142,False,True,1,MEDIUM,True,-0.09520121978253082,ANOMALOUS
AST-0015,2026-08-22 04:30:38.403936,4.54,3.2,98.56,70.05,56.65,2026-08-22,4,5,4.29,3.7960000000000007,0.25,-0.5960000000000005,False,True,1,MEDIUM,False,0.13133434181098796,NORMAL
AST-0015,2026-08-22 04:43:38.403936,5.41,2.89,102.21,92.01,63.63,2026-08-22,4,5,4.388,3.992000000000001,1.0220000000000002,-1.1020000000000008,False,True,1,MEDIUM,False,0.03525310108248636,NORMAL
AST-0015,2026-08-22 04:48:38.403936,7.21,2.35,102.74,52.07,47.78,2026-08-22,4,5,4.818,3.936000000000001,2.3920000000000003,-1.5860000000000007,False,True,1,MEDIUM,False,0.11257612683640306,NORMAL
AST-0015,2026-08-22 08:47:38.403936,9.92,3.46,103.17,61.47,53.75,2026-08-22,8,5,5.75,4.104000000000001,4.17,-0.644000000000001,False,True,1,MEDIUM,False,0.08365744981605422,NORMAL
AST-0015,2026-08-22 09:06:38.403936,4.77,1.07,99.79,62.05,68.74,2026-08-22,9,5,6.37,2.5940000000000007,-1.6000000000000003,-1.524000000000001,False,True,1,MEDIUM,False,0.13641744532220568,NORMAL
AST-0015,2026-08-22 11:42:38.403936,3.88,2.11,100.43,68.94,57.42,2026-08-22,11,5,6.238,2.3760000000000003,-2.3580000000000005,-0.2660000000000004,False,False,0,LOW,False,0.16370983645555448,NORMAL
AST-0015,2026-08-22 16:16:38.403936,6.8,2.07,97.89,53.83,87.24,2026-08-22,16,5,6.516,2.2120000000000006,0.2839999999999998,-0.1420000000000008,False,False,0,LOW,False,0.06757261212941701,NORMAL
AST-0015,2026-08-22 16:56:38.403936,4.26,2.48,99.43,60.57,49.07,2026-08-22,16,5,5.926,2.238000000000001,-1.6660000000000004,0.2419999999999991,False,False,0,LOW,False,0.14260073688747205,NORMAL
AST-0015,2026-08-22 19:09:38.403936,5.35,1.57,105.97,77.96,65.23,2026-08-22,19,5,5.0120000000000005,1.8600000000000003,0.3379999999999992,-0.2900000000000005,False,False,0,LOW,False,0.04317679253890039,NORMAL
AST-0015,2026-08-23 01:01:38.403936,1.91,2.28,101.25,84.53,77.37,2026-08-23,1,6,4.44,2.1020000000000003,-2.53,0.1779999999999995,False,False,0,LOW,False,0.07593708150411066,NORMAL
AST-0015,2026-08-23 12:58:38.403936,3.27,1.55,102.18,66.76,62.26,2026-08-23,12,6,4.318,1.9900000000000009,-1.0479999999999996,-0.4400000000000006,False,False,0,LOW,False,0.15095641983003305,NORMAL
AST-0015,2026-08-23 15:28:38.403936,5.7,2.95,101.37,67.66,54.25,2026-08-23,15,6,4.098,2.1660000000000004,1.6020000000000003,0.7839999999999998,False,True,1,MEDIUM,False,0.1595743127369726,NORMAL
AST-0015,2026-08-23 15:32:38.403936,4.0,9.98,103.15,76.48,79.76,2026-08-23,15,6,4.045999999999999,3.666,-0.0459999999999993,6.314,False,True,1,MEDIUM,True,-0.03694668160609771,ANOMALOUS
AST-0015,2026-08-23 16:19:38.403936,5.07,2.28,104.75,62.31,75.04,2026-08-23,16,6,3.99,3.8080000000000007,1.0800000000000003,-1.528000000000001,False,True,1,MEDIUM,False,0.1265420370536895,NORMAL
AST-0015,2026-08-24 01:15:38.403936,5.54,2.15,103.44,67.95,52.77,2026-08-24,1,0,4.715999999999999,3.782000000000001,0.8240000000000007,-1.632000000000001,False,True,1,MEDIUM,False,0.1468060919823011,NORMAL
AST-0015,2026-08-24 02:07:38.403936,3.38,1.07,103.63,64.75,24.89,2026-08-24,2,0,4.738,3.686000000000001,-1.3580000000000003,-2.6160000000000005,False,True,1,MEDIUM,False,0.024887735603626893,NORMAL
AST-0015,2026-08-24 03:47:38.403936,3.59,2.86,100.38,58.05,44.22,2026-08-24,3,0,4.316000000000001,3.6680000000000006,-0.7260000000000009,-0.8080000000000007,False,True,1,MEDIUM,False,0.13641586770833736,NORMAL
AST-0015,2026-08-24 04:48:38.403936,4.57,1.81,100.53,75.06,54.62,2026-08-24,4,0,4.430000000000001,2.0340000000000007,0.1399999999999996,-0.2240000000000006,False,False,0,LOW,False,0.14080846532965158,NORMAL
AST-0015,2026-08-24 07:48:38.403936,6.18,2.5,101.28,61.72,67.79,2026-08-24,7,0,4.652,2.0780000000000007,1.5279999999999996,0.4219999999999992,False,False,0,LOW,False,0.16738171924154083,NORMAL
AST-0015,2026-08-24 09:36:38.403936,2.11,3.55,99.03,72.47,47.0,2026-08-24,9,0,3.966,2.3580000000000005,-1.856,1.1919999999999993,False,True,1,MEDIUM,False,0.07972017606048393,NORMAL
AST-0015,2026-08-24 10:02:38.403936,7.28,2.92,103.53,69.02,70.61,2026-08-24,10,0,4.746,2.7280000000000006,2.5340000000000007,0.1919999999999992,False,False,0,LOW,False,0.13232440600627188,NORMAL
AST-0015,2026-08-24 13:09:38.403936,1.17,2.44,99.36,50.1,44.66,2026-08-24,13,0,4.262,2.644000000000001,-3.092,-0.2040000000000006,False,False,0,LOW,False,0.05775939239993505,NORMAL
AST-0015,2026-08-24 13:18:38.403936,3.33,3.44,104.3,56.84,38.81,2026-08-24,13,0,4.014,2.9700000000000006,-0.6840000000000002,0.4699999999999993,False,False,0,LOW,False,0.07041789662895898,NORMAL
AST-0015,2026-08-24 14:29:38.403936,6.8,2.98,99.88,66.17,69.25,2026-08-24,14,0,4.138,3.0660000000000003,2.662,-0.0860000000000003,False,False,0,LOW,False,0.1492701434153495,NORMAL
AST-0015,2026-08-24 15:13:38.403936,4.14,3.0,103.14,63.72,59.5,2026-08-24,15,0,4.544,2.956000000000001,-0.4039999999999999,0.0439999999999991,False,False,0,LOW,False,0.1636484700936977,NORMAL
AST-0015,2026-08-24 20:13:38.403936,4.92,2.73,97.92,55.22,100.0,2026-08-24,20,0,4.072,2.9180000000000006,0.8479999999999999,-0.1880000000000006,False,False,0,LOW,False,0.02840469782792765,NORMAL
AST-0015,2026-08-24 20:58:38.403936,4.64,3.43,103.15,65.34,58.48,2026-08-24,20,0,4.766,3.1160000000000005,-0.1260000000000003,0.3139999999999996,False,False,0,LOW,False,0.1532774213953122,NORMAL
AST-0015,2026-08-24 21:07:38.403936,8.51,3.75,102.26,61.62,50.63,2026-08-24,21,0,5.802,3.178000000000001,2.708,0.5719999999999992,False,True,1,MEDIUM,False,0.09995275893803685,NORMAL
AST-0015,2026-08-24 23:09:38.403936,4.2,0.96,102.27,56.87,57.98,2026-08-24,23,0,5.281999999999999,2.7740000000000005,-1.081999999999999,-1.8140000000000005,False,True,1,MEDIUM,False,0.11801618414555992,NORMAL
AST-0015,2026-08-25 00:23:38.403936,2.87,2.95,102.43,63.62,79.04,2026-08-25,0,1,5.028,2.7640000000000007,-2.1579999999999995,0.1859999999999995,False,False,0,LOW,False,0.1493809530222907,NORMAL
AST-0015,2026-08-25 03:26:38.403936,5.67,2.41,101.74,66.61,64.67,2026-08-25,3,1,5.178,2.7000000000000006,0.492,-0.2900000000000005,False,False,0,LOW,False,0.16987043725632217,NORMAL
AST-0015,2026-08-25 07:43:38.403936,2.51,2.28,102.55,63.77,81.24,2026-08-25,7,1,4.752,2.470000000000001,-2.242,-0.1900000000000012,False,False,0,LOW,False,0.1403566206736695,NORMAL
AST-0015,2026-08-25 17:45:38.403936,3.67,2.51,101.11,52.28,44.24,2026-08-25,17,1,3.784,2.222000000000001,-0.1140000000000003,0.2879999999999989,False,False,0,LOW,False,0.1243814180913595,NORMAL
AST-0015,2026-08-25 21:06:38.403936,3.89,1.7,102.6,73.58,60.78,2026-08-25,21,1,3.722,2.370000000000001,0.1680000000000001,-0.6700000000000006,False,True,1,MEDIUM,False,0.14816802900443843,NORMAL
AST-0015,2026-08-25 21:45:38.403936,5.9,1.83,100.68,68.31,82.56,2026-08-25,21,1,4.328,2.1460000000000004,1.572,-0.3160000000000003,False,False,0,LOW,False,0.1457453165185703,NORMAL
AST-0015,2026-08-26 00:24:38.403936,4.06,1.49,102.59,69.83,77.52,2026-08-26,0,2,4.006,1.9620000000000009,0.0539999999999993,-0.4720000000000008,False,False,0,LOW,False,0.1415711146850031,NORMAL
AST-0015,2026-08-26 01:12:38.403936,3.84,1.59,96.38,55.19,62.95,2026-08-26,1,2,4.272,1.8240000000000005,-0.4320000000000004,-0.2340000000000004,False,False,0,LOW,False,0.058783067468532346,NORMAL
AST-0015,2026-08-26 01:22:38.403936,1.28,3.3,98.3,66.07,70.99,2026-08-26,1,2,3.794,1.9820000000000009,-2.514,1.3179999999999992,False,True,1,MEDIUM,False,0.09199759338400698,NORMAL
AST-0015,2026-08-26 02:00:38.403936,2.83,1.23,100.2,71.25,65.06,2026-08-26,2,2,3.582,1.8880000000000008,-0.7519999999999998,-0.6580000000000006,False,True,1,MEDIUM,False,0.12236823182982864,NORMAL
AST-0015,2026-08-26 05:37:38.403936,4.59,3.22,98.78,67.58,80.21,2026-08-26,5,2,3.3200000000000003,2.166000000000001,1.2699999999999996,1.0539999999999994,False,True,1,MEDIUM,False,0.1364399367634268,NORMAL
AST-0015,2026-08-26 06:21:38.403936,3.16,3.89,102.07,66.08,60.5,2026-08-26,6,2,3.14,2.646000000000001,0.02,1.243999999999999,False,True,1,MEDIUM,False,0.1424642646147507,NORMAL
AST-0015,2026-08-26 06:30:38.403936,6.43,2.29,101.86,55.67,47.06,2026-08-26,6,2,3.658,2.7860000000000005,2.772,-0.4960000000000004,False,False,0,LOW,False,0.13704202673572335,NORMAL
AST-0015,2026-08-26 08:57:38.403936,4.31,1.74,98.09,67.03,51.39,2026-08-26,8,2,4.264,2.4740000000000006,0.0459999999999993,-0.7340000000000007,False,True,1,MEDIUM,False,0.11173516871469169,NORMAL
AST-0015,2026-08-26 09:16:38.403936,5.75,2.36,100.34,59.21,59.42,2026-08-26,9,2,4.848,2.7000000000000006,0.902,-0.3400000000000007,False,False,0,LOW,False,0.15619978996042622,NORMAL
AST-0015,2026-08-26 13:55:38.403936,4.21,1.77,98.2,55.51,34.6,2026-08-26,13,2,4.772,2.410000000000001,-0.5620000000000003,-0.640000000000001,False,True,1,MEDIUM,False,0.06208017241487945,NORMAL
AST-0015,2026-08-26 14:06:38.403936,3.58,1.85,104.33,50.74,27.78,2026-08-26,14,2,4.856,2.0020000000000007,-1.2759999999999998,-0.1520000000000005,False,False,0,LOW,False,0.01880601093355505,NORMAL
AST-0015,2026-08-26 15:08:38.403936,2.58,2.44,99.49,72.91,79.66,2026-08-26,15,2,4.086,2.032000000000001,-1.5060000000000002,0.407999999999999,False,False,0,LOW,False,0.13196196053292325,NORMAL
AST-0015,2026-08-26 15:26:38.403936,4.37,2.18,100.29,63.64,64.13,2026-08-26,15,2,4.098000000000001,2.120000000000001,0.2719999999999993,0.0599999999999991,False,False,0,LOW,False,0.16969313442236733,NORMAL
AST-0015,2026-08-26 17:28:38.403936,6.65,2.65,102.62,50.01,86.5,2026-08-26,17,2,4.2780000000000005,2.178000000000001,2.372,0.4719999999999991,False,False,0,LOW,False,0.09915648335397548,NORMAL
AST-0015,2026-08-26 20:18:38.403936,2.85,3.94,99.59,58.31,47.39,2026-08-26,20,2,4.006,2.6120000000000005,-1.156,1.3279999999999994,False,True,1,MEDIUM,False,0.10778084782690406,NORMAL
AST-0015,2026-08-26 20:44:38.403936,4.44,3.11,103.77,56.86,59.43,2026-08-26,20,2,4.178,2.8640000000000008,0.2620000000000004,0.2459999999999991,False,False,0,LOW,False,0.13274639119401516,NORMAL
AST-0015,2026-08-26 23:21:38.403936,4.49,3.17,103.29,69.61,57.92,2026-08-26,23,2,4.5600000000000005,3.0100000000000007,-0.0700000000000002,0.1599999999999992,False,False,0,LOW,False,0.1509463068548904,NORMAL
AST-0015,2026-08-27 00:08:38.403936,2.7,3.21,101.87,63.53,75.17,2026-08-27,0,3,4.226,3.216000000000001,-1.5259999999999998,-0.0060000000000011,False,False,0,LOW,False,0.1518363689797786,NORMAL
AST-0015,2026-08-27 00:23:38.403936,4.01,3.06,100.3,51.66,75.14,2026-08-27,0,3,3.698,3.2980000000000005,0.3119999999999994,-0.2380000000000004,False,False,0,LOW,False,0.14488346359229137,NORMAL
AST-0015,2026-08-27 03:27:38.403936,6.07,2.46,103.63,58.8,77.73,2026-08-27,3,3,4.3420000000000005,3.002,1.7279999999999998,-0.5420000000000003,False,True,1,MEDIUM,False,0.13032061588338612,NORMAL
AST-0015,2026-08-27 04:41:38.403936,2.52,2.01,101.23,60.71,52.54,2026-08-27,4,3,3.9580000000000006,2.782000000000001,-1.4380000000000006,-0.7720000000000011,False,True,1,MEDIUM,False,0.14532459075998555,NORMAL
AST-0015,2026-08-27 05:57:38.403936,3.64,2.51,102.75,79.93,81.36,2026-08-27,5,3,3.788,2.650000000000001,-0.1480000000000001,-0.140000000000001,False,False,0,LOW,False,0.1108382736459298,NORMAL
AST-0015,2026-08-27 06:19:38.403936,2.44,2.66,98.48,68.57,100.0,2026-08-27,6,3,3.736,2.5400000000000005,-1.2959999999999998,0.1199999999999996,False,False,0,LOW,False,0.04050135295470664,NORMAL
AST-0015,2026-08-27 06:45:38.403936,7.57,2.92,101.91,54.42,76.22,2026-08-27,6,3,4.448,2.5120000000000005,3.122,0.4079999999999995,False,False,0,LOW,False,0.12527918109987163,NORMAL
AST-0015,2026-08-27 14:56:38.403936,3.9,0.93,100.52,55.33,59.94,2026-08-27,14,3,4.014,2.2060000000000004,-0.1140000000000003,-1.2760000000000002,False,True,1,MEDIUM,False,0.11548862745050259,NORMAL
AST-0015,2026-08-27 18:38:38.403936,3.7,7.29,100.17,51.69,61.04,2026-08-27,18,3,4.25,3.2620000000000005,-0.5499999999999998,4.028,False,True,1,MEDIUM,False,0.018335684227962945,NORMAL
AST-0015,2026-08-27 21:10:38.403936,4.96,1.75,102.6,61.93,76.95,2026-08-27,21,3,4.514,3.1100000000000008,0.4459999999999997,-1.3600000000000008,False,True,1,MEDIUM,False,0.15254818301602002,NORMAL
AST-0015,2026-08-28 00:25:38.403936,2.66,2.9,100.37,63.94,100.0,2026-08-28,0,4,4.558000000000001,3.158000000000001,-1.8980000000000008,-0.2580000000000009,False,False,0,LOW,False,0.0732782081860292,NORMAL
AST-0015,2026-08-28 01:05:38.403936,3.27,1.67,102.94,68.96,68.06,2026-08-28,1,4,3.698,2.908000000000001,-0.4280000000000004,-1.2380000000000009,False,True,1,MEDIUM,False,0.14573019124038927,NORMAL
AST-0015,2026-08-28 02:56:38.403936,5.46,3.2,104.72,77.1,72.91,2026-08-28,2,4,4.01,3.3620000000000005,1.4500000000000002,-0.1620000000000003,False,False,0,LOW,False,0.09784409694765989,NORMAL
AST-0015,2026-08-28 06:08:38.403936,6.75,1.97,103.27,66.76,41.72,2026-08-28,6,4,4.62,2.298000000000001,2.13,-0.3280000000000009,False,False,0,LOW,False,0.10765173153989327,NORMAL
AST-0015,2026-08-28 08:00:38.403936,-5.41,2.51,102.07,63.45,77.85,2026-08-28,8,4,2.5460000000000003,2.4500000000000006,-7.956,0.0599999999999991,True,False,1,MEDIUM,False,0.012691387350458161,NORMAL
AST-0015,2026-08-28 09:20:38.403936,5.36,1.94,98.22,63.55,56.97,2026-08-28,9,4,3.086,2.2580000000000005,2.2740000000000005,-0.3180000000000005,False,False,0,LOW,False,0.1248679081436172,NORMAL
AST-0015,2026-08-28 14:41:38.403936,3.59,2.39,102.87,76.73,55.57,2026-08-28,14,4,3.15,2.4020000000000006,0.4399999999999999,-0.0120000000000004,False,False,0,LOW,False,0.13546520270163803,NORMAL
AST-0016,2026-07-29 23:43:38.403936,4.52,0.72,102.76,59.45,26.17,2026-07-29,23,2,4.52,0.72,0.0,0.0,False,False,0,LOW,False,0.03783297758987497,NORMAL
AST-0016,2026-07-30 03:05:38.403936,4.33,2.23,105.21,52.74,67.43,2026-07-30,3,3,4.425,1.475,-0.0949999999999997,0.7549999999999999,False,True,1,MEDIUM,False,0.09242855754953011,NORMAL
AST-0016,2026-07-30 04:26:38.403936,4.53,3.57,103.58,79.35,91.29,2026-07-30,4,3,4.46,2.1733333333333333,0.0700000000000002,1.3966666666666665,False,True,1,MEDIUM,False,0.05700097185848979,NORMAL
AST-0016,2026-07-30 05:58:38.403936,5.44,6.87,104.04,62.4,59.55,2026-07-30,5,3,4.705,3.3475,0.7350000000000003,3.5225,False,True,1,MEDIUM,False,0.023336353880857308,NORMAL
AST-0016,2026-07-30 08:24:38.403936,3.89,1.66,97.54,54.75,67.07,2026-07-30,8,3,4.542,3.01,-0.6519999999999997,-1.35,False,True,1,MEDIUM,False,0.08927690333904675,NORMAL
AST-0016,2026-07-30 08:36:38.403936,4.28,1.36,100.35,62.01,58.55,2026-07-30,8,3,4.494,3.138,-0.2139999999999995,-1.7779999999999998,False,True,1,MEDIUM,False,0.14510503117529905,NORMAL
AST-0016,2026-07-30 08:38:38.403936,6.31,4.38,102.61,79.93,77.97,2026-07-30,8,3,4.890000000000001,3.568,1.419999999999999,0.8119999999999998,False,True,1,MEDIUM,False,0.06313199757151178,NORMAL
AST-0016,2026-07-30 10:36:38.403936,4.23,2.04,100.58,60.07,47.32,2026-07-30,10,3,4.83,3.262,-0.5999999999999996,-1.2219999999999995,False,True,1,MEDIUM,False,0.14849432829095327,NORMAL
AST-0016,2026-07-30 17:52:38.403936,4.77,1.45,101.38,66.63,67.32,2026-07-30,17,3,4.696,2.178,0.0739999999999998,-0.728,False,True,1,MEDIUM,False,0.15523365703738895,NORMAL
AST-0016,2026-07-31 05:15:38.403936,4.81,3.95,101.47,67.37,77.4,2026-07-31,5,4,4.88,2.636,-0.0700000000000002,1.314,False,True,1,MEDIUM,False,0.14404165731949192,NORMAL
AST-0016,2026-07-31 07:19:38.403936,5.07,3.57,101.83,58.51,80.9,2026-07-31,7,4,5.037999999999999,3.078,0.0320000000000009,0.492,False,False,0,LOW,False,0.13737897971523266,NORMAL
AST-0016,2026-07-31 09:00:38.403936,4.77,2.46,100.8,62.9,75.95,2026-07-31,9,4,4.73,2.694,0.04,-0.2339999999999999,False,False,0,LOW,False,0.16726460979531155,NORMAL
AST-0016,2026-08-01 00:31:38.403936,3.59,2.39,103.22,67.08,70.54,2026-08-01,0,5,4.601999999999999,2.764,-1.0119999999999996,-0.3740000000000001,False,False,0,LOW,False,0.16193565478693922,NORMAL
AST-0016,2026-08-01 02:00:38.403936,3.9,2.49,98.96,66.33,73.67,2026-08-01,2,5,4.427999999999999,2.972,-0.5279999999999991,-0.4819999999999997,False,False,0,LOW,False,0.15133040096205658,NORMAL
AST-0016,2026-08-01 04:43:38.403936,3.5,2.26,99.44,57.22,66.34,2026-08-01,4,5,4.166,2.6339999999999995,-0.6659999999999995,-0.3739999999999996,False,False,0,LOW,False,0.14977202093381126,NORMAL
AST-0016,2026-08-01 06:51:38.403936,4.81,2.75,102.37,64.92,29.68,2026-08-01,6,5,4.114,2.47,0.6959999999999997,0.2800000000000002,False,False,0,LOW,False,0.09759721208652661,NORMAL
AST-0016,2026-08-01 11:00:38.403936,4.17,3.81,100.91,52.33,52.95,2026-08-01,11,5,3.994,2.7399999999999998,0.1760000000000001,1.0700000000000007,False,True,1,MEDIUM,False,0.12622571536687693,NORMAL
AST-0016,2026-08-01 12:51:38.403936,5.99,2.18,99.81,42.46,48.14,2026-08-01,12,5,4.473999999999999,2.6979999999999995,1.516000000000001,-0.5179999999999993,False,True,1,MEDIUM,False,0.06423094175450761,NORMAL
AST-0016,2026-08-01 16:30:38.403936,2.73,2.85,103.52,72.55,84.52,2026-08-01,16,5,4.24,2.77,-1.5100000000000002,0.0800000000000005,False,False,0,LOW,False,0.12113518511019472,NORMAL
AST-0016,2026-08-01 23:20:38.403936,4.62,2.82,101.26,48.96,65.56,2026-08-01,23,5,4.464,2.882,0.1559999999999997,-0.0620000000000002,False,False,0,LOW,False,0.13506352241864295,NORMAL
AST-0016,2026-08-02 03:36:38.403936,7.43,3.69,100.4,44.91,61.08,2026-08-02,3,6,4.988,3.07,2.442,0.6200000000000001,False,True,1,MEDIUM,False,0.06228408355180515,NORMAL
AST-0016,2026-08-02 03:42:38.403936,2.94,1.61,101.35,53.22,57.35,2026-08-02,3,6,4.742,2.63,-1.802,-1.0199999999999998,False,True,1,MEDIUM,False,0.12913934081419404,NORMAL
AST-0016,2026-08-02 04:14:38.403936,4.39,2.24,98.49,59.53,63.24,2026-08-02,4,6,4.422,2.642,-0.032,-0.4019999999999997,False,False,0,LOW,False,0.14004234160442214,NORMAL
AST-0016,2026-08-02 06:20:38.403936,1.43,3.43,100.63,69.25,86.55,2026-08-02,6,6,4.162000000000001,2.758,-2.732000000000001,0.6720000000000006,False,True,1,MEDIUM,False,0.09999400596300034,NORMAL
AST-0016,2026-08-02 09:20:38.403936,4.69,2.64,102.54,56.87,95.32,2026-08-02,9,6,4.176,2.722,0.5140000000000002,-0.0819999999999998,False,False,0,LOW,False,0.09472226439017012,NORMAL
AST-0016,2026-08-02 10:57:38.403936,5.53,2.06,102.76,73.88,62.11,2026-08-02,10,6,3.796,2.396,1.734,-0.3359999999999998,False,False,0,LOW,False,0.14948965951877718,NORMAL
AST-0016,2026-08-02 11:11:38.403936,4.79,2.06,99.18,53.23,93.12,2026-08-02,11,6,4.166,2.486,0.6240000000000006,-0.4259999999999997,False,False,0,LOW,False,0.0832727385444525,NORMAL
AST-0016,2026-08-02 14:33:38.403936,4.23,3.14,103.71,63.9,92.61,2026-08-02,14,6,4.134,2.6659999999999995,0.0960000000000009,0.4740000000000006,False,False,0,LOW,False,0.09880028661671114,NORMAL
AST-0016,2026-08-02 22:52:38.403936,5.48,2.64,97.06,71.62,100.0,2026-08-02,22,6,4.944,2.508,0.5360000000000005,0.1320000000000001,False,False,0,LOW,False,0.01698897470033134,NORMAL
AST-0016,2026-08-03 00:26:38.403936,4.43,2.16,100.16,68.3,37.69,2026-08-03,0,0,4.892,2.412,-0.4620000000000006,-0.2519999999999998,False,False,0,LOW,False,0.117777056244808,NORMAL
AST-0016,2026-08-03 02:30:38.403936,4.13,1.92,102.18,58.52,30.59,2026-08-03,2,0,4.612,2.3839999999999995,-0.4820000000000002,-0.4639999999999995,False,False,0,LOW,False,0.0936907617368668,NORMAL
AST-0016,2026-08-03 03:45:38.403936,3.77,2.63,102.77,78.67,70.64,2026-08-03,3,0,4.408,2.498,-0.6380000000000003,0.1320000000000001,False,False,0,LOW,False,0.1294570998530149,NORMAL
AST-0016,2026-08-03 06:06:38.403936,5.48,2.71,98.65,60.64,80.8,2026-08-03,6,0,4.658,2.412,0.822000000000001,0.298,False,False,0,LOW,False,0.12612659915685526,NORMAL
AST-0016,2026-08-03 08:31:38.403936,2.96,0.85,103.74,61.0,67.83,2026-08-03,8,0,4.154,2.0539999999999994,-1.194,-1.2039999999999993,False,True,1,MEDIUM,False,0.09482372254641341,NORMAL
AST-0016,2026-08-03 10:22:38.403936,6.68,3.76,100.25,60.8,59.93,2026-08-03,10,0,4.604,2.374,2.076,1.386,False,True,1,MEDIUM,False,0.13315590861216425,NORMAL
AST-0016,2026-08-03 11:28:38.403936,4.29,1.52,100.88,56.49,54.55,2026-08-03,11,0,4.636,2.294,-0.3460000000000001,-0.7739999999999996,False,True,1,MEDIUM,False,0.1364890391730183,NORMAL
AST-0016,2026-08-03 11:52:38.403936,2.28,2.75,101.59,68.3,51.43,2026-08-03,11,0,4.337999999999999,2.318,-2.0579999999999994,0.4319999999999999,False,False,0,LOW,False,0.14380723040784016,NORMAL
AST-0016,2026-08-03 21:26:38.403936,5.95,3.34,102.32,67.46,79.3,2026-08-03,21,0,4.432,2.444,1.5179999999999998,0.8959999999999999,False,True,1,MEDIUM,False,0.15143328173777976,NORMAL
AST-0016,2026-08-04 04:30:38.403936,3.86,3.35,100.56,80.65,74.88,2026-08-04,4,1,4.612,2.944,-0.7520000000000002,0.4060000000000001,False,False,0,LOW,False,0.11831402422036402,NORMAL
AST-0016,2026-08-04 09:20:38.403936,4.65,2.75,101.49,77.43,67.22,2026-08-04,9,1,4.206,2.742,0.4439999999999999,0.008,False,False,0,LOW,False,0.15367904668456162,NORMAL
AST-0016,2026-08-04 15:19:38.403936,2.24,2.46,100.12,68.31,50.43,2026-08-04,15,1,3.7960000000000007,2.9299999999999997,-1.5560000000000005,-0.4699999999999993,False,False,0,LOW,False,0.13141415624082076,NORMAL
AST-0016,2026-08-04 16:14:38.403936,6.81,3.57,102.86,65.75,65.41,2026-08-04,16,1,4.702,3.094,2.108,0.476,False,False,0,LOW,False,0.13427581052312632,NORMAL
AST-0016,2026-08-04 20:59:38.403936,18.16,6.57,100.89,96.18,64.78,2026-08-04,20,1,7.144,3.74,11.016,2.8300000000000005,True,True,2,HIGH,True,-0.15833358128487063,ANOMALOUS
AST-0016,2026-08-04 22:25:38.403936,4.07,3.61,100.28,80.46,90.47,2026-08-04,22,1,7.186,3.792,-3.116,-0.1819999999999995,False,False,0,LOW,False,0.06472257095028283,NORMAL
AST-0016,2026-08-04 22:35:38.403936,2.14,2.82,102.03,76.63,68.25,2026-08-04,22,1,6.684,3.806,-4.5440000000000005,-0.9859999999999998,False,True,1,MEDIUM,False,0.13239120395890136,NORMAL
AST-0016,2026-08-04 22:45:38.403936,11.24,1.85,100.8,60.02,64.38,2026-08-04,22,1,8.484,3.684,2.756,-1.834,False,True,1,MEDIUM,False,0.07752961445291306,NORMAL
AST-0016,2026-08-05 00:14:38.403936,2.99,1.72,97.3,56.69,79.29,2026-08-05,0,2,7.7200000000000015,3.313999999999999,-4.730000000000001,-1.5939999999999992,False,True,1,MEDIUM,False,0.07559108479450599,NORMAL
AST-0016,2026-08-05 01:08:38.403936,2.96,1.42,98.26,76.13,53.67,2026-08-05,1,2,4.680000000000001,2.284,-1.7200000000000006,-0.8639999999999999,False,True,1,MEDIUM,False,0.06534875178795235,NORMAL
AST-0016,2026-08-05 06:36:38.403936,5.58,2.77,98.84,66.5,75.74,2026-08-05,6,2,4.982,2.116,0.5979999999999999,0.6540000000000004,False,True,1,MEDIUM,False,0.1450770755399649,NORMAL
AST-0016,2026-08-05 09:37:38.403936,2.65,1.95,102.21,85.98,62.51,2026-08-05,9,2,5.0840000000000005,1.9419999999999995,-2.4340000000000006,0.0080000000000004,False,False,0,LOW,False,0.07772897545501556,NORMAL
AST-0016,2026-08-05 19:23:38.403936,1.02,2.48,100.1,75.16,96.6,2026-08-05,19,2,3.04,2.068,-2.02,0.4120000000000003,False,False,0,LOW,False,0.03699443945262321,NORMAL
AST-0016,2026-08-06 00:21:38.403936,6.48,3.64,100.1,46.33,83.14,2026-08-06,0,3,3.738,2.4519999999999995,2.742,1.1880000000000006,False,True,1,MEDIUM,False,0.07127331514942836,NORMAL
AST-0016,2026-08-06 08:57:38.403936,5.42,2.63,100.13,67.24,77.86,2026-08-06,8,3,4.23,2.6939999999999995,1.1900000000000004,-0.0639999999999996,False,False,0,LOW,False,0.15729636115413131,NORMAL
AST-0016,2026-08-06 09:22:38.403936,5.9,2.82,100.67,57.04,60.52,2026-08-06,9,3,4.2940000000000005,2.704,1.606,0.1160000000000001,False,False,0,LOW,False,0.15260129114992,NORMAL
AST-0016,2026-08-06 11:55:38.403936,5.38,2.56,101.85,50.18,67.83,2026-08-06,11,3,4.84,2.826,0.54,-0.2659999999999995,False,False,0,LOW,False,0.13708760794412211,NORMAL
AST-0016,2026-08-06 15:51:38.403936,4.83,3.27,99.86,72.96,76.78,2026-08-06,15,3,5.601999999999999,2.9839999999999995,-0.7719999999999994,0.2860000000000005,False,False,0,LOW,False,0.1456969474111508,NORMAL
AST-0016,2026-08-06 19:35:38.403936,4.34,1.95,99.36,48.88,62.36,2026-08-06,19,3,5.174,2.6459999999999995,-0.8339999999999996,-0.6959999999999995,False,True,1,MEDIUM,False,0.11443266176596184,NORMAL
AST-0016,2026-08-06 23:33:38.403936,6.05,3.13,98.71,63.3,100.0,2026-08-06,23,3,5.3,2.746,0.75,0.3840000000000003,False,False,0,LOW,False,0.0639963885539912,NORMAL
AST-0016,2026-08-07 00:58:38.403936,2.77,1.61,102.03,81.03,58.65,2026-08-07,0,4,4.674,2.504,-1.9039999999999997,-0.8939999999999995,False,True,1,MEDIUM,False,0.09854566034186524,NORMAL
AST-0016,2026-08-07 05:49:38.403936,3.89,2.37,100.58,80.21,87.71,2026-08-07,5,4,4.376,2.466,-0.4859999999999993,-0.0959999999999996,False,False,0,LOW,False,0.09993849206259559,NORMAL
AST-0016,2026-08-07 06:44:38.403936,4.43,1.51,104.08,51.44,61.48,2026-08-07,6,4,4.295999999999999,2.114,0.1340000000000003,-0.6039999999999999,False,True,1,MEDIUM,False,0.09281009756903502,NORMAL
AST-0016,2026-08-07 08:31:38.403936,0.95,4.14,97.89,58.73,64.26,2026-08-07,8,4,3.618,2.552,-2.668,1.588,False,True,1,MEDIUM,False,0.0474421973538493,NORMAL
AST-0016,2026-08-07 12:43:38.403936,5.77,1.81,101.61,59.78,86.95,2026-08-07,12,4,3.5620000000000003,2.288,2.2079999999999997,-0.4779999999999993,False,False,0,LOW,False,0.12830728864421836,NORMAL
AST-0016,2026-08-07 23:53:38.403936,13.84,6.88,100.77,68.66,30.05,2026-08-07,23,4,5.776,3.342,8.064,3.538,True,True,2,HIGH,True,-0.09558971342226141,ANOMALOUS
AST-0016,2026-08-08 00:48:38.403936,3.38,1.97,102.81,58.85,49.59,2026-08-08,0,5,5.674,3.262,-2.294,-1.2919999999999996,False,True,1,MEDIUM,False,0.13683698805831285,NORMAL
AST-0016,2026-08-08 02:18:38.403936,6.52,3.06,99.47,66.44,50.36,2026-08-08,2,5,6.092,3.572,0.4279999999999999,-0.512,False,True,1,MEDIUM,False,0.14073249331622883,NORMAL
AST-0016,2026-08-08 04:38:38.403936,2.25,2.24,103.97,74.75,71.65,2026-08-08,4,5,6.351999999999999,3.1919999999999997,-4.101999999999999,-0.9519999999999992,False,True,1,MEDIUM,False,0.11361823117828629,NORMAL
AST-0016,2026-08-08 09:04:38.403936,2.18,2.54,103.37,52.86,89.8,2026-08-08,9,5,5.634,3.338,-3.4539999999999997,-0.7979999999999996,False,True,1,MEDIUM,False,0.08061560273418555,NORMAL
AST-0016,2026-08-08 10:16:38.403936,3.99,2.73,102.19,71.21,49.19,2026-08-08,10,5,3.664,2.508,0.326,0.2219999999999999,False,False,0,LOW,False,0.1539234848293462,NORMAL
AST-0016,2026-08-08 12:41:38.403936,5.74,1.81,99.98,61.96,40.77,2026-08-08,12,5,4.136,2.476,1.604,-0.6659999999999999,False,True,1,MEDIUM,False,0.12556596263222802,NORMAL
AST-0016,2026-08-08 19:12:38.403936,7.32,1.88,98.81,47.21,91.93,2026-08-08,19,5,4.296000000000001,2.24,3.023999999999999,-0.3599999999999999,False,False,0,LOW,False,0.016268182799339836,NORMAL
AST-0016,2026-08-08 19:35:38.403936,4.02,1.88,100.78,80.99,79.44,2026-08-08,19,5,4.65,2.1679999999999997,-0.6300000000000008,-0.2879999999999993,False,False,0,LOW,False,0.11431990507661588,NORMAL
AST-0016,2026-08-09 00:00:38.403936,17.07,3.05,101.59,81.04,73.27,2026-08-09,0,6,7.628,2.27,9.442,0.7800000000000002,True,True,2,HIGH,True,-0.02541623953358929,ANOMALOUS
AST-0016,2026-08-09 02:01:38.403936,3.92,2.27,106.94,75.79,85.7,2026-08-09,2,6,7.614,2.1779999999999995,-3.694,0.0920000000000005,False,False,0,LOW,False,0.03645441354625756,NORMAL
AST-0016,2026-08-09 06:32:38.403936,5.52,3.27,98.85,86.97,78.81,2026-08-09,6,6,7.5699999999999985,2.47,-2.049999999999999,0.8000000000000003,False,True,1,MEDIUM,False,0.05158186018345984,NORMAL
AST-0016,2026-08-09 07:36:38.403936,3.41,1.88,104.54,84.93,78.53,2026-08-09,7,6,6.787999999999999,2.47,-3.3779999999999992,-0.5899999999999999,False,True,1,MEDIUM,False,0.05176619044024716,NORMAL
AST-0016,2026-08-09 09:17:38.403936,3.93,1.32,99.3,70.67,47.98,2026-08-09,9,6,6.7700000000000005,2.358,-2.8400000000000003,-1.0379999999999996,False,True,1,MEDIUM,False,0.10984980989820414,NORMAL
AST-0016,2026-08-09 09:54:38.403936,1.69,2.59,100.98,71.71,68.84,2026-08-09,9,6,3.694,2.266,-2.004,0.3240000000000003,False,False,0,LOW,False,0.14271594108358593,NORMAL
AST-0016,2026-08-09 15:26:38.403936,7.58,2.62,98.47,58.57,56.74,2026-08-09,15,6,4.426,2.336,3.154,0.2840000000000002,False,False,0,LOW,False,0.10885032448790943,NORMAL
AST-0016,2026-08-09 15:44:38.403936,4.45,3.01,101.55,63.87,41.61,2026-08-09,15,6,4.212000000000001,2.284,0.2379999999999995,0.726,False,True,1,MEDIUM,False,0.13943833108639853,NORMAL
AST-0016,2026-08-09 16:48:38.403936,3.45,2.47,104.84,58.73,97.62,2026-08-09,16,6,4.220000000000001,2.402,-0.7700000000000005,0.0680000000000005,False,False,0,LOW,False,0.04212958728869881,NORMAL
AST-0016,2026-08-09 17:03:38.403936,4.91,2.52,100.28,77.51,99.14,2026-08-09,17,6,4.416,2.6419999999999995,0.4939999999999998,-0.1219999999999994,False,False,0,LOW,False,0.06148024018093512,NORMAL
AST-0016,2026-08-09 18:54:38.403936,3.2,2.2,97.6,73.84,85.85,2026-08-09,18,6,4.718,2.564,-1.5179999999999998,-0.3639999999999994,False,False,0,LOW,False,0.07558916900536794,NORMAL
AST-0016,2026-08-09 19:16:38.403936,4.26,5.09,105.92,63.19,63.09,2026-08-09,19,6,4.054,3.058,0.2059999999999995,2.032,False,True,1,MEDIUM,False,0.035195204208604114,NORMAL
AST-0016,2026-08-09 19:50:38.403936,-1.18,2.76,103.74,66.34,63.29,2026-08-09,19,6,2.928,3.008,-4.108,-0.2479999999999997,False,False,0,LOW,False,0.06967004832483503,NORMAL
AST-0016,2026-08-09 22:33:38.403936,5.86,4.38,98.5,63.96,43.75,2026-08-09,22,6,3.41,3.39,2.45,0.9900000000000002,False,True,1,MEDIUM,False,0.06311367634605525,NORMAL
AST-0016,2026-08-10 01:47:38.403936,3.38,1.83,99.95,59.28,79.68,2026-08-10,1,0,3.104,3.252,0.2759999999999998,-1.4219999999999997,False,True,1,MEDIUM,False,0.13611420006376207,NORMAL
AST-0016,2026-08-10 04:08:38.403936,4.66,1.64,100.95,68.99,71.49,2026-08-10,4,0,3.396,3.14,1.2640000000000002,-1.4999999999999998,False,True,1,MEDIUM,False,0.1586662882694514,NORMAL
AST-0016,2026-08-10 06:52:38.403936,3.53,1.12,102.94,41.52,64.9,2026-08-10,6,0,3.25,2.346,0.2799999999999998,-1.2259999999999995,False,True,1,MEDIUM,False,0.047100211138241144,NORMAL
AST-0016,2026-08-10 07:38:38.403936,5.95,3.71,98.2,61.49,83.62,2026-08-10,7,0,4.676,2.536,1.274,1.1740000000000004,False,True,1,MEDIUM,False,0.0922422475254388,NORMAL
AST-0016,2026-08-10 11:23:38.403936,7.06,3.5,101.18,74.51,58.4,2026-08-10,11,0,4.916,2.3599999999999994,2.1439999999999992,1.1400000000000006,False,True,1,MEDIUM,False,0.12527691335148367,NORMAL
AST-0016,2026-08-10 12:07:38.403936,3.52,2.59,103.52,55.63,41.07,2026-08-10,12,0,4.944000000000001,2.512,-1.4240000000000008,0.0780000000000002,False,False,0,LOW,False,0.10706138496271128,NORMAL
AST-0016,2026-08-10 14:02:38.403936,5.69,3.27,100.97,65.85,91.79,2026-08-10,14,0,5.15,2.838,0.54,0.4320000000000004,False,False,0,LOW,False,0.12635855869429258,NORMAL
AST-0016,2026-08-11 03:13:38.403936,4.38,2.69,103.2,70.27,61.56,2026-08-11,3,1,5.32,3.152,-0.9400000000000004,-0.4619999999999997,False,False,0,LOW,False,0.1613233480136278,NORMAL
AST-0016,2026-08-11 04:39:38.403936,3.88,1.96,97.62,64.85,41.86,2026-08-11,4,1,4.906,2.802,-1.0259999999999998,-0.8419999999999996,False,True,1,MEDIUM,False,0.08183276196389005,NORMAL
AST-0016,2026-08-11 04:59:38.403936,5.99,2.43,102.65,70.78,74.12,2026-08-11,4,1,4.692,2.588,1.298,-0.1579999999999994,False,False,0,LOW,False,0.1562367690826858,NORMAL
AST-0016,2026-08-11 07:32:38.403936,5.3,2.58,99.49,49.31,92.72,2026-08-11,7,1,5.048,2.5859999999999994,0.2519999999999998,-0.0059999999999993,False,False,0,LOW,False,0.07100092510866479,NORMAL
AST-0016,2026-08-11 09:36:38.403936,2.94,1.85,102.74,85.14,65.92,2026-08-11,9,1,4.497999999999999,2.302,-1.5579999999999994,-0.4519999999999995,False,False,0,LOW,False,0.08204751526616466,NORMAL
AST-0016,2026-08-11 16:13:38.403936,5.85,2.1,102.39,62.66,61.47,2026-08-11,16,1,4.792,2.184,1.0579999999999998,-0.0839999999999996,False,False,0,LOW,False,0.16421976534350952,NORMAL
AST-0016,2026-08-11 18:07:38.403936,3.11,1.52,100.11,65.75,54.69,2026-08-11,18,1,4.638,2.096,-1.528,-0.5759999999999996,False,True,1,MEDIUM,False,0.13837999013037605,NORMAL
AST-0016,2026-08-11 21:59:38.403936,3.36,2.32,99.45,73.9,83.63,2026-08-11,21,1,4.112,2.074,-0.7520000000000002,0.246,False,False,0,LOW,False,0.12630925075622418,NORMAL
AST-0016,2026-08-11 23:50:38.403936,4.36,2.19,100.87,68.34,61.92,2026-08-11,23,1,3.924,1.996,0.4359999999999999,0.1940000000000001,False,False,0,LOW,False,0.1712459270179456,NORMAL
AST-0016,2026-08-12 09:52:38.403936,4.51,3.31,103.98,57.58,56.26,2026-08-12,9,2,4.238,2.288,0.2720000000000002,1.0220000000000002,False,True,1,MEDIUM,False,0.12252897317208711,NORMAL
AST-0016,2026-08-12 14:07:38.403936,3.96,3.18,100.86,58.45,38.58,2026-08-12,14,2,3.86,2.504,0.0999999999999996,0.6760000000000006,False,True,1,MEDIUM,False,0.1226844882529547,NORMAL
AST-0016,2026-08-12 17:36:38.403936,6.38,2.4,100.57,61.53,80.45,2026-08-12,17,2,4.514,2.68,1.866,-0.2799999999999998,False,False,0,LOW,False,0.14778885241447715,NORMAL
AST-0016,2026-08-12 20:08:38.403936,4.39,3.04,99.16,49.46,79.72,2026-08-12,20,2,4.720000000000001,2.8239999999999994,-0.3300000000000009,0.2160000000000006,False,False,0,LOW,False,0.11530187516765095,NORMAL
AST-0016,2026-08-12 21:43:38.403936,6.43,2.25,100.72,45.94,84.01,2026-08-12,21,2,5.134,2.8359999999999994,1.2959999999999994,-0.5859999999999994,False,True,1,MEDIUM,False,0.08154016419007376,NORMAL
AST-0016,2026-08-12 22:39:38.403936,6.96,2.1,102.37,50.45,61.57,2026-08-12,22,2,5.624,2.594,1.3360000000000003,-0.4939999999999998,False,False,0,LOW,False,0.11713225922272402,NORMAL
AST-0016,2026-08-13 06:35:38.403936,3.26,3.13,99.55,58.55,78.65,2026-08-13,6,3,5.484,2.584,-2.224,0.5460000000000003,False,True,1,MEDIUM,False,0.14323511231201247,NORMAL
AST-0016,2026-08-13 11:42:38.403936,5.55,2.22,98.99,77.81,86.9,2026-08-13,11,3,5.318,2.548,0.2320000000000002,-0.3279999999999994,False,False,0,LOW,False,0.09746404727843533,NORMAL
AST-0016,2026-08-13 13:02:38.403936,5.01,3.49,99.74,58.48,59.44,2026-08-13,13,3,5.441999999999999,2.638,-0.4319999999999995,0.8520000000000003,False,True,1,MEDIUM,False,0.14210027553890914,NORMAL
AST-0016,2026-08-13 16:12:38.403936,0.83,2.42,101.02,69.89,55.58,2026-08-13,16,3,4.322,2.672,-3.492,-0.2519999999999998,False,False,0,LOW,False,0.11628167004980283,NORMAL
AST-0016,2026-08-13 16:26:38.403936,5.25,3.65,102.32,69.78,56.51,2026-08-13,16,3,3.98,2.9819999999999998,1.2700000000000005,0.6680000000000006,False,True,1,MEDIUM,False,0.14564382743373105,NORMAL
AST-0016,2026-08-13 20:23:38.403936,5.24,2.73,97.31,53.79,81.73,2026-08-13,20,3,4.376,2.902,0.8639999999999999,-0.1719999999999997,False,False,0,LOW,False,0.07571344765502247,NORMAL
AST-0016,2026-08-14 03:14:38.403936,5.2,3.58,102.34,64.02,100.0,2026-08-14,3,4,4.306,3.1739999999999995,0.8940000000000001,0.4060000000000006,False,False,0,LOW,False,0.078652621014626,NORMAL
AST-0016,2026-08-14 03:26:38.403936,3.69,1.92,99.05,64.59,38.46,2026-08-14,3,4,4.042,2.8599999999999994,-0.3519999999999998,-0.9399999999999996,False,True,1,MEDIUM,False,0.10690638798098406,NORMAL
AST-0016,2026-08-14 03:52:38.403936,3.05,2.03,99.77,64.56,68.11,2026-08-14,3,4,4.486,2.781999999999999,-1.436,-0.7519999999999993,False,True,1,MEDIUM,False,0.15654152468006272,NORMAL
AST-0016,2026-08-14 08:20:38.403936,4.14,2.39,99.46,75.57,45.88,2026-08-14,8,4,4.264,2.53,-0.1240000000000005,-0.1399999999999996,False,False,0,LOW,False,0.12062791513339644,NORMAL
AST-0016,2026-08-14 09:55:38.403936,5.75,2.02,103.63,48.33,38.09,2026-08-14,9,4,4.366,2.3879999999999995,1.3840000000000003,-0.3679999999999994,False,False,0,LOW,False,0.060142752450503933,NORMAL
AST-0016,2026-08-14 12:38:38.403936,5.73,3.73,99.05,55.82,83.32,2026-08-14,12,4,4.472,2.418,1.258000000000001,1.3120000000000005,False,True,1,MEDIUM,False,0.10404819426328454,NORMAL
AST-0016,2026-08-14 13:19:38.403936,4.74,2.55,100.21,73.26,31.47,2026-08-14,13,4,4.682,2.544,0.0580000000000007,0.0060000000000002,False,False,0,LOW,False,0.0909254393649509,NORMAL
AST-0016,2026-08-14 13:48:38.403936,4.7,1.05,100.42,67.56,72.72,2026-08-14,13,4,5.0120000000000005,2.3479999999999994,-0.3120000000000003,-1.2979999999999994,False,True,1,MEDIUM,False,0.13232892962813397,NORMAL
AST-0016,2026-08-14 13:57:38.403936,3.62,3.66,99.07,67.62,69.43,2026-08-14,13,4,4.908,2.6019999999999994,-1.2879999999999994,1.0580000000000007,False,True,1,MEDIUM,False,0.13432436547138144,NORMAL
AST-0016,2026-08-14 18:45:38.403936,5.86,1.97,100.07,66.66,58.06,2026-08-14,18,4,4.930000000000001,2.592,0.9299999999999996,-0.6219999999999997,False,True,1,MEDIUM,False,0.15760371440274612,NORMAL
AST-0016,2026-08-14 18:57:38.403936,5.87,2.53,101.56,49.96,54.98,2026-08-14,18,4,4.958,2.3519999999999994,0.912,0.1780000000000003,False,False,0,LOW,False,0.13017361273404382,NORMAL
AST-0016,2026-08-15 06:19:38.403936,5.64,4.04,101.61,58.09,61.61,2026-08-15,6,5,5.138,2.6499999999999995,0.5019999999999998,1.3900000000000006,False,True,1,MEDIUM,False,0.13936063228884998,NORMAL
AST-0016,2026-08-15 07:56:38.403936,4.71,1.99,100.07,73.47,82.72,2026-08-15,7,5,5.14,2.838,-0.4299999999999997,-0.8480000000000001,False,True,1,MEDIUM,False,0.13842043922056163,NORMAL
AST-0016,2026-08-15 11:39:38.403936,4.28,3.31,99.18,67.61,54.59,2026-08-15,11,5,5.272,2.768,-0.992,0.5420000000000007,False,True,1,MEDIUM,False,0.14037135744336393,NORMAL
AST-0016,2026-08-15 12:58:38.403936,3.72,1.34,100.49,55.53,73.12,2026-08-15,12,5,4.843999999999999,2.642,-1.1239999999999992,-1.3019999999999998,False,True,1,MEDIUM,False,0.12985719737949003,NORMAL
AST-0016,2026-08-15 18:24:38.403936,5.3,0.39,101.31,68.28,81.64,2026-08-15,18,5,4.73,2.2139999999999995,0.5699999999999994,-1.8239999999999996,False,True,1,MEDIUM,False,0.09357361129072511,NORMAL
AST-0016,2026-08-15 18:41:38.403936,4.09,0.62,104.45,75.86,73.02,2026-08-15,18,5,4.42,1.5299999999999998,-0.33,-0.9099999999999998,False,True,1,MEDIUM,False,0.05544573111252443,NORMAL
AST-0016,2026-08-15 19:52:38.403936,3.01,2.61,101.47,54.31,82.21,2026-08-15,19,5,4.08,1.6539999999999997,-1.0700000000000005,0.9560000000000004,False,True,1,MEDIUM,False,0.13634100415268713,NORMAL
AST-0016,2026-08-15 22:14:38.403936,6.23,1.59,102.28,66.72,67.77,2026-08-15,22,5,4.470000000000001,1.3099999999999996,1.7599999999999998,0.2800000000000004,False,False,0,LOW,False,0.15184139937705277,NORMAL
AST-0016,2026-08-16 01:23:38.403936,2.94,2.99,99.19,58.76,99.45,2026-08-16,1,6,4.314,1.64,-1.374,1.3500000000000003,False,True,1,MEDIUM,False,0.0564230210219821,NORMAL
AST-0016,2026-08-16 04:19:38.403936,0.69,1.87,98.39,79.78,97.68,2026-08-16,4,6,3.3920000000000003,1.9359999999999995,-2.7020000000000004,-0.0659999999999993,False,False,0,LOW,True,-0.028309234432512098,ANOMALOUS
AST-0016,2026-08-16 08:03:38.403936,4.73,3.11,103.75,64.94,66.28,2026-08-16,8,6,3.5200000000000005,2.434,1.21,0.6760000000000002,False,True,1,MEDIUM,False,0.15015229613417425,NORMAL
AST-0016,2026-08-16 08:46:38.403936,3.43,3.84,98.53,84.4,83.02,2026-08-16,8,6,3.604,2.68,-0.1739999999999999,1.16,False,True,1,MEDIUM,False,0.037914922253506955,NORMAL
AST-0016,2026-08-16 12:22:38.403936,2.68,2.83,100.42,67.0,82.23,2026-08-16,12,6,2.894,2.9279999999999995,-0.2139999999999999,-0.0979999999999994,False,False,0,LOW,False,0.14485470577553944,NORMAL
AST-0016,2026-08-16 12:59:38.403936,5.18,1.87,103.13,76.86,47.2,2026-08-16,12,6,3.342,2.704,1.838,-0.8339999999999996,False,True,1,MEDIUM,False,0.10955275651310326,NORMAL
AST-0016,2026-08-16 13:45:38.403936,3.31,3.31,100.49,50.15,28.11,2026-08-16,13,6,3.866,2.9919999999999995,-0.5559999999999996,0.3180000000000005,False,False,0,LOW,False,0.04140072347356272,NORMAL
AST-0016,2026-08-16 23:35:38.403936,5.69,3.13,99.0,70.25,49.19,2026-08-16,23,6,4.058,2.996,1.6320000000000006,0.1340000000000003,False,False,0,LOW,False,0.12498731115020956,NORMAL
AST-0016,2026-08-17 01:28:38.403936,6.74,2.26,101.83,81.79,26.77,2026-08-17,1,0,4.720000000000001,2.68,2.02,-0.4199999999999999,False,False,0,LOW,False,0.027274962277498815,NORMAL
AST-0016,2026-08-17 01:28:38.403936,5.33,2.45,98.69,69.94,46.92,2026-08-17,1,0,5.25,2.604,0.08,-0.1539999999999999,False,False,0,LOW,False,0.12310364656003497,NORMAL
AST-0016,2026-08-17 06:46:38.403936,4.9,2.74,100.83,57.16,52.57,2026-08-17,6,0,5.194,2.778,-0.2939999999999996,-0.0379999999999993,False,False,0,LOW,False,0.15330904480417895,NORMAL
AST-0016,2026-08-17 09:47:38.403936,5.79,2.04,103.86,79.49,62.96,2026-08-17,9,0,5.69,2.524,0.0999999999999996,-0.484,False,False,0,LOW,False,0.09545578747240702,NORMAL
AST-0016,2026-08-17 20:56:38.403936,2.94,1.33,104.75,70.79,60.24,2026-08-17,20,0,5.14,2.164,-2.2,-0.8339999999999996,False,True,1,MEDIUM,False,0.09098547065182383,NORMAL
AST-0016,2026-08-17 22:00:38.403936,4.05,3.55,101.94,66.94,42.14,2026-08-17,22,0,4.602,2.422,-0.5520000000000005,1.128,False,True,1,MEDIUM,False,0.12042159257278995,NORMAL
AST-0016,2026-08-18 05:04:38.403936,4.77,0.93,98.34,64.98,55.22,2026-08-18,5,1,4.49,2.118,0.2799999999999993,-1.1879999999999995,False,True,1,MEDIUM,False,0.10868333354428139,NORMAL
AST-0016,2026-08-18 06:00:38.403936,4.38,2.46,101.89,62.04,89.12,2026-08-18,6,1,4.385999999999999,2.062,-0.0059999999999993,0.3980000000000001,False,False,0,LOW,False,0.14013405172847843,NORMAL
AST-0016,2026-08-18 11:06:38.403936,3.27,2.65,103.18,71.21,100.0,2026-08-18,11,1,3.8819999999999992,2.184,-0.6119999999999992,0.4660000000000002,False,False,0,LOW,False,0.07567970345453523,NORMAL
AST-0016,2026-08-18 11:44:38.403936,6.65,2.73,100.18,62.49,94.62,2026-08-18,11,1,4.6240000000000006,2.4639999999999995,2.026,0.2660000000000004,False,False,0,LOW,False,0.10094036929186656,NORMAL
AST-0016,2026-08-18 14:37:38.403936,-1.25,3.49,100.22,56.99,57.83,2026-08-18,14,1,3.564,2.4519999999999995,-4.814,1.0380000000000007,False,True,1,MEDIUM,False,0.06515283668468896,NORMAL
AST-0016,2026-08-18 15:00:38.403936,4.83,2.74,102.11,46.74,59.57,2026-08-18,15,1,3.5760000000000005,2.814,1.2539999999999996,-0.0739999999999994,False,False,0,LOW,False,0.11633867246601248,NORMAL
AST-0016,2026-08-18 16:13:38.403936,5.3,0.84,104.13,68.03,67.75,2026-08-18,16,1,3.76,2.4899999999999998,1.5399999999999996,-1.6499999999999997,False,True,1,MEDIUM,False,0.09101690082028946,NORMAL
AST-0016,2026-08-18 18:48:38.403936,-3.76,3.3,102.77,55.17,46.81,2026-08-18,18,1,2.354,2.62,-6.114,0.6800000000000002,True,True,2,HIGH,False,0.0050280163670872735,NORMAL
AST-0016,2026-08-19 03:56:38.403936,3.99,2.58,101.7,64.96,95.7,2026-08-19,3,2,1.822,2.59,2.168,-0.0099999999999997,False,False,0,LOW,False,0.11223495227231056,NORMAL
AST-0016,2026-08-19 05:07:38.403936,3.39,1.8,103.14,48.03,73.6,2026-08-19,5,2,2.75,2.252,0.6400000000000001,-0.4519999999999997,False,False,0,LOW,False,0.10279691044326944,NORMAL
AST-0016,2026-08-19 09:44:38.403936,3.77,2.27,100.48,72.39,81.53,2026-08-19,9,2,2.5380000000000003,2.158,1.2319999999999998,0.1120000000000001,False,False,0,LOW,False,0.14721037724857433,NORMAL
AST-0016,2026-08-19 13:36:38.403936,5.95,3.79,98.83,59.08,64.52,2026-08-19,13,2,2.668,2.748,3.282,1.0420000000000005,False,True,1,MEDIUM,False,0.12524677286964675,NORMAL
AST-0016,2026-08-19 13:50:38.403936,5.12,2.46,99.34,76.22,100.0,2026-08-19,13,2,4.444000000000001,2.58,0.6759999999999993,-0.1199999999999996,False,False,0,LOW,False,0.05880862823934929,NORMAL
AST-0016,2026-08-19 17:32:38.403936,4.24,2.57,101.04,76.28,49.23,2026-08-19,17,2,4.494,2.5779999999999994,-0.2539999999999995,-0.0079999999999995,False,False,0,LOW,False,0.1421515261625384,NORMAL
AST-0016,2026-08-19 20:14:38.403936,2.56,3.46,102.36,65.18,64.96,2026-08-19,20,2,4.328,2.91,-1.7680000000000002,0.5500000000000003,False,True,1,MEDIUM,False,0.14797166500304176,NORMAL
AST-0016,2026-08-20 01:00:38.403936,4.4,1.84,104.55,59.72,44.71,2026-08-20,1,3,4.454000000000001,2.8239999999999994,-0.0540000000000002,-0.9839999999999992,False,True,1,MEDIUM,False,0.0990018073559904,NORMAL
AST-0016,2026-08-20 01:49:38.403936,6.7,2.94,103.95,72.98,68.26,2026-08-20,1,3,4.604000000000001,2.6539999999999995,2.095999999999999,0.2860000000000005,False,False,0,LOW,False,0.12240021851011673,NORMAL
AST-0016,2026-08-20 04:33:38.403936,2.26,3.43,102.95,69.82,89.42,2026-08-20,4,3,4.032,2.848,-1.7720000000000002,0.5820000000000003,False,True,1,MEDIUM,False,0.1011638099023684,NORMAL
AST-0016,2026-08-20 18:25:38.403936,4.09,3.49,99.69,66.88,53.18,2026-08-20,18,3,4.002000000000001,3.032,0.0879999999999991,0.4580000000000006,False,False,0,LOW,False,0.13955077508444502,NORMAL
AST-0016,2026-08-20 21:16:38.403936,2.2,2.27,99.31,60.36,45.23,2026-08-20,21,3,3.9300000000000006,2.794,-1.7300000000000004,-0.5239999999999996,False,True,1,MEDIUM,False,0.10799812569928885,NORMAL
AST-0016,2026-08-20 21:24:38.403936,1.54,2.73,98.41,69.45,72.41,2026-08-20,21,3,3.358,2.9719999999999995,-1.818,-0.2419999999999995,False,False,0,LOW,False,0.10522463902480378,NORMAL
AST-0016,2026-08-20 22:44:38.403936,4.85,1.76,103.88,58.66,85.32,2026-08-20,22,3,2.9880000000000004,2.736,1.8619999999999992,-0.9759999999999998,False,True,1,MEDIUM,False,0.10440539673660787,NORMAL
AST-0016,2026-08-21 00:40:38.403936,5.4,3.18,100.31,67.84,82.33,2026-08-21,0,4,3.616,2.686,1.7840000000000007,0.4940000000000002,False,False,0,LOW,False,0.1480162370686009,NORMAL
AST-0016,2026-08-21 01:51:38.403936,5.46,3.21,102.93,67.53,72.49,2026-08-21,1,4,3.89,2.63,1.5700000000000005,0.5800000000000001,False,True,1,MEDIUM,False,0.15835738964973145,NORMAL
AST-0016,2026-08-21 02:02:38.403936,-1.83,3.04,103.06,75.86,70.09,2026-08-21,2,4,3.084,2.784,-4.914,0.2560000000000002,False,False,0,LOW,False,0.05609995250703065,NORMAL
AST-0016,2026-08-21 03:55:38.403936,5.64,2.83,99.33,70.71,51.98,2026-08-21,3,4,3.904,2.804,1.7359999999999998,0.0260000000000002,False,False,0,LOW,False,0.1383683672132272,NORMAL
AST-0016,2026-08-21 08:16:38.403936,3.73,3.91,104.39,65.33,92.64,2026-08-21,8,4,3.6800000000000006,3.2339999999999995,0.0499999999999993,0.6760000000000006,False,True,1,MEDIUM,False,0.06186718786079343,NORMAL
AST-0016,2026-08-21 12:57:38.403936,3.08,2.99,98.67,72.76,46.96,2026-08-21,12,4,3.216,3.196,-0.1359999999999996,-0.2059999999999999,False,False,0,LOW,False,0.10321607755967221,NORMAL
AST-0016,2026-08-22 01:14:38.403936,5.31,3.51,102.27,71.32,73.51,2026-08-22,1,5,3.186,3.256,2.124,0.2540000000000004,False,False,0,LOW,False,0.15009034082585032,NORMAL
AST-0016,2026-08-22 03:23:38.403936,2.88,1.86,101.75,52.19,51.52,2026-08-22,3,5,4.127999999999999,3.02,-1.247999999999999,-1.16,False,True,1,MEDIUM,False,0.1212595668795961,NORMAL
AST-0016,2026-08-22 04:34:38.403936,5.11,2.51,99.33,42.44,72.76,2026-08-22,4,5,4.022,2.956,1.088,-0.4460000000000002,False,False,0,LOW,False,0.07558016814364871,NORMAL
AST-0016,2026-08-22 10:20:38.403936,2.4,2.52,101.24,76.71,42.87,2026-08-22,10,5,3.756,2.6779999999999995,-1.3560000000000003,-0.1579999999999994,False,False,0,LOW,False,0.10109031217653708,NORMAL
AST-0016,2026-08-22 13:06:38.403936,5.24,2.49,101.91,83.13,58.83,2026-08-22,13,5,4.188000000000001,2.578,1.0519999999999996,-0.0879999999999996,False,False,0,LOW,False,0.11499994062629804,NORMAL
AST-0016,2026-08-22 13:56:38.403936,6.21,2.08,96.28,64.61,65.31,2026-08-22,13,5,4.368,2.292,1.842,-0.2119999999999997,False,False,0,LOW,False,0.06644700804009107,NORMAL
AST-0016,2026-08-22 20:16:38.403936,3.69,0.78,104.05,67.51,56.66,2026-08-22,20,5,4.53,2.076,-0.8400000000000003,-1.2959999999999996,False,True,1,MEDIUM,False,0.09089553409121104,NORMAL
AST-0016,2026-08-22 21:36:38.403936,2.3,2.74,101.82,65.05,60.78,2026-08-22,21,5,3.968,2.122,-1.668,0.6180000000000003,False,True,1,MEDIUM,False,0.15427276306997223,NORMAL
AST-0016,2026-08-22 23:57:38.403936,5.58,2.25,104.09,56.82,68.05,2026-08-22,23,5,4.604,2.068,0.976,0.1819999999999999,False,False,0,LOW,False,0.1205428084727701,NORMAL
AST-0016,2026-08-23 01:43:38.403936,4.21,2.93,102.83,80.62,74.36,2026-08-23,1,6,4.398000000000001,2.156,-0.1880000000000006,0.7740000000000005,False,True,1,MEDIUM,False,0.12018701083996342,NORMAL
AST-0016,2026-08-23 02:46:38.403936,6.76,2.71,102.47,63.63,70.21,2026-08-23,2,6,4.508,2.282,2.252,0.4280000000000004,False,False,0,LOW,False,0.15653641733153384,NORMAL
AST-0016,2026-08-23 08:14:38.403936,3.97,1.41,102.48,64.45,58.19,2026-08-23,8,6,4.564,2.4079999999999995,-0.5939999999999999,-0.9979999999999996,False,True,1,MEDIUM,False,0.1449196897170532,NORMAL
AST-0016,2026-08-23 08:16:38.403936,2.89,2.15,97.06,57.64,59.4,2026-08-23,8,6,4.682,2.29,-1.7919999999999994,-0.1399999999999996,False,False,0,LOW,False,0.08379568310408492,NORMAL
AST-0016,2026-08-23 11:57:38.403936,0.92,2.78,102.28,85.64,67.85,2026-08-23,11,6,3.75,2.396,-2.83,0.3839999999999999,False,False,0,LOW,False,0.050846057893144836,NORMAL
AST-0016,2026-08-23 14:37:38.403936,3.57,1.66,102.9,59.13,59.31,2026-08-23,14,6,3.622,2.1419999999999995,-0.052,-0.4819999999999995,False,False,0,LOW,False,0.14572256989163845,NORMAL
AST-0016,2026-08-23 15:19:38.403936,1.01,2.31,103.36,61.08,65.51,2026-08-23,15,6,2.4720000000000004,2.062,-1.4620000000000004,0.2480000000000002,False,False,0,LOW,False,0.11151351002394799,NORMAL
AST-0016,2026-08-23 16:44:38.403936,3.3,2.96,100.89,68.71,54.13,2026-08-23,16,6,2.338,2.372,0.9619999999999996,0.5880000000000001,False,True,1,MEDIUM,False,0.15741564055820906,NORMAL
AST-0016,2026-08-23 18:52:38.403936,3.28,2.04,103.68,66.97,71.2,2026-08-23,18,6,2.416,2.35,0.8639999999999999,-0.3099999999999996,False,False,0,LOW,False,0.1445395829429567,NORMAL
AST-0016,2026-08-23 20:53:38.403936,6.8,2.25,102.87,73.44,59.89,2026-08-23,20,6,3.592,2.244,3.208,0.0060000000000002,False,False,0,LOW,False,0.14428927774473466,NORMAL
AST-0016,2026-08-23 22:43:38.403936,3.72,3.63,105.9,61.37,56.98,2026-08-23,22,6,3.622,2.6379999999999995,0.0980000000000003,0.9920000000000004,False,True,1,MEDIUM,False,0.06889868033244773,NORMAL
AST-0016,2026-08-23 23:11:38.403936,4.15,2.66,100.31,54.84,33.59,2026-08-23,23,6,4.25,2.708,-0.0999999999999996,-0.0479999999999996,False,False,0,LOW,False,0.09914255988707821,NORMAL
AST-0016,2026-08-24 06:08:38.403936,6.24,2.38,101.36,49.95,83.3,2026-08-24,6,0,4.838,2.592,1.402,-0.2119999999999997,False,False,0,LOW,False,0.11239084058764354,NORMAL
AST-0016,2026-08-24 07:42:38.403936,2.89,3.84,99.41,53.47,85.47,2026-08-24,7,0,4.76,2.9519999999999995,-1.87,0.8880000000000003,False,True,1,MEDIUM,False,0.09028930603291624,NORMAL
AST-0016,2026-08-24 09:29:38.403936,4.77,2.44,104.02,69.25,73.24,2026-08-24,9,0,4.354,2.9899999999999998,0.4159999999999995,-0.5499999999999994,False,True,1,MEDIUM,False,0.14253805014861914,NORMAL
AST-0016,2026-08-24 09:55:38.403936,5.87,2.93,102.16,62.2,41.98,2026-08-24,9,0,4.784000000000001,2.849999999999999,1.0859999999999994,0.0800000000000009,False,False,0,LOW,False,0.1390995773024924,NORMAL
AST-0016,2026-08-24 09:57:38.403936,6.01,10.67,99.99,81.76,50.77,2026-08-24,9,0,5.156000000000001,4.452,0.8539999999999992,6.218,False,True,1,MEDIUM,True,-0.04624212801678029,ANOMALOUS
AST-0016,2026-08-24 11:40:38.403936,5.86,2.67,102.38,82.3,50.16,2026-08-24,11,0,5.08,4.51,0.7800000000000002,-1.84,False,True,1,MEDIUM,False,0.0908208273415505,NORMAL
AST-0016,2026-08-24 15:47:38.403936,7.71,3.83,102.76,61.57,86.61,2026-08-24,15,0,6.044,4.508,1.6660000000000004,-0.6779999999999999,False,True,1,MEDIUM,False,0.07972755103581086,NORMAL
AST-0016,2026-08-24 19:39:38.403936,4.24,1.92,99.12,73.54,81.25,2026-08-24,19,0,5.938000000000001,4.403999999999999,-1.6980000000000004,-2.483999999999999,False,True,1,MEDIUM,False,0.12800417680473047,NORMAL
AST-0016,2026-08-24 21:09:38.403936,4.27,1.38,102.48,57.76,61.48,2026-08-24,21,0,5.618,4.093999999999999,-1.3480000000000008,-2.7139999999999995,False,True,1,MEDIUM,False,0.13791691816711465,NORMAL
AST-0016,2026-08-24 23:43:38.403936,2.58,3.2,102.6,64.01,98.24,2026-08-24,23,0,4.932,2.6,-2.3520000000000003,0.6000000000000001,False,True,1,MEDIUM,False,0.07951251383046531,NORMAL
AST-0016,2026-08-25 01:14:38.403936,4.06,2.44,98.26,61.43,81.03,2026-08-25,1,1,4.572,2.554,-0.5120000000000005,-0.1139999999999998,False,False,0,LOW,False,0.12302050104263529,NORMAL
AST-0016,2026-08-25 02:17:38.403936,5.81,2.35,100.48,51.78,74.46,2026-08-25,2,1,4.192,2.258,1.6179999999999994,0.092,False,False,0,LOW,False,0.13783132890042815,NORMAL
AST-0016,2026-08-25 09:54:38.403936,6.28,3.98,102.99,76.63,54.56,2026-08-25,9,1,4.6,2.67,1.6800000000000006,1.31,False,True,1,MEDIUM,False,0.10110330315785399,NORMAL
AST-0016,2026-08-25 12:12:38.403936,5.31,2.64,102.4,73.68,51.93,2026-08-25,12,1,4.808,2.922,0.5019999999999998,-0.2819999999999996,False,False,0,LOW,False,0.14744207907331075,NORMAL
AST-0016,2026-08-25 14:52:38.403936,5.87,3.22,101.54,54.6,53.99,2026-08-25,14,1,5.465999999999999,2.926,0.4040000000000008,0.294,False,False,0,LOW,False,0.14307089417706326,NORMAL
AST-0016,2026-08-25 18:22:38.403936,5.04,1.51,99.53,61.79,84.18,2026-08-25,18,1,5.662,2.74,-0.6219999999999999,-1.2300000000000002,False,True,1,MEDIUM,False,0.12238878485929544,NORMAL
AST-0016,2026-08-25 22:19:38.403936,7.23,2.65,100.66,59.6,48.21,2026-08-25,22,1,5.946,2.8,1.2840000000000007,-0.1499999999999999,False,False,0,LOW,False,0.13427784015793387,NORMAL
AST-0016,2026-08-26 02:41:38.403936,5.34,1.64,98.12,65.85,42.87,2026-08-26,2,2,5.758000000000001,2.332,-0.418000000000001,-0.692,False,True,1,MEDIUM,False,0.09354196770224504,NORMAL
AST-0016,2026-08-26 05:22:38.403936,3.67,7.51,99.93,67.74,65.75,2026-08-26,5,2,5.43,3.306,-1.7599999999999998,4.204,False,True,1,MEDIUM,False,0.024705513545340452,NORMAL
AST-0016,2026-08-26 06:46:38.403936,3.78,2.62,104.52,73.97,60.17,2026-08-26,6,2,5.0120000000000005,3.186,-1.2320000000000009,-0.5659999999999998,False,True,1,MEDIUM,False,0.12505485836354996,NORMAL
AST-0016,2026-08-26 12:23:38.403936,2.18,3.12,102.48,70.85,67.49,2026-08-26,12,2,4.44,3.508,-2.26,-0.3879999999999999,False,False,0,LOW,False,0.14465781700105562,NORMAL
AST-0016,2026-08-26 15:15:38.403936,3.61,0.6,102.7,87.2,75.91,2026-08-26,15,2,3.716,3.098,-0.1059999999999998,-2.498,False,True,1,MEDIUM,False,0.014697958674939393,NORMAL
AST-0016,2026-08-26 17:06:38.403936,1.76,1.16,103.25,57.68,48.67,2026-08-26,17,2,3.0,3.002,-1.2399999999999995,-1.842,False,True,1,MEDIUM,False,0.08024415514032901,NORMAL
AST-0016,2026-08-26 17:17:38.403936,2.82,1.9,101.36,47.74,65.4,2026-08-26,17,2,2.83,1.88,-0.0099999999999997,0.0199999999999997,False,False,0,LOW,False,0.11408626904461922,NORMAL
AST-0016,2026-08-26 19:03:38.403936,4.96,1.13,98.6,72.43,68.08,2026-08-26,19,2,3.066,1.582,1.894,-0.4520000000000002,False,False,0,LOW,False,0.10464799898764099,NORMAL
AST-0016,2026-08-26 20:01:38.403936,5.24,2.76,98.97,57.54,85.9,2026-08-26,20,2,3.678,1.5099999999999998,1.5620000000000005,1.25,False,True,1,MEDIUM,False,0.11245259375973415,NORMAL
AST-0016,2026-08-26 23:15:38.403936,4.39,2.35,99.42,46.05,62.12,2026-08-26,23,2,3.834000000000001,1.86,0.5559999999999992,0.49,False,False,0,LOW,False,0.1067454679678086,NORMAL
AST-0016,2026-08-27 00:28:38.403936,3.03,2.63,103.93,55.51,84.1,2026-08-27,0,3,4.087999999999999,2.154,-1.0579999999999994,0.476,False,False,0,LOW,False,0.10198693590998692,NORMAL
AST-0016,2026-08-27 01:19:38.403936,3.26,2.31,104.78,72.85,84.39,2026-08-27,1,3,4.176,2.236,-0.9160000000000004,0.0740000000000002,False,False,0,LOW,False,0.10059627594099407,NORMAL
AST-0016,2026-08-27 03:40:38.403936,3.62,3.23,102.59,53.92,77.28,2026-08-27,3,3,3.908,2.656,-0.2879999999999998,0.5739999999999998,False,True,1,MEDIUM,False,0.14412752688995428,NORMAL
AST-0016,2026-08-27 10:28:38.403936,5.68,2.04,105.19,67.68,80.36,2026-08-27,10,3,3.996,2.512,1.6840000000000002,-0.472,False,False,0,LOW,False,0.09884841420373597,NORMAL
AST-0016,2026-08-27 11:33:38.403936,5.22,2.67,99.72,50.62,42.14,2026-08-27,11,3,4.162,2.576,1.0579999999999998,0.0939999999999998,False,False,0,LOW,False,0.10546477620280786,NORMAL
AST-0016,2026-08-27 12:45:38.403936,3.26,2.5,102.34,68.09,74.16,2026-08-27,12,3,4.208,2.55,-0.9480000000000004,-0.0499999999999998,False,False,0,LOW,False,0.16059493165090727,NORMAL
AST-0016,2026-08-27 16:08:38.403936,5.97,2.51,101.72,75.46,56.41,2026-08-27,16,3,4.75,2.59,1.2199999999999998,-0.08,False,False,0,LOW,False,0.1435128740098534,NORMAL
AST-0016,2026-08-28 06:04:38.403936,6.85,2.16,98.83,63.49,52.14,2026-08-28,6,4,5.395999999999999,2.376,1.4540000000000006,-0.2159999999999997,False,False,0,LOW,False,0.12450810644918969,NORMAL
AST-0016,2026-08-28 13:21:38.403936,3.67,2.04,101.2,51.33,70.69,2026-08-28,13,4,4.994,2.376,-1.3239999999999998,-0.3359999999999998,False,False,0,LOW,False,0.13447352408083063,NORMAL
AST-0016,2026-08-28 16:15:38.403936,3.02,2.25,98.94,62.83,58.85,2026-08-28,16,4,4.554,2.2920000000000003,-1.5340000000000005,-0.0420000000000002,False,False,0,LOW,False,0.13927416451049507,NORMAL
AST-0017,2026-07-29 18:21:38.403936,6.48,2.96,101.42,71.4,73.14,2026-07-29,18,2,6.48,2.96,0.0,0.0,False,False,0,LOW,False,0.15782576750288757,NORMAL
AST-0017,2026-07-29 23:50:38.403936,4.88,1.98,104.65,76.44,84.49,2026-07-29,23,2,5.68,2.47,-0.7999999999999998,-0.4899999999999997,False,False,0,LOW,False,0.08826899386358006,NORMAL
AST-0017,2026-07-30 02:37:38.403936,4.33,2.61,100.68,63.28,36.47,2026-07-30,2,3,5.23,2.5166666666666666,-0.9000000000000004,0.0933333333333332,False,False,0,LOW,False,0.1266416308096689,NORMAL
AST-0017,2026-07-30 04:57:38.403936,5.39,2.41,105.18,47.53,66.7,2026-07-30,4,3,5.27,2.49,0.1200000000000001,-0.08,False,False,0,LOW,False,0.06600074269587414,NORMAL
AST-0017,2026-07-30 06:04:38.403936,6.53,2.42,105.5,47.41,72.55,2026-07-30,6,3,5.522,2.476,1.008,-0.056,False,False,0,LOW,False,0.053488732635778136,NORMAL
AST-0017,2026-07-30 11:16:38.403936,14.88,0.53,101.02,76.72,63.32,2026-07-30,11,3,7.202000000000001,1.99,7.678,-1.4599999999999995,True,True,2,HIGH,True,-0.038524020426756955,ANOMALOUS
AST-0017,2026-07-30 16:11:38.403936,5.24,3.12,99.19,57.94,78.62,2026-07-30,16,3,7.274000000000001,2.218,-2.0340000000000007,0.902,False,True,1,MEDIUM,False,0.14127730258812177,NORMAL
AST-0017,2026-07-30 21:10:38.403936,4.74,3.82,107.38,48.67,82.71,2026-07-30,21,3,7.356,2.46,-2.616,1.36,False,True,1,MEDIUM,False,0.005509320407025009,NORMAL
AST-0017,2026-07-31 00:08:38.403936,5.56,3.44,102.12,51.24,56.47,2026-07-31,0,4,7.390000000000001,2.6660000000000004,-1.830000000000001,0.7739999999999996,False,True,1,MEDIUM,False,0.13079831215714438,NORMAL
AST-0017,2026-07-31 12:58:38.403936,7.24,4.29,100.95,56.91,31.44,2026-07-31,12,4,7.532000000000001,3.04,-0.2920000000000007,1.25,False,True,1,MEDIUM,False,0.038849915136145,NORMAL
AST-0017,2026-07-31 14:08:38.403936,3.06,1.17,102.41,82.44,47.07,2026-07-31,14,4,5.168,3.168,-2.108,-1.998,False,True,1,MEDIUM,False,0.05496609716064482,NORMAL
AST-0017,2026-07-31 15:14:38.403936,7.0,1.96,100.07,80.25,56.99,2026-07-31,15,4,5.5200000000000005,2.936,1.4799999999999995,-0.976,False,True,1,MEDIUM,False,0.10066885667103637,NORMAL
AST-0017,2026-07-31 17:39:38.403936,2.05,1.77,101.0,76.12,73.35,2026-07-31,17,4,4.982,2.526,-2.9320000000000004,-0.7560000000000002,False,True,1,MEDIUM,False,0.12029523604195425,NORMAL
AST-0017,2026-07-31 18:37:38.403936,4.41,2.14,102.62,61.05,93.67,2026-07-31,18,4,4.752000000000001,2.2660000000000005,-0.3420000000000005,-0.1260000000000003,False,False,0,LOW,False,0.10373535757579072,NORMAL
AST-0017,2026-07-31 20:01:38.403936,3.64,2.93,103.37,60.93,81.34,2026-07-31,20,4,4.032,1.994,-0.3919999999999999,0.936,False,True,1,MEDIUM,False,0.1377096417113251,NORMAL
AST-0017,2026-07-31 22:31:38.403936,3.97,4.27,103.51,72.07,76.71,2026-07-31,22,4,4.214,2.614,-0.2440000000000002,1.6559999999999997,False,True,1,MEDIUM,False,0.10229588987433291,NORMAL
AST-0017,2026-07-31 22:46:38.403936,3.91,3.43,102.19,55.67,98.46,2026-07-31,22,4,3.596,2.908,0.314,0.5220000000000002,False,True,1,MEDIUM,False,0.07890597375323627,NORMAL
AST-0017,2026-08-01 00:55:38.403936,8.38,0.92,100.9,69.12,53.91,2026-08-01,0,5,4.862,2.738,3.5180000000000007,-1.818,False,True,1,MEDIUM,False,0.07728835490287222,NORMAL
AST-0017,2026-08-01 02:29:38.403936,3.73,3.6,98.76,58.32,54.89,2026-08-01,2,5,4.726,3.03,-0.996,0.5699999999999998,False,True,1,MEDIUM,False,0.120605515815359,NORMAL
AST-0017,2026-08-01 07:23:38.403936,4.51,1.27,103.6,62.95,85.13,2026-08-01,7,5,4.9,2.698,-0.3900000000000005,-1.428,False,True,1,MEDIUM,False,0.10736829824142746,NORMAL
AST-0017,2026-08-01 07:40:38.403936,3.58,2.43,100.82,76.17,68.36,2026-08-01,7,5,4.822,2.33,-1.242,0.1,False,False,0,LOW,False,0.15437383605957505,NORMAL
AST-0017,2026-08-01 08:45:38.403936,3.31,2.41,102.31,73.66,43.39,2026-08-01,8,5,4.702,2.1260000000000003,-1.392,0.2839999999999998,False,False,0,LOW,False,0.12335087361386637,NORMAL
AST-0017,2026-08-01 11:11:38.403936,5.32,2.82,103.26,70.17,80.45,2026-08-01,11,5,4.090000000000001,2.506,1.2299999999999995,0.3139999999999996,False,False,0,LOW,False,0.1493079985695661,NORMAL
AST-0017,2026-08-01 11:47:38.403936,4.66,1.71,102.33,86.56,58.15,2026-08-01,11,5,4.276000000000001,2.128,0.3839999999999994,-0.4179999999999997,False,False,0,LOW,False,0.07177504291603504,NORMAL
AST-0017,2026-08-01 15:36:38.403936,7.46,2.37,102.79,73.56,56.67,2026-08-01,15,5,4.8660000000000005,2.348,2.5939999999999994,0.0220000000000002,False,False,0,LOW,False,0.12907409412843152,NORMAL
AST-0017,2026-08-01 18:39:38.403936,5.03,2.58,100.78,56.68,45.47,2026-08-01,18,5,5.156000000000001,2.378,-0.1260000000000003,0.2019999999999999,False,False,0,LOW,False,0.13947040865411697,NORMAL
AST-0017,2026-08-01 23:43:38.403936,1.96,2.79,99.91,73.65,77.53,2026-08-01,23,5,4.886000000000001,2.454,-2.926000000000001,0.3360000000000003,False,False,0,LOW,False,0.1209583238607525,NORMAL
AST-0017,2026-08-02 04:16:38.403936,4.82,2.5,99.67,71.59,81.88,2026-08-02,4,6,4.786,2.39,0.0340000000000006,0.1100000000000003,False,False,0,LOW,False,0.1445626382240628,NORMAL
AST-0017,2026-08-02 13:55:38.403936,2.88,1.74,105.31,61.73,53.07,2026-08-02,13,6,4.430000000000001,2.396,-1.5500000000000007,-0.6559999999999999,False,True,1,MEDIUM,False,0.08892539439147623,NORMAL
AST-0017,2026-08-02 15:29:38.403936,5.35,3.37,101.97,40.07,56.02,2026-08-02,15,6,4.008,2.596,1.3419999999999996,0.774,False,True,1,MEDIUM,False,0.06806958258633106,NORMAL
AST-0017,2026-08-02 15:49:38.403936,5.55,2.23,103.65,68.7,63.07,2026-08-02,15,6,4.112,2.526,1.4379999999999995,-0.2959999999999998,False,False,0,LOW,False,0.14506228095154433,NORMAL
AST-0017,2026-08-03 04:07:38.403936,0.04,1.49,99.8,67.92,70.21,2026-08-03,4,0,3.7279999999999993,2.266,-3.6879999999999993,-0.776,False,True,1,MEDIUM,False,0.08615841975787014,NORMAL
AST-0017,2026-08-03 06:01:38.403936,2.05,1.51,101.52,78.29,70.64,2026-08-03,6,0,3.1739999999999995,2.068,-1.1239999999999997,-0.558,False,True,1,MEDIUM,False,0.09308614440219021,NORMAL
AST-0017,2026-08-03 07:56:38.403936,5.26,2.82,104.07,59.81,78.18,2026-08-03,7,0,3.65,2.284,1.61,0.536,False,True,1,MEDIUM,False,0.12371247112430511,NORMAL
AST-0017,2026-08-03 09:58:38.403936,4.27,2.53,104.16,76.66,74.69,2026-08-03,9,0,3.434,2.116,0.8359999999999999,0.4139999999999997,False,False,0,LOW,False,0.11857333232514361,NORMAL
AST-0017,2026-08-03 14:44:38.403936,2.0,2.93,99.97,70.71,51.26,2026-08-03,14,0,2.7239999999999998,2.256,-0.7239999999999993,0.6739999999999999,False,True,1,MEDIUM,False,0.1241331397943159,NORMAL
AST-0017,2026-08-03 15:46:38.403936,4.61,1.78,100.22,80.15,62.75,2026-08-03,15,0,3.638,2.314,0.9720000000000008,-0.534,False,True,1,MEDIUM,False,0.12081616377334564,NORMAL
AST-0017,2026-08-03 17:03:38.403936,4.07,1.35,102.4,52.94,44.24,2026-08-03,17,0,4.042,2.282,0.0280000000000004,-0.932,False,True,1,MEDIUM,False,0.10553259992517489,NORMAL
AST-0017,2026-08-03 17:33:38.403936,4.02,1.77,99.52,75.28,32.09,2026-08-03,17,0,3.794,2.072,0.2259999999999999,-0.302,False,False,0,LOW,False,0.07791680620221125,NORMAL
AST-0017,2026-08-03 20:39:38.403936,4.37,1.24,99.66,71.03,52.72,2026-08-03,20,0,3.814,1.814,0.556,-0.5740000000000001,False,True,1,MEDIUM,False,0.11966703388958666,NORMAL
AST-0017,2026-08-03 20:52:38.403936,2.83,3.67,103.29,67.81,96.66,2026-08-03,20,0,3.98,1.962,-1.1500000000000004,1.7079999999999995,False,True,1,MEDIUM,False,0.05830073263157737,NORMAL
AST-0017,2026-08-03 21:28:38.403936,3.55,2.64,101.79,59.75,72.95,2026-08-03,21,0,3.768,2.1340000000000003,-0.2179999999999999,0.5059999999999998,False,True,1,MEDIUM,False,0.15722252627853084,NORMAL
AST-0017,2026-08-04 03:26:38.403936,4.06,3.28,103.14,52.54,65.99,2026-08-04,3,1,3.766,2.52,0.294,0.7599999999999998,False,True,1,MEDIUM,False,0.13476088709052142,NORMAL
AST-0017,2026-08-04 05:23:38.403936,3.2,3.23,102.11,64.3,50.65,2026-08-04,5,1,3.6019999999999994,2.812,-0.4019999999999992,0.4180000000000001,False,False,0,LOW,False,0.15123299075354135,NORMAL
AST-0017,2026-08-04 06:05:38.403936,3.54,2.67,100.82,79.78,38.32,2026-08-04,6,1,3.436,3.098,0.104,-0.4279999999999999,False,False,0,LOW,False,0.08462717378260509,NORMAL
AST-0017,2026-08-04 08:01:38.403936,3.92,2.49,100.82,46.23,95.99,2026-08-04,8,1,3.654,2.862,0.266,-0.3719999999999994,False,False,0,LOW,False,0.04597474411660407,NORMAL
AST-0017,2026-08-04 11:52:38.403936,3.13,8.94,100.05,62.23,83.45,2026-08-04,11,1,3.5700000000000003,4.122,-0.4400000000000004,4.818,False,True,1,MEDIUM,True,-0.018026123760238044,ANOMALOUS
AST-0017,2026-08-04 12:55:38.403936,5.11,2.02,104.29,63.4,76.13,2026-08-04,12,1,3.78,3.87,1.33,-1.85,False,True,1,MEDIUM,False,0.12764494708928092,NORMAL
AST-0017,2026-08-04 13:23:38.403936,4.65,2.53,100.0,63.63,61.76,2026-08-04,13,1,4.07,3.73,0.5800000000000001,-1.2000000000000006,False,True,1,MEDIUM,False,0.1635771375769723,NORMAL
AST-0017,2026-08-04 15:25:38.403936,4.47,1.9,96.45,73.84,78.26,2026-08-04,15,1,4.256,3.576,0.2139999999999995,-1.6759999999999995,False,True,1,MEDIUM,False,0.0666989448449139,NORMAL
AST-0017,2026-08-04 15:38:38.403936,1.95,2.8,101.83,65.64,61.1,2026-08-04,15,1,3.862,3.638,-1.912,-0.8380000000000005,False,True,1,MEDIUM,False,0.14874966820356778,NORMAL
AST-0017,2026-08-05 01:21:38.403936,6.65,2.31,101.61,74.84,41.07,2026-08-05,1,2,4.566000000000001,2.312,2.084,-0.0019999999999997,False,False,0,LOW,False,0.11262784679483734,NORMAL
AST-0017,2026-08-05 03:50:38.403936,3.82,2.4,101.89,46.2,36.75,2026-08-05,3,2,4.308000000000001,2.388,-0.4880000000000009,0.012,False,False,0,LOW,False,0.07170675427958095,NORMAL
AST-0017,2026-08-05 06:49:38.403936,2.9,2.46,105.12,76.64,89.29,2026-08-05,6,2,3.958,2.374,-1.0579999999999998,0.0859999999999998,False,False,0,LOW,False,0.057700248205120264,NORMAL
AST-0017,2026-08-05 07:12:38.403936,3.55,1.91,98.41,60.35,84.52,2026-08-05,7,2,3.774,2.3760000000000003,-0.2240000000000002,-0.4660000000000004,False,False,0,LOW,False,0.1085510964527096,NORMAL
AST-0017,2026-08-05 12:58:38.403936,4.05,2.21,100.48,61.81,53.12,2026-08-05,12,2,4.194,2.258,-0.1440000000000001,-0.048,False,False,0,LOW,False,0.16207006711931687,NORMAL
AST-0017,2026-08-05 14:47:38.403936,4.18,2.75,99.51,69.87,41.29,2026-08-05,14,2,3.7,2.346,0.4799999999999995,0.4039999999999999,False,False,0,LOW,False,0.12491869928305327,NORMAL
AST-0017,2026-08-05 15:43:38.403936,6.09,2.99,102.67,51.34,86.81,2026-08-05,15,2,4.154,2.464,1.936,0.5260000000000002,False,True,1,MEDIUM,False,0.10975472198078795,NORMAL
AST-0017,2026-08-05 17:10:38.403936,2.93,0.56,100.98,67.58,62.93,2026-08-05,17,2,4.159999999999999,2.084,-1.229999999999999,-1.524,False,True,1,MEDIUM,False,0.10422741077271652,NORMAL
AST-0017,2026-08-05 20:46:38.403936,17.2,2.56,100.72,66.83,47.15,2026-08-05,20,2,6.890000000000001,2.214,10.31,0.3460000000000001,True,False,1,MEDIUM,False,0.002752228113520272,NORMAL
AST-0017,2026-08-05 23:14:38.403936,6.19,1.63,103.38,86.06,78.75,2026-08-05,23,2,7.318,2.098,-1.1279999999999992,-0.4679999999999999,False,False,0,LOW,False,0.05204676077029097,NORMAL
AST-0017,2026-08-06 08:39:38.403936,6.09,2.25,101.52,81.35,46.23,2026-08-06,8,3,7.7,1.998,-1.6100000000000003,0.252,False,False,0,LOW,False,0.09263410605879574,NORMAL
AST-0017,2026-08-06 09:41:38.403936,4.49,3.18,103.13,65.66,54.19,2026-08-06,9,3,7.38,2.036,-2.89,1.144,False,True,1,MEDIUM,False,0.15177083399060365,NORMAL
AST-0017,2026-08-06 10:23:38.403936,5.8,1.19,106.35,59.1,62.83,2026-08-06,10,3,7.953999999999999,2.162,-2.153999999999999,-0.972,False,True,1,MEDIUM,False,0.038267777672939485,NORMAL
AST-0017,2026-08-06 10:24:38.403936,6.45,1.77,98.21,73.03,35.37,2026-08-06,10,3,5.804,2.0040000000000004,0.6459999999999999,-0.2340000000000004,False,False,0,LOW,False,0.05527215986773293,NORMAL
AST-0017,2026-08-06 11:18:38.403936,6.46,2.73,99.16,62.31,46.92,2026-08-06,11,3,5.858,2.224,0.6020000000000003,0.5059999999999998,False,True,1,MEDIUM,False,0.13433690164080175,NORMAL
AST-0017,2026-08-07 01:18:38.403936,5.15,2.49,99.52,64.12,61.33,2026-08-07,1,4,5.67,2.272,-0.5199999999999996,0.2180000000000004,False,False,0,LOW,False,0.1618220495902249,NORMAL
AST-0017,2026-08-07 01:46:38.403936,4.77,1.08,97.31,65.98,68.14,2026-08-07,1,4,5.726000000000001,1.8520000000000003,-0.9560000000000012,-0.7720000000000002,False,True,1,MEDIUM,False,0.08641270260686218,NORMAL
AST-0017,2026-08-07 04:43:38.403936,6.67,2.96,104.42,43.06,73.3,2026-08-07,4,4,5.9,2.206,0.7699999999999996,0.754,False,True,1,MEDIUM,False,0.05366349614456484,NORMAL
AST-0017,2026-08-07 05:30:38.403936,2.02,3.39,99.02,61.93,87.39,2026-08-07,5,4,5.014,2.53,-2.994,0.8599999999999999,False,True,1,MEDIUM,False,0.09062066338063163,NORMAL
AST-0017,2026-08-07 12:57:38.403936,6.65,1.92,101.69,71.42,55.18,2026-08-07,12,4,5.052,2.3680000000000003,1.5980000000000008,-0.4480000000000004,False,False,0,LOW,False,0.1441895796515707,NORMAL
AST-0017,2026-08-07 16:30:38.403936,5.71,2.59,98.73,73.8,39.19,2026-08-07,16,4,5.164,2.3880000000000003,0.5460000000000003,0.2019999999999995,False,False,0,LOW,False,0.08535551531446794,NORMAL
AST-0017,2026-08-07 16:47:38.403936,5.65,2.35,102.98,56.75,56.13,2026-08-07,16,4,5.34,2.642,0.3100000000000005,-0.2919999999999998,False,False,0,LOW,False,0.14144216321847736,NORMAL
AST-0017,2026-08-07 19:47:38.403936,4.47,2.41,103.74,54.23,51.27,2026-08-07,19,4,4.9,2.532,-0.4300000000000006,-0.1219999999999998,False,False,0,LOW,False,0.12981644414953541,NORMAL
AST-0017,2026-08-07 19:52:38.403936,3.88,2.5,104.37,51.55,49.5,2026-08-07,19,4,5.272,2.354,-1.3920000000000003,0.1459999999999999,False,False,0,LOW,False,0.10313131691111166,NORMAL
AST-0017,2026-08-07 22:38:38.403936,6.57,3.34,103.11,61.88,59.1,2026-08-07,22,4,5.256,2.638,1.314,0.702,False,True,1,MEDIUM,False,0.14468099632839793,NORMAL
AST-0017,2026-08-08 07:47:38.403936,5.15,2.04,103.56,69.74,67.71,2026-08-08,7,5,5.144,2.528,0.0060000000000002,-0.488,False,False,0,LOW,False,0.14715987470738334,NORMAL
AST-0017,2026-08-08 09:35:38.403936,1.57,2.2,101.73,55.82,96.16,2026-08-08,9,5,4.328,2.498,-2.758,-0.298,False,False,0,LOW,False,0.0637143614718616,NORMAL
AST-0017,2026-08-08 14:25:38.403936,6.32,2.58,100.64,49.71,70.59,2026-08-08,14,5,4.698,2.532,1.622,0.048,False,False,0,LOW,False,0.1264480370096137,NORMAL
AST-0017,2026-08-08 20:18:38.403936,4.19,1.96,103.38,58.94,97.87,2026-08-08,20,5,4.760000000000001,2.4240000000000004,-0.5700000000000003,-0.4640000000000004,False,False,0,LOW,False,0.07204156643828147,NORMAL
AST-0017,2026-08-08 20:33:38.403936,4.85,1.98,103.52,81.04,77.23,2026-08-08,20,5,4.416,2.152,0.4339999999999993,-0.1720000000000001,False,False,0,LOW,False,0.10642984847645454,NORMAL
AST-0017,2026-08-09 02:05:38.403936,2.36,1.35,102.05,79.51,57.88,2026-08-09,2,6,3.858,2.014,-1.4979999999999998,-0.6640000000000001,False,True,1,MEDIUM,False,0.08769734411426566,NORMAL
AST-0017,2026-08-09 03:34:38.403936,7.96,2.93,98.11,57.74,53.77,2026-08-09,3,6,5.136,2.16,2.824,0.77,False,True,1,MEDIUM,False,0.08157874187301606,NORMAL
AST-0017,2026-08-09 06:35:38.403936,4.64,2.41,98.41,84.38,48.05,2026-08-09,6,6,4.8,2.1260000000000003,-0.1600000000000001,0.2839999999999998,False,False,0,LOW,False,0.05427074062603715,NORMAL
AST-0017,2026-08-09 13:04:38.403936,5.08,3.37,105.32,75.24,69.49,2026-08-09,13,6,4.978,2.4080000000000004,0.1020000000000003,0.9619999999999996,False,True,1,MEDIUM,False,0.09417392466074526,NORMAL
AST-0017,2026-08-09 15:40:38.403936,5.27,2.96,101.18,76.24,58.99,2026-08-09,15,6,5.061999999999999,2.604,0.2080000000000001,0.3559999999999998,False,False,0,LOW,False,0.15347667218410627,NORMAL
AST-0017,2026-08-09 18:45:38.403936,4.42,2.19,98.75,67.91,50.17,2026-08-09,18,6,5.474,2.772,-1.0540000000000005,-0.5820000000000003,False,True,1,MEDIUM,False,0.13202048425149787,NORMAL
AST-0017,2026-08-09 20:56:38.403936,4.11,3.24,103.44,53.53,37.44,2026-08-09,20,6,4.704,2.834,-0.5939999999999994,0.4060000000000001,False,False,0,LOW,False,0.08787803943572803,NORMAL
AST-0017,2026-08-10 01:34:38.403936,2.43,2.83,102.35,41.11,49.98,2026-08-10,1,0,4.262,2.918,-1.8319999999999996,-0.088,False,False,0,LOW,False,0.057785617364946196,NORMAL
AST-0017,2026-08-10 04:56:38.403936,6.24,5.65,98.89,69.23,54.72,2026-08-10,4,0,4.494,3.374,1.7460000000000004,2.276,False,True,1,MEDIUM,False,0.051272701968789136,NORMAL
AST-0017,2026-08-10 06:43:38.403936,4.17,2.8,101.32,66.21,53.5,2026-08-10,6,0,4.274,3.342,-0.104,-0.5420000000000003,False,True,1,MEDIUM,False,0.16627363358425185,NORMAL
AST-0017,2026-08-10 07:04:38.403936,1.94,3.34,97.61,67.47,80.96,2026-08-10,7,0,3.778,3.572,-1.838,-0.2320000000000002,False,False,0,LOW,False,0.07407682034920865,NORMAL
AST-0017,2026-08-10 10:34:38.403936,4.65,2.53,103.37,68.34,91.61,2026-08-10,10,0,3.886,3.43,0.7640000000000002,-0.8999999999999999,False,True,1,MEDIUM,False,0.11920284808299153,NORMAL
AST-0017,2026-08-10 13:53:38.403936,3.83,2.1,102.35,67.44,43.53,2026-08-10,13,0,4.166,3.2840000000000003,-0.3359999999999994,-1.1840000000000002,False,True,1,MEDIUM,False,0.1372265256750882,NORMAL
AST-0017,2026-08-10 17:57:38.403936,3.77,2.46,101.27,71.83,75.63,2026-08-10,17,0,3.672,2.646,0.0980000000000003,-0.1859999999999999,False,False,0,LOW,False,0.1624798396237883,NORMAL
AST-0017,2026-08-10 21:00:38.403936,5.91,3.01,101.62,78.04,59.09,2026-08-10,21,0,4.0200000000000005,2.688,1.89,0.322,False,False,0,LOW,False,0.134622067955794,NORMAL
AST-0017,2026-08-10 22:29:38.403936,4.45,1.77,102.42,60.95,42.96,2026-08-10,22,0,4.522,2.374,-0.072,-0.6039999999999996,False,True,1,MEDIUM,False,0.13150910364014168,NORMAL
AST-0017,2026-08-10 23:59:38.403936,3.43,2.98,100.98,56.1,52.17,2026-08-10,23,0,4.2780000000000005,2.464,-0.8480000000000003,0.516,False,True,1,MEDIUM,False,0.14666689492676682,NORMAL
AST-0017,2026-08-11 00:50:38.403936,3.27,2.93,99.95,59.84,50.38,2026-08-11,0,1,4.166,2.63,-0.8960000000000004,0.3000000000000002,False,False,0,LOW,False,0.13929670010238754,NORMAL
AST-0017,2026-08-11 02:51:38.403936,1.99,2.14,103.47,60.55,26.92,2026-08-11,2,1,3.81,2.5660000000000003,-1.82,-0.4260000000000001,False,False,0,LOW,False,0.03966535923235559,NORMAL
AST-0017,2026-08-11 06:23:38.403936,3.86,2.86,100.78,70.56,30.71,2026-08-11,6,1,3.4,2.536,0.4599999999999999,0.3239999999999998,False,False,0,LOW,False,0.09293654242696708,NORMAL
AST-0017,2026-08-11 06:55:38.403936,5.4,1.91,101.81,67.64,100.0,2026-08-11,6,1,3.5900000000000007,2.564,1.81,-0.6540000000000001,False,True,1,MEDIUM,False,0.08627364476528143,NORMAL
AST-0017,2026-08-11 11:57:38.403936,4.23,0.76,101.66,79.29,38.47,2026-08-11,11,1,3.75,2.12,0.4800000000000004,-1.36,False,True,1,MEDIUM,False,0.05070620776883927,NORMAL
AST-0017,2026-08-11 16:02:38.403936,7.4,2.0,102.52,66.63,15.05,2026-08-11,16,1,4.5760000000000005,1.934,2.824,0.066,False,False,0,LOW,False,0.027302568080335154,NORMAL
AST-0017,2026-08-11 16:19:38.403936,2.74,1.7,103.61,84.01,72.08,2026-08-11,16,1,4.726000000000001,1.846,-1.9860000000000009,-0.1460000000000001,False,False,0,LOW,False,0.06819086162116111,NORMAL
AST-0017,2026-08-11 17:08:38.403936,3.59,3.88,105.29,57.33,55.11,2026-08-11,17,1,4.672000000000001,2.05,-1.0820000000000007,1.83,False,True,1,MEDIUM,False,0.0735218151883662,NORMAL
AST-0017,2026-08-11 20:57:38.403936,3.47,1.31,99.44,57.49,74.39,2026-08-11,20,1,4.286,1.93,-0.8159999999999994,-0.6200000000000001,False,True,1,MEDIUM,False,0.11802978294577299,NORMAL
AST-0017,2026-08-11 23:58:38.403936,2.94,4.06,97.66,59.02,71.66,2026-08-11,23,1,4.0280000000000005,2.59,-1.0880000000000003,1.4699999999999998,False,True,1,MEDIUM,False,0.08450540783354216,NORMAL
AST-0017,2026-08-12 00:43:38.403936,3.24,8.88,100.6,68.25,75.45,2026-08-12,0,2,3.196,3.966,0.044,4.9140000000000015,False,True,1,MEDIUM,False,0.008290209427744055,NORMAL
AST-0017,2026-08-12 03:17:38.403936,4.45,2.68,101.21,35.53,93.89,2026-08-12,3,2,3.5380000000000003,4.162000000000001,0.912,-1.4820000000000009,False,True,1,MEDIUM,False,0.013186866216162496,NORMAL
AST-0017,2026-08-12 10:37:38.403936,4.49,2.1,101.7,75.4,72.09,2026-08-12,10,2,3.718,3.806,0.7720000000000002,-1.7059999999999995,False,True,1,MEDIUM,False,0.15806924585300092,NORMAL
AST-0017,2026-08-12 11:12:38.403936,4.18,3.25,104.57,78.12,45.34,2026-08-12,11,2,3.86,4.194,0.3199999999999994,-0.944,False,True,1,MEDIUM,False,0.06860324575847165,NORMAL
AST-0017,2026-08-12 13:02:38.403936,5.26,2.26,100.93,56.49,81.59,2026-08-12,13,2,4.324,3.834000000000001,0.936,-1.5740000000000007,False,True,1,MEDIUM,False,0.14377585476614957,NORMAL
AST-0017,2026-08-12 15:02:38.403936,6.08,3.32,103.64,55.01,43.0,2026-08-12,15,2,4.892,2.722,1.1879999999999995,0.5979999999999999,False,True,1,MEDIUM,False,0.09135213024293842,NORMAL
AST-0017,2026-08-12 15:05:38.403936,4.49,3.45,104.82,63.7,65.75,2026-08-12,15,2,4.9,2.8760000000000003,-0.4100000000000001,0.5739999999999998,False,True,1,MEDIUM,False,0.11717916232383879,NORMAL
AST-0017,2026-08-12 15:15:38.403936,6.74,2.24,106.15,68.68,82.59,2026-08-12,15,2,5.35,2.9040000000000004,1.3900000000000006,-0.6640000000000001,False,True,1,MEDIUM,False,0.061073679752304544,NORMAL
AST-0017,2026-08-12 22:59:38.403936,6.5,1.54,103.09,73.93,97.93,2026-08-12,22,2,5.814,2.562,0.6859999999999999,-1.0219999999999998,False,True,1,MEDIUM,False,0.04572473915178615,NORMAL
AST-0017,2026-08-13 00:54:38.403936,4.13,2.75,100.87,67.3,77.11,2026-08-13,0,3,5.588,2.66,-1.4580000000000002,0.0899999999999998,False,False,0,LOW,False,0.16560624933222,NORMAL
AST-0017,2026-08-13 01:07:38.403936,5.35,2.85,99.57,41.08,71.25,2026-08-13,1,3,5.442,2.5660000000000003,-0.0920000000000005,0.2839999999999998,False,False,0,LOW,False,0.07016715185738254,NORMAL
AST-0017,2026-08-13 08:27:38.403936,6.32,2.9,101.66,58.52,65.55,2026-08-13,8,3,5.808,2.456,0.5120000000000005,0.4439999999999999,False,False,0,LOW,False,0.15901498898529415,NORMAL
AST-0017,2026-08-13 13:25:38.403936,4.55,3.23,100.3,66.97,67.12,2026-08-13,13,3,5.369999999999999,2.654,-0.8199999999999994,0.5760000000000001,False,True,1,MEDIUM,False,0.16559684704251615,NORMAL
AST-0017,2026-08-13 14:24:38.403936,4.9,2.51,99.25,65.25,40.97,2026-08-13,14,3,5.05,2.848,-0.1499999999999994,-0.3380000000000001,False,False,0,LOW,False,0.1270485102735009,NORMAL
AST-0017,2026-08-13 17:28:38.403936,4.8,2.86,101.38,63.38,97.92,2026-08-13,17,3,5.184,2.87,-0.3840000000000003,-0.0100000000000002,False,False,0,LOW,False,0.1079294398866657,NORMAL
AST-0017,2026-08-13 22:23:38.403936,5.96,1.78,101.54,65.54,82.02,2026-08-13,22,3,5.305999999999999,2.656,0.6540000000000008,-0.8760000000000001,False,True,1,MEDIUM,False,0.1447985084981227,NORMAL
AST-0017,2026-08-14 02:50:38.403936,5.18,1.03,101.52,67.97,84.45,2026-08-14,2,4,5.078,2.282,0.1019999999999994,-1.252,False,True,1,MEDIUM,False,0.11098773356906516,NORMAL
AST-0017,2026-08-14 05:38:38.403936,-1.38,2.73,98.45,62.88,59.56,2026-08-14,5,4,3.892,2.182,-5.272,0.548,True,True,2,HIGH,False,0.05220230431638817,NORMAL
AST-0017,2026-08-14 11:28:38.403936,3.69,3.95,99.42,62.63,43.11,2026-08-14,11,4,3.65,2.47,0.04,1.4800000000000004,False,True,1,MEDIUM,False,0.10714163697552576,NORMAL
AST-0017,2026-08-14 14:45:38.403936,4.18,3.41,100.59,67.27,88.35,2026-08-14,14,4,3.526,2.58,0.6539999999999999,0.8300000000000001,False,True,1,MEDIUM,False,0.13282136471110156,NORMAL
AST-0017,2026-08-14 18:09:38.403936,4.46,2.76,101.53,68.8,59.39,2026-08-14,18,4,3.226,2.776,1.234,-0.016,False,False,0,LOW,False,0.17200774416871972,NORMAL
AST-0017,2026-08-14 18:41:38.403936,3.44,3.85,101.59,37.97,71.11,2026-08-14,18,4,2.878,3.34,0.5620000000000003,0.5100000000000002,False,True,1,MEDIUM,False,0.051350685005086105,NORMAL
AST-0017,2026-08-14 22:03:38.403936,5.44,2.95,99.67,57.26,69.02,2026-08-14,22,4,4.242,3.3840000000000003,1.1980000000000004,-0.4340000000000001,False,False,0,LOW,False,0.15101525526086707,NORMAL
AST-0017,2026-08-15 05:30:38.403936,6.26,2.82,102.42,55.83,60.23,2026-08-15,5,5,4.755999999999999,3.1580000000000004,1.5040000000000004,-0.3380000000000005,False,False,0,LOW,False,0.15010061392590185,NORMAL
AST-0017,2026-08-15 05:45:38.403936,4.24,3.87,98.56,48.86,91.48,2026-08-15,5,5,4.768000000000001,3.25,-0.5280000000000005,0.6200000000000001,False,True,1,MEDIUM,False,0.03422905451390962,NORMAL
AST-0017,2026-08-15 09:39:38.403936,1.91,1.96,103.69,55.19,56.64,2026-08-15,9,5,4.258,3.0900000000000003,-2.348,-1.1300000000000003,False,True,1,MEDIUM,False,0.09959654917343569,NORMAL
AST-0017,2026-08-15 15:46:38.403936,3.16,0.78,99.86,62.89,47.23,2026-08-15,15,5,4.202,2.476,-1.0419999999999998,-1.696,False,True,1,MEDIUM,False,0.09986235439003466,NORMAL
AST-0017,2026-08-15 18:15:38.403936,12.89,2.52,99.59,76.8,74.31,2026-08-15,18,5,5.692,2.39,7.198,0.1300000000000003,True,False,1,MEDIUM,False,0.036528404503999634,NORMAL
AST-0017,2026-08-16 00:20:38.403936,6.09,1.73,104.98,47.56,77.77,2026-08-16,0,6,5.658,2.172,0.4319999999999995,-0.4419999999999997,False,False,0,LOW,False,0.044900142350762784,NORMAL
AST-0017,2026-08-16 03:58:38.403936,2.14,2.77,100.26,59.62,47.28,2026-08-16,3,6,5.238,1.9520000000000004,-3.0980000000000003,0.8179999999999996,False,True,1,MEDIUM,False,0.1230791769902812,NORMAL
AST-0017,2026-08-16 06:06:38.403936,4.5,2.07,100.61,61.25,47.36,2026-08-16,6,6,5.756,1.974,-1.2560000000000002,0.096,False,False,0,LOW,False,0.1522452700105852,NORMAL
AST-0017,2026-08-16 07:20:38.403936,3.6,7.08,99.6,59.59,78.6,2026-08-16,7,6,5.844,3.2340000000000004,-2.244,3.846,False,True,1,MEDIUM,False,0.02776030974852528,NORMAL
AST-0017,2026-08-16 13:44:38.403936,0.7,3.07,101.8,64.54,65.38,2026-08-16,13,6,3.406,3.344,-2.7060000000000004,-0.274,False,False,0,LOW,False,0.11641758615732173,NORMAL
AST-0017,2026-08-16 15:36:38.403936,4.14,2.76,101.8,56.42,70.67,2026-08-16,15,6,3.016,3.55,1.1239999999999997,-0.79,False,True,1,MEDIUM,False,0.15621438196554505,NORMAL
AST-0017,2026-08-16 16:26:38.403936,3.81,2.28,103.99,78.85,69.54,2026-08-16,16,6,3.35,3.4519999999999995,0.4599999999999999,-1.1719999999999997,False,True,1,MEDIUM,False,0.10920475318261286,NORMAL
AST-0017,2026-08-16 17:32:38.403936,5.04,4.38,99.87,60.83,63.86,2026-08-16,17,6,3.458,3.914,1.5820000000000003,0.4659999999999997,False,False,0,LOW,False,0.11618317144896123,NORMAL
AST-0017,2026-08-16 17:46:38.403936,4.38,1.0,104.34,55.17,47.86,2026-08-16,17,6,3.614,2.6979999999999995,0.766,-1.6979999999999995,False,True,1,MEDIUM,False,0.07654213935086412,NORMAL
AST-0017,2026-08-16 17:58:38.403936,4.97,1.96,98.49,60.86,48.71,2026-08-16,17,6,4.468,2.476,0.5019999999999998,-0.516,False,True,1,MEDIUM,False,0.12145467627480888,NORMAL
AST-0017,2026-08-16 20:29:38.403936,3.96,4.12,99.47,62.21,58.03,2026-08-16,20,6,4.432,2.748,-0.4720000000000004,1.3720000000000003,False,True,1,MEDIUM,False,0.13210021653842763,NORMAL
AST-0017,2026-08-16 21:00:38.403936,7.69,3.57,105.14,52.77,66.28,2026-08-16,21,6,5.208,3.006,2.482,0.5640000000000001,False,True,1,MEDIUM,False,0.04668172932147058,NORMAL
AST-0017,2026-08-17 05:14:38.403936,3.51,1.24,99.19,74.94,69.59,2026-08-17,5,0,4.902,2.378,-1.3920000000000003,-1.1379999999999997,False,True,1,MEDIUM,False,0.1117021516918178,NORMAL
AST-0017,2026-08-17 07:43:38.403936,6.57,4.11,104.48,51.77,39.44,2026-08-17,7,0,5.34,3.0,1.2300000000000004,1.1100000000000003,False,True,1,MEDIUM,False,0.027064622950765727,NORMAL
AST-0017,2026-08-17 10:15:38.403936,5.15,2.35,100.34,68.89,60.16,2026-08-17,10,0,5.376,3.0780000000000003,-0.2259999999999999,-0.7280000000000002,False,True,1,MEDIUM,False,0.16758218128504282,NORMAL
AST-0017,2026-08-17 11:26:38.403936,3.35,2.08,101.82,61.74,100.0,2026-08-17,11,0,5.254,2.67,-1.9039999999999997,-0.5899999999999999,False,True,1,MEDIUM,False,0.07667682285962185,NORMAL
AST-0017,2026-08-17 13:52:38.403936,4.55,2.72,104.48,66.21,83.79,2026-08-17,13,0,4.626,2.5,-0.0759999999999996,0.2200000000000002,False,False,0,LOW,False,0.11794263284339318,NORMAL
AST-0017,2026-08-17 15:44:38.403936,6.42,2.59,101.78,48.01,32.47,2026-08-17,15,0,5.208,2.7700000000000005,1.2119999999999995,-0.1800000000000006,False,False,0,LOW,False,0.06405964313054868,NORMAL
AST-0017,2026-08-17 19:44:38.403936,-3.0,1.43,100.81,68.33,88.38,2026-08-17,19,0,3.294,2.2340000000000004,-6.294,-0.8040000000000005,True,True,2,HIGH,False,0.022736399380525962,NORMAL
AST-0017,2026-08-17 22:57:38.403936,5.39,2.42,98.72,72.35,45.3,2026-08-17,22,0,3.342,2.248,2.048,0.1720000000000001,False,False,0,LOW,False,0.10703839701751544,NORMAL
AST-0017,2026-08-18 04:46:38.403936,3.55,2.05,105.04,56.49,100.0,2026-08-18,4,1,3.382,2.242,0.1679999999999997,-0.1920000000000001,False,False,0,LOW,False,0.020783694925086804,NORMAL
AST-0017,2026-08-18 14:40:38.403936,2.21,2.34,100.69,67.99,53.78,2026-08-18,14,1,2.914,2.1659999999999995,-0.7040000000000002,0.1740000000000003,False,False,0,LOW,False,0.14120635370587176,NORMAL
AST-0017,2026-08-18 21:07:38.403936,5.57,3.09,102.9,62.05,76.06,2026-08-18,21,1,2.744,2.266,2.8260000000000005,0.8240000000000003,False,True,1,MEDIUM,False,0.15506280910272036,NORMAL
AST-0017,2026-08-18 21:08:38.403936,4.71,1.09,101.95,63.52,56.61,2026-08-18,21,1,4.286,2.1979999999999995,0.4240000000000004,-1.1079999999999994,False,True,1,MEDIUM,False,0.13466282110259792,NORMAL
AST-0017,2026-08-18 23:13:38.403936,5.71,1.72,102.25,70.05,84.08,2026-08-18,23,1,4.35,2.0580000000000003,1.3600000000000003,-0.3380000000000003,False,False,0,LOW,False,0.13557883975944074,NORMAL
AST-0017,2026-08-19 02:00:38.403936,3.93,2.52,101.77,68.13,85.64,2026-08-19,2,2,4.426,2.152,-0.496,0.3679999999999999,False,False,0,LOW,False,0.15270188590953243,NORMAL
AST-0017,2026-08-19 05:11:38.403936,4.96,0.79,99.25,66.7,67.44,2026-08-19,5,2,4.976000000000001,1.842,-0.0160000000000009,-1.052,False,True,1,MEDIUM,False,0.11764015498186309,NORMAL
AST-0017,2026-08-19 07:30:38.403936,4.41,8.35,101.93,62.79,68.25,2026-08-19,7,2,4.744,2.894,-0.3339999999999996,5.456,False,True,1,MEDIUM,False,0.017171944206365586,NORMAL
AST-0017,2026-08-19 15:39:38.403936,5.47,0.6,105.38,67.95,51.02,2026-08-19,15,2,4.896,2.796,0.5739999999999998,-2.196,False,True,1,MEDIUM,False,0.04273149649880209,NORMAL
AST-0017,2026-08-19 17:10:38.403936,4.59,2.63,102.55,57.44,100.0,2026-08-19,17,2,4.672,2.978,-0.0819999999999998,-0.3479999999999998,False,False,0,LOW,False,0.07473095543400854,NORMAL
AST-0017,2026-08-19 18:35:38.403936,7.35,2.45,99.88,49.86,32.54,2026-08-19,18,2,5.356,2.9639999999999995,1.994,-0.5139999999999993,False,True,1,MEDIUM,False,0.045679812052544455,NORMAL
AST-0017,2026-08-19 19:18:38.403936,3.26,2.75,101.83,58.21,24.9,2026-08-19,19,2,5.016,3.3559999999999994,-1.7560000000000002,-0.6059999999999994,False,True,1,MEDIUM,False,0.06743190453786485,NORMAL
AST-0017,2026-08-19 20:15:38.403936,4.61,2.2,103.21,52.82,72.74,2026-08-19,20,2,5.056,2.1260000000000003,-0.4459999999999997,0.0739999999999998,False,False,0,LOW,False,0.1384438715657777,NORMAL
AST-0017,2026-08-20 05:35:38.403936,4.28,3.84,102.29,46.6,42.23,2026-08-20,5,3,4.818,2.774,-0.5379999999999994,1.0659999999999998,False,True,1,MEDIUM,False,0.06493442986875908,NORMAL
AST-0017,2026-08-20 06:35:38.403936,3.59,3.02,103.71,80.86,84.0,2026-08-20,6,3,4.618,2.852,-1.0280000000000005,0.1680000000000001,False,False,0,LOW,False,0.08156723124409276,NORMAL
AST-0017,2026-08-20 10:30:38.403936,5.11,3.31,98.96,75.27,53.34,2026-08-20,10,3,4.17,3.024,0.9400000000000004,0.286,False,False,0,LOW,False,0.1183296088005375,NORMAL
AST-0017,2026-08-20 11:00:38.403936,4.49,3.69,107.08,72.04,58.38,2026-08-20,11,3,4.416,3.2120000000000006,0.0740000000000007,0.4779999999999993,False,False,0,LOW,False,0.04700241172312564,NORMAL
AST-0017,2026-08-20 11:12:38.403936,5.16,2.62,102.01,69.29,80.86,2026-08-20,11,3,4.526000000000001,3.2960000000000003,0.6339999999999995,-0.6760000000000002,False,True,1,MEDIUM,False,0.15980901879068427,NORMAL
AST-0017,2026-08-20 12:26:38.403936,13.27,2.04,99.42,89.57,59.58,2026-08-20,12,3,6.324,2.936,6.946,-0.8959999999999999,True,True,2,HIGH,True,-0.04814228088418038,ANOMALOUS
AST-0017,2026-08-21 04:38:38.403936,5.99,9.09,100.46,65.22,54.36,2026-08-21,4,4,6.803999999999999,4.15,-0.8139999999999992,4.94,False,True,1,MEDIUM,False,0.013875305024829365,NORMAL
AST-0017,2026-08-21 05:48:38.403936,5.79,2.19,101.21,65.25,30.45,2026-08-21,5,4,6.94,3.9260000000000006,-1.1500000000000004,-1.7360000000000009,False,True,1,MEDIUM,False,0.10141390740223089,NORMAL
AST-0017,2026-08-21 08:18:38.403936,5.39,0.15,102.61,66.95,64.66,2026-08-21,8,4,7.119999999999999,3.218,-1.7299999999999995,-3.068,False,True,1,MEDIUM,False,0.09712940412570426,NORMAL
AST-0017,2026-08-21 10:05:38.403936,4.52,1.82,101.2,51.07,54.28,2026-08-21,10,4,6.992,3.058,-2.4720000000000004,-1.2379999999999998,False,True,1,MEDIUM,False,0.1334551367461141,NORMAL
AST-0017,2026-08-21 14:53:38.403936,6.44,2.68,98.33,79.52,47.94,2026-08-21,14,4,5.626,3.186,0.814000000000001,-0.5059999999999998,False,True,1,MEDIUM,False,0.07896188097972245,NORMAL
AST-0017,2026-08-21 16:07:38.403936,3.51,3.62,103.2,68.22,57.81,2026-08-21,16,4,5.13,2.092,-1.62,1.528,False,True,1,MEDIUM,False,0.13613783028305748,NORMAL
AST-0017,2026-08-21 16:26:38.403936,3.15,1.92,97.51,76.27,66.98,2026-08-21,16,4,4.602,2.0380000000000003,-1.4520000000000004,-0.1180000000000003,False,False,0,LOW,False,0.07774527244280005,NORMAL
AST-0017,2026-08-21 17:02:38.403936,3.79,1.84,99.93,51.49,63.63,2026-08-21,17,4,4.282,2.3760000000000003,-0.492,-0.5360000000000003,False,True,1,MEDIUM,False,0.13427450135764019,NORMAL
AST-0017,2026-08-21 20:50:38.403936,6.96,3.09,101.45,48.98,60.57,2026-08-21,20,4,4.7700000000000005,2.63,2.1899999999999995,0.4599999999999999,False,False,0,LOW,False,0.11348463805774539,NORMAL
AST-0017,2026-08-21 21:51:38.403936,4.97,2.43,101.32,59.13,51.48,2026-08-21,21,4,4.476,2.58,0.4939999999999998,-0.1499999999999999,False,False,0,LOW,False,0.156776166570132,NORMAL
AST-0017,2026-08-22 05:07:38.403936,3.86,1.41,99.35,72.03,41.47,2026-08-22,5,5,4.546,2.1380000000000003,-0.6860000000000004,-0.7280000000000004,False,True,1,MEDIUM,False,0.09240627376046878,NORMAL
AST-0017,2026-08-22 06:15:38.403936,1.97,2.3,102.47,72.4,77.06,2026-08-22,6,5,4.31,2.2139999999999995,-2.34,0.0860000000000003,False,False,0,LOW,False,0.1370208410388965,NORMAL
AST-0017,2026-08-22 12:31:38.403936,4.47,2.73,101.8,61.73,67.25,2026-08-22,12,5,4.446,2.392,0.024,0.3380000000000001,False,False,0,LOW,False,0.17116599632239904,NORMAL
AST-0017,2026-08-22 17:16:38.403936,4.34,2.36,101.44,76.62,48.31,2026-08-22,17,5,3.922,2.246,0.4180000000000001,0.1139999999999998,False,False,0,LOW,False,0.13820763901272365,NORMAL
AST-0017,2026-08-22 18:18:38.403936,5.07,2.32,101.29,64.76,55.65,2026-08-22,18,5,3.942,2.224,1.128,0.096,False,False,0,LOW,False,0.16980302999566277,NORMAL
AST-0017,2026-08-23 00:39:38.403936,5.9,2.56,98.04,68.44,77.57,2026-08-23,0,6,4.35,2.454,1.5500000000000007,0.1060000000000003,False,False,0,LOW,False,0.12580817450477222,NORMAL
AST-0017,2026-08-23 06:15:38.403936,3.84,2.69,101.42,61.88,69.42,2026-08-23,6,6,4.724,2.532,-0.8840000000000003,0.1579999999999999,False,False,0,LOW,False,0.16713300849426133,NORMAL
AST-0017,2026-08-23 07:00:38.403936,3.42,3.97,101.99,58.8,54.4,2026-08-23,7,6,4.514,2.78,-1.0940000000000003,1.1900000000000004,False,True,1,MEDIUM,False,0.13236435548625874,NORMAL
AST-0017,2026-08-23 07:17:38.403936,3.36,2.7,99.02,46.1,68.95,2026-08-23,7,6,4.3180000000000005,2.848,-0.9580000000000006,-0.1479999999999997,False,False,0,LOW,False,0.08862952515929334,NORMAL
AST-0017,2026-08-23 07:26:38.403936,4.71,2.24,104.09,54.39,91.54,2026-08-23,7,6,4.246,2.832,0.4639999999999995,-0.5919999999999996,False,True,1,MEDIUM,False,0.08087656085740619,NORMAL
AST-0017,2026-08-23 07:34:38.403936,0.32,2.48,99.82,81.89,54.46,2026-08-23,7,6,3.13,2.8160000000000003,-2.81,-0.3360000000000003,False,False,0,LOW,False,0.037048654469175435,NORMAL
AST-0017,2026-08-23 20:35:38.403936,6.78,2.58,101.59,65.18,97.08,2026-08-23,20,6,3.718,2.794,3.0620000000000003,-0.2139999999999999,False,False,0,LOW,False,0.09647881326898766,NORMAL
AST-0017,2026-08-23 20:54:38.403936,3.61,1.28,102.37,59.53,97.22,2026-08-23,20,6,3.756,2.256,-0.1460000000000003,-0.9759999999999998,False,True,1,MEDIUM,False,0.05595594184117414,NORMAL
AST-0017,2026-08-23 22:04:38.403936,4.73,2.04,99.51,60.51,69.22,2026-08-23,22,6,4.03,2.124,0.7000000000000002,-0.084,False,False,0,LOW,False,0.15363862354299646,NORMAL
AST-0017,2026-08-23 22:39:38.403936,4.35,1.96,98.23,92.28,40.46,2026-08-23,22,6,3.958,2.068,0.3919999999999999,-0.1080000000000001,False,False,0,LOW,True,-0.02168944966878017,ANOMALOUS
AST-0017,2026-08-24 01:34:38.403936,7.89,3.48,98.35,41.33,66.37,2026-08-24,1,0,5.472,2.268,2.418,1.2120000000000002,False,True,1,MEDIUM,False,0.024124356757162846,NORMAL
AST-0017,2026-08-24 04:31:38.403936,4.21,3.17,99.16,57.49,79.27,2026-08-24,4,0,4.958,2.386,-0.7480000000000002,0.7839999999999998,False,True,1,MEDIUM,False,0.13635998914002717,NORMAL
AST-0017,2026-08-24 07:43:38.403936,4.75,7.08,102.98,77.88,80.09,2026-08-24,7,0,5.186,3.5460000000000003,-0.4359999999999999,3.534,False,True,1,MEDIUM,True,-0.0031459878998922886,ANOMALOUS
AST-0017,2026-08-24 10:08:38.403936,7.57,2.68,97.33,59.8,66.74,2026-08-24,10,0,5.754,3.674,1.8160000000000007,-0.9940000000000002,False,True,1,MEDIUM,False,0.07668786494967372,NORMAL
AST-0017,2026-08-24 11:35:38.403936,1.82,3.12,101.25,65.48,47.24,2026-08-24,11,0,5.248,3.906,-3.428,-0.786,False,True,1,MEDIUM,False,0.12442709674016,NORMAL
AST-0017,2026-08-24 12:22:38.403936,7.27,2.36,102.64,65.98,88.33,2026-08-24,12,0,5.1240000000000006,3.682,2.145999999999999,-1.322,False,True,1,MEDIUM,False,0.12408960541387098,NORMAL
AST-0017,2026-08-24 14:49:38.403936,2.29,2.32,101.79,75.39,66.92,2026-08-24,14,0,4.74,3.512,-2.45,-1.1919999999999995,False,True,1,MEDIUM,False,0.1441733182151984,NORMAL
AST-0017,2026-08-24 17:10:38.403936,5.48,2.41,98.99,58.18,85.74,2026-08-24,17,0,4.886,2.5780000000000003,0.5940000000000003,-0.1680000000000001,False,False,0,LOW,False,0.11330423037868731,NORMAL
AST-0017,2026-08-24 21:53:38.403936,4.1,3.56,101.65,54.75,98.26,2026-08-24,21,0,4.192,2.754,-0.0920000000000005,0.806,False,True,1,MEDIUM,False,0.07703584431723026,NORMAL
AST-0017,2026-08-24 23:02:38.403936,3.91,2.3,97.51,69.94,38.93,2026-08-24,23,0,4.61,2.59,-0.7000000000000002,-0.29,False,False,0,LOW,False,0.06873826304607078,NORMAL
AST-0017,2026-08-25 01:34:38.403936,5.0,1.91,103.41,74.67,77.95,2026-08-25,1,1,4.156000000000001,2.5,0.8439999999999994,-0.5900000000000001,False,True,1,MEDIUM,False,0.13935756668281463,NORMAL
AST-0017,2026-08-25 03:02:38.403936,4.51,2.44,98.06,56.87,100.0,2026-08-25,3,1,4.6,2.524,-0.0899999999999998,-0.084,False,False,0,LOW,False,0.03489334341611999,NORMAL
AST-0017,2026-08-25 03:33:38.403936,4.63,2.49,106.47,51.7,29.18,2026-08-25,3,1,4.43,2.54,0.2000000000000001,-0.0499999999999998,False,False,0,LOW,False,5.885318280673957e-05,NORMAL
AST-0017,2026-08-25 08:27:38.403936,13.47,2.19,103.08,90.27,58.54,2026-08-25,8,1,6.304,2.266,7.166,-0.076,True,False,1,MEDIUM,True,-0.052342644007025374,ANOMALOUS
AST-0017,2026-08-25 17:03:38.403936,4.88,1.45,101.03,57.82,45.13,2026-08-25,17,1,6.498,2.096,-1.6180000000000003,-0.6460000000000001,False,True,1,MEDIUM,False,0.1261134843341088,NORMAL
AST-0017,2026-08-25 18:29:38.403936,6.47,1.82,99.84,66.94,58.33,2026-08-25,18,1,6.792,2.0780000000000003,-0.322,-0.2580000000000002,False,False,0,LOW,False,0.14931830962049375,NORMAL
AST-0017,2026-08-26 00:35:38.403936,5.85,1.68,100.29,65.72,69.44,2026-08-26,0,2,7.06,1.926,-1.21,-0.2460000000000002,False,False,0,LOW,False,0.1539948712087983,NORMAL
AST-0017,2026-08-26 08:34:38.403936,3.64,1.83,102.24,59.48,76.39,2026-08-26,8,2,6.861999999999999,1.794,-3.221999999999999,0.036,False,False,0,LOW,False,0.14575350479647858,NORMAL
AST-0017,2026-08-26 14:25:38.403936,4.68,3.52,100.12,70.47,61.36,2026-08-26,14,2,5.104,2.06,-0.4240000000000004,1.46,False,True,1,MEDIUM,False,0.1464062364952563,NORMAL
AST-0017,2026-08-26 14:34:38.403936,4.3,1.94,99.58,43.98,67.51,2026-08-26,14,2,4.988,2.158,-0.6880000000000006,-0.2179999999999999,False,False,0,LOW,False,0.09072392385667044,NORMAL
AST-0017,2026-08-26 14:50:38.403936,5.16,1.9,99.0,66.09,71.95,2026-08-26,14,2,4.726,2.174,0.4340000000000001,-0.274,False,False,0,LOW,False,0.1489444732933079,NORMAL
AST-0017,2026-08-26 16:09:38.403936,7.01,2.48,101.96,65.42,57.73,2026-08-26,16,2,4.958,2.334,2.052,0.1459999999999999,False,False,0,LOW,False,0.1597878110860248,NORMAL
AST-0017,2026-08-26 17:55:38.403936,1.36,8.66,99.57,57.18,67.81,2026-08-26,17,2,4.502,3.7,-3.1419999999999995,4.96,False,True,1,MEDIUM,True,-0.025179064248120997,ANOMALOUS
AST-0017,2026-08-26 22:30:38.403936,4.81,1.95,100.69,59.19,81.22,2026-08-26,22,2,4.5280000000000005,3.386,0.2819999999999991,-1.4360000000000002,False,True,1,MEDIUM,False,0.14505922159113044,NORMAL
AST-0017,2026-08-27 03:03:38.403936,4.02,2.47,105.13,51.75,100.0,2026-08-27,3,3,4.472,3.492,-0.4519999999999999,-1.0219999999999998,False,True,1,MEDIUM,False,0.013098159140708998,NORMAL
AST-0017,2026-08-27 03:27:38.403936,4.74,2.64,99.97,66.98,54.07,2026-08-27,3,3,4.388,3.64,0.3520000000000003,-0.9999999999999996,False,True,1,MEDIUM,False,0.1574856992885797,NORMAL
AST-0017,2026-08-27 09:51:38.403936,3.95,2.19,105.24,74.4,51.31,2026-08-27,9,3,3.7760000000000007,3.582,0.1739999999999995,-1.392,False,True,1,MEDIUM,False,0.09832199672537634,NORMAL
AST-0017,2026-08-27 17:15:38.403936,2.3,3.02,103.1,72.46,67.79,2026-08-27,17,3,3.964,2.454,-1.664,0.5660000000000003,False,True,1,MEDIUM,False,0.14150659740844163,NORMAL
AST-0017,2026-08-27 17:59:38.403936,5.78,3.99,100.04,72.02,89.09,2026-08-27,17,3,4.158,2.862,1.6220000000000008,1.128,False,True,1,MEDIUM,False,0.09384223179711065,NORMAL
AST-0017,2026-08-27 21:41:38.403936,7.35,9.72,104.59,68.91,86.02,2026-08-27,21,3,4.824,4.312,2.526,5.408,False,True,1,MEDIUM,True,-0.073009225979356,ANOMALOUS
AST-0017,2026-08-27 23:05:38.403936,2.44,2.76,101.18,70.0,55.4,2026-08-27,23,3,4.364,4.336,-1.924,-1.5760000000000003,False,True,1,MEDIUM,False,0.14812017963487023,NORMAL
AST-0017,2026-08-28 01:54:38.403936,3.34,2.17,102.94,53.79,92.97,2026-08-28,1,4,4.241999999999999,4.332000000000001,-0.9019999999999992,-2.162000000000001,False,True,1,MEDIUM,False,0.08681404550335398,NORMAL
AST-0017,2026-08-28 06:13:38.403936,4.45,3.12,102.85,76.68,74.92,2026-08-28,6,4,4.672,4.351999999999999,-0.2219999999999995,-1.231999999999999,False,True,1,MEDIUM,False,0.14277578169874366,NORMAL
AST-0017,2026-08-28 06:40:38.403936,3.69,2.3,101.81,76.93,51.11,2026-08-28,6,4,4.254,4.014,-0.5639999999999996,-1.7140000000000004,False,True,1,MEDIUM,False,0.13644709806926536,NORMAL
AST-0017,2026-08-28 06:52:38.403936,1.77,2.95,104.52,73.14,93.91,2026-08-28,6,4,3.1380000000000003,2.66,-1.3680000000000003,0.29,False,False,0,LOW,False,0.05136743209064848,NORMAL
AST-0017,2026-08-28 12:53:38.403936,6.81,3.27,102.34,60.07,78.5,2026-08-28,12,4,4.0120000000000005,2.762,2.797999999999999,0.508,False,True,1,MEDIUM,False,0.13908423527715275,NORMAL
AST-0017,2026-08-28 13:34:38.403936,5.8,1.53,102.02,73.49,47.78,2026-08-28,13,4,4.504,2.634,1.2960000000000005,-1.104,False,True,1,MEDIUM,False,0.12258576554261053,NORMAL
AST-0018,2026-07-30 16:35:38.403936,4.81,3.47,102.49,54.98,53.3,2026-07-30,16,3,4.81,3.47,0.0,0.0,False,False,0,LOW,False,0.14010921574722146,NORMAL
AST-0018,2026-07-30 19:20:38.403936,7.37,2.51,99.79,73.11,60.43,2026-07-30,19,3,6.09,2.99,1.2800000000000002,-0.4800000000000004,False,False,0,LOW,False,0.13024002289147674,NORMAL
AST-0018,2026-07-31 00:11:38.403936,3.93,2.94,103.02,68.8,49.95,2026-07-31,0,4,5.37,2.973333333333333,-1.44,-0.0333333333333332,False,False,0,LOW,False,0.14867637101386588,NORMAL
AST-0018,2026-07-31 03:40:38.403936,2.8,3.66,99.9,67.51,50.15,2026-07-31,3,4,4.7275,3.145,-1.9275,0.5150000000000001,False,True,1,MEDIUM,False,0.12076874718658148,NORMAL
AST-0018,2026-07-31 04:15:38.403936,1.81,2.19,101.05,61.02,43.69,2026-07-31,4,4,4.144,2.954,-2.334,-0.7639999999999998,False,True,1,MEDIUM,False,0.11483981802017362,NORMAL
AST-0018,2026-07-31 14:52:38.403936,2.27,3.52,101.18,63.07,81.14,2026-07-31,14,4,3.636,2.964,-1.366,0.556,False,True,1,MEDIUM,False,0.12816286605795285,NORMAL
AST-0018,2026-07-31 15:08:38.403936,5.31,3.04,100.04,63.02,89.02,2026-07-31,15,4,3.2239999999999998,3.07,2.0860000000000003,-0.0299999999999998,False,False,0,LOW,False,0.13934477350237556,NORMAL
AST-0018,2026-07-31 15:56:38.403936,19.2,1.46,97.59,63.75,65.28,2026-07-31,15,4,6.2780000000000005,2.774,12.922,-1.314,True,True,2,HIGH,True,-0.05655059657962802,ANOMALOUS
AST-0018,2026-07-31 17:37:38.403936,3.29,3.64,101.89,72.3,90.05,2026-07-31,17,4,6.376,2.77,-3.0859999999999994,0.8700000000000001,False,True,1,MEDIUM,False,0.10471857965758347,NORMAL
AST-0018,2026-07-31 20:46:38.403936,4.56,3.22,102.48,63.44,78.75,2026-07-31,20,4,6.926,2.976,-2.3660000000000005,0.2440000000000002,False,False,0,LOW,False,0.15821022364386061,NORMAL
AST-0018,2026-08-01 03:48:38.403936,3.94,3.78,98.28,53.88,55.43,2026-08-01,3,5,7.26,3.028,-3.32,0.7520000000000002,False,True,1,MEDIUM,False,0.0970842761470676,NORMAL
AST-0018,2026-08-01 05:27:38.403936,2.68,0.73,100.84,66.36,64.05,2026-08-01,5,5,6.734,2.566,-4.054,-1.836,False,True,1,MEDIUM,False,0.11091635499796298,NORMAL
AST-0018,2026-08-01 05:43:38.403936,4.0,2.09,101.6,72.71,100.0,2026-08-01,5,5,3.694,2.692,0.306,-0.6020000000000003,False,True,1,MEDIUM,False,0.07812508110440691,NORMAL
AST-0018,2026-08-01 07:20:38.403936,3.63,1.44,100.09,67.19,77.12,2026-08-01,7,5,3.762000000000001,2.252,-0.1320000000000005,-0.8119999999999998,False,True,1,MEDIUM,False,0.14322560795034944,NORMAL
AST-0018,2026-08-01 07:31:38.403936,4.67,3.36,98.29,45.34,54.43,2026-08-01,7,5,3.784,2.28,0.8859999999999997,1.08,False,True,1,MEDIUM,False,0.06552610639403217,NORMAL
AST-0018,2026-08-01 08:55:38.403936,4.55,1.82,100.39,50.92,66.39,2026-08-01,8,5,3.906,1.888,0.6439999999999997,-0.0679999999999998,False,False,0,LOW,False,0.1359356833343766,NORMAL
AST-0018,2026-08-01 12:22:38.403936,7.23,3.23,102.18,71.76,61.98,2026-08-01,12,5,4.816000000000001,2.388,2.414,0.8420000000000001,False,True,1,MEDIUM,False,0.1402936273803852,NORMAL
AST-0018,2026-08-01 13:53:38.403936,7.81,2.32,102.17,57.29,70.78,2026-08-01,13,5,5.578,2.434,2.2319999999999998,-0.1140000000000003,False,False,0,LOW,False,0.1198006430375278,NORMAL
AST-0018,2026-08-01 14:39:38.403936,3.87,0.88,99.16,84.11,41.95,2026-08-01,14,5,5.626,2.322,-1.7559999999999991,-1.4420000000000002,False,True,1,MEDIUM,False,0.01527920540631833,NORMAL
AST-0018,2026-08-01 16:56:38.403936,4.3,3.14,102.59,56.39,76.74,2026-08-01,16,5,5.552,2.278,-1.2519999999999998,0.8620000000000001,False,True,1,MEDIUM,False,0.14788222152936553,NORMAL
AST-0018,2026-08-02 01:00:38.403936,7.82,2.19,104.44,57.48,68.88,2026-08-02,1,6,6.206,2.352,1.614,-0.1619999999999999,False,False,0,LOW,False,0.08215546041292782,NORMAL
AST-0018,2026-08-02 02:19:38.403936,5.28,3.84,100.12,49.18,79.7,2026-08-02,2,6,5.816,2.474,-0.5359999999999996,1.366,False,True,1,MEDIUM,False,0.10129015022804466,NORMAL
AST-0018,2026-08-02 03:49:38.403936,3.82,3.11,100.83,72.18,47.14,2026-08-02,3,6,5.018,2.632,-1.198,0.4779999999999997,False,False,0,LOW,False,0.13905282572308075,NORMAL
AST-0018,2026-08-02 04:37:38.403936,4.88,3.16,101.25,79.69,79.0,2026-08-02,4,6,5.220000000000001,3.088,-0.3400000000000007,0.072,False,False,0,LOW,False,0.1264193360095694,NORMAL
AST-0018,2026-08-02 08:27:38.403936,3.64,2.58,104.4,52.61,38.58,2026-08-02,8,6,5.088,2.976,-1.448,-0.3959999999999999,False,False,0,LOW,False,0.07297940025261651,NORMAL
AST-0018,2026-08-02 15:49:38.403936,3.64,2.6,106.42,64.04,85.69,2026-08-02,15,6,4.252,3.0580000000000003,-0.6119999999999997,-0.4580000000000002,False,False,0,LOW,False,0.06820937648575087,NORMAL
AST-0018,2026-08-02 15:52:38.403936,1.62,2.48,101.42,89.63,61.54,2026-08-02,15,6,3.5200000000000005,2.786,-1.9000000000000004,-0.306,False,False,0,LOW,False,0.038661805379775704,NORMAL
AST-0018,2026-08-02 20:14:38.403936,2.93,3.42,104.67,62.73,66.97,2026-08-02,20,6,3.342,2.8480000000000003,-0.4119999999999999,0.5719999999999996,False,True,1,MEDIUM,False,0.10922858089059095,NORMAL
AST-0018,2026-08-02 20:48:38.403936,5.49,3.91,103.38,65.93,55.8,2026-08-02,20,6,3.464,2.998,2.026,0.912,False,True,1,MEDIUM,False,0.12794157579119925,NORMAL
AST-0018,2026-08-02 22:57:38.403936,6.33,2.19,103.51,59.86,83.0,2026-08-02,22,6,4.002,2.92,2.3280000000000003,-0.73,False,True,1,MEDIUM,False,0.12100129731504466,NORMAL
AST-0018,2026-08-03 02:49:38.403936,5.5,1.93,103.66,62.0,42.76,2026-08-03,2,0,4.374,2.786,1.1260000000000003,-0.8560000000000001,False,True,1,MEDIUM,False,0.11293954310885645,NORMAL
AST-0018,2026-08-03 10:25:38.403936,4.1,2.18,101.07,67.64,62.3,2026-08-03,10,0,4.87,2.726,-0.7700000000000005,-0.5459999999999998,False,True,1,MEDIUM,False,0.17151506647840414,NORMAL
AST-0018,2026-08-04 00:00:38.403936,4.81,2.59,101.3,54.11,84.95,2026-08-04,0,1,5.246,2.56,-0.4359999999999999,0.0299999999999998,False,False,0,LOW,False,0.1384816178694479,NORMAL
AST-0018,2026-08-04 05:41:38.403936,6.38,2.7,103.97,63.18,77.67,2026-08-04,5,1,5.424,2.318,0.9560000000000004,0.3820000000000001,False,False,0,LOW,False,0.1298075212276461,NORMAL
AST-0018,2026-08-04 06:27:38.403936,6.15,2.42,100.26,56.09,76.82,2026-08-04,6,1,5.388,2.364,0.7620000000000005,0.056,False,False,0,LOW,False,0.1422743024672503,NORMAL
AST-0018,2026-08-04 08:14:38.403936,3.9,4.17,96.72,72.84,77.83,2026-08-04,8,1,5.068,2.812,-1.1679999999999997,1.358,False,True,1,MEDIUM,False,0.04627948419784267,NORMAL
AST-0018,2026-08-04 10:32:38.403936,5.22,2.48,98.44,50.79,61.34,2026-08-04,10,1,5.292,2.872,-0.072,-0.3919999999999999,False,False,0,LOW,False,0.1063075649285164,NORMAL
AST-0018,2026-08-04 11:40:38.403936,4.95,2.47,98.96,76.43,78.53,2026-08-04,11,1,5.32,2.848,-0.3700000000000001,-0.3779999999999996,False,False,0,LOW,False,0.1287017120558797,NORMAL
AST-0018,2026-08-04 12:47:38.403936,3.52,0.9,104.42,62.68,100.0,2026-08-04,12,1,4.747999999999999,2.488,-1.227999999999999,-1.588,False,True,1,MEDIUM,False,0.009037289736288034,NORMAL
AST-0018,2026-08-04 13:58:38.403936,5.42,1.45,101.67,70.62,61.42,2026-08-04,13,1,4.601999999999999,2.294,0.8180000000000005,-0.8439999999999996,False,True,1,MEDIUM,False,0.14514078042629885,NORMAL
AST-0018,2026-08-04 16:20:38.403936,2.61,2.28,104.45,59.95,45.38,2026-08-04,16,1,4.344,1.916,-1.7340000000000004,0.3639999999999999,False,False,0,LOW,False,0.09148418941553704,NORMAL
AST-0018,2026-08-04 19:02:38.403936,2.5,2.89,98.21,75.83,56.52,2026-08-04,19,1,3.8,1.998,-1.2999999999999998,0.8920000000000001,False,True,1,MEDIUM,False,0.09161789510624302,NORMAL
AST-0018,2026-08-04 20:59:38.403936,4.53,3.05,100.68,68.24,62.66,2026-08-04,20,1,3.716,2.114,0.8140000000000005,0.936,False,True,1,MEDIUM,False,0.17035167816947183,NORMAL
AST-0018,2026-08-04 22:36:38.403936,5.0,2.58,97.94,72.48,44.41,2026-08-04,22,1,4.0120000000000005,2.45,0.9879999999999995,0.1299999999999999,False,False,0,LOW,False,0.08758974188826613,NORMAL
AST-0018,2026-08-04 23:19:38.403936,4.99,2.07,102.24,77.16,52.05,2026-08-04,23,1,3.9260000000000006,2.5740000000000003,1.0639999999999996,-0.5040000000000004,False,True,1,MEDIUM,False,0.1324389587754985,NORMAL
AST-0018,2026-08-05 00:26:38.403936,2.92,2.06,103.79,51.07,53.45,2026-08-05,0,2,3.988,2.53,-1.0680000000000005,-0.4699999999999997,False,False,0,LOW,False,0.10006607207843171,NORMAL
AST-0018,2026-08-05 03:11:38.403936,4.05,4.02,104.55,87.19,62.14,2026-08-05,3,2,4.298,2.756,-0.2480000000000002,1.2639999999999998,False,True,1,MEDIUM,False,0.028290554684002656,NORMAL
AST-0018,2026-08-05 05:08:38.403936,4.75,2.73,101.94,53.26,34.83,2026-08-05,5,2,4.3420000000000005,2.692,0.4079999999999995,0.0380000000000002,False,False,0,LOW,False,0.10382199583143537,NORMAL
AST-0018,2026-08-05 05:30:38.403936,5.02,2.33,101.72,64.82,93.73,2026-08-05,5,2,4.346,2.642,0.6739999999999995,-0.3119999999999998,False,False,0,LOW,False,0.11983995094184646,NORMAL
AST-0018,2026-08-05 06:22:38.403936,3.6,3.98,101.27,54.42,79.81,2026-08-05,6,2,4.068,3.024,-0.4679999999999995,0.956,False,True,1,MEDIUM,False,0.12750053133859046,NORMAL
AST-0018,2026-08-05 13:10:38.403936,5.63,2.07,100.73,71.7,64.43,2026-08-05,13,2,4.609999999999999,3.026,1.0200000000000005,-0.956,False,True,1,MEDIUM,False,0.16294199406916038,NORMAL
AST-0018,2026-08-06 04:07:38.403936,2.64,3.77,99.22,64.72,47.41,2026-08-06,4,3,4.327999999999999,2.976,-1.6879999999999993,0.794,False,True,1,MEDIUM,False,0.10691281204720399,NORMAL
AST-0018,2026-08-06 09:14:38.403936,2.8,3.36,103.16,63.49,85.51,2026-08-06,9,3,3.938,3.102,-1.138,0.258,False,False,0,LOW,False,0.1246894648115715,NORMAL
AST-0018,2026-08-06 16:07:38.403936,5.18,2.86,104.42,76.01,49.85,2026-08-06,16,3,3.97,3.208,1.21,-0.3479999999999998,False,False,0,LOW,False,0.09801385366759113,NORMAL
AST-0018,2026-08-06 16:24:38.403936,4.09,0.66,98.27,78.67,94.61,2026-08-06,16,3,4.068,2.544,0.0220000000000002,-1.8839999999999997,False,True,1,MEDIUM,True,-0.013699802463305155,ANOMALOUS
AST-0018,2026-08-06 17:29:38.403936,3.59,3.05,104.57,91.61,51.69,2026-08-06,17,3,3.6599999999999993,2.74,-0.0699999999999994,0.31,False,False,0,LOW,False,0.00412024503160513,NORMAL
AST-0018,2026-08-06 18:23:38.403936,5.24,2.04,102.95,67.16,72.84,2026-08-06,18,3,4.18,2.394,1.0600000000000005,-0.3540000000000001,False,False,0,LOW,False,0.16166385337087474,NORMAL
AST-0018,2026-08-06 18:42:38.403936,3.48,2.1,99.06,77.9,88.9,2026-08-06,18,3,4.316,2.142,-0.8359999999999999,-0.0419999999999998,False,False,0,LOW,False,0.08485786604824214,NORMAL
AST-0018,2026-08-06 22:40:38.403936,2.88,3.3,103.55,53.7,50.17,2026-08-06,22,3,3.856,2.23,-0.9759999999999996,1.0699999999999998,False,True,1,MEDIUM,False,0.11022241982524222,NORMAL
AST-0018,2026-08-07 08:11:38.403936,7.55,3.16,102.67,56.97,76.29,2026-08-07,8,4,4.548,2.73,3.002,0.4300000000000001,False,False,0,LOW,False,0.11754499399865925,NORMAL
AST-0018,2026-08-07 09:37:38.403936,5.21,2.33,100.23,62.87,100.0,2026-08-07,9,4,4.872,2.5860000000000003,0.3380000000000001,-0.2560000000000002,False,False,0,LOW,False,0.08524854980412461,NORMAL
AST-0018,2026-08-07 09:48:38.403936,5.07,3.15,102.1,63.79,62.17,2026-08-07,9,4,4.837999999999999,2.808,0.2320000000000011,0.3420000000000001,False,False,0,LOW,False,0.1665827981361651,NORMAL
AST-0018,2026-08-07 10:32:38.403936,3.34,2.32,101.96,59.35,67.58,2026-08-07,10,4,4.8100000000000005,2.852,-1.4700000000000006,-0.532,False,True,1,MEDIUM,False,0.15498505039619315,NORMAL
AST-0018,2026-08-07 11:42:38.403936,2.81,2.45,96.85,68.37,73.14,2026-08-07,11,4,4.796,2.682,-1.986,-0.2319999999999997,False,False,0,LOW,False,0.07638555420885434,NORMAL
AST-0018,2026-08-07 16:41:38.403936,5.08,3.6,102.06,82.14,35.84,2026-08-07,16,4,4.302,2.77,0.7780000000000005,0.8300000000000001,False,True,1,MEDIUM,False,0.04275549603298612,NORMAL
AST-0018,2026-08-07 17:48:38.403936,3.8,1.86,103.34,52.1,59.57,2026-08-07,17,4,4.0200000000000005,2.676,-0.2200000000000006,-0.8159999999999996,False,True,1,MEDIUM,False,0.12189454949672529,NORMAL
AST-0018,2026-08-07 18:19:38.403936,12.26,2.55,101.78,49.36,69.05,2026-08-07,18,4,5.458,2.556,6.802,-0.0060000000000002,True,False,1,MEDIUM,False,0.052852076895402056,NORMAL
AST-0018,2026-08-07 19:34:38.403936,4.65,3.27,99.9,61.72,57.94,2026-08-07,19,4,5.720000000000001,2.746,-1.0700000000000005,0.524,False,True,1,MEDIUM,False,0.1520848294577844,NORMAL
AST-0018,2026-08-07 19:37:38.403936,4.55,2.71,99.07,76.97,54.26,2026-08-07,19,4,6.068,2.798,-1.5179999999999998,-0.088,False,False,0,LOW,False,0.1209102724023392,NORMAL
AST-0018,2026-08-07 19:57:38.403936,4.29,3.2,102.88,64.78,33.17,2026-08-07,19,4,5.909999999999999,2.718,-1.6199999999999992,0.4820000000000002,False,False,0,LOW,False,0.09351551267465014,NORMAL
AST-0018,2026-08-08 00:32:38.403936,2.84,3.57,100.21,52.49,57.24,2026-08-08,0,5,5.717999999999999,3.06,-2.8779999999999992,0.5099999999999998,False,True,1,MEDIUM,False,0.12153101788182319,NORMAL
AST-0018,2026-08-08 00:55:38.403936,2.99,1.55,103.29,58.02,67.24,2026-08-08,0,5,3.864,2.8600000000000003,-0.8739999999999997,-1.3100000000000005,False,True,1,MEDIUM,False,0.12797723652420173,NORMAL
AST-0018,2026-08-08 04:54:38.403936,4.2,2.51,106.7,68.12,76.62,2026-08-08,4,5,3.774,2.708,0.4260000000000001,-0.1979999999999999,False,False,0,LOW,False,0.06646052436997535,NORMAL
AST-0018,2026-08-08 12:02:38.403936,4.91,2.94,101.98,68.91,41.12,2026-08-08,12,5,3.846,2.754,1.064,0.1859999999999999,False,False,0,LOW,False,0.13557405425167524,NORMAL
AST-0018,2026-08-08 12:33:38.403936,1.99,4.13,102.24,60.08,88.91,2026-08-08,12,5,3.386,2.94,-1.396,1.19,False,True,1,MEDIUM,False,0.07537678329866165,NORMAL
AST-0018,2026-08-08 19:45:38.403936,6.07,2.62,101.35,61.49,93.14,2026-08-08,19,5,4.032,2.75,2.0380000000000003,-0.1299999999999999,False,False,0,LOW,False,0.11919926473633718,NORMAL
AST-0018,2026-08-08 21:05:38.403936,5.43,2.94,100.73,69.42,56.98,2026-08-08,21,5,4.5200000000000005,3.028,0.9099999999999993,-0.0879999999999996,False,False,0,LOW,False,0.16406891554968767,NORMAL
AST-0018,2026-08-08 23:15:38.403936,5.38,3.84,102.09,53.04,73.0,2026-08-08,23,5,4.756,3.294,0.6239999999999997,0.5460000000000003,False,True,1,MEDIUM,False,0.12803983051507806,NORMAL
AST-0018,2026-08-09 01:01:38.403936,3.07,2.83,103.37,68.45,60.92,2026-08-09,1,6,4.388,3.272,-1.318,-0.4419999999999997,False,False,0,LOW,False,0.1459421871571186,NORMAL
AST-0018,2026-08-09 02:41:38.403936,5.82,2.0,99.8,67.62,38.19,2026-08-09,2,6,5.154000000000001,2.846,0.6659999999999995,-0.8460000000000001,False,True,1,MEDIUM,False,0.11300614097207429,NORMAL
AST-0018,2026-08-09 03:09:38.403936,6.88,1.1,103.11,71.02,49.06,2026-08-09,3,6,5.316000000000001,2.542,1.5639999999999992,-1.4419999999999995,False,True,1,MEDIUM,False,0.08877028159181127,NORMAL
AST-0018,2026-08-09 14:48:38.403936,6.28,3.03,101.24,78.64,76.93,2026-08-09,14,6,5.486,2.56,0.7940000000000005,0.4700000000000002,False,False,0,LOW,False,0.12722519514059605,NORMAL
AST-0018,2026-08-09 17:28:38.403936,3.41,2.31,102.18,63.47,68.54,2026-08-09,17,6,5.0920000000000005,2.254,-1.6820000000000004,0.056,False,False,0,LOW,False,0.16657431905770215,NORMAL
AST-0018,2026-08-09 21:23:38.403936,1.86,3.32,103.11,70.05,52.83,2026-08-09,21,6,4.8500000000000005,2.352,-2.99,0.968,False,True,1,MEDIUM,False,0.12225505251725449,NORMAL
AST-0018,2026-08-09 21:31:38.403936,5.77,1.22,102.51,48.27,66.04,2026-08-09,21,6,4.84,2.196,0.9299999999999996,-0.9759999999999998,False,True,1,MEDIUM,False,0.09158494565733272,NORMAL
AST-0018,2026-08-09 21:36:38.403936,4.45,2.53,96.86,53.32,45.26,2026-08-09,21,6,4.354,2.482,0.096,0.0479999999999996,False,False,0,LOW,False,0.05271972341078357,NORMAL
AST-0018,2026-08-09 21:42:38.403936,4.15,3.76,102.83,60.31,74.77,2026-08-09,21,6,3.928,2.628,0.2220000000000004,1.1319999999999997,False,True,1,MEDIUM,False,0.14004164388271478,NORMAL
AST-0018,2026-08-10 00:57:38.403936,6.89,3.04,99.68,64.51,62.11,2026-08-10,0,0,4.6240000000000006,2.774,2.265999999999999,0.266,False,False,0,LOW,False,0.14705129899290947,NORMAL
AST-0018,2026-08-10 07:29:38.403936,2.65,3.0,98.79,55.6,46.11,2026-08-10,7,0,4.782,2.71,-2.132,0.29,False,False,0,LOW,False,0.09387002461100602,NORMAL
AST-0018,2026-08-10 13:33:38.403936,2.53,2.93,97.96,56.62,43.17,2026-08-10,13,0,4.134,3.052,-1.6040000000000003,-0.1219999999999998,False,False,0,LOW,False,0.07171948303354386,NORMAL
AST-0018,2026-08-10 15:22:38.403936,3.41,3.21,100.4,57.32,26.41,2026-08-10,15,0,3.926,3.188,-0.5159999999999996,0.0219999999999997,False,False,0,LOW,False,0.06899662996508116,NORMAL
AST-0018,2026-08-10 16:55:38.403936,5.43,3.66,100.94,67.99,59.57,2026-08-10,16,0,4.182,3.168,1.247999999999999,0.492,False,False,0,LOW,False,0.15521403325694755,NORMAL
AST-0018,2026-08-11 05:57:38.403936,3.91,2.2,97.75,55.19,51.13,2026-08-11,5,1,3.586,3.0,0.3240000000000003,-0.7999999999999998,False,True,1,MEDIUM,False,0.09585854931920068,NORMAL
AST-0018,2026-08-11 06:05:38.403936,4.75,2.54,101.65,67.44,60.98,2026-08-11,6,1,4.006,2.9080000000000004,0.7439999999999998,-0.3680000000000003,False,False,0,LOW,False,0.1708391227053404,NORMAL
AST-0018,2026-08-11 07:02:38.403936,4.95,2.06,105.04,65.35,50.56,2026-08-11,7,1,4.49,2.7340000000000004,0.4599999999999999,-0.6740000000000004,False,True,1,MEDIUM,False,0.10549801780154089,NORMAL
AST-0018,2026-08-11 07:11:38.403936,5.86,3.57,100.69,53.13,43.74,2026-08-11,7,1,4.98,2.806,0.8800000000000008,0.7639999999999998,False,True,1,MEDIUM,False,0.10278084655903313,NORMAL
AST-0018,2026-08-11 15:28:38.403936,4.38,2.67,101.11,77.37,60.36,2026-08-11,15,1,4.7700000000000005,2.608,-0.3900000000000005,0.0620000000000002,False,False,0,LOW,False,0.14997951440961893,NORMAL
AST-0018,2026-08-11 17:53:38.403936,6.13,2.55,99.14,57.85,77.23,2026-08-11,17,1,5.214,2.678,0.9159999999999996,-0.1280000000000001,False,False,0,LOW,False,0.13864899940869285,NORMAL
AST-0018,2026-08-12 04:12:38.403936,7.38,2.83,100.45,50.72,48.65,2026-08-12,4,2,5.74,2.736,1.6399999999999997,0.0940000000000003,False,False,0,LOW,False,0.10256882289302205,NORMAL
AST-0018,2026-08-12 05:19:38.403936,5.99,2.4,102.75,60.96,79.92,2026-08-12,5,2,5.948,2.804,0.0419999999999998,-0.4039999999999999,False,False,0,LOW,False,0.1475441219431443,NORMAL
AST-0018,2026-08-12 09:12:38.403936,2.08,2.51,98.65,86.05,27.89,2026-08-12,9,2,5.192,2.592,-3.112,-0.0820000000000003,False,False,0,LOW,True,-0.034595051128992305,ANOMALOUS
AST-0018,2026-08-12 09:31:38.403936,6.12,2.46,105.1,56.47,33.83,2026-08-12,9,2,5.54,2.55,0.5800000000000001,-0.0899999999999998,False,False,0,LOW,False,0.04183870514219168,NORMAL
AST-0018,2026-08-12 15:21:38.403936,4.53,3.48,102.35,69.46,34.0,2026-08-12,15,2,5.220000000000001,2.736,-0.6900000000000004,0.7440000000000002,False,True,1,MEDIUM,False,0.09361851377914138,NORMAL
AST-0018,2026-08-12 22:32:38.403936,3.35,2.27,97.59,69.04,42.08,2026-08-12,22,2,4.414,2.624,-1.0639999999999996,-0.3539999999999996,False,False,0,LOW,False,0.07002206777159214,NORMAL
AST-0018,2026-08-13 07:23:38.403936,3.63,0.55,101.03,79.23,81.67,2026-08-13,7,3,3.9419999999999993,2.254,-0.3119999999999994,-1.704,False,True,1,MEDIUM,False,0.06414738407172965,NORMAL
AST-0018,2026-08-13 08:48:38.403936,5.68,1.08,102.73,62.66,77.73,2026-08-13,8,3,4.662000000000001,1.9680000000000004,1.017999999999999,-0.8880000000000003,False,True,1,MEDIUM,False,0.11910765695635883,NORMAL
AST-0018,2026-08-13 09:50:38.403936,6.5,4.01,101.96,70.07,26.6,2026-08-13,9,3,4.738,2.278,1.7620000000000005,1.7319999999999998,False,True,1,MEDIUM,False,0.04856209411065893,NORMAL
AST-0018,2026-08-13 11:11:38.403936,6.75,2.56,103.35,91.42,75.77,2026-08-13,11,3,5.182,2.094,1.5680000000000005,0.4660000000000002,False,False,0,LOW,False,0.018807368885480402,NORMAL
AST-0018,2026-08-13 11:18:38.403936,5.87,3.79,102.76,64.17,89.79,2026-08-13,11,3,5.686,2.398,0.1840000000000001,1.392,False,True,1,MEDIUM,False,0.10847963002092931,NORMAL
AST-0018,2026-08-13 12:28:38.403936,3.67,1.0,105.39,55.03,45.94,2026-08-13,12,3,5.694000000000001,2.488,-2.024000000000001,-1.488,False,True,1,MEDIUM,False,0.05004374158768199,NORMAL
AST-0018,2026-08-13 22:30:38.403936,5.83,2.73,104.83,62.53,62.8,2026-08-13,22,3,5.723999999999999,2.818,0.1060000000000007,-0.088,False,False,0,LOW,False,0.11837323424440083,NORMAL
AST-0018,2026-08-14 01:28:38.403936,5.63,1.54,99.62,63.85,55.04,2026-08-14,1,4,5.55,2.3240000000000003,0.08,-0.7840000000000003,False,True,1,MEDIUM,False,0.14260912114079244,NORMAL
AST-0018,2026-08-14 11:20:38.403936,6.01,2.58,99.96,51.05,64.28,2026-08-14,11,4,5.401999999999999,2.3280000000000003,0.6080000000000005,0.2519999999999998,False,False,0,LOW,False,0.1321983622911207,NORMAL
AST-0018,2026-08-14 13:05:38.403936,6.64,2.26,101.64,72.27,74.97,2026-08-14,13,4,5.556,2.022,1.0839999999999996,0.238,False,False,0,LOW,False,0.14910425294696866,NORMAL
AST-0018,2026-08-14 15:49:38.403936,2.2,3.06,101.95,53.8,51.8,2026-08-14,15,4,5.262,2.434,-3.0619999999999994,0.6259999999999999,False,True,1,MEDIUM,False,0.12375435076401692,NORMAL
AST-0018,2026-08-14 17:51:38.403936,3.38,3.74,101.53,76.79,66.22,2026-08-14,17,4,4.772,2.636,-1.3920000000000003,1.104,False,True,1,MEDIUM,False,0.127813141852049,NORMAL
AST-0018,2026-08-14 20:29:38.403936,3.6,1.44,101.58,79.53,57.99,2026-08-14,20,4,4.366,2.616,-0.7659999999999996,-1.1760000000000002,False,True,1,MEDIUM,False,0.10749627579359428,NORMAL
AST-0018,2026-08-14 21:13:38.403936,3.97,2.98,102.41,58.19,40.56,2026-08-14,21,4,3.958,2.696,0.0120000000000004,0.2839999999999998,False,False,0,LOW,False,0.13104139745730814,NORMAL
AST-0018,2026-08-14 22:20:38.403936,7.21,1.54,100.45,61.11,89.4,2026-08-14,22,4,4.072,2.552,3.138,-1.012,False,True,1,MEDIUM,False,0.09689314422694212,NORMAL
AST-0018,2026-08-14 23:20:38.403936,4.35,2.13,100.73,57.8,72.23,2026-08-14,23,4,4.502,2.366,-0.1520000000000001,-0.2360000000000002,False,False,0,LOW,False,0.15897605552053418,NORMAL
AST-0018,2026-08-15 01:26:38.403936,4.07,3.54,99.87,74.31,97.59,2026-08-15,1,5,4.640000000000001,2.326,-0.5700000000000003,1.2140000000000004,False,True,1,MEDIUM,False,0.06455184219492388,NORMAL
AST-0018,2026-08-15 10:34:38.403936,5.61,4.08,101.64,58.89,65.92,2026-08-15,10,5,5.042,2.854,0.5680000000000005,1.226,False,True,1,MEDIUM,False,0.13825552025815135,NORMAL
AST-0018,2026-08-15 13:29:38.403936,4.57,2.96,98.4,56.75,43.39,2026-08-15,13,5,5.162000000000001,2.85,-0.5920000000000005,0.1099999999999998,False,False,0,LOW,False,0.09795861934640898,NORMAL
AST-0018,2026-08-15 19:57:38.403936,4.52,1.94,104.9,70.76,5.0,2026-08-15,19,5,4.6240000000000006,2.93,-0.1040000000000009,-0.9900000000000002,False,True,1,MEDIUM,True,-0.0017206683469555006,ANOMALOUS
AST-0018,2026-08-15 20:37:38.403936,6.11,2.65,103.18,54.67,72.16,2026-08-15,20,5,4.976000000000001,3.034,1.1339999999999997,-0.3839999999999999,False,False,0,LOW,False,0.14194889824377954,NORMAL
AST-0018,2026-08-16 01:35:38.403936,5.84,6.02,98.93,61.75,76.9,2026-08-16,1,6,5.33,3.53,0.5099999999999998,2.49,False,True,1,MEDIUM,False,0.058645493795872417,NORMAL
AST-0018,2026-08-16 04:51:38.403936,3.07,2.58,102.72,58.41,68.07,2026-08-16,4,6,4.822,3.2299999999999995,-1.7520000000000002,-0.6499999999999995,False,True,1,MEDIUM,False,0.15170413492585877,NORMAL
AST-0018,2026-08-16 09:16:38.403936,4.4,2.71,99.17,70.95,53.96,2026-08-16,9,6,4.787999999999999,3.18,-0.387999999999999,-0.4699999999999997,False,False,0,LOW,False,0.1419206038759192,NORMAL
AST-0018,2026-08-16 16:33:38.403936,2.87,3.04,99.0,71.66,73.33,2026-08-16,16,6,4.458,3.4,-1.588,-0.3599999999999999,False,False,0,LOW,False,0.1314267278453965,NORMAL
AST-0018,2026-08-16 17:25:38.403936,4.04,3.6,101.1,73.26,60.94,2026-08-16,17,6,4.044,3.59,-0.0039999999999995,0.0100000000000002,False,False,0,LOW,False,0.14514818799673035,NORMAL
AST-0018,2026-08-16 19:07:38.403936,4.88,2.11,101.37,69.58,40.34,2026-08-16,19,6,3.852,2.8080000000000003,1.0279999999999996,-0.6980000000000004,False,True,1,MEDIUM,False,0.13266319436974117,NORMAL
AST-0018,2026-08-16 20:28:38.403936,6.0,0.18,105.48,63.6,84.95,2026-08-16,20,6,4.438000000000001,2.3280000000000003,1.5619999999999994,-2.148,False,True,1,MEDIUM,False,0.018195314746485614,NORMAL
AST-0018,2026-08-17 06:08:38.403936,2.24,2.7,99.46,50.1,42.25,2026-08-17,6,0,4.005999999999999,2.326,-1.7659999999999991,0.3740000000000001,False,False,0,LOW,False,0.07766529744480127,NORMAL
AST-0018,2026-08-17 09:21:38.403936,6.22,1.88,104.42,49.7,94.33,2026-08-17,9,0,4.676,2.094,1.5439999999999996,-0.2139999999999999,False,False,0,LOW,False,0.02355151876960737,NORMAL
AST-0018,2026-08-17 09:56:38.403936,2.02,1.89,104.19,67.44,68.45,2026-08-17,9,0,4.272,1.752,-2.252,0.1379999999999999,False,False,0,LOW,False,0.11573157120764443,NORMAL
AST-0018,2026-08-17 13:29:38.403936,4.67,1.11,106.18,60.32,78.43,2026-08-17,13,0,4.23,1.552,0.4400000000000004,-0.4419999999999999,False,False,0,LOW,False,0.03947199607394608,NORMAL
AST-0018,2026-08-17 14:32:38.403936,5.62,2.72,99.4,68.19,47.15,2026-08-17,14,0,4.154,2.06,1.4660000000000002,0.6600000000000001,False,True,1,MEDIUM,False,0.13953398540529122,NORMAL
AST-0018,2026-08-17 16:04:38.403936,2.56,1.94,99.46,77.4,57.87,2026-08-17,16,0,4.218,1.908,-1.658,0.032,False,False,0,LOW,False,0.110166677292663,NORMAL
AST-0018,2026-08-17 17:53:38.403936,4.51,1.76,96.74,53.88,57.97,2026-08-17,17,0,3.876,1.884,0.6339999999999999,-0.1239999999999998,False,False,0,LOW,False,0.05813103027219635,NORMAL
AST-0018,2026-08-18 04:34:38.403936,2.89,3.05,100.5,40.08,76.88,2026-08-18,4,1,4.05,2.116,-1.1599999999999997,0.9339999999999996,False,True,1,MEDIUM,False,0.0734917669450359,NORMAL
AST-0018,2026-08-18 08:39:38.403936,3.04,1.4,100.05,73.62,82.16,2026-08-18,8,1,3.724,2.1740000000000004,-0.6840000000000002,-0.7740000000000005,False,True,1,MEDIUM,False,0.10808469110175084,NORMAL
AST-0018,2026-08-18 10:59:38.403936,0.71,2.89,100.38,69.6,48.86,2026-08-18,10,1,2.742,2.208,-2.032,0.6820000000000004,False,True,1,MEDIUM,False,0.10045946567980313,NORMAL
AST-0018,2026-08-18 12:31:38.403936,4.65,2.29,101.44,67.09,53.48,2026-08-18,12,1,3.16,2.278,1.4900000000000002,0.012,False,False,0,LOW,False,0.16646723630691196,NORMAL
AST-0018,2026-08-18 14:18:38.403936,1.7,2.16,102.1,60.37,59.47,2026-08-18,14,1,2.598,2.358,-0.8979999999999999,-0.1979999999999999,False,False,0,LOW,False,0.13980849389909367,NORMAL
AST-0018,2026-08-18 22:12:38.403936,1.19,3.61,98.61,54.97,59.04,2026-08-18,22,1,2.258,2.47,-1.068,1.14,False,True,1,MEDIUM,False,0.07694538660777361,NORMAL
AST-0018,2026-08-18 23:46:38.403936,3.53,2.88,103.11,66.53,43.41,2026-08-18,23,1,2.3560000000000003,2.766,1.1739999999999997,0.1139999999999998,False,False,0,LOW,False,0.13288350464610593,NORMAL
AST-0018,2026-08-19 01:34:38.403936,4.64,2.35,103.51,78.06,33.01,2026-08-19,1,2,3.1420000000000003,2.6580000000000004,1.497999999999999,-0.3080000000000003,False,False,0,LOW,False,0.05612835398365129,NORMAL
AST-0018,2026-08-19 02:03:38.403936,3.56,2.82,102.29,67.61,55.09,2026-08-19,2,2,2.924,2.764,0.6360000000000001,0.0559999999999996,False,False,0,LOW,False,0.16010256490319424,NORMAL
AST-0018,2026-08-19 08:40:38.403936,2.42,2.34,103.42,64.48,74.06,2026-08-19,8,2,3.068,2.8,-0.6480000000000001,-0.4599999999999999,False,False,0,LOW,False,0.14583842167183247,NORMAL
AST-0018,2026-08-19 09:10:38.403936,5.49,1.91,99.23,72.14,70.9,2026-08-19,9,2,3.928,2.46,1.5620000000000005,-0.55,False,True,1,MEDIUM,False,0.1401359212192178,NORMAL
AST-0018,2026-08-19 11:33:38.403936,5.85,3.8,104.61,59.65,61.61,2026-08-19,11,2,4.392,2.644,1.4580000000000002,1.156,False,True,1,MEDIUM,False,0.09178817820933793,NORMAL
AST-0018,2026-08-19 14:58:38.403936,4.31,2.09,102.27,56.51,70.5,2026-08-19,14,2,4.326,2.592,-0.016,-0.5019999999999998,False,True,1,MEDIUM,False,0.15329493388134796,NORMAL
AST-0018,2026-08-19 18:39:38.403936,4.47,3.81,103.04,67.04,81.63,2026-08-19,18,2,4.508,2.79,-0.0380000000000002,1.02,False,True,1,MEDIUM,False,0.1315440798941354,NORMAL
AST-0018,2026-08-19 18:53:38.403936,3.91,1.79,100.27,62.8,77.96,2026-08-19,18,2,4.806,2.68,-0.8959999999999999,-0.8899999999999997,False,True,1,MEDIUM,False,0.15160927794844886,NORMAL
AST-0018,2026-08-19 21:36:38.403936,4.49,2.9,103.25,57.44,71.59,2026-08-19,21,2,4.606,2.878,-0.1159999999999996,0.0220000000000002,False,False,0,LOW,False,0.15104793515868375,NORMAL
AST-0018,2026-08-20 02:15:38.403936,3.46,2.96,103.18,77.2,51.55,2026-08-20,2,3,4.128,2.71,-0.6680000000000001,0.25,False,False,0,LOW,False,0.12511201414321482,NORMAL
AST-0018,2026-08-20 03:10:38.403936,3.73,1.26,101.56,70.39,67.73,2026-08-20,3,3,4.0120000000000005,2.544,-0.2820000000000005,-1.284,False,True,1,MEDIUM,False,0.13838873099627408,NORMAL
AST-0018,2026-08-20 07:36:38.403936,0.77,3.4,102.88,69.57,5.0,2026-08-20,7,3,3.272,2.462,-2.502,0.9380000000000002,False,True,1,MEDIUM,True,-0.02421880496127693,ANOMALOUS
AST-0018,2026-08-20 08:31:38.403936,3.21,2.12,104.3,62.28,31.34,2026-08-20,8,3,3.132,2.528,0.0779999999999998,-0.4079999999999999,False,False,0,LOW,False,0.06221979515416737,NORMAL
AST-0018,2026-08-20 10:05:38.403936,3.84,2.59,104.71,53.92,82.57,2026-08-20,10,3,3.002,2.466,0.8380000000000001,0.1239999999999996,False,False,0,LOW,False,0.09608334967216225,NORMAL
AST-0018,2026-08-20 13:39:38.403936,6.38,4.07,101.7,56.54,55.18,2026-08-20,13,3,3.586,2.688,2.794,1.382,False,True,1,MEDIUM,False,0.12325034877387459,NORMAL
AST-0018,2026-08-20 15:31:38.403936,6.19,3.15,99.55,55.98,82.15,2026-08-20,15,3,4.078,3.066,2.112,0.084,False,False,0,LOW,False,0.12845951741642148,NORMAL
AST-0018,2026-08-20 17:25:38.403936,2.74,1.95,100.47,66.13,54.98,2026-08-20,17,3,4.472,2.776,-1.731999999999999,-0.8259999999999998,False,True,1,MEDIUM,False,0.14960660100572554,NORMAL
AST-0018,2026-08-20 18:10:38.403936,5.33,2.01,102.11,49.89,84.0,2026-08-20,18,3,4.896,2.754,0.4340000000000001,-0.7440000000000002,False,True,1,MEDIUM,False,0.10785136541922585,NORMAL
AST-0018,2026-08-20 19:44:38.403936,2.81,3.79,99.54,45.81,65.18,2026-08-20,19,3,4.69,2.994,-1.8799999999999997,0.7960000000000003,False,True,1,MEDIUM,False,0.081282470605342,NORMAL
AST-0018,2026-08-20 20:29:38.403936,4.59,3.55,101.0,54.65,36.4,2026-08-20,20,3,4.332000000000001,2.89,0.2579999999999991,0.6600000000000001,False,True,1,MEDIUM,False,0.09671810630422123,NORMAL
AST-0018,2026-08-20 21:19:38.403936,7.81,2.76,99.63,81.53,100.0,2026-08-20,21,3,4.656000000000001,2.812,3.153999999999999,-0.052,False,False,0,LOW,False,0.007174194741693007,NORMAL
AST-0018,2026-08-20 22:48:38.403936,3.86,2.71,100.47,76.27,47.47,2026-08-20,22,3,4.88,2.964,-1.02,-0.254,False,False,0,LOW,False,0.13486039998336757,NORMAL
AST-0018,2026-08-20 22:48:38.403936,3.66,2.58,98.33,62.86,45.27,2026-08-20,22,3,4.546,3.0780000000000003,-0.8860000000000001,-0.4980000000000002,False,False,0,LOW,False,0.11666342940769808,NORMAL
AST-0018,2026-08-20 23:57:38.403936,2.49,2.93,104.41,78.7,78.22,2026-08-20,23,3,4.482,2.906,-1.992,0.024,False,False,0,LOW,False,0.07565354218997566,NORMAL
AST-0018,2026-08-21 00:44:38.403936,5.64,2.64,104.05,54.92,89.16,2026-08-21,0,4,4.692,2.724,0.9479999999999996,-0.084,False,False,0,LOW,False,0.09331194468644499,NORMAL
AST-0018,2026-08-21 01:48:38.403936,6.4,1.72,101.07,59.45,47.22,2026-08-21,1,4,4.409999999999999,2.516,1.990000000000001,-0.796,False,True,1,MEDIUM,False,0.13280572690691228,NORMAL
AST-0018,2026-08-21 06:52:38.403936,4.45,2.07,100.76,78.79,23.35,2026-08-21,6,4,4.5280000000000005,2.3880000000000003,-0.0780000000000002,-0.3180000000000005,False,False,0,LOW,False,0.04282051510854035,NORMAL
AST-0018,2026-08-21 12:07:38.403936,6.98,4.04,101.39,89.23,57.82,2026-08-21,12,4,5.192,2.68,1.7880000000000005,1.3600000000000003,False,True,1,MEDIUM,False,0.025829984285985153,NORMAL
AST-0018,2026-08-21 13:22:38.403936,7.17,2.56,106.24,64.69,61.14,2026-08-21,13,4,6.128,2.606,1.0419999999999998,-0.0459999999999998,False,False,0,LOW,False,0.0638519238505888,NORMAL
AST-0018,2026-08-21 17:31:38.403936,2.51,2.27,104.33,76.46,44.98,2026-08-21,17,4,5.502000000000001,2.532,-2.992000000000001,-0.262,False,False,0,LOW,False,0.06338781113920583,NORMAL
AST-0018,2026-08-21 19:29:38.403936,5.14,3.25,102.95,63.99,57.09,2026-08-21,19,4,5.25,2.838,-0.1100000000000003,0.4119999999999999,False,False,0,LOW,False,0.1563233646630579,NORMAL
AST-0018,2026-08-21 20:26:38.403936,5.54,3.44,100.75,61.59,74.0,2026-08-21,20,4,5.468,3.112,0.072,0.3279999999999998,False,False,0,LOW,False,0.15512498134799513,NORMAL
AST-0018,2026-08-21 20:33:38.403936,3.78,2.69,99.52,45.52,51.7,2026-08-21,20,4,4.827999999999999,2.842,-1.0479999999999996,-0.1519999999999997,False,False,0,LOW,False,0.09065233395413819,NORMAL
AST-0018,2026-08-21 21:06:38.403936,6.08,4.46,100.43,61.47,51.12,2026-08-21,21,4,4.61,3.222,1.4699999999999998,1.238,False,True,1,MEDIUM,False,0.11087025801920952,NORMAL
AST-0018,2026-08-22 02:54:38.403936,3.69,1.81,99.14,72.84,63.91,2026-08-22,2,5,4.846,3.13,-1.156,-1.3199999999999998,False,True,1,MEDIUM,False,0.13884973175258364,NORMAL
AST-0018,2026-08-22 03:37:38.403936,1.77,1.94,98.52,82.04,62.93,2026-08-22,3,5,4.172000000000001,2.868,-2.4020000000000006,-0.928,False,True,1,MEDIUM,False,0.05695102834612392,NORMAL
AST-0018,2026-08-22 04:06:38.403936,4.98,1.88,99.12,79.38,71.43,2026-08-22,4,5,4.0600000000000005,2.556,0.92,-0.6760000000000002,False,True,1,MEDIUM,False,0.11357232431542502,NORMAL
AST-0018,2026-08-22 09:43:38.403936,6.3,2.47,101.13,83.8,74.37,2026-08-22,9,5,4.564,2.512,1.7359999999999998,-0.0419999999999998,False,False,0,LOW,False,0.10319345609262137,NORMAL
AST-0018,2026-08-22 16:39:38.403936,4.87,0.07,102.89,76.18,64.28,2026-08-22,16,5,4.322,1.6340000000000003,0.548,-1.5640000000000005,False,True,1,MEDIUM,False,0.07495243165841242,NORMAL
AST-0018,2026-08-22 18:59:38.403936,4.37,1.81,102.77,81.55,49.74,2026-08-22,18,5,4.458,1.634,-0.088,0.1760000000000001,False,False,0,LOW,False,0.09127084959151549,NORMAL
AST-0018,2026-08-23 01:00:38.403936,4.91,0.84,101.12,65.16,79.3,2026-08-23,1,6,5.086,1.414,-0.1760000000000001,-0.5740000000000002,False,True,1,MEDIUM,False,0.11831167500645845,NORMAL
AST-0018,2026-08-23 05:27:38.403936,2.5,1.03,102.32,53.97,26.25,2026-08-23,5,6,4.59,1.2440000000000002,-2.09,-0.2140000000000002,False,False,0,LOW,False,0.02644256196857464,NORMAL
AST-0018,2026-08-23 12:07:38.403936,12.37,2.47,97.84,79.95,65.74,2026-08-23,12,6,5.803999999999999,1.2440000000000002,6.566,1.226,True,True,2,HIGH,True,-4.8152604114615194e-05,ANOMALOUS
AST-0018,2026-08-23 12:08:38.403936,6.56,4.0,99.51,64.17,56.9,2026-08-23,12,6,6.142,2.03,0.4179999999999992,1.97,False,True,1,MEDIUM,False,0.1255705718872751,NORMAL
AST-0018,2026-08-23 12:35:38.403936,5.17,1.24,99.05,53.06,67.57,2026-08-23,12,6,6.302,1.916,-1.1319999999999997,-0.6759999999999999,False,True,1,MEDIUM,False,0.10471287551217978,NORMAL
AST-0018,2026-08-23 17:28:38.403936,3.16,3.14,97.55,71.46,45.22,2026-08-23,17,6,5.952,2.376,-2.792,0.7640000000000002,False,True,1,MEDIUM,False,0.0648186479214567,NORMAL
AST-0018,2026-08-23 21:24:38.403936,4.61,4.45,101.9,58.89,50.02,2026-08-23,21,6,6.374,3.06,-1.7639999999999991,1.39,False,True,1,MEDIUM,False,0.11267238546110614,NORMAL
AST-0018,2026-08-24 02:01:38.403936,3.52,2.08,102.47,77.38,65.38,2026-08-24,2,0,4.604000000000001,2.982,-1.084000000000001,-0.902,False,True,1,MEDIUM,False,0.14065673398550305,NORMAL
AST-0018,2026-08-24 10:59:38.403936,6.8,3.48,100.87,79.91,67.68,2026-08-24,10,0,4.651999999999999,2.878,2.148000000000001,0.6019999999999999,False,True,1,MEDIUM,False,0.10684649691877024,NORMAL
AST-0018,2026-08-24 12:05:38.403936,2.14,2.83,102.46,44.41,79.37,2026-08-24,12,0,4.046,3.196,-1.906,-0.3660000000000001,False,False,0,LOW,False,0.07597503235290992,NORMAL
AST-0018,2026-08-24 14:08:38.403936,4.75,1.93,104.78,93.43,59.99,2026-08-24,14,0,4.364,2.954,0.3860000000000001,-1.0239999999999998,False,True,1,MEDIUM,False,0.007069173730863021,NORMAL
AST-0018,2026-08-24 16:56:38.403936,4.94,2.21,100.93,40.12,61.01,2026-08-24,16,0,4.430000000000001,2.506,0.5099999999999998,-0.2960000000000002,False,False,0,LOW,False,0.07356043357100772,NORMAL
AST-0018,2026-08-24 18:20:38.403936,2.08,2.56,100.16,74.66,38.95,2026-08-24,18,0,4.142,2.602,-2.0620000000000003,-0.0419999999999998,False,False,0,LOW,False,0.08697291939281443,NORMAL
AST-0018,2026-08-24 22:42:38.403936,4.49,2.65,100.8,70.7,52.83,2026-08-24,22,0,3.6800000000000006,2.436,0.8099999999999996,0.2139999999999999,False,False,0,LOW,False,0.16118749327336762,NORMAL
AST-0018,2026-08-25 04:11:38.403936,3.38,2.83,102.43,74.94,62.71,2026-08-25,4,1,3.928,2.436,-0.548,0.3940000000000001,False,False,0,LOW,False,0.1533981362700989,NORMAL
AST-0018,2026-08-25 12:28:38.403936,2.77,1.27,102.07,61.39,61.05,2026-08-25,12,1,3.532,2.304,-0.762,-1.0339999999999998,False,True,1,MEDIUM,False,0.12867419765659566,NORMAL
AST-0018,2026-08-25 18:49:38.403936,9.16,2.99,100.93,70.35,80.98,2026-08-25,18,1,4.376,2.46,4.784000000000001,0.5300000000000002,False,True,1,MEDIUM,False,0.100812782682836,NORMAL
AST-0018,2026-08-25 21:03:38.403936,4.79,4.31,101.62,59.49,100.0,2026-08-25,21,1,4.918,2.81,-0.1280000000000001,1.4999999999999996,False,True,1,MEDIUM,False,0.04893079288562635,NORMAL
AST-0018,2026-08-26 00:17:38.403936,2.5,7.73,103.74,65.62,31.17,2026-08-26,0,2,4.52,3.826000000000001,-2.02,3.904,False,True,1,MEDIUM,True,-0.052649983187932015,ANOMALOUS
AST-0018,2026-08-26 04:41:38.403936,5.9,1.7,101.83,71.96,92.81,2026-08-26,4,2,5.024,3.6000000000000005,0.8760000000000003,-1.9000000000000008,False,True,1,MEDIUM,False,0.09671326404875841,NORMAL
AST-0018,2026-08-26 05:40:38.403936,4.16,4.35,99.13,77.86,65.98,2026-08-26,5,2,5.3020000000000005,4.215999999999999,-1.1420000000000003,0.1340000000000003,False,False,0,LOW,False,0.08829969249882458,NORMAL
AST-0018,2026-08-26 17:03:38.403936,2.55,3.26,103.62,67.52,55.13,2026-08-26,17,2,3.98,4.2700000000000005,-1.4299999999999995,-1.010000000000001,False,True,1,MEDIUM,False,0.1282454482567259,NORMAL
AST-0018,2026-08-26 18:28:38.403936,4.4,3.06,103.69,76.15,71.49,2026-08-26,18,2,3.902,4.02,0.4980000000000002,-0.9599999999999996,False,True,1,MEDIUM,False,0.13229760077774466,NORMAL
AST-0018,2026-08-26 21:27:38.403936,5.98,2.44,100.66,66.52,49.97,2026-08-26,21,2,4.598000000000001,2.962,1.3819999999999997,-0.5219999999999998,False,True,1,MEDIUM,False,0.15449931864890482,NORMAL
AST-0018,2026-08-27 13:51:38.403936,6.32,1.83,100.65,61.85,58.63,2026-08-27,13,3,4.682,2.9880000000000004,1.638,-1.1580000000000004,False,True,1,MEDIUM,False,0.15690215876439578,NORMAL
AST-0018,2026-08-27 19:59:38.403936,3.79,2.35,103.98,65.92,67.44,2026-08-27,19,3,4.608,2.588,-0.8179999999999996,-0.238,False,False,0,LOW,False,0.14672382488096636,NORMAL
AST-0018,2026-08-27 20:43:38.403936,6.1,2.13,104.44,66.11,87.14,2026-08-27,20,3,5.3180000000000005,2.362,0.7819999999999991,-0.2319999999999997,False,False,0,LOW,False,0.10499299917397709,NORMAL
AST-0018,2026-08-27 22:54:38.403936,6.16,2.29,100.83,60.93,55.37,2026-08-27,22,3,5.67,2.208,0.4900000000000002,0.0819999999999998,False,False,0,LOW,False,0.1595526959349433,NORMAL
AST-0018,2026-08-28 00:15:38.403936,5.3,0.74,100.98,66.43,80.29,2026-08-28,0,4,5.534000000000001,1.8680000000000003,-0.2340000000000008,-1.1280000000000003,False,True,1,MEDIUM,False,0.11031847950815632,NORMAL
AST-0018,2026-08-28 06:08:38.403936,5.25,2.39,102.6,80.23,60.79,2026-08-28,6,4,5.32,1.98,-0.0700000000000002,0.4100000000000001,False,False,0,LOW,False,0.1257150882611559,NORMAL
AST-0018,2026-08-28 08:23:38.403936,4.82,3.35,100.55,78.51,88.27,2026-08-28,8,4,5.526000000000001,2.18,-0.7060000000000004,1.17,False,True,1,MEDIUM,False,0.09763871806116575,NORMAL
AST-0018,2026-08-28 15:29:38.403936,6.46,3.42,100.69,67.3,41.27,2026-08-28,15,4,5.598,2.438,0.8620000000000001,0.9820000000000002,False,True,1,MEDIUM,False,0.11949739305141283,NORMAL
AST-0018,2026-08-28 15:36:38.403936,3.05,3.4,102.08,58.45,61.19,2026-08-28,15,4,4.976,2.66,-1.926,0.7399999999999998,False,True,1,MEDIUM,False,0.1491379551031186,NORMAL
AST-0018,2026-08-28 15:57:38.403936,2.96,2.39,98.0,69.15,61.95,2026-08-28,15,4,4.508,2.99,-1.548,-0.6000000000000001,False,True,1,MEDIUM,False,0.11835760201512552,NORMAL
AST-0019,2026-07-29 18:45:38.403936,4.13,2.96,101.92,95.79,85.15,2026-07-29,18,2,4.13,2.96,0.0,0.0,False,False,0,LOW,False,0.02134305062377151,NORMAL
AST-0019,2026-07-29 19:30:38.403936,2.57,3.28,97.09,76.54,89.95,2026-07-29,19,2,3.35,3.12,-0.7799999999999998,0.1599999999999997,False,False,0,LOW,False,0.022548304496541882,NORMAL
AST-0019,2026-07-30 02:12:38.403936,5.3,1.86,100.87,80.42,82.9,2026-07-30,2,3,4.0,2.7,1.2999999999999998,-0.8399999999999996,False,True,1,MEDIUM,False,0.11257035400008075,NORMAL
AST-0019,2026-07-30 02:42:38.403936,3.34,2.49,98.08,66.43,31.49,2026-07-30,2,3,3.835,2.6475,-0.4950000000000001,-0.1574999999999997,False,False,0,LOW,False,0.058219970516795116,NORMAL
AST-0019,2026-07-30 07:49:38.403936,2.72,2.46,99.21,69.73,70.24,2026-07-30,7,3,3.612,2.6100000000000003,-0.8919999999999995,-0.1500000000000003,False,False,0,LOW,False,0.14341696573158264,NORMAL
AST-0019,2026-07-30 09:42:38.403936,5.36,3.27,100.64,58.88,45.47,2026-07-30,9,3,3.858,2.672,1.502000000000001,0.5980000000000003,False,True,1,MEDIUM,False,0.1337872838119018,NORMAL
AST-0019,2026-07-30 15:02:38.403936,6.07,3.12,100.31,63.73,55.08,2026-07-30,15,3,4.558,2.64,1.5120000000000005,0.4800000000000004,False,False,0,LOW,False,0.15601874721383285,NORMAL
AST-0019,2026-07-30 17:33:38.403936,4.39,2.78,100.16,60.21,56.89,2026-07-30,17,3,4.376,2.8240000000000003,0.0140000000000002,-0.0440000000000004,False,False,0,LOW,False,0.1580445121279786,NORMAL
AST-0019,2026-07-31 00:17:38.403936,4.54,2.46,98.14,55.6,54.91,2026-07-31,0,4,4.616,2.818,-0.0759999999999996,-0.3580000000000001,False,False,0,LOW,False,0.11538905060566168,NORMAL
AST-0019,2026-07-31 03:10:38.403936,1.56,2.67,101.4,67.13,63.42,2026-07-31,3,4,4.384,2.86,-2.8240000000000003,-0.1899999999999999,False,False,0,LOW,False,0.14559580687323076,NORMAL
AST-0019,2026-07-31 03:27:38.403936,5.62,3.04,101.47,53.23,57.35,2026-07-31,3,4,4.436,2.814,1.1840000000000002,0.2259999999999999,False,False,0,LOW,False,0.1486104065965057,NORMAL
AST-0019,2026-07-31 06:10:38.403936,3.62,3.04,101.83,67.41,36.95,2026-07-31,6,4,3.946,2.798,-0.326,0.242,False,False,0,LOW,False,0.11718598625976945,NORMAL
AST-0019,2026-07-31 10:25:38.403936,6.3,2.51,101.42,62.34,77.32,2026-07-31,10,4,4.328,2.744,1.9719999999999995,-0.2340000000000004,False,False,0,LOW,False,0.16185834364859608,NORMAL
AST-0019,2026-07-31 13:30:38.403936,5.44,1.86,103.09,58.68,69.56,2026-07-31,13,4,4.508000000000001,2.624,0.9319999999999996,-0.7639999999999996,False,True,1,MEDIUM,False,0.1416497222031441,NORMAL
AST-0019,2026-07-31 16:47:38.403936,3.42,3.1,100.91,64.36,66.65,2026-07-31,16,4,4.88,2.71,-1.46,0.3900000000000001,False,False,0,LOW,False,0.16835983492413487,NORMAL
AST-0019,2026-07-31 18:16:38.403936,7.02,1.79,101.59,58.2,76.07,2026-07-31,18,4,5.16,2.46,1.8599999999999997,-0.6699999999999999,False,True,1,MEDIUM,False,0.1322839532578256,NORMAL
AST-0019,2026-07-31 19:52:38.403936,5.92,1.53,102.65,54.19,79.82,2026-07-31,19,4,5.62,2.158,0.2999999999999998,-0.6279999999999999,False,True,1,MEDIUM,False,0.11765357479638971,NORMAL
AST-0019,2026-07-31 23:22:38.403936,1.97,2.65,101.23,66.47,55.6,2026-07-31,23,4,4.754,2.186,-2.784,0.4639999999999999,False,False,0,LOW,False,0.14652249688537522,NORMAL
AST-0019,2026-08-01 02:58:38.403936,2.53,2.63,103.25,44.28,61.31,2026-08-01,2,5,4.172,2.34,-1.642,0.29,False,False,0,LOW,False,0.08378126671814728,NORMAL
AST-0019,2026-08-01 12:47:38.403936,6.59,1.59,99.99,52.76,40.56,2026-08-01,12,5,4.806,2.038,1.7839999999999998,-0.4479999999999997,False,False,0,LOW,False,0.09123572344103398,NORMAL
AST-0019,2026-08-01 14:23:38.403936,4.91,2.46,104.32,51.87,83.39,2026-08-01,14,5,4.384,2.172,0.5259999999999998,0.2880000000000002,False,False,0,LOW,False,0.09103127606838723,NORMAL
AST-0019,2026-08-01 18:25:38.403936,4.95,1.99,99.8,61.66,41.62,2026-08-01,18,5,4.19,2.264,0.7600000000000007,-0.2740000000000002,False,False,0,LOW,False,0.13341304236660323,NORMAL
AST-0019,2026-08-01 23:29:38.403936,11.37,1.3,101.64,68.8,66.69,2026-08-01,23,5,6.07,1.994,5.299999999999999,-0.6939999999999997,True,True,2,HIGH,False,0.06110859749627606,NORMAL
AST-0019,2026-08-02 01:46:38.403936,8.27,2.48,100.67,59.78,71.77,2026-08-02,1,6,7.217999999999999,1.964,1.0520000000000005,0.516,False,True,1,MEDIUM,False,0.12445755376647327,NORMAL
AST-0019,2026-08-02 03:06:38.403936,3.77,2.01,102.28,61.42,62.49,2026-08-02,3,6,6.653999999999999,2.048,-2.883999999999999,-0.0380000000000002,False,False,0,LOW,False,0.1602466339556049,NORMAL
AST-0019,2026-08-02 06:21:38.403936,5.99,2.13,102.58,63.09,70.83,2026-08-02,6,6,6.869999999999999,1.982,-0.879999999999999,0.1479999999999999,False,False,0,LOW,False,0.16142381284662594,NORMAL
AST-0019,2026-08-02 06:45:38.403936,4.33,2.33,99.4,67.7,100.0,2026-08-02,6,6,6.746,2.05,-2.4159999999999995,0.2800000000000002,False,False,0,LOW,False,0.0753792037927748,NORMAL
AST-0019,2026-08-02 09:19:38.403936,6.2,2.0,101.11,65.04,69.4,2026-08-02,9,6,5.712000000000001,2.19,0.4879999999999995,-0.1899999999999999,False,False,0,LOW,False,0.16665256952258428,NORMAL
AST-0019,2026-08-02 11:02:38.403936,2.83,2.7,102.3,76.4,93.45,2026-08-02,11,6,4.624,2.234,-1.7939999999999996,0.4660000000000002,False,False,0,LOW,False,0.08988458406541677,NORMAL
AST-0019,2026-08-02 13:38:38.403936,5.49,1.95,101.13,64.24,66.45,2026-08-02,13,6,4.968,2.2220000000000004,0.5220000000000002,-0.2720000000000004,False,False,0,LOW,False,0.16858107195905814,NORMAL
AST-0019,2026-08-02 15:12:38.403936,3.72,2.58,102.33,77.52,56.79,2026-08-02,15,6,4.514,2.312,-0.794,0.2680000000000002,False,False,0,LOW,False,0.13737647671034764,NORMAL
AST-0019,2026-08-02 19:12:38.403936,2.83,2.68,101.04,75.43,75.72,2026-08-02,19,6,4.214,2.382,-1.3840000000000003,0.298,False,False,0,LOW,False,0.14594816006051609,NORMAL
AST-0019,2026-08-02 19:35:38.403936,3.18,1.84,100.85,67.82,62.25,2026-08-02,19,6,3.61,2.35,-0.4300000000000001,-0.51,False,True,1,MEDIUM,False,0.15944201662581287,NORMAL
AST-0019,2026-08-02 23:44:38.403936,3.09,1.39,98.66,71.01,67.51,2026-08-02,23,6,3.662,2.088,-0.5720000000000005,-0.6980000000000002,False,True,1,MEDIUM,False,0.10620015943091232,NORMAL
AST-0019,2026-08-03 00:11:38.403936,-6.14,2.96,98.39,85.4,57.72,2026-08-03,0,0,1.336,2.29,-7.475999999999999,0.6699999999999999,True,True,2,HIGH,True,-0.05488521339437469,ANOMALOUS
AST-0019,2026-08-03 00:21:38.403936,6.73,1.22,99.64,63.97,35.42,2026-08-03,0,0,1.938,2.018,4.792,-0.7980000000000003,False,True,1,MEDIUM,False,0.08187973811165489,NORMAL
AST-0019,2026-08-03 02:28:38.403936,6.48,1.41,100.41,62.11,62.94,2026-08-03,2,0,2.668,1.764,3.812,-0.3540000000000001,False,False,0,LOW,False,0.1406631125491989,NORMAL
AST-0019,2026-08-03 03:36:38.403936,6.6,2.86,99.69,92.53,66.41,2026-08-03,3,0,3.3520000000000003,1.968,3.2479999999999998,0.8919999999999999,False,True,1,MEDIUM,False,0.021834587078450873,NORMAL
AST-0019,2026-08-03 07:43:38.403936,3.62,2.81,102.55,55.05,59.87,2026-08-03,7,0,3.4580000000000006,2.252,0.1619999999999994,0.5580000000000003,False,True,1,MEDIUM,False,0.15260798588506808,NORMAL
AST-0019,2026-08-03 08:25:38.403936,3.69,2.17,104.19,64.28,41.2,2026-08-03,8,0,5.424,2.094,-1.7339999999999995,0.076,False,False,0,LOW,False,0.10476932241952713,NORMAL
AST-0019,2026-08-03 11:35:38.403936,4.31,3.63,100.33,74.55,64.3,2026-08-03,11,0,4.94,2.576,-0.6300000000000008,1.0540000000000005,False,True,1,MEDIUM,False,0.14131897476483862,NORMAL
AST-0019,2026-08-03 16:07:38.403936,6.33,2.53,98.63,53.68,65.28,2026-08-03,16,0,4.909999999999999,2.8,1.4200000000000008,-0.27,False,False,0,LOW,False,0.12021706589540515,NORMAL
AST-0019,2026-08-03 21:55:38.403936,5.7,2.86,100.13,54.54,74.41,2026-08-03,21,0,4.73,2.8,0.9700000000000006,0.06,False,False,0,LOW,False,0.1469670514677744,NORMAL
AST-0019,2026-08-03 22:38:38.403936,2.11,2.91,100.23,53.3,13.3,2026-08-03,22,0,4.427999999999999,2.8200000000000003,-2.317999999999999,0.0899999999999998,False,False,0,LOW,False,0.013774613885803477,NORMAL
AST-0019,2026-08-03 23:05:38.403936,-3.86,0.65,101.34,68.02,55.78,2026-08-03,23,0,2.918,2.516,-6.7780000000000005,-1.866,True,True,2,HIGH,True,-0.007436528200419956,ANOMALOUS
AST-0019,2026-08-04 02:59:38.403936,5.88,2.04,100.73,68.12,77.5,2026-08-04,2,1,3.232,2.198,2.648,-0.1579999999999999,False,False,0,LOW,False,0.157456280645848,NORMAL
AST-0019,2026-08-04 04:32:38.403936,4.93,3.25,100.1,56.31,76.04,2026-08-04,4,1,2.952,2.342,1.978,0.908,False,True,1,MEDIUM,False,0.1473092454486602,NORMAL
AST-0019,2026-08-04 05:21:38.403936,5.39,3.06,100.36,69.89,48.21,2026-08-04,5,1,2.89,2.382,2.5,0.6779999999999999,False,True,1,MEDIUM,False,0.1476909006238165,NORMAL
AST-0019,2026-08-04 07:52:38.403936,3.46,2.42,100.76,45.45,59.41,2026-08-04,7,1,3.16,2.2840000000000003,0.3000000000000002,0.1359999999999996,False,False,0,LOW,False,0.10966941650214906,NORMAL
AST-0019,2026-08-04 08:54:38.403936,8.02,3.2,103.2,66.31,62.45,2026-08-04,8,1,5.536,2.794,2.484,0.4060000000000001,False,False,0,LOW,False,0.12019954149988671,NORMAL
AST-0019,2026-08-05 00:21:38.403936,2.71,2.73,99.61,70.53,64.39,2026-08-05,0,2,4.901999999999999,2.932,-2.1919999999999997,-0.2019999999999999,False,False,0,LOW,False,0.1465204050673532,NORMAL
AST-0019,2026-08-05 03:10:38.403936,-5.6,0.78,101.24,59.38,39.28,2026-08-05,3,2,2.796,2.438,-8.395999999999999,-1.6579999999999997,True,True,2,HIGH,True,-0.04591638267052178,ANOMALOUS
AST-0019,2026-08-05 03:22:38.403936,2.97,2.3,101.22,63.66,71.01,2026-08-05,3,2,2.3120000000000003,2.286,0.6579999999999999,0.0139999999999997,False,False,0,LOW,False,0.16370043041705773,NORMAL
AST-0019,2026-08-05 04:10:38.403936,6.29,1.69,100.7,74.95,64.98,2026-08-05,4,2,2.878,2.14,3.412,-0.4500000000000002,False,False,0,LOW,False,0.13856760008844088,NORMAL
AST-0019,2026-08-05 05:51:38.403936,6.29,3.71,98.28,65.1,52.6,2026-08-05,5,2,2.532,2.242,3.758,1.468,False,True,1,MEDIUM,False,0.10000290355072372,NORMAL
AST-0019,2026-08-05 08:19:38.403936,3.55,3.25,104.27,64.65,14.83,2026-08-05,8,2,2.7,2.346,0.8499999999999996,0.9040000000000004,False,True,1,MEDIUM,False,0.002892745915450079,NORMAL
AST-0019,2026-08-05 11:43:38.403936,5.55,2.84,102.28,59.74,26.24,2026-08-05,11,2,4.930000000000001,2.758,0.6199999999999992,0.0819999999999998,False,False,0,LOW,False,0.07970917607666916,NORMAL
AST-0019,2026-08-05 11:59:38.403936,6.15,2.79,101.43,74.07,66.3,2026-08-05,11,2,5.566,2.856,0.5840000000000005,-0.0659999999999998,False,False,0,LOW,False,0.1562871509626369,NORMAL
AST-0019,2026-08-05 20:13:38.403936,4.0,1.85,100.92,55.18,74.47,2026-08-05,20,2,5.108,2.888,-1.1079999999999997,-1.0379999999999998,False,True,1,MEDIUM,False,0.1497661107311825,NORMAL
AST-0019,2026-08-05 22:08:38.403936,5.05,2.51,97.13,66.6,100.0,2026-08-05,22,2,4.86,2.648,0.1899999999999995,-0.1380000000000003,False,False,0,LOW,False,0.02916129461097816,NORMAL
AST-0019,2026-08-05 22:33:38.403936,5.4,8.03,103.36,73.76,73.43,2026-08-05,22,2,5.23,3.604,0.1700000000000008,4.425999999999999,False,True,1,MEDIUM,True,-0.010955093739746014,ANOMALOUS
AST-0019,2026-08-05 23:44:38.403936,5.65,2.19,97.53,69.92,44.64,2026-08-05,23,2,5.25,3.474,0.4000000000000003,-1.2840000000000005,False,True,1,MEDIUM,False,0.075612118958297,NORMAL
AST-0019,2026-08-06 01:49:38.403936,3.21,1.92,100.65,62.33,53.29,2026-08-06,1,3,4.662000000000001,3.3,-1.4520000000000008,-1.38,False,True,1,MEDIUM,False,0.15385782581435042,NORMAL
AST-0019,2026-08-06 02:17:38.403936,6.89,5.4,100.84,65.96,47.71,2026-08-06,2,3,5.24,4.01,1.6499999999999997,1.3900000000000006,False,True,1,MEDIUM,False,0.06793311107972727,NORMAL
AST-0019,2026-08-06 18:15:38.403936,3.28,2.64,101.75,77.98,87.73,2026-08-06,18,3,4.886,4.036,-1.6060000000000003,-1.3959999999999997,False,True,1,MEDIUM,False,0.11100473328777721,NORMAL
AST-0019,2026-08-06 19:01:38.403936,3.43,2.68,101.1,67.15,56.72,2026-08-06,19,3,4.492,2.966,-1.0619999999999998,-0.286,False,False,0,LOW,False,0.16533136759681283,NORMAL
AST-0019,2026-08-06 19:41:38.403936,6.38,2.63,102.59,65.82,33.46,2026-08-06,19,3,4.638,3.054,1.742,-0.4239999999999999,False,False,0,LOW,False,0.10440792227454121,NORMAL
AST-0019,2026-08-06 20:25:38.403936,4.53,1.38,99.33,66.99,63.58,2026-08-06,20,3,4.901999999999999,2.946,-0.371999999999999,-1.5660000000000005,False,True,1,MEDIUM,False,0.140932759859896,NORMAL
AST-0019,2026-08-07 01:22:38.403936,4.51,2.76,102.27,80.06,41.54,2026-08-07,1,4,4.426,2.418,0.0839999999999996,0.3419999999999996,False,False,0,LOW,False,0.0931637329376599,NORMAL
AST-0019,2026-08-07 03:34:38.403936,4.16,2.33,105.77,73.09,100.0,2026-08-07,3,4,4.602,2.356,-0.4420000000000001,-0.0259999999999998,False,False,0,LOW,False,0.027778270880300493,NORMAL
AST-0019,2026-08-07 07:23:38.403936,4.12,1.58,96.16,75.27,64.93,2026-08-07,7,4,4.74,2.136,-0.6200000000000001,-0.556,False,True,1,MEDIUM,False,0.04386974704393237,NORMAL
AST-0019,2026-08-07 07:34:38.403936,4.92,2.87,102.7,69.6,65.13,2026-08-07,7,4,4.448,2.184,0.4720000000000004,0.6859999999999999,False,True,1,MEDIUM,False,0.16436528205226336,NORMAL
AST-0019,2026-08-07 11:31:38.403936,5.91,2.09,101.49,60.38,57.18,2026-08-07,11,4,4.724,2.326,1.186,-0.2359999999999997,False,False,0,LOW,False,0.15946489907462258,NORMAL
AST-0019,2026-08-07 14:34:38.403936,3.86,3.32,100.63,56.54,81.66,2026-08-07,14,4,4.593999999999999,2.438,-0.7339999999999995,0.8820000000000001,False,True,1,MEDIUM,False,0.13953177596762395,NORMAL
AST-0019,2026-08-07 14:37:38.403936,2.71,3.3,102.06,70.67,95.39,2026-08-07,14,4,4.304,2.632,-1.5940000000000003,0.6679999999999997,False,True,1,MEDIUM,False,0.09025256021179973,NORMAL
AST-0019,2026-08-07 23:40:38.403936,6.5,2.53,102.41,78.44,53.77,2026-08-07,23,4,4.779999999999999,2.822,1.7200000000000006,-0.2920000000000002,False,False,0,LOW,False,0.11669675601433721,NORMAL
AST-0019,2026-08-08 00:11:38.403936,4.78,4.65,102.0,54.96,63.28,2026-08-08,0,5,4.752000000000001,3.178,0.0279999999999995,1.4720000000000004,False,True,1,MEDIUM,False,0.11279181436852626,NORMAL
AST-0019,2026-08-08 00:12:38.403936,6.77,6.11,95.82,68.88,61.43,2026-08-08,0,5,4.924,3.982,1.8459999999999992,2.128,False,True,1,MEDIUM,True,-0.02757383336213748,ANOMALOUS
AST-0019,2026-08-08 03:13:38.403936,4.31,3.81,102.95,55.77,63.7,2026-08-08,3,5,5.014,4.08,-0.7040000000000006,-0.27,False,False,0,LOW,False,0.13620330833694733,NORMAL
AST-0019,2026-08-08 04:00:38.403936,2.77,1.15,97.71,51.45,52.24,2026-08-08,4,5,5.026,3.65,-2.256,-2.5,False,True,1,MEDIUM,False,0.049178730911497825,NORMAL
AST-0019,2026-08-08 18:09:38.403936,5.69,2.7,99.49,78.07,34.43,2026-08-08,18,5,4.864,3.684,0.8260000000000005,-0.984,False,True,1,MEDIUM,False,0.07439830729076857,NORMAL
AST-0019,2026-08-08 20:00:38.403936,1.84,7.65,99.63,74.15,55.11,2026-08-08,20,5,4.276,4.284000000000001,-2.436,3.366,False,True,1,MEDIUM,True,-0.008644365650686825,ANOMALOUS
AST-0019,2026-08-08 21:00:38.403936,1.66,2.35,104.87,56.04,54.5,2026-08-08,21,5,3.254,3.532,-1.594,-1.182,False,True,1,MEDIUM,False,0.08456149463062834,NORMAL
AST-0019,2026-08-08 23:44:38.403936,4.84,8.76,98.09,66.85,69.68,2026-08-08,23,5,3.3600000000000003,4.522,1.4799999999999995,4.238,False,True,1,MEDIUM,True,-0.012691946653986541,ANOMALOUS
AST-0019,2026-08-09 08:00:38.403936,3.91,2.53,100.58,72.66,90.79,2026-08-09,8,6,3.588,4.798,0.322,-2.268,False,True,1,MEDIUM,False,0.12061918165374647,NORMAL
AST-0019,2026-08-09 08:48:38.403936,5.57,4.36,100.24,74.57,63.09,2026-08-09,8,6,3.564,5.13,2.006,-0.7699999999999996,False,True,1,MEDIUM,False,0.10711803391039859,NORMAL
AST-0019,2026-08-09 14:58:38.403936,6.47,3.44,98.79,77.89,59.27,2026-08-09,14,6,4.49,4.288,1.9799999999999995,-0.8480000000000003,False,True,1,MEDIUM,False,0.09654878564927422,NORMAL
AST-0019,2026-08-09 17:41:38.403936,1.53,3.1,99.15,67.39,100.0,2026-08-09,17,6,4.464,4.438000000000001,-2.934,-1.3380000000000003,False,True,1,MEDIUM,False,0.0359209547085414,NORMAL
AST-0019,2026-08-09 20:33:38.403936,4.65,2.0,101.49,42.01,68.06,2026-08-09,20,6,4.426,3.086,0.2240000000000002,-1.086,False,True,1,MEDIUM,False,0.08662406091042607,NORMAL
AST-0019,2026-08-09 22:36:38.403936,5.1,1.56,103.36,70.11,36.03,2026-08-09,22,6,4.664,2.8920000000000003,0.4359999999999999,-1.3320000000000003,False,True,1,MEDIUM,False,0.08481900379748325,NORMAL
AST-0019,2026-08-10 01:00:38.403936,4.21,3.1,102.58,62.3,68.92,2026-08-10,1,0,4.392,2.64,-0.1820000000000003,0.4600000000000004,False,False,0,LOW,False,0.16382307445270267,NORMAL
AST-0019,2026-08-10 03:32:38.403936,5.68,2.05,95.63,78.59,78.69,2026-08-10,3,0,4.234,2.362,1.4459999999999995,-0.3120000000000003,False,False,0,LOW,False,0.02035735070015421,NORMAL
AST-0019,2026-08-10 03:47:38.403936,-4.33,4.0,98.4,43.01,72.92,2026-08-10,3,0,3.062,2.5420000000000003,-7.391999999999999,1.4579999999999995,True,True,2,HIGH,True,-0.064227153052693,ANOMALOUS
AST-0019,2026-08-10 05:54:38.403936,15.61,1.85,103.0,68.69,43.66,2026-08-10,5,0,5.254,2.512,10.356,-0.6619999999999999,True,True,2,HIGH,True,-0.008743110909008256,ANOMALOUS
AST-0019,2026-08-10 07:21:38.403936,4.7,3.08,102.58,67.59,86.52,2026-08-10,7,0,5.174,2.816,-0.4739999999999993,0.2640000000000002,False,False,0,LOW,False,0.14475305901838892,NORMAL
AST-0019,2026-08-10 07:29:38.403936,5.89,2.79,101.93,58.76,36.84,2026-08-10,7,0,5.51,2.7540000000000004,0.3799999999999999,0.0359999999999995,False,False,0,LOW,False,0.11787200240154816,NORMAL
AST-0019,2026-08-10 09:55:38.403936,4.57,2.56,104.39,68.85,16.26,2026-08-10,9,0,5.287999999999999,2.8560000000000003,-0.7179999999999991,-0.2960000000000002,False,False,0,LOW,False,0.022916873447502595,NORMAL
AST-0019,2026-08-10 22:45:38.403936,6.7,2.32,101.44,50.75,55.2,2026-08-10,22,0,7.494,2.52,-0.7939999999999996,-0.2000000000000001,False,False,0,LOW,False,0.12933980867784733,NORMAL
AST-0019,2026-08-11 01:35:38.403936,1.86,3.13,99.48,64.8,60.54,2026-08-11,1,1,4.744,2.776,-2.8839999999999995,0.3539999999999996,False,False,0,LOW,False,0.13135210292737282,NORMAL
AST-0019,2026-08-11 02:59:38.403936,6.07,3.44,100.84,64.57,37.44,2026-08-11,2,1,5.018,2.848,1.0520000000000005,0.5920000000000001,False,True,1,MEDIUM,False,0.11205032802380871,NORMAL
AST-0019,2026-08-11 04:59:38.403936,5.02,2.4,103.08,73.3,75.64,2026-08-11,4,1,4.843999999999999,2.77,0.1760000000000001,-0.3700000000000001,False,False,0,LOW,False,0.15507238012651875,NORMAL
AST-0019,2026-08-11 05:17:38.403936,5.87,2.61,102.65,57.03,56.75,2026-08-11,5,1,5.104,2.78,0.766,-0.1699999999999999,False,False,0,LOW,False,0.14752041270946564,NORMAL
AST-0019,2026-08-11 07:33:38.403936,3.34,3.49,98.38,69.86,46.9,2026-08-11,7,1,4.432,3.014,-1.0920000000000003,0.476,False,False,0,LOW,False,0.09458568930753947,NORMAL
AST-0019,2026-08-11 13:35:38.403936,4.59,1.52,100.66,78.91,70.74,2026-08-11,13,1,4.978,2.692,-0.3879999999999999,-1.1719999999999997,False,True,1,MEDIUM,False,0.12050686238009634,NORMAL
AST-0019,2026-08-12 00:24:38.403936,3.23,2.32,99.97,77.94,68.23,2026-08-12,0,2,4.41,2.468,-1.1800000000000002,-0.1480000000000001,False,False,0,LOW,False,0.1306020689799301,NORMAL
AST-0019,2026-08-12 00:39:38.403936,6.3,2.61,97.37,53.83,61.65,2026-08-12,0,2,4.666,2.51,1.6340000000000003,0.1,False,False,0,LOW,False,0.08521969392589546,NORMAL
AST-0019,2026-08-12 02:01:38.403936,4.55,0.93,98.2,68.5,93.23,2026-08-12,2,2,4.401999999999999,2.174,0.1480000000000005,-1.2439999999999998,False,True,1,MEDIUM,False,0.0418194730841977,NORMAL
AST-0019,2026-08-12 02:23:38.403936,7.23,1.81,99.86,76.35,98.38,2026-08-12,2,2,5.18,1.838,2.0500000000000007,-0.0279999999999998,False,False,0,LOW,False,0.04401963080279925,NORMAL
AST-0019,2026-08-12 02:47:38.403936,3.46,2.59,99.69,64.62,61.21,2026-08-12,2,2,4.954,2.052,-1.4939999999999998,0.5379999999999998,False,True,1,MEDIUM,False,0.15996958743921624,NORMAL
AST-0019,2026-08-12 11:14:38.403936,6.18,3.05,99.45,71.61,67.01,2026-08-12,11,2,5.544,2.198,0.6360000000000001,0.8519999999999999,False,True,1,MEDIUM,False,0.14639136173945472,NORMAL
AST-0019,2026-08-12 11:22:38.403936,6.09,2.56,98.24,64.92,53.86,2026-08-12,11,2,5.502,2.188,0.5880000000000001,0.3719999999999999,False,False,0,LOW,False,0.12514835128726526,NORMAL
AST-0019,2026-08-12 15:16:38.403936,2.97,3.19,102.92,53.45,78.05,2026-08-12,15,2,5.185999999999999,2.64,-2.215999999999999,0.5499999999999998,False,True,1,MEDIUM,False,0.12456435451140996,NORMAL
AST-0019,2026-08-12 17:46:38.403936,2.85,2.15,106.27,61.12,59.15,2026-08-12,17,2,4.31,2.708,-1.4599999999999995,-0.5579999999999998,False,True,1,MEDIUM,False,0.0705376640075594,NORMAL
AST-0019,2026-08-12 20:39:38.403936,1.8,2.11,102.16,66.12,100.0,2026-08-12,20,2,3.9779999999999993,2.612,-2.177999999999999,-0.5020000000000002,False,True,1,MEDIUM,False,0.06222271987486211,NORMAL
AST-0019,2026-08-12 23:12:38.403936,4.75,3.26,102.3,56.22,78.36,2026-08-12,23,2,3.6919999999999993,2.654,1.0580000000000007,0.6059999999999999,False,True,1,MEDIUM,False,0.14667957789632619,NORMAL
AST-0019,2026-08-13 03:05:38.403936,5.01,5.55,101.34,50.34,33.16,2026-08-13,3,3,3.476,3.252,1.5339999999999998,2.298,False,True,1,MEDIUM,False,0.017411650012725488,NORMAL
AST-0019,2026-08-13 03:44:38.403936,-1.18,2.98,104.02,65.65,78.78,2026-08-13,3,3,2.6459999999999995,3.2099999999999995,-3.826,-0.2299999999999995,False,False,0,LOW,False,0.051292684639947406,NORMAL
AST-0019,2026-08-13 11:49:38.403936,4.38,1.54,104.2,83.07,34.71,2026-08-13,11,3,2.9519999999999995,3.088,1.4280000000000004,-1.548,False,True,1,MEDIUM,False,0.008195252351562599,NORMAL
AST-0019,2026-08-13 12:58:38.403936,2.38,2.09,102.54,78.92,67.0,2026-08-13,12,3,3.067999999999999,3.084,-0.6879999999999993,-0.9939999999999998,False,True,1,MEDIUM,False,0.11878635956781497,NORMAL
AST-0019,2026-08-13 13:12:38.403936,3.99,3.11,102.2,80.32,72.57,2026-08-13,13,3,2.9159999999999995,3.054,1.0740000000000007,0.056,False,False,0,LOW,False,0.12513667260386863,NORMAL
AST-0019,2026-08-13 14:12:38.403936,2.77,2.47,100.64,72.86,45.66,2026-08-13,14,3,2.468,2.438,0.302,0.0320000000000004,False,False,0,LOW,False,0.12451572194193733,NORMAL
AST-0019,2026-08-13 14:31:38.403936,15.42,2.83,102.12,77.15,62.39,2026-08-13,14,3,5.787999999999999,2.408,9.632,0.4220000000000001,True,False,1,MEDIUM,False,0.005786892106661612,NORMAL
AST-0019,2026-08-13 15:33:38.403936,5.44,2.09,102.97,74.12,52.96,2026-08-13,15,3,5.999999999999999,2.518,-0.5599999999999987,-0.4279999999999999,False,False,0,LOW,False,0.1407031245206657,NORMAL
AST-0019,2026-08-13 22:51:38.403936,2.37,2.97,98.15,66.52,56.95,2026-08-13,22,3,5.997999999999999,2.694,-3.6279999999999992,0.2760000000000002,False,False,0,LOW,False,0.110236001118387,NORMAL
AST-0019,2026-08-14 01:33:38.403936,1.36,2.4,100.44,58.24,88.81,2026-08-14,1,4,5.472,2.552,-4.111999999999999,-0.1520000000000001,False,False,0,LOW,False,0.09455696591181512,NORMAL
AST-0019,2026-08-14 03:21:38.403936,4.97,3.44,100.35,55.55,67.97,2026-08-14,3,4,5.912000000000001,2.746,-0.9420000000000012,0.694,False,True,1,MEDIUM,False,0.1481263334716592,NORMAL
AST-0019,2026-08-14 03:25:38.403936,0.56,4.54,102.36,66.49,86.27,2026-08-14,3,4,2.94,3.088,-2.38,1.452,False,True,1,MEDIUM,False,0.03342910501184043,NORMAL
AST-0019,2026-08-14 04:34:38.403936,6.7,1.37,98.23,67.69,85.69,2026-08-14,4,4,3.1919999999999997,2.944,3.508000000000001,-1.5739999999999998,False,True,1,MEDIUM,False,0.07868619275624456,NORMAL
AST-0019,2026-08-14 08:02:38.403936,4.82,1.36,102.09,61.18,77.96,2026-08-14,8,4,3.682,2.622,1.1380000000000008,-1.2619999999999998,False,True,1,MEDIUM,False,0.13528546466494906,NORMAL
AST-0019,2026-08-14 10:06:38.403936,6.13,1.92,99.56,57.55,64.06,2026-08-14,10,4,4.636,2.526,1.4939999999999998,-0.6059999999999999,False,True,1,MEDIUM,False,0.14270225702521372,NORMAL
AST-0019,2026-08-14 13:21:38.403936,2.37,2.58,103.73,61.47,55.35,2026-08-14,13,4,4.116,2.354,-1.7459999999999996,0.2259999999999999,False,False,0,LOW,False,0.12900772297257335,NORMAL
AST-0019,2026-08-14 14:31:38.403936,2.76,3.63,99.65,94.7,91.41,2026-08-14,14,4,4.555999999999999,2.172,-1.7959999999999994,1.4580000000000002,False,True,1,MEDIUM,True,-0.027676316933309963,ANOMALOUS
AST-0019,2026-08-14 17:10:38.403936,6.96,2.35,101.26,60.18,84.78,2026-08-14,17,4,4.608,2.368,2.3520000000000003,-0.0179999999999997,False,False,0,LOW,False,0.13532147684008372,NORMAL
AST-0019,2026-08-14 21:41:38.403936,4.53,4.48,102.95,62.57,50.32,2026-08-14,21,4,4.55,2.992,-0.0199999999999995,1.4880000000000004,False,True,1,MEDIUM,False,0.11173808516862721,NORMAL
AST-0019,2026-08-15 04:43:38.403936,4.58,2.68,103.45,67.24,81.27,2026-08-15,4,5,4.24,3.144,0.3399999999999998,-0.4639999999999999,False,False,0,LOW,False,0.15080108317245822,NORMAL
AST-0019,2026-08-15 06:00:38.403936,5.76,1.66,96.24,62.73,62.45,2026-08-15,6,5,4.917999999999999,2.96,0.8420000000000005,-1.3,False,True,1,MEDIUM,False,0.0631053888975015,NORMAL
AST-0019,2026-08-15 09:00:38.403936,1.77,3.11,101.11,69.2,49.45,2026-08-15,9,5,4.720000000000001,2.8560000000000003,-2.9500000000000006,0.2539999999999995,False,False,0,LOW,False,0.1259357523605611,NORMAL
AST-0019,2026-08-15 10:17:38.403936,2.24,2.17,102.32,68.55,55.86,2026-08-15,10,5,3.776,2.8200000000000003,-1.5359999999999996,-0.6500000000000004,False,True,1,MEDIUM,False,0.1410130854915163,NORMAL
AST-0019,2026-08-15 10:18:38.403936,6.17,1.98,99.16,63.06,63.12,2026-08-15,10,5,4.103999999999999,2.32,2.0660000000000007,-0.3399999999999998,False,False,0,LOW,False,0.152202297129715,NORMAL
AST-0019,2026-08-15 13:46:38.403936,6.85,2.99,102.68,60.13,64.98,2026-08-15,13,5,4.558,2.382,2.292,0.6080000000000001,False,True,1,MEDIUM,False,0.1490200758357202,NORMAL
AST-0019,2026-08-15 13:57:38.403936,5.27,2.99,99.15,72.38,69.95,2026-08-15,13,5,4.459999999999999,2.648,0.8100000000000005,0.3420000000000001,False,False,0,LOW,False,0.14865142444581825,NORMAL
AST-0019,2026-08-15 14:23:38.403936,19.05,2.63,99.85,76.05,73.9,2026-08-15,14,5,7.915999999999999,2.552,11.134,0.0779999999999998,True,False,1,MEDIUM,True,-0.041153854005879786,ANOMALOUS
AST-0019,2026-08-15 16:11:38.403936,4.53,2.48,101.99,83.75,66.88,2026-08-15,16,5,8.373999999999999,2.614,-3.8439999999999994,-0.1339999999999999,False,False,0,LOW,False,0.1120516477229635,NORMAL
AST-0019,2026-08-15 16:17:38.403936,5.64,3.17,102.48,77.98,45.43,2026-08-15,16,5,8.268,2.8520000000000003,-2.628000000000001,0.3179999999999996,False,False,0,LOW,False,0.09749001438974503,NORMAL
AST-0019,2026-08-15 17:53:38.403936,6.45,2.73,102.68,71.1,90.54,2026-08-15,17,5,8.187999999999999,2.8,-1.7379999999999989,-0.0699999999999998,False,False,0,LOW,False,0.11907996370402474,NORMAL
AST-0019,2026-08-15 18:22:38.403936,6.54,3.81,107.6,53.77,69.37,2026-08-15,18,5,8.442000000000002,2.964,-1.902000000000002,0.8460000000000001,False,True,1,MEDIUM,False,0.018454162623944392,NORMAL
AST-0019,2026-08-15 18:57:38.403936,1.87,2.19,101.62,64.03,57.51,2026-08-15,18,5,5.006,2.876,-3.136,-0.6859999999999999,False,True,1,MEDIUM,False,0.1473387574465604,NORMAL
AST-0019,2026-08-15 20:17:38.403936,3.55,2.65,101.89,53.11,83.97,2026-08-15,20,5,4.81,2.91,-1.2599999999999998,-0.2599999999999998,False,False,0,LOW,False,0.12604093162726948,NORMAL
AST-0019,2026-08-16 01:47:38.403936,4.8,1.29,104.4,82.96,53.97,2026-08-16,1,6,4.642,2.534,0.1580000000000003,-1.2439999999999998,False,True,1,MEDIUM,False,0.05088038580556675,NORMAL
AST-0019,2026-08-16 01:47:38.403936,4.89,2.22,99.8,68.38,55.19,2026-08-16,1,6,4.33,2.432,0.5599999999999996,-0.2119999999999997,False,False,0,LOW,False,0.15615988660296598,NORMAL
AST-0019,2026-08-16 02:42:38.403936,-4.16,3.93,101.33,61.93,65.3,2026-08-16,2,6,2.19,2.4560000000000004,-6.35,1.4739999999999998,True,True,2,HIGH,False,0.01348160175701274,NORMAL
AST-0019,2026-08-16 05:32:38.403936,3.85,3.9,100.57,56.6,77.37,2026-08-16,5,6,2.5859999999999994,2.798,1.264000000000001,1.102,False,True,1,MEDIUM,False,0.13316925417131797,NORMAL
AST-0019,2026-08-16 06:15:38.403936,0.6,1.51,95.6,64.25,82.83,2026-08-16,6,6,1.996,2.57,-1.396,-1.0599999999999998,False,True,1,MEDIUM,True,-0.0082320735538991,ANOMALOUS
AST-0019,2026-08-16 07:53:38.403936,3.89,1.86,101.15,55.22,83.52,2026-08-16,7,6,1.814,2.684,2.076,-0.8240000000000001,False,True,1,MEDIUM,False,0.1288594081499565,NORMAL
AST-0019,2026-08-16 14:02:38.403936,3.63,2.12,102.69,59.82,63.41,2026-08-16,14,6,1.562,2.664,2.068,-0.544,False,True,1,MEDIUM,False,0.15924460658389372,NORMAL
AST-0019,2026-08-16 15:23:38.403936,1.78,3.07,101.75,65.1,39.8,2026-08-16,15,6,2.75,2.492,-0.97,0.5779999999999998,False,True,1,MEDIUM,False,0.1032074327123616,NORMAL
AST-0019,2026-08-16 15:26:38.403936,7.18,2.3,96.7,56.79,57.32,2026-08-16,15,6,3.4159999999999995,2.172,3.764,0.1280000000000001,False,False,0,LOW,False,0.057348058565590554,NORMAL
AST-0019,2026-08-16 16:25:38.403936,6.43,2.42,99.58,71.79,59.52,2026-08-16,16,6,4.581999999999999,2.354,1.8480000000000008,0.0659999999999998,False,False,0,LOW,False,0.14688471964418454,NORMAL
AST-0019,2026-08-16 19:34:38.403936,5.57,2.31,100.55,72.11,73.0,2026-08-16,19,6,4.917999999999999,2.444,0.652000000000001,-0.1339999999999999,False,False,0,LOW,False,0.1566106760361159,NORMAL
AST-0019,2026-08-16 21:15:38.403936,4.09,2.64,100.74,64.94,56.91,2026-08-16,21,6,5.01,2.548,-0.92,0.092,False,False,0,LOW,False,0.1702232226171565,NORMAL
AST-0019,2026-08-16 21:56:38.403936,3.91,2.23,99.57,73.73,71.78,2026-08-16,21,6,5.436,2.38,-1.5259999999999998,-0.1499999999999999,False,False,0,LOW,False,0.15485906940132044,NORMAL
AST-0019,2026-08-16 22:36:38.403936,4.22,2.42,100.87,74.7,72.54,2026-08-16,22,6,4.843999999999999,2.4040000000000004,-0.6239999999999997,0.0159999999999995,False,False,0,LOW,False,0.16055421051847218,NORMAL
AST-0019,2026-08-17 02:46:38.403936,5.05,3.21,100.46,38.96,68.58,2026-08-17,2,0,4.568,2.5620000000000003,0.4820000000000002,0.6479999999999997,False,True,1,MEDIUM,False,0.07105370205168382,NORMAL
AST-0019,2026-08-17 02:55:38.403936,2.1,2.0,102.76,63.03,56.64,2026-08-17,2,0,3.874,2.5,-1.7739999999999996,-0.5,False,False,0,LOW,False,0.1353883104778178,NORMAL
AST-0019,2026-08-17 04:01:38.403936,2.14,1.92,100.8,64.26,76.17,2026-08-17,4,0,3.4840000000000004,2.356,-1.3440000000000003,-0.4359999999999999,False,False,0,LOW,False,0.14379788339338695,NORMAL
AST-0019,2026-08-17 05:45:38.403936,3.01,2.75,101.39,73.32,74.85,2026-08-17,5,0,3.304,2.46,-0.294,0.29,False,False,0,LOW,False,0.15127798102851708,NORMAL
AST-0019,2026-08-17 07:01:38.403936,7.82,3.41,100.07,58.81,82.22,2026-08-17,7,0,4.024,2.658,3.796,0.7520000000000002,False,True,1,MEDIUM,False,0.09954611700713994,NORMAL
AST-0019,2026-08-17 14:16:38.403936,3.59,4.29,99.67,56.73,46.21,2026-08-17,14,0,3.732,2.874,-0.1420000000000003,1.416,False,True,1,MEDIUM,False,0.09648901027630113,NORMAL
AST-0019,2026-08-17 14:59:38.403936,2.73,3.65,100.61,79.53,63.59,2026-08-17,14,0,3.858,3.204,-1.1279999999999997,0.4460000000000002,False,False,0,LOW,False,0.1066874701314307,NORMAL
AST-0019,2026-08-17 15:32:38.403936,3.25,2.26,102.22,48.5,47.32,2026-08-17,15,0,4.08,3.272,-0.8300000000000001,-1.012,False,True,1,MEDIUM,False,0.10661150197787139,NORMAL
AST-0019,2026-08-17 15:48:38.403936,5.95,1.99,101.41,57.44,71.49,2026-08-17,15,0,4.668,3.12,1.282,-1.13,False,True,1,MEDIUM,False,0.15036486162235746,NORMAL
AST-0019,2026-08-17 19:30:38.403936,6.55,1.63,103.81,74.46,48.79,2026-08-17,19,0,4.414,2.764,2.136,-1.1340000000000003,False,True,1,MEDIUM,False,0.09113301470249324,NORMAL
AST-0019,2026-08-18 02:12:38.403936,3.31,3.62,100.83,51.88,68.39,2026-08-18,2,1,4.358,2.63,-1.0479999999999996,0.9900000000000002,False,True,1,MEDIUM,False,0.1288966217862958,NORMAL
AST-0019,2026-08-18 05:58:38.403936,2.33,2.27,99.42,58.08,100.0,2026-08-18,5,1,4.2780000000000005,2.354,-1.9480000000000004,-0.084,False,False,0,LOW,False,0.051814160282434185,NORMAL
AST-0019,2026-08-18 11:44:38.403936,2.3,2.5,104.88,82.0,75.14,2026-08-18,11,1,4.087999999999999,2.402,-1.7879999999999994,0.0979999999999998,False,False,0,LOW,False,0.05704110109987737,NORMAL
AST-0019,2026-08-18 13:54:38.403936,10.31,2.53,102.03,52.96,88.88,2026-08-18,13,1,4.96,2.51,5.3500000000000005,0.02,True,False,1,MEDIUM,False,0.06604606246319883,NORMAL
AST-0019,2026-08-18 15:19:38.403936,2.99,3.0,105.41,65.21,51.9,2026-08-18,15,1,4.248,2.784,-1.258,0.2160000000000002,False,False,0,LOW,False,0.09714455175985964,NORMAL
AST-0019,2026-08-18 20:01:38.403936,4.48,2.28,98.32,61.0,63.21,2026-08-18,20,1,4.482000000000001,2.516,-0.0020000000000006,-0.2360000000000002,False,False,0,LOW,False,0.14016762089915774,NORMAL
AST-0019,2026-08-18 20:25:38.403936,3.98,2.98,102.27,74.87,63.25,2026-08-18,20,1,4.811999999999999,2.658,-0.8319999999999994,0.322,False,False,0,LOW,False,0.15830797845211203,NORMAL
AST-0019,2026-08-18 22:17:38.403936,4.38,4.85,100.49,65.89,74.84,2026-08-18,22,1,5.228,3.128,-0.8479999999999999,1.722,False,True,1,MEDIUM,False,0.10440883893363995,NORMAL
AST-0019,2026-08-19 05:18:38.403936,6.58,1.99,104.11,69.42,32.8,2026-08-19,5,2,4.482,3.02,2.098,-1.03,False,True,1,MEDIUM,False,0.054370660053869424,NORMAL
AST-0019,2026-08-19 09:35:38.403936,1.13,2.01,101.72,77.0,56.15,2026-08-19,9,2,4.11,2.822,-2.9800000000000004,-0.8120000000000003,False,True,1,MEDIUM,False,0.09178196365399549,NORMAL
AST-0019,2026-08-19 10:48:38.403936,6.04,1.6,102.4,64.19,54.91,2026-08-19,10,2,4.422,2.686,1.6180000000000003,-1.086,False,True,1,MEDIUM,False,0.1442171746937695,NORMAL
AST-0019,2026-08-19 12:58:38.403936,3.28,1.74,102.99,67.09,98.24,2026-08-19,12,2,4.282,2.438,-1.0020000000000002,-0.6979999999999997,False,True,1,MEDIUM,False,0.07530266936791685,NORMAL
AST-0019,2026-08-19 13:23:38.403936,4.62,2.06,103.15,42.79,63.84,2026-08-19,13,2,4.33,1.88,0.29,0.1799999999999999,False,False,0,LOW,False,0.08281117852905923,NORMAL
AST-0019,2026-08-19 14:23:38.403936,5.17,2.78,103.11,61.13,77.83,2026-08-19,14,2,4.048,2.038,1.122,0.742,False,True,1,MEDIUM,False,0.14952420581053671,NORMAL
AST-0019,2026-08-19 16:29:38.403936,4.45,1.21,103.63,57.65,50.42,2026-08-19,16,2,4.712000000000001,1.878,-0.2620000000000004,-0.6680000000000001,False,True,1,MEDIUM,False,0.10163798733553148,NORMAL
AST-0019,2026-08-19 19:06:38.403936,6.14,3.96,101.26,59.79,76.04,2026-08-19,19,2,4.732000000000001,2.35,1.4079999999999986,1.61,False,True,1,MEDIUM,False,0.13008896329115155,NORMAL
AST-0019,2026-08-19 20:53:38.403936,5.74,1.8,100.32,78.46,93.08,2026-08-19,20,2,5.224,2.362,0.516,-0.562,False,True,1,MEDIUM,False,0.06783819459242096,NORMAL
AST-0019,2026-08-19 22:17:38.403936,4.17,2.92,100.35,58.5,66.52,2026-08-19,22,2,5.134,2.534,-0.9640000000000004,0.3860000000000001,False,False,0,LOW,False,0.16272725248107256,NORMAL
AST-0019,2026-08-19 23:35:38.403936,3.46,1.06,102.44,48.79,51.5,2026-08-19,23,2,4.792,2.1900000000000004,-1.332,-1.1300000000000003,False,True,1,MEDIUM,False,0.089127820737252,NORMAL
AST-0019,2026-08-20 02:26:38.403936,3.87,1.84,99.18,57.84,85.19,2026-08-20,2,3,4.676,2.316,-0.806,-0.4759999999999997,False,False,0,LOW,False,0.11717847454076696,NORMAL
AST-0019,2026-08-20 03:35:38.403936,5.93,2.24,100.27,62.67,91.06,2026-08-20,3,3,4.634,1.972,1.2959999999999994,0.268,False,False,0,LOW,False,0.12121139542368298,NORMAL
AST-0019,2026-08-20 03:38:38.403936,5.55,2.6,99.12,50.65,66.92,2026-08-20,3,3,4.596,2.132,0.9539999999999996,0.4679999999999999,False,False,0,LOW,False,0.12242507276156517,NORMAL
AST-0019,2026-08-20 07:47:38.403936,7.36,1.72,105.08,55.35,69.3,2026-08-20,7,3,5.234,1.892,2.1260000000000003,-0.1720000000000001,False,False,0,LOW,False,0.062372725338454726,NORMAL
AST-0019,2026-08-20 14:15:38.403936,6.0,3.61,102.72,69.29,71.83,2026-08-20,14,3,5.742,2.402,0.258,1.2079999999999995,False,True,1,MEDIUM,False,0.14257373687054414,NORMAL
AST-0019,2026-08-20 15:04:38.403936,5.03,2.97,101.99,55.68,86.8,2026-08-20,15,3,5.974,2.628,-0.944,0.3420000000000001,False,False,0,LOW,False,0.1388726309580796,NORMAL
AST-0019,2026-08-20 15:36:38.403936,1.59,2.5,98.12,58.35,48.75,2026-08-20,15,3,5.106,2.68,-3.516,-0.1800000000000001,False,False,0,LOW,False,0.07911880809618466,NORMAL
AST-0019,2026-08-20 16:15:38.403936,4.53,3.58,98.27,51.69,25.8,2026-08-20,16,3,4.901999999999999,2.8760000000000003,-0.371999999999999,0.7039999999999997,False,True,1,MEDIUM,False,0.00626960228207929,NORMAL
AST-0019,2026-08-20 17:06:38.403936,4.63,1.67,103.01,68.98,72.1,2026-08-20,17,3,4.356,2.866,0.274,-1.1960000000000002,False,True,1,MEDIUM,False,0.15076249883938098,NORMAL
AST-0019,2026-08-20 21:04:38.403936,-3.22,2.81,99.25,48.99,76.26,2026-08-20,21,3,2.512,2.7060000000000004,-5.732,0.1039999999999996,True,False,1,MEDIUM,False,0.0010835281377435946,NORMAL
AST-0019,2026-08-21 01:06:38.403936,4.41,2.12,99.97,62.59,57.19,2026-08-21,1,4,2.3880000000000003,2.536,2.022,-0.4159999999999999,False,False,0,LOW,False,0.16103972040194597,NORMAL
AST-0019,2026-08-21 02:10:38.403936,8.99,3.9,102.75,57.47,62.96,2026-08-21,2,4,3.868,2.816,5.122,1.084,True,True,2,HIGH,False,0.08530457988184509,NORMAL
AST-0019,2026-08-21 07:02:38.403936,4.95,2.09,100.92,90.2,67.43,2026-08-21,7,4,3.952,2.518,0.9980000000000008,-0.4279999999999999,False,False,0,LOW,False,0.06168869926114601,NORMAL
AST-0019,2026-08-21 07:20:38.403936,3.76,1.25,100.44,80.01,80.3,2026-08-21,7,4,3.778,2.434,-0.0180000000000002,-1.1840000000000002,False,True,1,MEDIUM,False,0.09372974947716534,NORMAL
AST-0019,2026-08-21 08:31:38.403936,4.32,3.28,100.09,47.17,66.3,2026-08-21,8,4,5.286,2.528,-0.9659999999999992,0.7520000000000002,False,True,1,MEDIUM,False,0.1110502631123132,NORMAL
AST-0019,2026-08-21 13:57:38.403936,5.53,2.37,99.6,73.01,95.77,2026-08-21,13,4,5.510000000000001,2.5780000000000003,0.0199999999999995,-0.2080000000000001,False,False,0,LOW,False,0.09140883321508186,NORMAL
AST-0019,2026-08-21 14:59:38.403936,4.6,3.15,97.82,65.85,63.74,2026-08-21,14,4,4.632,2.428,-0.032,0.722,False,True,1,MEDIUM,False,0.12475002318777262,NORMAL
AST-0019,2026-08-21 18:23:38.403936,5.6,2.51,99.39,60.93,77.35,2026-08-21,18,4,4.7620000000000005,2.512,0.8379999999999992,-0.0019999999999997,False,False,0,LOW,False,0.15064906546288198,NORMAL
AST-0019,2026-08-21 20:54:38.403936,7.03,8.04,103.46,64.61,61.89,2026-08-21,20,4,5.416,3.87,1.6140000000000008,4.17,False,True,1,MEDIUM,True,-0.014231022789887193,ANOMALOUS
AST-0019,2026-08-22 00:05:38.403936,7.0,2.12,100.32,62.17,44.82,2026-08-22,0,5,5.952,3.638,1.048,-1.5180000000000002,False,True,1,MEDIUM,False,0.12703170868467523,NORMAL
AST-0019,2026-08-22 00:14:38.403936,5.92,3.71,99.85,86.5,46.92,2026-08-22,0,5,6.029999999999999,3.906,-0.1099999999999994,-0.1960000000000001,False,False,0,LOW,False,0.03521883926714675,NORMAL
AST-0019,2026-08-22 00:21:38.403936,3.91,3.63,101.29,55.32,47.76,2026-08-22,0,5,5.892,4.002,-1.982,-0.3719999999999999,False,False,0,LOW,False,0.1333664890862346,NORMAL
AST-0019,2026-08-22 02:36:38.403936,5.44,2.62,104.5,62.96,55.92,2026-08-22,2,5,5.859999999999999,4.023999999999999,-0.419999999999999,-1.403999999999999,False,True,1,MEDIUM,False,0.12950762848266179,NORMAL
AST-0019,2026-08-22 02:57:38.403936,5.56,4.17,99.28,61.6,69.17,2026-08-22,2,5,5.566000000000001,3.25,-0.0060000000000011,0.92,False,True,1,MEDIUM,False,0.12234513087341775,NORMAL
AST-0019,2026-08-22 05:15:38.403936,4.83,2.21,102.59,81.32,59.67,2026-08-22,5,5,5.132,3.268,-0.3019999999999996,-1.0579999999999998,False,True,1,MEDIUM,False,0.12327633645253694,NORMAL
AST-0019,2026-08-22 10:40:38.403936,3.56,1.44,100.89,57.0,63.86,2026-08-22,10,5,4.66,2.814,-1.1,-1.374,False,True,1,MEDIUM,False,0.1415329773771608,NORMAL
AST-0019,2026-08-22 12:22:38.403936,2.2,1.74,99.53,74.35,94.5,2026-08-22,12,5,4.318,2.4360000000000004,-2.1179999999999994,-0.6960000000000004,False,True,1,MEDIUM,False,0.05381600693255073,NORMAL
AST-0019,2026-08-22 12:25:38.403936,6.2,3.5,103.61,62.53,46.94,2026-08-22,12,5,4.47,2.612,1.7300000000000004,0.8880000000000003,False,True,1,MEDIUM,False,0.11720054917524275,NORMAL
AST-0019,2026-08-22 14:30:38.403936,3.75,2.35,99.32,64.65,50.4,2026-08-22,14,5,4.108,2.248,-0.3579999999999996,0.1019999999999998,False,False,0,LOW,False,0.1451662693936714,NORMAL
AST-0019,2026-08-22 16:30:38.403936,5.06,1.78,99.56,76.25,43.59,2026-08-22,16,5,4.154,2.162,0.9059999999999996,-0.3819999999999999,False,False,0,LOW,False,0.10965620312291935,NORMAL
AST-0019,2026-08-22 19:13:38.403936,4.56,1.34,100.7,64.5,100.0,2026-08-22,19,5,4.353999999999999,2.142,0.2060000000000004,-0.8019999999999998,False,True,1,MEDIUM,False,0.05742835912245298,NORMAL
AST-0019,2026-08-22 19:36:38.403936,4.06,2.18,98.27,51.95,88.13,2026-08-22,19,5,4.726,2.2299999999999995,-0.6660000000000004,-0.0499999999999993,False,False,0,LOW,False,0.07720366819326319,NORMAL
AST-0019,2026-08-22 23:48:38.403936,4.71,1.58,99.66,72.03,82.9,2026-08-22,23,5,4.428,1.846,0.282,-0.266,False,False,0,LOW,False,0.12597400735606307,NORMAL
AST-0019,2026-08-23 02:25:38.403936,3.62,0.9,97.1,78.22,64.15,2026-08-23,2,6,4.401999999999999,1.5560000000000005,-0.7819999999999991,-0.6560000000000002,False,True,1,MEDIUM,False,0.024115345347967443,NORMAL
AST-0019,2026-08-23 03:58:38.403936,3.44,2.53,99.51,63.17,55.02,2026-08-23,3,6,4.078,1.7060000000000002,-0.6380000000000003,0.8239999999999996,False,True,1,MEDIUM,False,0.1512824706788483,NORMAL
AST-0019,2026-08-23 05:31:38.403936,3.87,3.32,101.93,64.52,69.52,2026-08-23,5,6,3.94,2.102,-0.0699999999999998,1.218,False,True,1,MEDIUM,False,0.1617307934807924,NORMAL
AST-0019,2026-08-23 05:32:38.403936,4.12,2.62,98.57,67.87,29.37,2026-08-23,5,6,3.952,2.19,0.1679999999999997,0.4300000000000001,False,False,0,LOW,False,0.06713265425654608,NORMAL
AST-0019,2026-08-23 06:54:38.403936,7.38,3.19,98.65,71.45,47.29,2026-08-23,6,6,4.486,2.512,2.894,0.6779999999999999,False,True,1,MEDIUM,False,0.08623763972513321,NORMAL
AST-0019,2026-08-23 07:01:38.403936,2.67,2.67,97.38,51.72,68.54,2026-08-23,7,6,4.296,2.866,-1.6260000000000003,-0.1960000000000001,False,False,0,LOW,False,0.07956165059597714,NORMAL
AST-0019,2026-08-23 07:18:38.403936,3.04,3.13,103.62,56.79,82.34,2026-08-23,7,6,4.216,2.986,-1.1760000000000002,0.1440000000000001,False,False,0,LOW,False,0.11376024187673422,NORMAL
AST-0019,2026-08-23 13:18:38.403936,6.92,3.46,100.39,47.05,89.94,2026-08-23,13,6,4.8260000000000005,3.014,2.0939999999999994,0.4459999999999997,False,False,0,LOW,False,0.059914964769351875,NORMAL
AST-0019,2026-08-23 22:14:38.403936,5.91,2.87,101.45,64.64,71.21,2026-08-23,22,6,5.184,3.064,0.726,-0.1939999999999999,False,False,0,LOW,False,0.16883140451176198,NORMAL
AST-0019,2026-08-23 22:47:38.403936,5.46,1.68,100.33,64.96,64.26,2026-08-23,22,6,4.8,2.762,0.6600000000000001,-1.082,False,True,1,MEDIUM,False,0.1583880051422163,NORMAL
AST-0019,2026-08-23 23:03:38.403936,4.17,1.35,103.22,76.28,29.95,2026-08-23,23,6,5.1,2.498,-0.9299999999999996,-1.148,False,True,1,MEDIUM,False,0.03497377282491959,NORMAL
AST-0019,2026-08-23 23:36:38.403936,5.89,1.46,106.04,73.56,34.69,2026-08-23,23,6,5.67,2.164,0.2199999999999997,-0.7039999999999997,False,True,1,MEDIUM,False,0.00017293654902839073,NORMAL
AST-0019,2026-08-24 05:28:38.403936,3.92,2.65,102.2,59.9,65.62,2026-08-24,5,0,5.069999999999999,2.002,-1.1499999999999997,0.6480000000000001,False,True,1,MEDIUM,False,0.16101922786649236,NORMAL
AST-0019,2026-08-24 06:11:38.403936,4.08,2.56,100.45,72.06,67.8,2026-08-24,6,0,4.703999999999999,1.94,-0.6239999999999988,0.6200000000000001,False,True,1,MEDIUM,False,0.16301288677047104,NORMAL
AST-0019,2026-08-24 08:21:38.403936,3.08,1.77,96.6,81.73,49.45,2026-08-24,8,0,4.228,1.958,-1.1479999999999997,-0.1879999999999997,False,False,0,LOW,False,0.004432031229222089,NORMAL
AST-0019,2026-08-24 09:31:38.403936,3.95,1.78,102.45,79.92,78.05,2026-08-24,9,0,4.183999999999999,2.044,-0.2339999999999991,-0.264,False,False,0,LOW,False,0.11625411207093483,NORMAL
AST-0019,2026-08-24 10:03:38.403936,3.89,1.74,102.15,85.63,45.78,2026-08-24,10,0,3.784,2.1,0.1059999999999998,-0.3600000000000001,False,False,0,LOW,False,0.0613188508205571,NORMAL
AST-0019,2026-08-24 12:05:38.403936,3.77,1.66,99.71,57.55,49.88,2026-08-24,12,0,3.754,1.902,0.016,-0.242,False,False,0,LOW,False,0.12707268117188153,NORMAL
AST-0019,2026-08-25 06:08:38.403936,3.67,1.94,101.29,62.74,57.95,2026-08-25,6,1,3.672,1.7779999999999998,-0.0019999999999997,0.1620000000000001,False,False,0,LOW,False,0.16542714894506755,NORMAL
AST-0019,2026-08-25 08:17:38.403936,4.87,8.66,99.6,73.3,49.59,2026-08-25,8,1,4.029999999999999,3.156,0.8400000000000007,5.504,False,True,1,MEDIUM,True,-0.004737245084143971,ANOMALOUS
AST-0019,2026-08-25 12:01:38.403936,6.17,3.63,102.74,51.65,87.67,2026-08-25,12,1,4.474,3.526,1.6959999999999995,0.104,False,False,0,LOW,False,0.08953924163055471,NORMAL
AST-0019,2026-08-25 16:27:38.403936,17.07,3.48,100.11,41.1,57.58,2026-08-25,16,1,7.109999999999999,3.874,9.96,-0.3940000000000001,True,False,1,MEDIUM,True,-0.06446722200961053,ANOMALOUS
AST-0019,2026-08-25 19:49:38.403936,3.3,2.79,100.25,74.04,93.25,2026-08-25,19,1,7.016,4.1,-3.716,-1.3099999999999996,False,True,1,MEDIUM,False,0.09793440839247142,NORMAL
AST-0019,2026-08-25 20:48:38.403936,5.81,2.25,103.8,76.36,66.86,2026-08-25,20,1,7.444,4.162,-1.6340000000000003,-1.912,False,True,1,MEDIUM,False,0.12311319378672414,NORMAL
AST-0019,2026-08-25 22:06:38.403936,4.92,1.85,102.15,60.26,64.74,2026-08-25,22,1,7.454000000000001,2.8,-2.5340000000000007,-0.9499999999999996,False,True,1,MEDIUM,False,0.15742258920381347,NORMAL
AST-0019,2026-08-25 22:18:38.403936,5.5,1.63,100.53,71.96,80.28,2026-08-25,22,1,7.32,2.4,-1.8200000000000005,-0.77,False,True,1,MEDIUM,False,0.13658829374415082,NORMAL
AST-0019,2026-08-26 00:27:38.403936,6.0,3.01,105.45,87.06,66.43,2026-08-26,0,2,5.106,2.306,0.8940000000000001,0.7039999999999997,False,True,1,MEDIUM,False,0.021021191991569488,NORMAL
AST-0019,2026-08-26 01:25:38.403936,7.15,3.23,102.58,68.56,53.1,2026-08-26,1,2,5.876,2.394,1.274000000000001,0.8360000000000003,False,True,1,MEDIUM,False,0.1386620449607413,NORMAL
AST-0019,2026-08-26 01:37:38.403936,3.89,2.6,100.59,65.31,52.7,2026-08-26,1,2,5.492,2.464,-1.602,0.1360000000000001,False,False,0,LOW,False,0.1654804049901179,NORMAL
AST-0019,2026-08-26 01:56:38.403936,4.3,2.3,98.9,44.19,79.72,2026-08-26,1,2,5.367999999999999,2.554,-1.0679999999999996,-0.254,False,False,0,LOW,False,0.0785336938797368,NORMAL
AST-0019,2026-08-26 02:07:38.403936,4.04,2.76,98.8,74.24,61.67,2026-08-26,2,2,5.076,2.78,-1.0359999999999996,-0.0200000000000004,False,False,0,LOW,False,0.1364452249854824,NORMAL
AST-0019,2026-08-26 06:47:38.403936,3.59,2.47,98.94,53.48,100.0,2026-08-26,6,2,4.594,2.672,-1.0040000000000004,-0.2019999999999999,False,False,0,LOW,False,0.04094207117772425,NORMAL
AST-0019,2026-08-26 06:58:38.403936,3.88,2.62,97.52,64.38,69.11,2026-08-26,6,2,3.94,2.55,-0.06,0.0700000000000002,False,False,0,LOW,False,0.1171622202527649,NORMAL
AST-0019,2026-08-26 07:38:38.403936,3.49,2.22,103.19,54.72,66.24,2026-08-26,7,2,3.86,2.474,-0.3699999999999992,-0.2539999999999995,False,False,0,LOW,False,0.14166240937438362,NORMAL
AST-0019,2026-08-26 11:14:38.403936,4.47,2.07,103.55,66.41,71.17,2026-08-26,11,2,3.894,2.428,0.5760000000000001,-0.3580000000000001,False,False,0,LOW,False,0.15495846330492474,NORMAL
AST-0019,2026-08-26 13:47:38.403936,6.6,3.73,104.44,62.18,87.15,2026-08-26,13,2,4.406000000000001,2.622,2.193999999999999,1.108,False,True,1,MEDIUM,False,0.07578765990276626,NORMAL
AST-0019,2026-08-26 17:22:38.403936,2.52,1.52,102.13,53.93,66.87,2026-08-26,17,2,4.192,2.432,-1.6720000000000002,-0.912,False,True,1,MEDIUM,False,0.12620487565671912,NORMAL
AST-0019,2026-08-26 18:50:38.403936,4.41,2.16,100.77,62.36,75.04,2026-08-26,18,2,4.298,2.3400000000000003,0.1120000000000001,-0.1800000000000001,False,False,0,LOW,False,0.16906739307772167,NORMAL
AST-0019,2026-08-26 19:26:38.403936,4.22,2.9,99.28,57.31,74.19,2026-08-26,19,2,4.444,2.476,-0.2240000000000002,0.4239999999999999,False,False,0,LOW,False,0.14660842592292717,NORMAL
AST-0019,2026-08-26 23:12:38.403936,4.52,1.62,98.42,80.95,49.75,2026-08-26,23,2,4.454,2.386,0.0659999999999998,-0.766,False,True,1,MEDIUM,False,0.061061909137139325,NORMAL
AST-0019,2026-08-27 05:33:38.403936,4.92,0.36,97.8,63.23,66.48,2026-08-27,5,3,4.118,1.7119999999999995,0.8019999999999996,-1.352,False,True,1,MEDIUM,False,0.07521540901405716,NORMAL
AST-0019,2026-08-27 12:06:38.403936,4.64,2.63,101.76,65.79,71.2,2026-08-27,12,3,4.542,1.934,0.0979999999999998,0.696,False,True,1,MEDIUM,False,0.17172363533386625,NORMAL
AST-0019,2026-08-27 15:21:38.403936,4.2,2.61,96.07,78.34,52.15,2026-08-27,15,3,4.5,2.024,-0.2999999999999998,0.5859999999999999,False,True,1,MEDIUM,False,0.038241079243421294,NORMAL
AST-0019,2026-08-27 19:10:38.403936,5.37,2.36,101.61,61.02,67.12,2026-08-27,19,3,4.73,1.916,0.6400000000000006,0.4439999999999999,False,False,0,LOW,False,0.16826989936070336,NORMAL
AST-0019,2026-08-27 20:20:38.403936,4.57,2.39,100.59,65.78,69.0,2026-08-27,20,3,4.74,2.07,-0.1699999999999999,0.3200000000000003,False,False,0,LOW,False,0.16981587941265802,NORMAL
AST-0019,2026-08-27 22:55:38.403936,4.58,2.88,102.76,58.08,53.14,2026-08-27,22,3,4.672,2.5740000000000003,-0.0919999999999996,0.3059999999999996,False,False,0,LOW,False,0.15308989207094026,NORMAL
AST-0019,2026-08-28 01:19:38.403936,6.25,2.54,100.6,66.92,53.15,2026-08-28,1,4,4.994,2.556,1.2560000000000002,-0.016,False,False,0,LOW,False,0.15971398898479533,NORMAL
AST-0019,2026-08-28 03:16:38.403936,5.04,4.38,102.52,75.43,65.8,2026-08-28,3,4,5.162,2.91,-0.1219999999999998,1.4699999999999998,False,True,1,MEDIUM,False,0.10709164511923364,NORMAL
AST-0019,2026-08-28 08:36:38.403936,3.07,1.27,98.86,73.64,59.23,2026-08-28,8,4,4.702,2.692,-1.632,-1.4220000000000002,False,True,1,MEDIUM,False,0.09340997885076369,NORMAL
AST-0019,2026-08-28 08:46:38.403936,2.63,3.01,102.23,61.4,59.76,2026-08-28,8,4,4.313999999999999,2.816,-1.6839999999999993,0.1939999999999999,False,False,0,LOW,False,0.1547068525316584,NORMAL
AST-0019,2026-08-28 16:56:38.403936,3.38,2.83,103.63,64.77,88.01,2026-08-28,16,4,4.074,2.806,-0.694,0.024,False,False,0,LOW,False,0.12882888907067686,NORMAL
AST-0019,2026-08-28 17:28:38.403936,4.11,1.79,102.69,55.28,100.0,2026-08-28,17,4,3.646,2.656,0.4640000000000004,-0.8659999999999997,False,True,1,MEDIUM,False,0.06477581420699235,NORMAL
AST-0020,2026-07-29 18:30:38.403936,2.6,2.89,97.4,44.5,78.31,2026-07-29,18,2,2.6,2.89,0.0,0.0,False,False,0,LOW,False,0.0391556386976642,NORMAL
AST-0020,2026-07-29 18:31:38.403936,4.67,2.65,103.14,75.19,54.3,2026-07-29,18,2,3.635,2.77,1.035,-0.1200000000000001,False,False,0,LOW,False,0.14521442643493748,NORMAL
AST-0020,2026-07-30 02:56:38.403936,2.48,3.98,103.68,62.99,57.72,2026-07-30,2,3,3.25,3.1733333333333333,-0.77,0.8066666666666666,False,True,1,MEDIUM,False,0.10675385161560175,NORMAL
AST-0020,2026-07-30 16:57:38.403936,4.05,2.92,99.43,54.24,44.78,2026-07-30,16,3,3.45,3.11,0.6000000000000001,-0.1899999999999999,False,False,0,LOW,False,0.12501181177375548,NORMAL
AST-0020,2026-07-30 17:46:38.403936,5.82,2.53,99.48,60.38,71.17,2026-07-30,17,3,3.924,2.994,1.8960000000000008,-0.4639999999999999,False,False,0,LOW,False,0.15253941382769692,NORMAL
AST-0020,2026-07-31 01:44:38.403936,6.62,3.97,101.01,68.47,47.22,2026-07-31,1,4,4.728,3.21,1.8920000000000003,0.7600000000000002,False,True,1,MEDIUM,False,0.11616953680615977,NORMAL
AST-0020,2026-07-31 04:35:38.403936,3.44,2.53,99.84,54.72,73.62,2026-07-31,4,4,4.482,3.186,-1.0420000000000005,-0.6560000000000001,False,True,1,MEDIUM,False,0.14470981129308286,NORMAL
AST-0020,2026-07-31 05:41:38.403936,7.75,1.36,97.6,72.84,52.78,2026-07-31,5,4,5.536,2.662,2.2140000000000004,-1.3019999999999998,False,True,1,MEDIUM,False,0.04445601373119801,NORMAL
AST-0020,2026-07-31 07:29:38.403936,-1.25,3.12,100.33,77.37,60.42,2026-07-31,7,4,4.476000000000001,2.7020000000000004,-5.726000000000001,0.4179999999999997,True,False,1,MEDIUM,False,0.05865240411965228,NORMAL
AST-0020,2026-07-31 10:30:38.403936,5.55,2.81,99.23,71.51,72.67,2026-07-31,10,4,4.422000000000001,2.758,1.1279999999999992,0.052,False,False,0,LOW,False,0.1474254320934676,NORMAL
AST-0020,2026-07-31 11:24:38.403936,5.84,1.61,99.99,74.95,51.29,2026-07-31,11,4,4.266,2.2860000000000005,1.5739999999999998,-0.6760000000000004,False,True,1,MEDIUM,False,0.11891238860726189,NORMAL
AST-0020,2026-07-31 11:32:38.403936,3.24,4.24,100.95,66.23,74.93,2026-07-31,11,4,4.226,2.628,-0.9859999999999998,1.612,False,True,1,MEDIUM,False,0.1277430769988006,NORMAL
AST-0020,2026-07-31 11:35:38.403936,4.49,2.29,101.51,59.55,88.23,2026-07-31,11,4,3.5740000000000003,2.814,0.916,-0.524,False,True,1,MEDIUM,False,0.1383225302499425,NORMAL
AST-0020,2026-07-31 14:46:38.403936,5.62,0.89,101.97,62.1,49.91,2026-07-31,14,4,4.948,2.368,0.6719999999999997,-1.4779999999999998,False,True,1,MEDIUM,False,0.11797663503780254,NORMAL
AST-0020,2026-07-31 16:13:38.403936,2.79,2.34,100.7,59.08,55.3,2026-07-31,16,4,4.396,2.274,-1.606,0.0659999999999998,False,False,0,LOW,False,0.15035057730034707,NORMAL
AST-0020,2026-07-31 21:34:38.403936,4.4,2.91,101.58,74.62,82.15,2026-07-31,21,4,4.108,2.534,0.2920000000000007,0.3760000000000003,False,False,0,LOW,False,0.1492033117487267,NORMAL
AST-0020,2026-08-01 00:09:38.403936,4.88,2.84,101.17,82.6,66.17,2026-08-01,0,5,4.436,2.254,0.4439999999999999,0.5859999999999999,False,True,1,MEDIUM,False,0.12113110673213734,NORMAL
AST-0020,2026-08-01 01:35:38.403936,2.62,2.98,103.06,60.48,56.54,2026-08-01,1,5,4.061999999999999,2.3920000000000003,-1.4419999999999993,0.5879999999999996,False,True,1,MEDIUM,False,0.14274326274374782,NORMAL
AST-0020,2026-08-01 02:36:38.403936,3.82,2.66,99.78,53.69,76.21,2026-08-01,2,5,3.702,2.746,0.1179999999999994,-0.0859999999999998,False,False,0,LOW,False,0.14492258181991574,NORMAL
AST-0020,2026-08-01 03:09:38.403936,2.95,4.46,103.17,63.07,51.09,2026-08-01,3,5,3.734,3.17,-0.7840000000000003,1.29,False,True,1,MEDIUM,False,0.09845194091880044,NORMAL
AST-0020,2026-08-01 04:56:38.403936,2.77,3.18,102.14,66.07,71.97,2026-08-01,4,5,3.408,3.224,-0.6379999999999999,-0.044,False,False,0,LOW,False,0.15606788819220763,NORMAL
AST-0020,2026-08-01 05:04:38.403936,5.65,2.17,102.22,49.78,79.36,2026-08-01,5,5,3.5620000000000003,3.09,2.088,-0.92,False,True,1,MEDIUM,False,0.11910140369955918,NORMAL
AST-0020,2026-08-01 05:17:38.403936,3.13,2.34,104.27,58.24,62.28,2026-08-01,5,5,3.664,2.962,-0.5340000000000003,-0.6219999999999999,False,True,1,MEDIUM,False,0.116230396104259,NORMAL
AST-0020,2026-08-01 05:30:38.403936,5.95,2.1,98.68,64.49,69.01,2026-08-01,5,5,4.090000000000001,2.85,1.8599999999999997,-0.75,False,True,1,MEDIUM,False,0.1435634523907901,NORMAL
AST-0020,2026-08-01 08:50:38.403936,3.58,1.65,101.03,63.12,82.92,2026-08-01,8,5,4.216,2.288,-0.6360000000000001,-0.6379999999999999,False,True,1,MEDIUM,False,0.14105408164803457,NORMAL
AST-0020,2026-08-01 12:20:38.403936,3.73,1.93,100.84,76.8,68.49,2026-08-01,12,5,4.408,2.038,-0.6780000000000004,-0.1079999999999998,False,False,0,LOW,False,0.1490555281159443,NORMAL
AST-0020,2026-08-01 16:40:38.403936,5.94,3.73,98.99,61.08,55.48,2026-08-01,16,5,4.465999999999999,2.35,1.474000000000001,1.38,False,True,1,MEDIUM,False,0.12041505208135744,NORMAL
AST-0020,2026-08-02 08:02:38.403936,4.46,2.33,101.42,58.96,58.82,2026-08-02,8,6,4.732,2.348,-0.2720000000000002,-0.0179999999999997,False,False,0,LOW,False,0.16591950263538874,NORMAL
AST-0020,2026-08-02 18:12:38.403936,5.73,1.74,102.69,59.83,46.58,2026-08-02,18,6,4.688000000000001,2.276,1.0419999999999998,-0.5360000000000003,False,True,1,MEDIUM,False,0.13375826258034018,NORMAL
AST-0020,2026-08-02 19:03:38.403936,1.92,2.93,101.13,65.32,84.58,2026-08-02,19,6,4.356,2.532,-2.436,0.3980000000000001,False,False,0,LOW,False,0.13359860214329272,NORMAL
AST-0020,2026-08-02 21:04:38.403936,4.01,2.37,101.72,55.07,46.71,2026-08-02,21,6,4.412,2.62,-0.4020000000000001,-0.25,False,False,0,LOW,False,0.14476603941834754,NORMAL
AST-0020,2026-08-02 22:26:38.403936,4.58,2.92,101.16,69.87,66.16,2026-08-02,22,6,4.14,2.458,0.4400000000000004,0.4620000000000002,False,False,0,LOW,False,0.1706108170094987,NORMAL
AST-0020,2026-08-03 01:15:38.403936,4.87,1.6,100.73,66.62,57.22,2026-08-03,1,0,4.222,2.3120000000000003,0.6480000000000006,-0.7120000000000002,False,True,1,MEDIUM,False,0.1571397410496707,NORMAL
AST-0020,2026-08-03 12:33:38.403936,6.42,3.09,103.04,47.56,92.22,2026-08-03,12,0,4.36,2.582,2.06,0.508,False,True,1,MEDIUM,False,0.059375525678641405,NORMAL
AST-0020,2026-08-03 14:14:38.403936,4.69,2.4,100.88,72.47,70.86,2026-08-03,14,0,4.914,2.476,-0.2239999999999993,-0.076,False,False,0,LOW,False,0.16251702547272645,NORMAL
AST-0020,2026-08-03 16:39:38.403936,5.34,2.56,102.38,55.79,68.05,2026-08-03,16,0,5.180000000000001,2.514,0.1599999999999992,0.0460000000000002,False,False,0,LOW,False,0.1559443180947251,NORMAL
AST-0020,2026-08-03 21:03:38.403936,4.01,1.42,100.74,70.05,74.5,2026-08-03,21,0,5.066,2.2139999999999995,-1.056,-0.7939999999999996,False,True,1,MEDIUM,False,0.1441730408043656,NORMAL
AST-0020,2026-08-03 22:50:38.403936,4.04,3.42,95.62,64.83,63.1,2026-08-03,22,0,4.9,2.578,-0.8600000000000003,0.8420000000000001,False,True,1,MEDIUM,False,0.06831798512281673,NORMAL
AST-0020,2026-08-03 23:37:38.403936,4.04,3.34,100.63,51.59,78.39,2026-08-03,23,0,4.424,2.628,-0.3840000000000003,0.7120000000000002,False,True,1,MEDIUM,False,0.13307420022404814,NORMAL
AST-0020,2026-08-04 01:07:38.403936,5.08,1.8,98.66,63.43,55.56,2026-08-04,1,1,4.502,2.508,0.5780000000000003,-0.708,False,True,1,MEDIUM,False,0.13229994876837753,NORMAL
AST-0020,2026-08-04 12:24:38.403936,7.82,2.66,101.6,61.64,48.18,2026-08-04,12,1,4.997999999999999,2.528,2.822000000000001,0.1320000000000001,False,False,0,LOW,False,0.12775468642646182,NORMAL
AST-0020,2026-08-04 13:16:38.403936,2.56,1.56,102.49,50.94,59.64,2026-08-04,13,1,4.708,2.556,-2.148,-0.996,False,True,1,MEDIUM,False,0.10913877878883793,NORMAL
AST-0020,2026-08-04 14:20:38.403936,3.22,2.33,100.23,59.46,68.21,2026-08-04,14,1,4.544,2.338,-1.3239999999999994,-0.008,False,False,0,LOW,False,0.15501024753359627,NORMAL
AST-0020,2026-08-04 15:12:38.403936,6.52,3.73,98.08,68.28,51.02,2026-08-04,15,1,5.04,2.4160000000000004,1.4799999999999995,1.3139999999999996,False,True,1,MEDIUM,False,0.08691493923045995,NORMAL
AST-0020,2026-08-05 02:09:38.403936,5.92,2.62,99.25,58.66,30.69,2026-08-05,2,2,5.208,2.58,0.7119999999999997,0.04,False,False,0,LOW,False,0.08458410367441277,NORMAL
AST-0020,2026-08-05 07:27:38.403936,7.09,2.6,102.81,66.0,52.99,2026-08-05,7,2,5.062,2.568,2.028,0.032,False,False,0,LOW,False,0.1491594362407362,NORMAL
AST-0020,2026-08-05 09:06:38.403936,-1.81,3.43,101.69,49.82,97.03,2026-08-05,9,2,4.188,2.942,-5.997999999999999,0.488,True,False,1,MEDIUM,True,-0.01933070326393338,ANOMALOUS
AST-0020,2026-08-05 13:24:38.403936,4.94,2.53,103.05,72.32,59.44,2026-08-05,13,2,4.532,2.982,0.4080000000000003,-0.4520000000000004,False,False,0,LOW,False,0.15820881767416856,NORMAL
AST-0020,2026-08-05 16:37:38.403936,4.46,3.13,103.29,58.03,59.58,2026-08-05,16,2,4.12,2.862,0.3399999999999998,0.2680000000000002,False,False,0,LOW,False,0.1504017400278474,NORMAL
AST-0020,2026-08-05 17:09:38.403936,3.95,1.24,99.66,68.91,75.47,2026-08-05,17,2,3.726,2.586,0.2239999999999997,-1.346,False,True,1,MEDIUM,False,0.1339043134280109,NORMAL
AST-0020,2026-08-05 18:04:38.403936,2.86,5.15,104.9,57.65,94.81,2026-08-05,18,2,2.88,3.096,-0.02,2.0540000000000003,False,True,1,MEDIUM,True,-0.013377857861926246,ANOMALOUS
AST-0020,2026-08-05 18:12:38.403936,4.41,1.91,100.93,49.01,100.0,2026-08-05,18,2,4.1240000000000006,2.7920000000000003,0.2859999999999996,-0.8820000000000003,False,True,1,MEDIUM,False,0.03580584230216555,NORMAL
AST-0020,2026-08-05 18:44:38.403936,4.24,3.83,101.34,67.31,42.32,2026-08-05,18,2,3.984,3.052,0.2559999999999998,0.778,False,True,1,MEDIUM,False,0.11950369965863211,NORMAL
AST-0020,2026-08-05 19:37:38.403936,4.86,2.36,104.93,61.04,63.35,2026-08-05,19,2,4.064,2.898,0.7960000000000003,-0.5380000000000003,False,True,1,MEDIUM,False,0.116483606159827,NORMAL
AST-0020,2026-08-06 01:03:38.403936,2.09,1.89,99.76,55.6,79.93,2026-08-06,1,3,3.692,3.028,-1.6020000000000003,-1.138,False,True,1,MEDIUM,False,0.11198807422355689,NORMAL
AST-0020,2026-08-06 03:21:38.403936,3.68,2.57,102.32,88.91,67.02,2026-08-06,3,3,3.856,2.512,-0.1760000000000001,0.0580000000000002,False,False,0,LOW,False,0.0649776953361067,NORMAL
AST-0020,2026-08-06 04:38:38.403936,1.82,1.69,100.81,49.4,85.02,2026-08-06,4,3,3.338,2.468,-1.518,-0.778,False,True,1,MEDIUM,False,0.07579619616548433,NORMAL
AST-0020,2026-08-06 06:35:38.403936,4.69,2.59,102.75,69.81,69.03,2026-08-06,6,3,3.428,2.22,1.2620000000000005,0.3700000000000001,False,False,0,LOW,False,0.1670567960208061,NORMAL
AST-0020,2026-08-06 09:33:38.403936,4.08,2.2,101.86,59.47,54.28,2026-08-06,9,3,3.272,2.188,0.8080000000000003,0.0120000000000004,False,False,0,LOW,False,0.1523321581370254,NORMAL
AST-0020,2026-08-06 12:47:38.403936,2.52,4.98,101.36,66.42,87.62,2026-08-06,12,3,3.3580000000000005,2.806,-0.8380000000000005,2.1740000000000004,False,True,1,MEDIUM,False,0.06643390356907458,NORMAL
AST-0020,2026-08-06 13:29:38.403936,7.03,1.98,100.34,70.16,94.19,2026-08-06,13,3,4.0280000000000005,2.688,3.002,-0.7080000000000002,False,True,1,MEDIUM,False,0.08266988079362375,NORMAL
AST-0020,2026-08-06 16:35:38.403936,4.54,0.84,100.66,81.43,71.49,2026-08-06,16,3,4.572,2.518,-0.032,-1.678,False,True,1,MEDIUM,False,0.08407957743586986,NORMAL
AST-0020,2026-08-06 18:44:38.403936,-0.33,2.82,101.37,48.19,70.58,2026-08-06,18,3,3.5680000000000005,2.564,-3.898000000000001,0.2559999999999998,False,False,0,LOW,False,0.0629744284909689,NORMAL
AST-0020,2026-08-06 20:19:38.403936,2.23,1.87,99.41,78.77,56.16,2026-08-06,20,3,3.198,2.498,-0.968,-0.6280000000000001,False,True,1,MEDIUM,False,0.08339778010892074,NORMAL
AST-0020,2026-08-07 00:48:38.403936,4.8,1.34,97.3,60.41,62.59,2026-08-07,0,4,3.654000000000001,1.77,1.145999999999999,-0.4299999999999999,False,False,0,LOW,False,0.08888487152922031,NORMAL
AST-0020,2026-08-07 02:57:38.403936,1.47,2.64,100.98,53.12,68.49,2026-08-07,2,4,2.5420000000000003,1.902,-1.0720000000000005,0.7380000000000002,False,True,1,MEDIUM,False,0.11447689995328314,NORMAL
AST-0020,2026-08-07 05:09:38.403936,3.03,2.56,102.89,34.06,56.95,2026-08-07,5,4,2.24,2.246,0.7899999999999996,0.314,False,False,0,LOW,False,0.036066623183535984,NORMAL
AST-0020,2026-08-07 14:08:38.403936,5.22,2.17,99.59,71.1,62.4,2026-08-07,14,4,3.35,2.116,1.87,0.0539999999999998,False,False,0,LOW,False,0.15698068965882028,NORMAL
AST-0020,2026-08-07 14:52:38.403936,3.25,2.45,103.38,71.53,100.0,2026-08-07,14,4,3.554,2.232,-0.3039999999999998,0.2179999999999999,False,False,0,LOW,False,0.06800138832098135,NORMAL
AST-0020,2026-08-07 16:16:38.403936,5.06,2.85,97.38,65.39,72.47,2026-08-07,16,4,3.606,2.5340000000000003,1.4539999999999993,0.3159999999999998,False,False,0,LOW,False,0.11386010763006377,NORMAL
AST-0020,2026-08-07 19:11:38.403936,5.26,1.23,102.35,71.06,57.17,2026-08-07,19,4,4.364,2.252,0.8959999999999999,-1.0219999999999998,False,True,1,MEDIUM,False,0.13116984790744352,NORMAL
AST-0020,2026-08-07 19:19:38.403936,5.89,1.5,101.38,66.44,58.78,2026-08-07,19,4,4.936,2.04,0.9539999999999996,-0.54,False,True,1,MEDIUM,False,0.15259548532563266,NORMAL
AST-0020,2026-08-07 20:50:38.403936,7.05,2.97,102.8,65.41,62.26,2026-08-07,20,4,5.302,2.2,1.7480000000000002,0.77,False,True,1,MEDIUM,False,0.15169604765637706,NORMAL
AST-0020,2026-08-07 21:30:38.403936,2.35,1.45,101.86,43.67,83.23,2026-08-07,21,4,5.122,2.0,-2.772,-0.55,False,True,1,MEDIUM,False,0.04544438683372942,NORMAL
AST-0020,2026-08-07 22:51:38.403936,4.12,2.07,102.9,46.41,65.82,2026-08-07,22,4,4.933999999999999,1.844,-0.8139999999999992,0.2259999999999999,False,False,0,LOW,False,0.10808985450283431,NORMAL
AST-0020,2026-08-08 03:32:38.403936,7.7,2.7,99.88,62.18,44.56,2026-08-08,3,5,5.422,2.138,2.2780000000000005,0.5620000000000003,False,True,1,MEDIUM,False,0.10455773005246471,NORMAL
AST-0020,2026-08-08 07:39:38.403936,5.98,7.52,102.87,69.6,100.0,2026-08-08,7,5,5.44,3.342,0.5400000000000009,4.177999999999999,False,True,1,MEDIUM,True,-0.038587248150154685,ANOMALOUS
AST-0020,2026-08-08 08:51:38.403936,4.42,3.02,101.44,63.67,86.19,2026-08-08,8,5,4.914,3.3520000000000003,-0.4939999999999998,-0.3320000000000003,False,False,0,LOW,False,0.15104971451406268,NORMAL
AST-0020,2026-08-08 10:06:38.403936,6.08,1.57,100.59,74.53,59.6,2026-08-08,10,5,5.66,3.376,0.4199999999999999,-1.806,False,True,1,MEDIUM,False,0.1347066810183542,NORMAL
AST-0020,2026-08-08 13:52:38.403936,2.01,3.33,103.55,54.09,57.61,2026-08-08,13,5,5.238,3.628,-3.2280000000000006,-0.298,False,False,0,LOW,False,0.104641843929484,NORMAL
AST-0020,2026-08-08 14:11:38.403936,3.45,1.74,100.24,57.62,69.27,2026-08-08,14,5,4.388,3.436,-0.9379999999999996,-1.696,False,True,1,MEDIUM,False,0.14415683053566658,NORMAL
AST-0020,2026-08-08 14:50:38.403936,3.21,3.63,104.55,45.49,66.66,2026-08-08,14,5,3.834000000000001,2.658,-0.6240000000000006,0.972,False,True,1,MEDIUM,False,0.05160258402184975,NORMAL
AST-0020,2026-08-08 15:50:38.403936,2.8,2.82,100.26,39.22,73.01,2026-08-08,15,5,3.51,2.618,-0.7099999999999995,0.2019999999999999,False,False,0,LOW,False,0.06734458355507555,NORMAL
AST-0020,2026-08-08 17:25:38.403936,5.77,0.97,104.85,69.84,64.24,2026-08-08,17,5,3.4480000000000004,2.498,2.321999999999999,-1.5280000000000002,False,True,1,MEDIUM,False,0.06730032527598101,NORMAL
AST-0020,2026-08-08 19:24:38.403936,3.14,2.72,104.21,57.93,59.66,2026-08-08,19,5,3.674,2.376,-0.5339999999999994,0.3440000000000003,False,False,0,LOW,False,0.12389911089659189,NORMAL
AST-0020,2026-08-09 05:19:38.403936,4.72,1.8,103.13,52.36,88.12,2026-08-09,5,6,3.928,2.388,0.7919999999999998,-0.5879999999999999,False,True,1,MEDIUM,False,0.09813288873239634,NORMAL
AST-0020,2026-08-09 12:27:38.403936,7.23,1.92,101.01,80.7,77.04,2026-08-09,12,6,4.731999999999999,2.046,2.498000000000001,-0.1259999999999999,False,False,0,LOW,False,0.10591045456641507,NORMAL
AST-0020,2026-08-09 23:09:38.403936,3.2,3.25,101.68,59.32,52.44,2026-08-09,23,6,4.812,2.132,-1.612,1.118,False,True,1,MEDIUM,False,0.1455565276394235,NORMAL
AST-0020,2026-08-09 23:39:38.403936,6.69,7.47,103.78,54.68,59.12,2026-08-09,23,6,4.996,3.432,1.6940000000000008,4.038,False,True,1,MEDIUM,True,-0.01441011760241484,ANOMALOUS
AST-0020,2026-08-09 23:52:38.403936,7.2,2.94,99.43,76.06,68.61,2026-08-09,23,6,5.808000000000001,3.476,1.3919999999999997,-0.536,False,True,1,MEDIUM,False,0.12294889182360713,NORMAL
AST-0020,2026-08-10 02:15:38.403936,2.3,2.83,102.05,76.54,89.99,2026-08-10,2,0,5.324,3.682,-3.024,-0.8519999999999999,False,True,1,MEDIUM,False,0.09973124741717221,NORMAL
AST-0020,2026-08-10 05:21:38.403936,3.37,3.72,101.56,73.85,100.0,2026-08-10,5,0,4.5520000000000005,4.042,-1.1820000000000004,-0.3219999999999996,False,False,0,LOW,False,0.05398675965301564,NORMAL
AST-0020,2026-08-10 09:20:38.403936,4.56,2.25,101.56,41.19,32.07,2026-08-10,9,0,4.824,3.842,-0.2640000000000002,-1.592,False,True,1,MEDIUM,False,0.03451004248140033,NORMAL
AST-0020,2026-08-10 14:47:38.403936,3.95,4.15,102.63,62.9,77.57,2026-08-10,14,0,4.276000000000001,3.178,-0.3260000000000005,0.9720000000000004,False,True,1,MEDIUM,False,0.12768792481608082,NORMAL
AST-0020,2026-08-10 15:21:38.403936,4.47,2.06,98.6,79.2,75.66,2026-08-10,15,0,3.73,3.002,0.7400000000000002,-0.9419999999999996,False,True,1,MEDIUM,False,0.10894720802987079,NORMAL
AST-0020,2026-08-10 16:10:38.403936,5.87,3.65,101.88,55.23,67.31,2026-08-10,16,0,4.444000000000001,3.166,1.4259999999999993,0.484,False,False,0,LOW,False,0.1410709617163775,NORMAL
AST-0020,2026-08-10 18:00:38.403936,3.18,1.35,102.26,78.83,87.79,2026-08-10,18,0,4.406000000000001,2.692,-1.2260000000000004,-1.3419999999999996,False,True,1,MEDIUM,False,0.07389164448292057,NORMAL
AST-0020,2026-08-10 18:43:38.403936,6.41,0.46,100.5,35.06,50.04,2026-08-10,18,0,4.776,2.3340000000000005,1.6340000000000003,-1.8740000000000008,False,True,1,MEDIUM,True,-0.01049514220000236,ANOMALOUS
AST-0020,2026-08-10 18:49:38.403936,6.11,2.67,101.72,54.08,69.21,2026-08-10,18,0,5.208,2.038,0.902,0.6320000000000001,False,True,1,MEDIUM,False,0.15140626789690004,NORMAL
AST-0020,2026-08-10 22:58:38.403936,2.74,2.22,104.6,65.68,67.27,2026-08-10,22,0,4.862,2.07,-2.122,0.1500000000000003,False,False,0,LOW,False,0.12320543606358364,NORMAL
AST-0020,2026-08-11 01:08:38.403936,3.81,1.46,103.55,81.02,82.6,2026-08-11,1,1,4.45,1.632,-0.6400000000000001,-0.1720000000000001,False,False,0,LOW,False,0.07183793946269179,NORMAL
AST-0020,2026-08-11 03:31:38.403936,6.13,4.01,104.39,60.11,44.85,2026-08-11,3,1,5.040000000000001,2.164,1.089999999999999,1.846,False,True,1,MEDIUM,False,0.06866246823589772,NORMAL
AST-0020,2026-08-11 06:21:38.403936,5.04,2.77,102.26,67.87,54.08,2026-08-11,6,1,4.766,2.626,0.274,0.1440000000000001,False,False,0,LOW,False,0.16164320645761004,NORMAL
AST-0020,2026-08-11 15:55:38.403936,5.47,2.19,97.35,59.3,43.78,2026-08-11,15,1,4.638,2.53,0.8319999999999999,-0.3399999999999998,False,False,0,LOW,False,0.07178529765657371,NORMAL
AST-0020,2026-08-11 16:43:38.403936,4.43,2.19,100.36,68.21,32.23,2026-08-11,16,1,4.976,2.524,-0.5460000000000003,-0.3340000000000001,False,False,0,LOW,False,0.10228831109181313,NORMAL
AST-0020,2026-08-11 18:36:38.403936,4.03,2.71,102.73,64.49,65.29,2026-08-11,18,1,5.0200000000000005,2.774,-0.9900000000000002,-0.064,False,False,0,LOW,False,0.16625169323010724,NORMAL
AST-0020,2026-08-11 20:55:38.403936,4.12,3.59,105.45,63.91,55.29,2026-08-11,20,1,4.617999999999999,2.69,-0.4979999999999993,0.8999999999999999,False,True,1,MEDIUM,False,0.09136000907835728,NORMAL
AST-0020,2026-08-11 21:24:38.403936,8.01,2.62,99.21,73.48,98.58,2026-08-11,21,1,5.212,2.66,2.798,-0.04,False,False,0,LOW,False,0.03773957555525842,NORMAL
AST-0020,2026-08-11 22:12:38.403936,-0.07,3.32,104.17,54.5,47.5,2026-08-11,22,1,4.104,2.886,-4.174,0.4339999999999997,False,False,0,LOW,False,0.0462238318754728,NORMAL
AST-0020,2026-08-11 22:32:38.403936,5.54,6.94,100.57,56.72,66.55,2026-08-11,22,1,4.326,3.836,1.2140000000000004,3.1040000000000005,False,True,1,MEDIUM,False,0.04253768417400905,NORMAL
AST-0020,2026-08-12 07:57:38.403936,4.37,1.98,100.19,61.34,43.94,2026-08-12,7,2,4.394,3.69,-0.024,-1.71,False,True,1,MEDIUM,False,0.1385388891934991,NORMAL
AST-0020,2026-08-12 11:14:38.403936,3.3,4.6,100.96,77.94,36.76,2026-08-12,11,2,4.23,3.892,-0.9300000000000006,0.7079999999999993,False,True,1,MEDIUM,False,0.043019797506864466,NORMAL
AST-0020,2026-08-12 11:15:38.403936,6.59,2.05,100.88,48.17,50.49,2026-08-12,11,2,3.946,3.778,2.644,-1.7280000000000002,False,True,1,MEDIUM,False,0.10109212308264343,NORMAL
AST-0020,2026-08-12 12:16:38.403936,3.59,3.83,103.76,32.04,85.82,2026-08-12,12,2,4.678,3.88,-1.088,-0.0499999999999998,False,False,0,LOW,True,-0.0065572729268774665,ANOMALOUS
AST-0020,2026-08-12 14:40:38.403936,2.53,1.11,103.45,61.59,60.43,2026-08-12,14,2,4.076,2.714,-1.5459999999999998,-1.604,False,True,1,MEDIUM,False,0.10790884128783468,NORMAL
AST-0020,2026-08-12 15:05:38.403936,11.21,2.06,101.71,52.98,57.88,2026-08-12,15,2,5.444,2.7299999999999995,5.766000000000001,-0.6699999999999995,True,True,2,HIGH,False,0.0729088968216951,NORMAL
AST-0020,2026-08-12 15:37:38.403936,12.42,2.32,101.21,57.0,38.23,2026-08-12,15,2,7.268000000000001,2.274,5.151999999999999,0.0459999999999998,True,False,1,MEDIUM,False,0.02907201307877305,NORMAL
AST-0020,2026-08-12 15:50:38.403936,2.83,2.41,102.67,73.67,94.02,2026-08-12,15,2,6.516,2.346,-3.686,0.064,False,False,0,LOW,False,0.08796860258702027,NORMAL
AST-0020,2026-08-12 15:58:38.403936,3.05,2.07,100.37,50.17,50.28,2026-08-12,15,2,6.408,1.994,-3.358,0.076,False,False,0,LOW,False,0.1158934731930577,NORMAL
AST-0020,2026-08-12 18:00:38.403936,5.77,3.38,102.28,48.94,72.11,2026-08-12,18,2,7.056,2.448,-1.2860000000000005,0.932,False,True,1,MEDIUM,False,0.11899779444027248,NORMAL
AST-0020,2026-08-12 21:35:38.403936,3.94,1.13,106.79,61.73,88.64,2026-08-12,21,2,5.602,2.262,-1.6620000000000004,-1.1319999999999997,False,True,1,MEDIUM,False,0.011788132999204226,NORMAL
AST-0020,2026-08-13 00:34:38.403936,2.75,3.52,99.03,70.09,53.91,2026-08-13,0,3,3.668,2.502,-0.918,1.0180000000000002,False,True,1,MEDIUM,False,0.11127632072257648,NORMAL
AST-0020,2026-08-13 04:12:38.403936,3.97,1.65,105.1,51.61,62.8,2026-08-13,4,3,3.896,2.35,0.0740000000000002,-0.7000000000000002,False,True,1,MEDIUM,False,0.07880662458075216,NORMAL
AST-0020,2026-08-13 17:11:38.403936,4.74,2.5,102.17,76.91,82.09,2026-08-13,17,3,4.234,2.436,0.5060000000000002,0.064,False,False,0,LOW,False,0.13647163007968993,NORMAL
AST-0020,2026-08-13 17:18:38.403936,3.06,3.05,103.51,73.61,69.52,2026-08-13,17,3,3.692,2.37,-0.6320000000000001,0.6799999999999997,False,True,1,MEDIUM,False,0.13983669329460197,NORMAL
AST-0020,2026-08-13 20:27:38.403936,5.02,3.1,98.97,60.12,72.12,2026-08-13,20,3,3.908,2.764,1.1119999999999997,0.3360000000000003,False,False,0,LOW,False,0.1467727741578706,NORMAL
AST-0020,2026-08-14 03:18:38.403936,3.3,2.6,102.53,77.04,38.19,2026-08-14,3,4,4.018,2.58,-0.718,0.0200000000000004,False,False,0,LOW,False,0.0917385695583885,NORMAL
AST-0020,2026-08-14 08:47:38.403936,5.8,2.74,100.84,53.08,99.98,2026-08-14,8,4,4.384,2.7980000000000005,1.4159999999999997,-0.0580000000000002,False,False,0,LOW,False,0.059722407973561153,NORMAL
AST-0020,2026-08-14 10:12:38.403936,-2.47,1.85,101.65,52.5,60.23,2026-08-14,10,4,2.9419999999999997,2.668,-5.411999999999999,-0.8180000000000001,True,True,2,HIGH,False,0.03521133159129136,NORMAL
AST-0020,2026-08-14 12:04:38.403936,4.39,1.71,99.84,52.58,56.41,2026-08-14,12,4,3.208,2.4,1.182,-0.69,False,True,1,MEDIUM,False,0.12352231495053612,NORMAL
AST-0020,2026-08-14 19:46:38.403936,4.66,2.97,105.25,49.36,94.11,2026-08-14,19,4,3.136,2.374,1.524,0.5960000000000001,False,True,1,MEDIUM,False,0.024897055626018072,NORMAL
AST-0020,2026-08-14 19:52:38.403936,3.72,1.83,100.83,71.88,74.86,2026-08-14,19,4,3.22,2.22,0.5000000000000004,-0.3899999999999997,False,False,0,LOW,False,0.15515353782357622,NORMAL
AST-0020,2026-08-14 21:52:38.403936,3.12,1.42,99.35,75.54,47.91,2026-08-14,21,4,2.684,1.956,0.4359999999999999,-0.536,False,True,1,MEDIUM,False,0.08476873983074235,NORMAL
AST-0020,2026-08-14 22:26:38.403936,4.22,3.38,101.3,65.29,68.74,2026-08-14,22,4,4.022,2.262,0.1979999999999995,1.1180000000000003,False,True,1,MEDIUM,False,0.1667716630972877,NORMAL
AST-0020,2026-08-15 03:55:38.403936,6.17,1.48,100.34,56.4,82.72,2026-08-15,3,5,4.378,2.216,1.7919999999999998,-0.7360000000000002,False,True,1,MEDIUM,False,0.11182368245755614,NORMAL
AST-0020,2026-08-15 04:17:38.403936,6.32,2.89,101.34,68.1,67.46,2026-08-15,4,5,4.71,2.2,1.6100000000000003,0.69,False,True,1,MEDIUM,False,0.16566081517526487,NORMAL
AST-0020,2026-08-15 04:24:38.403936,5.59,2.78,101.98,62.29,43.1,2026-08-15,4,5,5.0840000000000005,2.39,0.5059999999999993,0.3900000000000001,False,False,0,LOW,False,0.1427408729158956,NORMAL
AST-0020,2026-08-15 05:02:38.403936,3.67,2.01,102.17,48.96,39.01,2026-08-15,5,5,5.194,2.508,-1.524,-0.4980000000000002,False,False,0,LOW,False,0.09156445397141716,NORMAL
AST-0020,2026-08-15 05:23:38.403936,3.56,2.78,104.86,83.3,54.64,2026-08-15,5,5,5.062,2.3880000000000003,-1.5020000000000002,0.3919999999999994,False,False,0,LOW,False,0.06283349767691104,NORMAL
AST-0020,2026-08-15 05:52:38.403936,4.59,2.72,104.02,51.91,10.65,2026-08-15,5,5,4.746,2.636,-0.1560000000000005,0.084,False,False,0,LOW,False,0.00733141928152492,NORMAL
AST-0020,2026-08-15 07:35:38.403936,2.47,2.34,106.14,69.6,95.52,2026-08-15,7,5,3.976,2.526,-1.5059999999999998,-0.1859999999999999,False,False,0,LOW,False,0.025723399520860113,NORMAL
AST-0020,2026-08-15 07:45:38.403936,4.25,2.56,102.82,71.96,70.02,2026-08-15,7,5,3.708,2.482,0.5420000000000003,0.0779999999999998,False,False,0,LOW,False,0.15882453588160667,NORMAL
AST-0020,2026-08-15 12:53:38.403936,5.62,3.32,98.49,54.07,70.0,2026-08-15,12,5,4.098000000000001,2.744,1.5219999999999994,0.5759999999999996,False,True,1,MEDIUM,False,0.117852314269344,NORMAL
AST-0020,2026-08-15 15:50:38.403936,12.86,2.15,100.52,56.22,65.08,2026-08-15,15,5,5.958,2.618,6.901999999999999,-0.4679999999999999,True,False,1,MEDIUM,False,0.05114492469656229,NORMAL
AST-0020,2026-08-15 20:13:38.403936,3.55,3.02,102.99,61.49,65.32,2026-08-15,20,5,5.750000000000001,2.678,-2.200000000000001,0.3420000000000001,False,False,0,LOW,False,0.15938766754168832,NORMAL
AST-0020,2026-08-15 21:55:38.403936,4.48,2.29,99.03,69.6,95.9,2026-08-15,21,5,6.152,2.668,-1.6719999999999997,-0.3780000000000001,False,False,0,LOW,False,0.08322888248488425,NORMAL
AST-0020,2026-08-15 23:06:38.403936,7.8,2.77,100.83,74.77,80.16,2026-08-15,23,5,6.862,2.71,0.9379999999999996,0.06,False,False,0,LOW,False,0.11021141647541349,NORMAL
AST-0020,2026-08-16 00:19:38.403936,4.17,2.55,100.56,50.22,69.64,2026-08-16,0,6,6.572,2.556,-2.402,-0.0060000000000002,False,False,0,LOW,False,0.13442433257314884,NORMAL
AST-0020,2026-08-16 05:39:38.403936,6.9,3.04,101.91,61.0,54.5,2026-08-16,5,6,5.38,2.7339999999999995,1.5200000000000005,0.3060000000000005,False,False,0,LOW,False,0.14950814577262322,NORMAL
AST-0020,2026-08-16 05:48:38.403936,5.4,1.72,102.84,59.74,66.29,2026-08-16,5,6,5.75,2.474,-0.3499999999999996,-0.7539999999999998,False,True,1,MEDIUM,False,0.1447349799068346,NORMAL
AST-0020,2026-08-16 09:42:38.403936,4.38,4.4,99.93,61.39,57.89,2026-08-16,9,6,5.73,2.896,-1.3499999999999996,1.5040000000000004,False,True,1,MEDIUM,False,0.12135614488962082,NORMAL
AST-0020,2026-08-16 11:21:38.403936,3.36,2.32,101.64,61.84,85.86,2026-08-16,11,6,4.8420000000000005,2.806,-1.4820000000000009,-0.4860000000000002,False,False,0,LOW,False,0.1404783044200535,NORMAL
AST-0020,2026-08-16 12:58:38.403936,4.91,2.02,103.44,62.92,50.82,2026-08-16,12,6,4.99,2.7,-0.08,-0.6800000000000002,False,True,1,MEDIUM,False,0.1413334606154416,NORMAL
AST-0020,2026-08-16 13:57:38.403936,2.7,2.51,103.48,58.9,40.28,2026-08-16,13,6,4.15,2.5940000000000003,-1.4500000000000002,-0.0840000000000005,False,False,0,LOW,False,0.10240489139879011,NORMAL
AST-0020,2026-08-17 02:20:38.403936,4.7,3.74,102.84,80.37,54.89,2026-08-17,2,0,4.01,2.998,0.6900000000000004,0.742,False,True,1,MEDIUM,False,0.10247851448189932,NORMAL
AST-0020,2026-08-17 04:47:38.403936,3.35,2.81,99.32,78.3,34.84,2026-08-17,4,0,3.8040000000000007,2.68,-0.4540000000000006,0.1299999999999999,False,False,0,LOW,False,0.06168322684687033,NORMAL
AST-0020,2026-08-17 05:24:38.403936,6.9,3.19,100.59,64.17,75.19,2026-08-17,5,0,4.5120000000000005,2.854,2.388,0.3359999999999998,False,False,0,LOW,False,0.1471432980842085,NORMAL
AST-0020,2026-08-17 13:41:38.403936,5.68,2.84,99.37,64.52,64.94,2026-08-17,13,0,4.666,3.018,1.0140000000000002,-0.1779999999999999,False,False,0,LOW,False,0.15629323006057455,NORMAL
AST-0020,2026-08-17 13:52:38.403936,3.17,2.85,103.98,64.77,74.07,2026-08-17,13,0,4.76,3.086,-1.59,-0.2359999999999997,False,False,0,LOW,False,0.1365690686865234,NORMAL
AST-0020,2026-08-17 16:21:38.403936,5.91,3.16,102.05,67.2,83.58,2026-08-17,16,0,5.002000000000001,2.97,0.9079999999999996,0.1900000000000004,False,False,0,LOW,False,0.14986980719115628,NORMAL
AST-0020,2026-08-17 22:51:38.403936,4.64,2.01,103.85,50.05,44.51,2026-08-17,22,0,5.26,2.81,-0.6200000000000001,-0.7999999999999998,False,True,1,MEDIUM,False,0.08588588908355732,NORMAL
AST-0020,2026-08-18 01:15:38.403936,5.55,3.36,102.93,61.89,45.36,2026-08-18,1,1,4.989999999999999,2.844,0.5600000000000005,0.516,False,True,1,MEDIUM,False,0.13231695916798775,NORMAL
AST-0020,2026-08-18 03:48:38.403936,4.92,2.62,99.16,74.66,75.09,2026-08-18,3,1,4.837999999999999,2.8,0.0820000000000007,-0.1799999999999997,False,False,0,LOW,False,0.1464971583112914,NORMAL
AST-0020,2026-08-18 06:42:38.403936,3.92,2.73,101.97,71.59,100.0,2026-08-18,6,1,4.988,2.776,-1.0679999999999996,-0.0460000000000002,False,False,0,LOW,False,0.08067763453809335,NORMAL
AST-0020,2026-08-18 07:01:38.403936,5.47,2.4,102.14,56.13,57.13,2026-08-18,7,1,4.9,2.624,0.5699999999999994,-0.2240000000000002,False,False,0,LOW,False,0.15016623482594466,NORMAL
AST-0020,2026-08-18 08:05:38.403936,5.01,1.46,96.26,66.49,61.15,2026-08-18,8,1,4.973999999999999,2.514,0.0360000000000004,-1.0540000000000005,False,True,1,MEDIUM,False,0.06412798169994993,NORMAL
AST-0020,2026-08-18 08:34:38.403936,5.59,2.78,100.76,74.94,66.19,2026-08-18,8,1,4.982,2.398,0.6079999999999997,0.3819999999999997,False,False,0,LOW,False,0.15366031496843585,NORMAL
AST-0020,2026-08-18 08:39:38.403936,4.98,3.9,101.34,67.25,77.47,2026-08-18,8,1,4.994,2.654,-0.0139999999999993,1.246,False,True,1,MEDIUM,False,0.14520226592394297,NORMAL
AST-0020,2026-08-18 15:44:38.403936,3.26,2.01,100.24,54.43,87.02,2026-08-18,15,1,4.862,2.51,-1.6020000000000003,-0.5,False,False,0,LOW,False,0.1140821543782537,NORMAL
AST-0020,2026-08-18 16:19:38.403936,2.85,2.96,102.81,74.86,39.57,2026-08-18,16,1,4.337999999999999,2.622,-1.487999999999999,0.3380000000000001,False,False,0,LOW,False,0.1024004095953493,NORMAL
AST-0020,2026-08-18 16:27:38.403936,7.41,1.7,99.94,70.14,68.23,2026-08-18,16,1,4.8180000000000005,2.67,2.592,-0.97,False,True,1,MEDIUM,False,0.12854946922648097,NORMAL
AST-0020,2026-08-18 17:01:38.403936,4.55,3.39,98.28,74.08,66.77,2026-08-18,17,1,4.61,2.7920000000000003,-0.0600000000000005,0.5979999999999999,False,True,1,MEDIUM,False,0.12173226163290618,NORMAL
AST-0020,2026-08-18 21:47:38.403936,6.82,2.85,101.93,65.66,17.21,2026-08-18,21,1,4.978,2.582,1.8420000000000003,0.2680000000000002,False,False,0,LOW,False,0.043157176069576864,NORMAL
AST-0020,2026-08-18 23:37:38.403936,3.45,1.2,99.07,65.73,53.2,2026-08-18,23,1,5.016,2.42,-1.5659999999999998,-1.22,False,True,1,MEDIUM,False,0.11445635543357174,NORMAL
AST-0020,2026-08-19 06:14:38.403936,5.36,2.56,101.84,66.08,54.05,2026-08-19,6,2,5.518000000000001,2.3400000000000003,-0.1580000000000003,0.2199999999999997,False,False,0,LOW,False,0.16493827935684763,NORMAL
AST-0020,2026-08-19 06:17:38.403936,6.68,3.33,98.48,69.45,80.31,2026-08-19,6,2,5.372,2.666,1.3079999999999998,0.6640000000000001,False,True,1,MEDIUM,False,0.11779205850584851,NORMAL
AST-0020,2026-08-19 08:56:38.403936,4.49,1.15,99.06,71.71,75.87,2026-08-19,8,2,5.36,2.2180000000000004,-0.8700000000000001,-1.0680000000000005,False,True,1,MEDIUM,False,0.11713283236721184,NORMAL
AST-0020,2026-08-19 10:57:38.403936,7.03,1.28,104.83,61.39,58.17,2026-08-19,10,2,5.402,1.904,1.628,-0.6239999999999999,False,True,1,MEDIUM,False,0.07675923357048936,NORMAL
AST-0020,2026-08-19 13:14:38.403936,5.15,2.53,101.54,71.14,46.59,2026-08-19,13,2,5.742,2.1700000000000004,-0.5919999999999996,0.3599999999999994,False,False,0,LOW,False,0.1501171348861789,NORMAL
AST-0020,2026-08-19 15:45:38.403936,4.44,2.81,100.12,50.2,70.01,2026-08-19,15,2,5.558,2.22,-1.1179999999999994,0.5900000000000003,False,True,1,MEDIUM,False,0.13019165655261705,NORMAL
AST-0020,2026-08-19 15:47:38.403936,4.34,2.24,106.23,53.17,80.71,2026-08-19,15,2,5.09,2.002,-0.75,0.2380000000000004,False,False,0,LOW,False,0.05730255469338513,NORMAL
AST-0020,2026-08-19 22:09:38.403936,3.44,1.66,101.17,64.17,78.86,2026-08-19,22,2,4.880000000000001,2.104,-1.4400000000000008,-0.4440000000000002,False,False,0,LOW,False,0.14997578228767594,NORMAL
AST-0020,2026-08-20 00:49:38.403936,17.04,3.43,103.6,71.68,44.67,2026-08-20,0,3,6.882,2.5340000000000003,10.158,0.8959999999999999,True,True,2,HIGH,True,-0.03756341974982247,ANOMALOUS
AST-0020,2026-08-20 03:07:38.403936,4.38,2.56,97.3,74.16,71.24,2026-08-20,3,3,6.728,2.54,-2.348,0.02,False,False,0,LOW,False,0.10220116333172241,NORMAL
AST-0020,2026-08-20 04:16:38.403936,6.31,1.75,98.56,76.8,78.17,2026-08-20,4,3,7.101999999999999,2.3280000000000003,-0.7919999999999998,-0.5780000000000003,False,True,1,MEDIUM,False,0.10007134690249525,NORMAL
AST-0020,2026-08-20 06:13:38.403936,6.64,3.63,101.24,66.39,85.0,2026-08-20,6,3,7.562,2.6060000000000003,-0.9220000000000006,1.0239999999999996,False,True,1,MEDIUM,False,0.12587894334150046,NORMAL
AST-0020,2026-08-20 07:00:38.403936,14.05,1.83,104.15,64.08,49.02,2026-08-20,7,3,9.684,2.64,4.366,-0.81,False,True,1,MEDIUM,True,-0.002008312035659987,ANOMALOUS
AST-0020,2026-08-20 08:09:38.403936,4.96,1.84,101.85,76.95,54.26,2026-08-20,8,3,7.267999999999999,2.322,-2.307999999999999,-0.482,False,False,0,LOW,False,0.13338693416479386,NORMAL
AST-0020,2026-08-20 09:56:38.403936,6.08,2.48,101.27,75.68,82.3,2026-08-20,9,3,7.608,2.306,-1.5279999999999996,0.1739999999999999,False,False,0,LOW,False,0.13551389534622815,NORMAL
AST-0020,2026-08-20 12:37:38.403936,2.12,1.0,105.04,68.9,49.37,2026-08-20,12,3,6.769999999999999,2.156,-4.649999999999999,-1.156,False,True,1,MEDIUM,False,0.039727128374621445,NORMAL
AST-0020,2026-08-20 19:45:38.403936,4.08,3.94,102.58,59.29,75.31,2026-08-20,19,3,6.258,2.218,-2.178,1.722,False,True,1,MEDIUM,False,0.13277034343773347,NORMAL
AST-0020,2026-08-20 21:54:38.403936,3.49,3.46,101.47,72.43,92.52,2026-08-20,21,3,4.146,2.544,-0.6559999999999997,0.9160000000000004,False,True,1,MEDIUM,False,0.1040161976884289,NORMAL
AST-0020,2026-08-20 21:56:38.403936,3.29,3.84,100.43,51.85,68.94,2026-08-20,21,3,3.812,2.944,-0.5219999999999998,0.8959999999999999,False,True,1,MEDIUM,False,0.12285110869928462,NORMAL
AST-0020,2026-08-20 23:37:38.403936,11.59,1.93,101.47,62.61,60.08,2026-08-20,23,3,4.914,2.834,6.676,-0.9039999999999996,True,True,2,HIGH,False,0.0775152464690303,NORMAL
AST-0020,2026-08-21 01:06:38.403936,7.0,1.79,100.33,67.12,80.85,2026-08-21,1,4,5.89,2.992,1.1100000000000003,-1.202,False,True,1,MEDIUM,False,0.13077796138079467,NORMAL
AST-0020,2026-08-21 04:47:38.403936,4.97,2.62,102.18,62.45,56.33,2026-08-21,4,4,6.068,2.728,-1.098,-0.1080000000000001,False,False,0,LOW,False,0.16664577748856152,NORMAL
AST-0020,2026-08-21 12:16:38.403936,4.56,1.88,102.87,71.4,95.39,2026-08-21,12,4,6.281999999999999,2.412,-1.7219999999999995,-0.532,False,True,1,MEDIUM,False,0.09166384844709008,NORMAL
AST-0020,2026-08-21 16:56:38.403936,3.79,1.88,104.52,67.27,76.45,2026-08-21,16,4,6.382,2.0200000000000005,-2.592,-0.1400000000000005,False,False,0,LOW,False,0.1208048092544266,NORMAL
AST-0020,2026-08-21 17:34:38.403936,3.65,2.21,106.58,68.02,58.05,2026-08-21,17,4,4.794,2.076,-1.1439999999999997,0.1339999999999999,False,False,0,LOW,False,0.06966266958655443,NORMAL
AST-0020,2026-08-22 01:19:38.403936,0.91,1.96,100.34,46.25,44.17,2026-08-22,1,5,3.576,2.1100000000000003,-2.6659999999999995,-0.1500000000000003,False,False,0,LOW,False,0.040830704961598685,NORMAL
AST-0020,2026-08-22 10:17:38.403936,2.08,2.23,104.5,57.5,100.0,2026-08-22,10,5,2.998,2.032,-0.918,0.1979999999999999,False,False,0,LOW,False,0.02050553424419399,NORMAL
AST-0020,2026-08-22 15:31:38.403936,6.12,3.47,96.78,59.01,46.65,2026-08-22,15,5,3.31,2.35,2.81,1.12,False,True,1,MEDIUM,False,0.04270700422065926,NORMAL
AST-0020,2026-08-22 22:13:38.403936,13.21,3.44,97.99,70.85,60.17,2026-08-22,22,5,5.194000000000001,2.662,8.016,0.778,True,True,2,HIGH,False,0.004199090184034304,NORMAL
AST-0020,2026-08-23 05:39:38.403936,7.34,2.18,99.7,76.71,46.08,2026-08-23,5,6,5.932,2.656,1.4079999999999997,-0.476,False,False,0,LOW,False,0.0964540432178953,NORMAL
AST-0020,2026-08-23 06:11:38.403936,5.64,1.76,103.04,78.56,72.44,2026-08-23,6,6,6.878,2.616,-1.2380000000000004,-0.8560000000000001,False,True,1,MEDIUM,False,0.12005069267729379,NORMAL
AST-0020,2026-08-23 14:36:38.403936,5.22,2.56,101.11,55.53,97.62,2026-08-23,14,6,7.506,2.682,-2.2860000000000005,-0.1219999999999998,False,False,0,LOW,False,0.0923543884503818,NORMAL
AST-0020,2026-08-23 21:14:38.403936,8.29,6.88,100.32,75.44,77.27,2026-08-23,21,6,7.94,3.364,0.3499999999999987,3.516,False,True,1,MEDIUM,True,-0.025766405590185615,ANOMALOUS
AST-0020,2026-08-23 22:58:38.403936,5.89,2.1,98.99,67.68,50.18,2026-08-23,22,6,6.475999999999999,3.096,-0.5859999999999994,-0.996,False,True,1,MEDIUM,False,0.12830629636632834,NORMAL
AST-0020,2026-08-24 00:41:38.403936,3.54,7.23,102.67,58.58,54.75,2026-08-24,0,0,5.715999999999999,4.106,-2.1759999999999997,3.124000000000001,False,True,1,MEDIUM,False,0.020000270465897363,NORMAL
AST-0020,2026-08-24 03:17:38.403936,4.43,2.16,102.12,63.82,97.5,2026-08-24,3,0,5.473999999999999,4.186,-1.0439999999999996,-2.026,False,True,1,MEDIUM,False,0.09944159178419137,NORMAL
AST-0020,2026-08-24 03:45:38.403936,4.36,2.77,101.68,72.09,57.16,2026-08-24,3,0,5.302,4.228,-0.9419999999999992,-1.4579999999999995,False,True,1,MEDIUM,False,0.1603390543716855,NORMAL
AST-0020,2026-08-24 06:43:38.403936,2.82,2.12,101.1,76.85,97.71,2026-08-24,6,0,4.208,3.2760000000000007,-1.3880000000000003,-1.1560000000000006,False,True,1,MEDIUM,False,0.058793281007468834,NORMAL
AST-0020,2026-08-24 09:57:38.403936,3.63,1.82,97.67,54.67,100.0,2026-08-24,9,0,3.7559999999999993,3.22,-0.1259999999999994,-1.4,False,True,1,MEDIUM,False,0.01663921129289625,NORMAL
AST-0020,2026-08-24 14:55:38.403936,4.02,2.07,101.13,59.17,73.76,2026-08-24,14,0,3.852,2.188,0.1680000000000001,-0.1180000000000003,False,False,0,LOW,False,0.15892727348990338,NORMAL
AST-0020,2026-08-24 16:11:38.403936,7.08,3.62,100.97,56.03,57.34,2026-08-24,16,0,4.382,2.48,2.6980000000000004,1.14,False,True,1,MEDIUM,False,0.12519704700146167,NORMAL
AST-0020,2026-08-24 18:32:38.403936,5.03,3.09,100.28,65.88,81.39,2026-08-24,18,0,4.516,2.544,0.5140000000000002,0.5459999999999998,False,True,1,MEDIUM,False,0.15129985915900795,NORMAL
AST-0020,2026-08-24 21:22:38.403936,5.1,2.75,99.05,53.43,70.81,2026-08-24,21,0,4.972,2.67,0.1280000000000001,0.08,False,False,0,LOW,False,0.1292480724291828,NORMAL
AST-0020,2026-08-24 21:29:38.403936,4.39,2.35,102.48,65.99,57.97,2026-08-24,21,0,5.1240000000000006,2.776,-0.7340000000000009,-0.4259999999999997,False,False,0,LOW,False,0.16736506944882135,NORMAL
AST-0020,2026-08-25 01:12:38.403936,2.85,2.71,100.97,46.11,45.74,2026-08-25,1,1,4.890000000000001,2.904,-2.0400000000000005,-0.1939999999999999,False,False,0,LOW,False,0.08833445909860826,NORMAL
AST-0020,2026-08-25 03:21:38.403936,4.0,3.2,101.97,61.85,69.17,2026-08-25,3,1,4.274,2.82,-0.274,0.3800000000000003,False,False,0,LOW,False,0.16113921334938786,NORMAL
AST-0020,2026-08-25 10:35:38.403936,7.47,4.41,102.83,65.68,47.97,2026-08-25,10,1,4.762,3.084,2.708,1.326,False,True,1,MEDIUM,False,0.0812483321118681,NORMAL
AST-0020,2026-08-25 12:11:38.403936,4.26,2.76,102.8,71.09,59.03,2026-08-25,12,1,4.593999999999999,3.086,-0.3339999999999996,-0.326,False,False,0,LOW,False,0.1627522160783587,NORMAL
AST-0020,2026-08-25 12:43:38.403936,2.71,2.53,101.58,84.7,46.31,2026-08-25,12,1,4.258,3.122,-1.548,-0.5920000000000001,False,True,1,MEDIUM,False,0.0650901923279737,NORMAL
AST-0020,2026-08-25 13:30:38.403936,5.28,2.01,102.16,57.96,68.69,2026-08-25,13,1,4.744,2.982,0.5360000000000005,-0.972,False,True,1,MEDIUM,False,0.15521636551966067,NORMAL
AST-0020,2026-08-25 16:42:38.403936,4.78,2.99,100.84,61.58,44.24,2026-08-25,16,1,4.9,2.94,-0.1200000000000001,0.0500000000000002,False,False,0,LOW,False,0.1457053262321068,NORMAL
AST-0020,2026-08-25 18:28:38.403936,4.17,1.41,101.71,53.13,56.22,2026-08-25,18,1,4.24,2.34,-0.0700000000000002,-0.93,False,True,1,MEDIUM,False,0.12688594010859167,NORMAL
AST-0020,2026-08-25 23:31:38.403936,10.22,2.05,102.05,80.66,63.82,2026-08-25,23,1,5.432,2.1979999999999995,4.788,-0.1479999999999997,False,False,0,LOW,False,0.06572868274485344,NORMAL
AST-0020,2026-08-26 06:41:38.403936,3.63,2.62,98.2,87.14,40.74,2026-08-26,6,2,5.6160000000000005,2.216,-1.9860000000000009,0.4039999999999999,False,False,0,LOW,False,0.012068368562387355,NORMAL
AST-0020,2026-08-26 08:30:38.403936,5.28,2.83,104.1,71.5,37.94,2026-08-26,8,2,5.6160000000000005,2.38,-0.3360000000000003,0.4500000000000002,False,False,0,LOW,False,0.08930156688478541,NORMAL
AST-0020,2026-08-26 08:38:38.403936,3.91,3.68,99.98,78.29,79.71,2026-08-26,8,2,5.442,2.518,-1.532,1.1620000000000004,False,True,1,MEDIUM,False,0.10377321048948435,NORMAL
AST-0020,2026-08-26 12:16:38.403936,7.26,2.84,100.8,73.35,80.3,2026-08-26,12,2,6.0600000000000005,2.804,1.1999999999999993,0.036,False,False,0,LOW,False,0.12757294579676431,NORMAL
AST-0020,2026-08-26 14:32:38.403936,5.02,2.55,104.38,63.75,64.73,2026-08-26,14,2,5.0200000000000005,2.904,-8.881784197001252e-16,-0.3540000000000001,False,False,0,LOW,False,0.1352352576960686,NORMAL
AST-0020,2026-08-26 14:51:38.403936,3.85,2.96,103.42,67.96,77.41,2026-08-26,14,2,5.064,2.972,-1.214,-0.012,False,False,0,LOW,False,0.15370121421207156,NORMAL
AST-0020,2026-08-26 16:30:38.403936,5.58,2.2,104.75,61.0,69.04,2026-08-26,16,2,5.124,2.846,0.4560000000000004,-0.6459999999999999,False,True,1,MEDIUM,False,0.11815933710474041,NORMAL
AST-0020,2026-08-26 19:23:38.403936,2.79,1.84,103.91,66.38,55.09,2026-08-26,19,2,4.9,2.478,-2.1100000000000003,-0.6380000000000001,False,True,1,MEDIUM,False,0.12604065763248462,NORMAL
AST-0020,2026-08-26 19:26:38.403936,2.32,2.34,100.83,75.49,70.57,2026-08-26,19,2,3.912,2.378,-1.5920000000000003,-0.0380000000000002,False,False,0,LOW,False,0.13979876532673396,NORMAL
AST-0020,2026-08-26 21:26:38.403936,4.14,2.4,101.18,67.8,47.73,2026-08-26,21,2,3.736,2.348,0.4039999999999999,0.052,False,False,0,LOW,False,0.15864831270373358,NORMAL
AST-0020,2026-08-27 05:18:38.403936,3.75,3.23,101.96,59.7,74.24,2026-08-27,5,3,3.716,2.402,0.0340000000000002,0.8279999999999998,False,True,1,MEDIUM,False,0.15317556068503768,NORMAL
AST-0020,2026-08-27 14:28:38.403936,2.92,3.36,103.39,73.63,64.72,2026-08-27,14,3,3.184,2.634,-0.2640000000000002,0.726,False,True,1,MEDIUM,False,0.1321130277691016,NORMAL
AST-0020,2026-08-28 15:11:38.403936,5.45,2.41,100.39,67.45,73.54,2026-08-28,15,4,3.716,2.748,1.7340000000000004,-0.3380000000000001,False,False,0,LOW,False,0.16345769608298905,NORMAL
AST-0020,2026-08-28 15:30:38.403936,3.81,2.88,99.17,75.22,45.99,2026-08-28,15,4,4.014,2.856,-0.2040000000000001,0.024,False,False,0,LOW,False,0.11815835722611162,NORMAL
AST-0020,2026-08-28 15:41:38.403936,6.55,0.83,104.04,77.46,74.0,2026-08-28,15,4,4.496,2.542,2.0539999999999994,-1.7119999999999995,False,True,1,MEDIUM,False,0.04814742577004588,NORMAL
AST-0020,2026-08-28 16:35:38.403936,5.77,0.8,101.1,58.97,72.78,2026-08-28,16,4,4.9,2.056,0.8699999999999992,-1.256,False,True,1,MEDIUM,False,0.10728652926652221,NORMAL
AST-0020,2026-08-28 17:28:38.403936,4.97,3.05,104.23,53.88,64.36,2026-08-28,17,4,5.31,1.994,-0.3399999999999998,1.056,False,True,1,MEDIUM,False,0.11887757911055008,NORMAL
AST-0020,2026-08-28 17:57:38.403936,4.49,3.68,101.45,56.39,92.42,2026-08-28,17,4,5.118,2.248,-0.6280000000000001,1.4320000000000004,False,True,1,MEDIUM,False,0.10247786411686244,NORMAL
